date,year,month,age_group,sex,metric,value
2016-01-01,2016,1,15-24,Persons,Employed total,1859.39
2016-01-01,2016,1,15-24,Males,Employed total,939.17
2016-01-01,2016,1,15-24,Females,Employed total,920.22
2016-01-01,2016,1,15-24,Persons,Employment to population ratio,59.1
2016-01-01,2016,1,15-24,Males,Employment to population ratio,58.57
2016-01-01,2016,1,15-24,Females,Employment to population ratio,59.66
2016-01-01,2016,1,15-24,Persons,Unemployed total,300.08
2016-01-01,2016,1,15-24,Males,Unemployed total,177.36
2016-01-01,2016,1,15-24,Females,Unemployed total,122.72
2016-01-01,2016,1,15-24,Persons,Unemployment rate,13.9
2016-01-01,2016,1,15-24,Males,Unemployment rate,15.88
2016-01-01,2016,1,15-24,Females,Unemployment rate,11.77
2016-01-01,2016,1,15-24,Persons,Labour force total,2159.47
2016-01-01,2016,1,15-24,Males,Labour force total,1116.53
2016-01-01,2016,1,15-24,Females,Labour force total,1042.95
2016-01-01,2016,1,15-24,Persons,Participation rate,68.64
2016-01-01,2016,1,15-24,Males,Participation rate,69.63
2016-01-01,2016,1,15-24,Females,Participation rate,67.61
2016-01-01,2016,1,25-34,Persons,Employed total,2775.33
2016-01-01,2016,1,25-34,Males,Employed total,1528.22
2016-01-01,2016,1,25-34,Females,Employed total,1247.12
2016-01-01,2016,1,25-34,Persons,Employment to population ratio,78.14
2016-01-01,2016,1,25-34,Males,Employment to population ratio,86.55
2016-01-01,2016,1,25-34,Females,Employment to population ratio,69.82
2016-01-01,2016,1,25-34,Persons,Unemployed total,171.85
2016-01-01,2016,1,25-34,Males,Unemployed total,88.96
2016-01-01,2016,1,25-34,Females,Unemployed total,82.89
2016-01-01,2016,1,25-34,Persons,Unemployment rate,5.83
2016-01-01,2016,1,25-34,Males,Unemployment rate,5.5
2016-01-01,2016,1,25-34,Females,Unemployment rate,6.23
2016-01-01,2016,1,25-34,Persons,Labour force total,2947.18
2016-01-01,2016,1,25-34,Males,Labour force total,1617.18
2016-01-01,2016,1,25-34,Females,Labour force total,1330.0
2016-01-01,2016,1,25-34,Persons,Participation rate,82.98
2016-01-01,2016,1,25-34,Males,Participation rate,91.59
2016-01-01,2016,1,25-34,Females,Participation rate,74.46
2016-02-01,2016,2,15-24,Persons,Employed total,1882.77
2016-02-01,2016,2,15-24,Males,Employed total,951.77
2016-02-01,2016,2,15-24,Females,Employed total,931.0
2016-02-01,2016,2,15-24,Persons,Employment to population ratio,59.72
2016-02-01,2016,2,15-24,Males,Employment to population ratio,59.21
2016-02-01,2016,2,15-24,Females,Employment to population ratio,60.24
2016-02-01,2016,2,15-24,Persons,Unemployed total,275.17
2016-02-01,2016,2,15-24,Males,Unemployed total,155.23
2016-02-01,2016,2,15-24,Females,Unemployed total,119.94
2016-02-01,2016,2,15-24,Persons,Unemployment rate,12.75
2016-02-01,2016,2,15-24,Males,Unemployment rate,14.02
2016-02-01,2016,2,15-24,Females,Unemployment rate,11.41
2016-02-01,2016,2,15-24,Persons,Labour force total,2157.94
2016-02-01,2016,2,15-24,Males,Labour force total,1107.0
2016-02-01,2016,2,15-24,Females,Labour force total,1050.94
2016-02-01,2016,2,15-24,Persons,Participation rate,68.44
2016-02-01,2016,2,15-24,Males,Participation rate,68.87
2016-02-01,2016,2,15-24,Females,Participation rate,68.0
2016-02-01,2016,2,25-34,Persons,Employed total,2823.68
2016-02-01,2016,2,25-34,Males,Employed total,1541.52
2016-02-01,2016,2,25-34,Females,Employed total,1282.16
2016-02-01,2016,2,25-34,Persons,Employment to population ratio,79.33
2016-02-01,2016,2,25-34,Males,Employment to population ratio,87.14
2016-02-01,2016,2,25-34,Females,Employment to population ratio,71.62
2016-02-01,2016,2,25-34,Persons,Unemployed total,163.95
2016-02-01,2016,2,25-34,Males,Unemployed total,79.71
2016-02-01,2016,2,25-34,Females,Unemployed total,84.24
2016-02-01,2016,2,25-34,Persons,Unemployment rate,5.49
2016-02-01,2016,2,25-34,Males,Unemployment rate,4.92
2016-02-01,2016,2,25-34,Females,Unemployment rate,6.16
2016-02-01,2016,2,25-34,Persons,Labour force total,2987.63
2016-02-01,2016,2,25-34,Males,Labour force total,1621.24
2016-02-01,2016,2,25-34,Females,Labour force total,1366.39
2016-02-01,2016,2,25-34,Persons,Participation rate,83.94
2016-02-01,2016,2,25-34,Males,Participation rate,91.64
2016-02-01,2016,2,25-34,Females,Participation rate,76.33
2016-03-01,2016,3,15-24,Persons,Employed total,1853.27
2016-03-01,2016,3,15-24,Males,Employed total,944.24
2016-03-01,2016,3,15-24,Females,Employed total,909.03
2016-03-01,2016,3,15-24,Persons,Employment to population ratio,58.65
2016-03-01,2016,3,15-24,Males,Employment to population ratio,58.61
2016-03-01,2016,3,15-24,Females,Employment to population ratio,58.7
2016-03-01,2016,3,15-24,Persons,Unemployed total,273.81
2016-03-01,2016,3,15-24,Males,Unemployed total,154.35
2016-03-01,2016,3,15-24,Females,Unemployed total,119.45
2016-03-01,2016,3,15-24,Persons,Unemployment rate,12.87
2016-03-01,2016,3,15-24,Males,Unemployment rate,14.05
2016-03-01,2016,3,15-24,Females,Unemployment rate,11.61
2016-03-01,2016,3,15-24,Persons,Labour force total,2127.08
2016-03-01,2016,3,15-24,Males,Labour force total,1098.6
2016-03-01,2016,3,15-24,Females,Labour force total,1028.48
2016-03-01,2016,3,15-24,Persons,Participation rate,67.32
2016-03-01,2016,3,15-24,Males,Participation rate,68.19
2016-03-01,2016,3,15-24,Females,Participation rate,66.42
2016-03-01,2016,3,25-34,Persons,Employed total,2810.08
2016-03-01,2016,3,25-34,Males,Employed total,1538.26
2016-03-01,2016,3,25-34,Females,Employed total,1271.81
2016-03-01,2016,3,25-34,Persons,Employment to population ratio,78.79
2016-03-01,2016,3,25-34,Males,Employment to population ratio,86.78
2016-03-01,2016,3,25-34,Females,Employment to population ratio,70.88
2016-03-01,2016,3,25-34,Persons,Unemployed total,153.17
2016-03-01,2016,3,25-34,Males,Unemployed total,78.75
2016-03-01,2016,3,25-34,Females,Unemployed total,74.42
2016-03-01,2016,3,25-34,Persons,Unemployment rate,5.17
2016-03-01,2016,3,25-34,Males,Unemployment rate,4.87
2016-03-01,2016,3,25-34,Females,Unemployment rate,5.53
2016-03-01,2016,3,25-34,Persons,Labour force total,2963.25
2016-03-01,2016,3,25-34,Males,Labour force total,1617.02
2016-03-01,2016,3,25-34,Females,Labour force total,1346.23
2016-03-01,2016,3,25-34,Persons,Participation rate,83.08
2016-03-01,2016,3,25-34,Males,Participation rate,91.23
2016-03-01,2016,3,25-34,Females,Participation rate,75.03
2016-04-01,2016,4,15-24,Persons,Employed total,1863.4
2016-04-01,2016,4,15-24,Males,Employed total,940.12
2016-04-01,2016,4,15-24,Females,Employed total,923.28
2016-04-01,2016,4,15-24,Persons,Employment to population ratio,59.0
2016-04-01,2016,4,15-24,Males,Employment to population ratio,58.38
2016-04-01,2016,4,15-24,Females,Employment to population ratio,59.65
2016-04-01,2016,4,15-24,Persons,Unemployed total,257.04
2016-04-01,2016,4,15-24,Males,Unemployed total,138.65
2016-04-01,2016,4,15-24,Females,Unemployed total,118.39
2016-04-01,2016,4,15-24,Persons,Unemployment rate,12.12
2016-04-01,2016,4,15-24,Males,Unemployment rate,12.85
2016-04-01,2016,4,15-24,Females,Unemployment rate,11.37
2016-04-01,2016,4,15-24,Persons,Labour force total,2120.44
2016-04-01,2016,4,15-24,Males,Labour force total,1078.77
2016-04-01,2016,4,15-24,Females,Labour force total,1041.67
2016-04-01,2016,4,15-24,Persons,Participation rate,67.14
2016-04-01,2016,4,15-24,Males,Participation rate,66.99
2016-04-01,2016,4,15-24,Females,Participation rate,67.3
2016-04-01,2016,4,25-34,Persons,Employed total,2817.5
2016-04-01,2016,4,25-34,Males,Employed total,1545.25
2016-04-01,2016,4,25-34,Females,Employed total,1272.25
2016-04-01,2016,4,25-34,Persons,Employment to population ratio,78.86
2016-04-01,2016,4,25-34,Males,Employment to population ratio,87.06
2016-04-01,2016,4,25-34,Females,Employment to population ratio,70.77
2016-04-01,2016,4,25-34,Persons,Unemployed total,145.27
2016-04-01,2016,4,25-34,Males,Unemployed total,73.62
2016-04-01,2016,4,25-34,Females,Unemployed total,71.65
2016-04-01,2016,4,25-34,Persons,Unemployment rate,4.9
2016-04-01,2016,4,25-34,Males,Unemployment rate,4.55
2016-04-01,2016,4,25-34,Females,Unemployment rate,5.33
2016-04-01,2016,4,25-34,Persons,Labour force total,2962.77
2016-04-01,2016,4,25-34,Males,Labour force total,1618.87
2016-04-01,2016,4,25-34,Females,Labour force total,1343.89
2016-04-01,2016,4,25-34,Persons,Participation rate,82.93
2016-04-01,2016,4,25-34,Males,Participation rate,91.21
2016-04-01,2016,4,25-34,Females,Participation rate,74.76
2016-05-01,2016,5,15-24,Persons,Employed total,1864.31
2016-05-01,2016,5,15-24,Males,Employed total,949.34
2016-05-01,2016,5,15-24,Females,Employed total,914.98
2016-05-01,2016,5,15-24,Persons,Employment to population ratio,59.06
2016-05-01,2016,5,15-24,Males,Employment to population ratio,58.97
2016-05-01,2016,5,15-24,Females,Employment to population ratio,59.15
2016-05-01,2016,5,15-24,Persons,Unemployed total,253.25
2016-05-01,2016,5,15-24,Males,Unemployed total,141.52
2016-05-01,2016,5,15-24,Females,Unemployed total,111.73
2016-05-01,2016,5,15-24,Persons,Unemployment rate,11.96
2016-05-01,2016,5,15-24,Males,Unemployment rate,12.97
2016-05-01,2016,5,15-24,Females,Unemployment rate,10.88
2016-05-01,2016,5,15-24,Persons,Labour force total,2117.56
2016-05-01,2016,5,15-24,Males,Labour force total,1090.85
2016-05-01,2016,5,15-24,Females,Labour force total,1026.71
2016-05-01,2016,5,15-24,Persons,Participation rate,67.08
2016-05-01,2016,5,15-24,Males,Participation rate,67.76
2016-05-01,2016,5,15-24,Females,Participation rate,66.37
2016-05-01,2016,5,25-34,Persons,Employed total,2812.79
2016-05-01,2016,5,25-34,Males,Employed total,1537.15
2016-05-01,2016,5,25-34,Females,Employed total,1275.64
2016-05-01,2016,5,25-34,Persons,Employment to population ratio,78.6
2016-05-01,2016,5,25-34,Males,Employment to population ratio,86.48
2016-05-01,2016,5,25-34,Females,Employment to population ratio,70.83
2016-05-01,2016,5,25-34,Persons,Unemployed total,159.03
2016-05-01,2016,5,25-34,Males,Unemployed total,79.33
2016-05-01,2016,5,25-34,Females,Unemployed total,79.7
2016-05-01,2016,5,25-34,Persons,Unemployment rate,5.35
2016-05-01,2016,5,25-34,Males,Unemployment rate,4.91
2016-05-01,2016,5,25-34,Females,Unemployment rate,5.88
2016-05-01,2016,5,25-34,Persons,Labour force total,2971.82
2016-05-01,2016,5,25-34,Males,Labour force total,1616.48
2016-05-01,2016,5,25-34,Females,Labour force total,1355.34
2016-05-01,2016,5,25-34,Persons,Participation rate,83.05
2016-05-01,2016,5,25-34,Males,Participation rate,90.95
2016-05-01,2016,5,25-34,Females,Participation rate,75.25
2016-06-01,2016,6,15-24,Persons,Employed total,1841.29
2016-06-01,2016,6,15-24,Males,Employed total,924.91
2016-06-01,2016,6,15-24,Females,Employed total,916.38
2016-06-01,2016,6,15-24,Persons,Employment to population ratio,58.35
2016-06-01,2016,6,15-24,Males,Employment to population ratio,57.47
2016-06-01,2016,6,15-24,Females,Employment to population ratio,59.27
2016-06-01,2016,6,15-24,Persons,Unemployed total,260.17
2016-06-01,2016,6,15-24,Males,Unemployed total,140.14
2016-06-01,2016,6,15-24,Females,Unemployed total,120.02
2016-06-01,2016,6,15-24,Persons,Unemployment rate,12.38
2016-06-01,2016,6,15-24,Males,Unemployment rate,13.16
2016-06-01,2016,6,15-24,Females,Unemployment rate,11.58
2016-06-01,2016,6,15-24,Persons,Labour force total,2101.45
2016-06-01,2016,6,15-24,Males,Labour force total,1065.05
2016-06-01,2016,6,15-24,Females,Labour force total,1036.4
2016-06-01,2016,6,15-24,Persons,Participation rate,66.6
2016-06-01,2016,6,15-24,Males,Participation rate,66.18
2016-06-01,2016,6,15-24,Females,Participation rate,67.03
2016-06-01,2016,6,25-34,Persons,Employed total,2840.64
2016-06-01,2016,6,25-34,Males,Employed total,1554.87
2016-06-01,2016,6,25-34,Females,Employed total,1285.77
2016-06-01,2016,6,25-34,Persons,Employment to population ratio,79.25
2016-06-01,2016,6,25-34,Males,Employment to population ratio,87.36
2016-06-01,2016,6,25-34,Females,Employment to population ratio,71.26
2016-06-01,2016,6,25-34,Persons,Unemployed total,147.0
2016-06-01,2016,6,25-34,Males,Unemployed total,68.79
2016-06-01,2016,6,25-34,Females,Unemployed total,78.21
2016-06-01,2016,6,25-34,Persons,Unemployment rate,4.92
2016-06-01,2016,6,25-34,Males,Unemployment rate,4.24
2016-06-01,2016,6,25-34,Females,Unemployment rate,5.73
2016-06-01,2016,6,25-34,Persons,Labour force total,2987.64
2016-06-01,2016,6,25-34,Males,Labour force total,1623.66
2016-06-01,2016,6,25-34,Females,Labour force total,1363.98
2016-06-01,2016,6,25-34,Persons,Participation rate,83.35
2016-06-01,2016,6,25-34,Males,Participation rate,91.22
2016-06-01,2016,6,25-34,Females,Participation rate,75.59
2016-07-01,2016,7,15-24,Persons,Employed total,1841.22
2016-07-01,2016,7,15-24,Males,Employed total,937.47
2016-07-01,2016,7,15-24,Females,Employed total,903.75
2016-07-01,2016,7,15-24,Persons,Employment to population ratio,58.27
2016-07-01,2016,7,15-24,Males,Employment to population ratio,58.18
2016-07-01,2016,7,15-24,Females,Employment to population ratio,58.36
2016-07-01,2016,7,15-24,Persons,Unemployed total,268.21
2016-07-01,2016,7,15-24,Males,Unemployed total,146.43
2016-07-01,2016,7,15-24,Females,Unemployed total,121.78
2016-07-01,2016,7,15-24,Persons,Unemployment rate,12.71
2016-07-01,2016,7,15-24,Males,Unemployment rate,13.51
2016-07-01,2016,7,15-24,Females,Unemployment rate,11.88
2016-07-01,2016,7,15-24,Persons,Labour force total,2109.43
2016-07-01,2016,7,15-24,Males,Labour force total,1083.9
2016-07-01,2016,7,15-24,Females,Labour force total,1025.53
2016-07-01,2016,7,15-24,Persons,Participation rate,66.76
2016-07-01,2016,7,15-24,Males,Participation rate,67.27
2016-07-01,2016,7,15-24,Females,Participation rate,66.23
2016-07-01,2016,7,25-34,Persons,Employed total,2860.77
2016-07-01,2016,7,25-34,Males,Employed total,1559.0
2016-07-01,2016,7,25-34,Females,Employed total,1301.77
2016-07-01,2016,7,25-34,Persons,Employment to population ratio,79.69
2016-07-01,2016,7,25-34,Males,Employment to population ratio,87.46
2016-07-01,2016,7,25-34,Females,Employment to population ratio,72.02
2016-07-01,2016,7,25-34,Persons,Unemployed total,142.8
2016-07-01,2016,7,25-34,Males,Unemployed total,73.69
2016-07-01,2016,7,25-34,Females,Unemployed total,69.1
2016-07-01,2016,7,25-34,Persons,Unemployment rate,4.75
2016-07-01,2016,7,25-34,Males,Unemployment rate,4.51
2016-07-01,2016,7,25-34,Females,Unemployment rate,5.04
2016-07-01,2016,7,25-34,Persons,Labour force total,3003.57
2016-07-01,2016,7,25-34,Males,Labour force total,1632.69
2016-07-01,2016,7,25-34,Females,Labour force total,1370.88
2016-07-01,2016,7,25-34,Persons,Participation rate,83.66
2016-07-01,2016,7,25-34,Males,Participation rate,91.59
2016-07-01,2016,7,25-34,Females,Participation rate,75.84
2016-08-01,2016,8,15-24,Persons,Employed total,1786.41
2016-08-01,2016,8,15-24,Males,Employed total,906.15
2016-08-01,2016,8,15-24,Females,Employed total,880.26
2016-08-01,2016,8,15-24,Persons,Employment to population ratio,56.46
2016-08-01,2016,8,15-24,Males,Employment to population ratio,56.18
2016-08-01,2016,8,15-24,Females,Employment to population ratio,56.76
2016-08-01,2016,8,15-24,Persons,Unemployed total,259.63
2016-08-01,2016,8,15-24,Males,Unemployed total,144.11
2016-08-01,2016,8,15-24,Females,Unemployed total,115.52
2016-08-01,2016,8,15-24,Persons,Unemployment rate,12.69
2016-08-01,2016,8,15-24,Males,Unemployment rate,13.72
2016-08-01,2016,8,15-24,Females,Unemployment rate,11.6
2016-08-01,2016,8,15-24,Persons,Labour force total,2046.04
2016-08-01,2016,8,15-24,Males,Labour force total,1050.26
2016-08-01,2016,8,15-24,Females,Labour force total,995.78
2016-08-01,2016,8,15-24,Persons,Participation rate,64.67
2016-08-01,2016,8,15-24,Males,Participation rate,65.11
2016-08-01,2016,8,15-24,Females,Participation rate,64.21
2016-08-01,2016,8,25-34,Persons,Employed total,2822.79
2016-08-01,2016,8,25-34,Males,Employed total,1540.36
2016-08-01,2016,8,25-34,Females,Employed total,1282.43
2016-08-01,2016,8,25-34,Persons,Employment to population ratio,78.5
2016-08-01,2016,8,25-34,Males,Employment to population ratio,86.29
2016-08-01,2016,8,25-34,Females,Employment to population ratio,70.83
2016-08-01,2016,8,25-34,Persons,Unemployed total,138.11
2016-08-01,2016,8,25-34,Males,Unemployed total,75.9
2016-08-01,2016,8,25-34,Females,Unemployed total,62.21
2016-08-01,2016,8,25-34,Persons,Unemployment rate,4.66
2016-08-01,2016,8,25-34,Males,Unemployment rate,4.7
2016-08-01,2016,8,25-34,Females,Unemployment rate,4.63
2016-08-01,2016,8,25-34,Persons,Labour force total,2960.9
2016-08-01,2016,8,25-34,Males,Labour force total,1616.26
2016-08-01,2016,8,25-34,Females,Labour force total,1344.64
2016-08-01,2016,8,25-34,Persons,Participation rate,82.35
2016-08-01,2016,8,25-34,Males,Participation rate,90.54
2016-08-01,2016,8,25-34,Females,Participation rate,74.27
2016-09-01,2016,9,15-24,Persons,Employed total,1811.54
2016-09-01,2016,9,15-24,Males,Employed total,918.25
2016-09-01,2016,9,15-24,Females,Employed total,893.29
2016-09-01,2016,9,15-24,Persons,Employment to population ratio,57.18
2016-09-01,2016,9,15-24,Males,Employment to population ratio,56.86
2016-09-01,2016,9,15-24,Females,Employment to population ratio,57.51
2016-09-01,2016,9,15-24,Persons,Unemployed total,254.84
2016-09-01,2016,9,15-24,Males,Unemployed total,143.42
2016-09-01,2016,9,15-24,Females,Unemployed total,111.41
2016-09-01,2016,9,15-24,Persons,Unemployment rate,12.33
2016-09-01,2016,9,15-24,Males,Unemployment rate,13.51
2016-09-01,2016,9,15-24,Females,Unemployment rate,11.09
2016-09-01,2016,9,15-24,Persons,Labour force total,2066.38
2016-09-01,2016,9,15-24,Males,Labour force total,1061.67
2016-09-01,2016,9,15-24,Females,Labour force total,1004.71
2016-09-01,2016,9,15-24,Persons,Participation rate,65.22
2016-09-01,2016,9,15-24,Males,Participation rate,65.74
2016-09-01,2016,9,15-24,Females,Participation rate,64.69
2016-09-01,2016,9,25-34,Persons,Employed total,2827.11
2016-09-01,2016,9,25-34,Males,Employed total,1541.3
2016-09-01,2016,9,25-34,Females,Employed total,1285.81
2016-09-01,2016,9,25-34,Persons,Employment to population ratio,78.5
2016-09-01,2016,9,25-34,Males,Employment to population ratio,86.21
2016-09-01,2016,9,25-34,Females,Employment to population ratio,70.9
2016-09-01,2016,9,25-34,Persons,Unemployed total,150.9
2016-09-01,2016,9,25-34,Males,Unemployed total,76.04
2016-09-01,2016,9,25-34,Females,Unemployed total,74.87
2016-09-01,2016,9,25-34,Persons,Unemployment rate,5.07
2016-09-01,2016,9,25-34,Males,Unemployment rate,4.7
2016-09-01,2016,9,25-34,Females,Unemployment rate,5.5
2016-09-01,2016,9,25-34,Persons,Labour force total,2978.01
2016-09-01,2016,9,25-34,Males,Labour force total,1617.34
2016-09-01,2016,9,25-34,Females,Labour force total,1360.67
2016-09-01,2016,9,25-34,Persons,Participation rate,82.69
2016-09-01,2016,9,25-34,Males,Participation rate,90.46
2016-09-01,2016,9,25-34,Females,Participation rate,75.03
2016-10-01,2016,10,15-24,Persons,Employed total,1805.91
2016-10-01,2016,10,15-24,Males,Employed total,905.03
2016-10-01,2016,10,15-24,Females,Employed total,900.88
2016-10-01,2016,10,15-24,Persons,Employment to population ratio,57.03
2016-10-01,2016,10,15-24,Males,Employment to population ratio,56.06
2016-10-01,2016,10,15-24,Females,Employment to population ratio,58.03
2016-10-01,2016,10,15-24,Persons,Unemployed total,247.64
2016-10-01,2016,10,15-24,Males,Unemployed total,140.48
2016-10-01,2016,10,15-24,Females,Unemployed total,107.17
2016-10-01,2016,10,15-24,Persons,Unemployment rate,12.06
2016-10-01,2016,10,15-24,Males,Unemployment rate,13.44
2016-10-01,2016,10,15-24,Females,Unemployment rate,10.63
2016-10-01,2016,10,15-24,Persons,Labour force total,2053.55
2016-10-01,2016,10,15-24,Males,Labour force total,1045.51
2016-10-01,2016,10,15-24,Females,Labour force total,1008.04
2016-10-01,2016,10,15-24,Persons,Participation rate,64.85
2016-10-01,2016,10,15-24,Males,Participation rate,64.76
2016-10-01,2016,10,15-24,Females,Participation rate,64.94
2016-10-01,2016,10,25-34,Persons,Employed total,2837.32
2016-10-01,2016,10,25-34,Males,Employed total,1542.58
2016-10-01,2016,10,25-34,Females,Employed total,1294.74
2016-10-01,2016,10,25-34,Persons,Employment to population ratio,78.68
2016-10-01,2016,10,25-34,Males,Employment to population ratio,86.18
2016-10-01,2016,10,25-34,Females,Employment to population ratio,71.29
2016-10-01,2016,10,25-34,Persons,Unemployed total,152.04
2016-10-01,2016,10,25-34,Males,Unemployed total,79.95
2016-10-01,2016,10,25-34,Females,Unemployed total,72.1
2016-10-01,2016,10,25-34,Persons,Unemployment rate,5.09
2016-10-01,2016,10,25-34,Males,Unemployment rate,4.93
2016-10-01,2016,10,25-34,Females,Unemployment rate,5.27
2016-10-01,2016,10,25-34,Persons,Labour force total,2989.37
2016-10-01,2016,10,25-34,Males,Labour force total,1622.53
2016-10-01,2016,10,25-34,Females,Labour force total,1366.83
2016-10-01,2016,10,25-34,Persons,Participation rate,82.9
2016-10-01,2016,10,25-34,Males,Participation rate,90.65
2016-10-01,2016,10,25-34,Females,Participation rate,75.26
2016-11-01,2016,11,15-24,Persons,Employed total,1794.87
2016-11-01,2016,11,15-24,Males,Employed total,905.23
2016-11-01,2016,11,15-24,Females,Employed total,889.64
2016-11-01,2016,11,15-24,Persons,Employment to population ratio,56.7
2016-11-01,2016,11,15-24,Males,Employment to population ratio,56.09
2016-11-01,2016,11,15-24,Females,Employment to population ratio,57.34
2016-11-01,2016,11,15-24,Persons,Unemployed total,261.15
2016-11-01,2016,11,15-24,Males,Unemployed total,144.26
2016-11-01,2016,11,15-24,Females,Unemployed total,116.88
2016-11-01,2016,11,15-24,Persons,Unemployment rate,12.7
2016-11-01,2016,11,15-24,Males,Unemployment rate,13.75
2016-11-01,2016,11,15-24,Females,Unemployment rate,11.61
2016-11-01,2016,11,15-24,Persons,Labour force total,2056.02
2016-11-01,2016,11,15-24,Males,Labour force total,1049.5
2016-11-01,2016,11,15-24,Females,Labour force total,1006.52
2016-11-01,2016,11,15-24,Persons,Participation rate,64.95
2016-11-01,2016,11,15-24,Males,Participation rate,65.03
2016-11-01,2016,11,15-24,Females,Participation rate,64.88
2016-11-01,2016,11,25-34,Persons,Employed total,2871.3
2016-11-01,2016,11,25-34,Males,Employed total,1561.75
2016-11-01,2016,11,25-34,Females,Employed total,1309.54
2016-11-01,2016,11,25-34,Persons,Employment to population ratio,79.51
2016-11-01,2016,11,25-34,Males,Employment to population ratio,87.14
2016-11-01,2016,11,25-34,Females,Employment to population ratio,71.99
2016-11-01,2016,11,25-34,Persons,Unemployed total,140.15
2016-11-01,2016,11,25-34,Males,Unemployed total,73.16
2016-11-01,2016,11,25-34,Females,Unemployed total,67.0
2016-11-01,2016,11,25-34,Persons,Unemployment rate,4.65
2016-11-01,2016,11,25-34,Males,Unemployment rate,4.47
2016-11-01,2016,11,25-34,Females,Unemployment rate,4.87
2016-11-01,2016,11,25-34,Persons,Labour force total,3011.45
2016-11-01,2016,11,25-34,Males,Labour force total,1634.91
2016-11-01,2016,11,25-34,Females,Labour force total,1376.54
2016-11-01,2016,11,25-34,Persons,Participation rate,83.39
2016-11-01,2016,11,25-34,Males,Participation rate,91.23
2016-11-01,2016,11,25-34,Females,Participation rate,75.68
2016-12-01,2016,12,15-24,Persons,Employed total,1885.26
2016-12-01,2016,12,15-24,Males,Employed total,953.94
2016-12-01,2016,12,15-24,Females,Employed total,931.33
2016-12-01,2016,12,15-24,Persons,Employment to population ratio,59.59
2016-12-01,2016,12,15-24,Males,Employment to population ratio,59.13
2016-12-01,2016,12,15-24,Females,Employment to population ratio,60.06
2016-12-01,2016,12,15-24,Persons,Unemployed total,292.31
2016-12-01,2016,12,15-24,Males,Unemployed total,168.36
2016-12-01,2016,12,15-24,Females,Unemployed total,123.95
2016-12-01,2016,12,15-24,Persons,Unemployment rate,13.42
2016-12-01,2016,12,15-24,Males,Unemployment rate,15.0
2016-12-01,2016,12,15-24,Females,Unemployment rate,11.75
2016-12-01,2016,12,15-24,Persons,Labour force total,2177.57
2016-12-01,2016,12,15-24,Males,Labour force total,1122.3
2016-12-01,2016,12,15-24,Females,Labour force total,1055.28
2016-12-01,2016,12,15-24,Persons,Participation rate,68.82
2016-12-01,2016,12,15-24,Males,Participation rate,69.56
2016-12-01,2016,12,15-24,Females,Participation rate,68.06
2016-12-01,2016,12,25-34,Persons,Employed total,2877.91
2016-12-01,2016,12,25-34,Males,Employed total,1559.88
2016-12-01,2016,12,25-34,Females,Employed total,1318.03
2016-12-01,2016,12,25-34,Persons,Employment to population ratio,79.59
2016-12-01,2016,12,25-34,Males,Employment to population ratio,86.94
2016-12-01,2016,12,25-34,Females,Employment to population ratio,72.35
2016-12-01,2016,12,25-34,Persons,Unemployed total,139.49
2016-12-01,2016,12,25-34,Males,Unemployed total,75.37
2016-12-01,2016,12,25-34,Females,Unemployed total,64.12
2016-12-01,2016,12,25-34,Persons,Unemployment rate,4.62
2016-12-01,2016,12,25-34,Males,Unemployment rate,4.61
2016-12-01,2016,12,25-34,Females,Unemployment rate,4.64
2016-12-01,2016,12,25-34,Persons,Labour force total,3017.41
2016-12-01,2016,12,25-34,Males,Labour force total,1635.25
2016-12-01,2016,12,25-34,Females,Labour force total,1382.15
2016-12-01,2016,12,25-34,Persons,Participation rate,83.45
2016-12-01,2016,12,25-34,Males,Participation rate,91.14
2016-12-01,2016,12,25-34,Females,Participation rate,75.87
2017-01-01,2017,1,15-24,Persons,Employed total,1861.97
2017-01-01,2017,1,15-24,Males,Employed total,933.39
2017-01-01,2017,1,15-24,Females,Employed total,928.58
2017-01-01,2017,1,15-24,Persons,Employment to population ratio,58.71
2017-01-01,2017,1,15-24,Males,Employment to population ratio,57.71
2017-01-01,2017,1,15-24,Females,Employment to population ratio,59.76
2017-01-01,2017,1,15-24,Persons,Unemployed total,291.7
2017-01-01,2017,1,15-24,Males,Unemployed total,162.71
2017-01-01,2017,1,15-24,Females,Unemployed total,128.99
2017-01-01,2017,1,15-24,Persons,Unemployment rate,13.54
2017-01-01,2017,1,15-24,Males,Unemployment rate,14.84
2017-01-01,2017,1,15-24,Females,Unemployment rate,12.2
2017-01-01,2017,1,15-24,Persons,Labour force total,2153.67
2017-01-01,2017,1,15-24,Males,Labour force total,1096.1
2017-01-01,2017,1,15-24,Females,Labour force total,1057.58
2017-01-01,2017,1,15-24,Persons,Participation rate,67.91
2017-01-01,2017,1,15-24,Males,Participation rate,67.77
2017-01-01,2017,1,15-24,Females,Participation rate,68.06
2017-01-01,2017,1,25-34,Persons,Employed total,2805.36
2017-01-01,2017,1,25-34,Males,Employed total,1527.62
2017-01-01,2017,1,25-34,Females,Employed total,1277.75
2017-01-01,2017,1,25-34,Persons,Employment to population ratio,77.41
2017-01-01,2017,1,25-34,Males,Employment to population ratio,84.95
2017-01-01,2017,1,25-34,Females,Employment to population ratio,69.99
2017-01-01,2017,1,25-34,Persons,Unemployed total,160.54
2017-01-01,2017,1,25-34,Males,Unemployed total,88.3
2017-01-01,2017,1,25-34,Females,Unemployed total,72.24
2017-01-01,2017,1,25-34,Persons,Unemployment rate,5.41
2017-01-01,2017,1,25-34,Males,Unemployment rate,5.46
2017-01-01,2017,1,25-34,Females,Unemployment rate,5.35
2017-01-01,2017,1,25-34,Persons,Labour force total,2965.9
2017-01-01,2017,1,25-34,Males,Labour force total,1615.92
2017-01-01,2017,1,25-34,Females,Labour force total,1349.99
2017-01-01,2017,1,25-34,Persons,Participation rate,81.84
2017-01-01,2017,1,25-34,Males,Participation rate,89.86
2017-01-01,2017,1,25-34,Females,Participation rate,73.95
2017-02-01,2017,2,15-24,Persons,Employed total,1835.07
2017-02-01,2017,2,15-24,Males,Employed total,933.78
2017-02-01,2017,2,15-24,Females,Employed total,901.28
2017-02-01,2017,2,15-24,Persons,Employment to population ratio,57.73
2017-02-01,2017,2,15-24,Males,Employment to population ratio,57.58
2017-02-01,2017,2,15-24,Females,Employment to population ratio,57.88
2017-02-01,2017,2,15-24,Persons,Unemployed total,302.23
2017-02-01,2017,2,15-24,Males,Unemployed total,169.59
2017-02-01,2017,2,15-24,Females,Unemployed total,132.64
2017-02-01,2017,2,15-24,Persons,Unemployment rate,14.14
2017-02-01,2017,2,15-24,Males,Unemployment rate,15.37
2017-02-01,2017,2,15-24,Females,Unemployment rate,12.83
2017-02-01,2017,2,15-24,Persons,Labour force total,2137.3
2017-02-01,2017,2,15-24,Males,Labour force total,1103.37
2017-02-01,2017,2,15-24,Females,Labour force total,1033.93
2017-02-01,2017,2,15-24,Persons,Participation rate,67.23
2017-02-01,2017,2,15-24,Males,Participation rate,68.04
2017-02-01,2017,2,15-24,Females,Participation rate,66.39
2017-02-01,2017,2,25-34,Persons,Employed total,2851.57
2017-02-01,2017,2,25-34,Males,Employed total,1551.01
2017-02-01,2017,2,25-34,Females,Employed total,1300.56
2017-02-01,2017,2,25-34,Persons,Employment to population ratio,78.52
2017-02-01,2017,2,25-34,Males,Employment to population ratio,86.06
2017-02-01,2017,2,25-34,Females,Employment to population ratio,71.09
2017-02-01,2017,2,25-34,Persons,Unemployed total,173.11
2017-02-01,2017,2,25-34,Males,Unemployed total,90.14
2017-02-01,2017,2,25-34,Females,Unemployed total,82.97
2017-02-01,2017,2,25-34,Persons,Unemployment rate,5.72
2017-02-01,2017,2,25-34,Males,Unemployment rate,5.49
2017-02-01,2017,2,25-34,Females,Unemployment rate,6.0
2017-02-01,2017,2,25-34,Persons,Labour force total,3024.67
2017-02-01,2017,2,25-34,Males,Labour force total,1641.14
2017-02-01,2017,2,25-34,Females,Labour force total,1383.53
2017-02-01,2017,2,25-34,Persons,Participation rate,83.29
2017-02-01,2017,2,25-34,Males,Participation rate,91.06
2017-02-01,2017,2,25-34,Females,Participation rate,75.63
2017-03-01,2017,3,15-24,Persons,Employed total,1835.03
2017-03-01,2017,3,15-24,Males,Employed total,942.95
2017-03-01,2017,3,15-24,Females,Employed total,892.08
2017-03-01,2017,3,15-24,Persons,Employment to population ratio,57.59
2017-03-01,2017,3,15-24,Males,Employment to population ratio,58.0
2017-03-01,2017,3,15-24,Females,Employment to population ratio,57.16
2017-03-01,2017,3,15-24,Persons,Unemployed total,304.61
2017-03-01,2017,3,15-24,Males,Unemployed total,164.82
2017-03-01,2017,3,15-24,Females,Unemployed total,139.79
2017-03-01,2017,3,15-24,Persons,Unemployment rate,14.24
2017-03-01,2017,3,15-24,Males,Unemployment rate,14.88
2017-03-01,2017,3,15-24,Females,Unemployment rate,13.55
2017-03-01,2017,3,15-24,Persons,Labour force total,2139.64
2017-03-01,2017,3,15-24,Males,Labour force total,1107.77
2017-03-01,2017,3,15-24,Females,Labour force total,1031.87
2017-03-01,2017,3,15-24,Persons,Participation rate,67.15
2017-03-01,2017,3,15-24,Males,Participation rate,68.14
2017-03-01,2017,3,15-24,Females,Participation rate,66.12
2017-03-01,2017,3,25-34,Persons,Employed total,2849.37
2017-03-01,2017,3,25-34,Males,Employed total,1547.95
2017-03-01,2017,3,25-34,Females,Employed total,1301.43
2017-03-01,2017,3,25-34,Persons,Employment to population ratio,78.29
2017-03-01,2017,3,25-34,Males,Employment to population ratio,85.7
2017-03-01,2017,3,25-34,Females,Employment to population ratio,70.99
2017-03-01,2017,3,25-34,Persons,Unemployed total,164.71
2017-03-01,2017,3,25-34,Males,Unemployed total,80.05
2017-03-01,2017,3,25-34,Females,Unemployed total,84.66
2017-03-01,2017,3,25-34,Persons,Unemployment rate,5.46
2017-03-01,2017,3,25-34,Males,Unemployment rate,4.92
2017-03-01,2017,3,25-34,Females,Unemployment rate,6.11
2017-03-01,2017,3,25-34,Persons,Labour force total,3014.08
2017-03-01,2017,3,25-34,Males,Labour force total,1628.0
2017-03-01,2017,3,25-34,Females,Labour force total,1386.08
2017-03-01,2017,3,25-34,Persons,Participation rate,82.82
2017-03-01,2017,3,25-34,Males,Participation rate,90.13
2017-03-01,2017,3,25-34,Females,Participation rate,75.61
2017-04-01,2017,4,15-24,Persons,Employed total,1844.38
2017-04-01,2017,4,15-24,Males,Employed total,957.24
2017-04-01,2017,4,15-24,Females,Employed total,887.14
2017-04-01,2017,4,15-24,Persons,Employment to population ratio,57.91
2017-04-01,2017,4,15-24,Males,Employment to population ratio,58.89
2017-04-01,2017,4,15-24,Females,Employment to population ratio,56.89
2017-04-01,2017,4,15-24,Persons,Unemployed total,267.67
2017-04-01,2017,4,15-24,Males,Unemployed total,141.16
2017-04-01,2017,4,15-24,Females,Unemployed total,126.5
2017-04-01,2017,4,15-24,Persons,Unemployment rate,12.67
2017-04-01,2017,4,15-24,Males,Unemployment rate,12.85
2017-04-01,2017,4,15-24,Females,Unemployment rate,12.48
2017-04-01,2017,4,15-24,Persons,Labour force total,2112.05
2017-04-01,2017,4,15-24,Males,Labour force total,1098.4
2017-04-01,2017,4,15-24,Females,Labour force total,1013.65
2017-04-01,2017,4,15-24,Persons,Participation rate,66.32
2017-04-01,2017,4,15-24,Males,Participation rate,67.58
2017-04-01,2017,4,15-24,Females,Participation rate,65.0
2017-04-01,2017,4,25-34,Persons,Employed total,2868.15
2017-04-01,2017,4,25-34,Males,Employed total,1561.64
2017-04-01,2017,4,25-34,Females,Employed total,1306.51
2017-04-01,2017,4,25-34,Persons,Employment to population ratio,78.7
2017-04-01,2017,4,25-34,Males,Employment to population ratio,86.34
2017-04-01,2017,4,25-34,Females,Employment to population ratio,71.17
2017-04-01,2017,4,25-34,Persons,Unemployed total,149.0
2017-04-01,2017,4,25-34,Males,Unemployed total,67.9
2017-04-01,2017,4,25-34,Females,Unemployed total,81.1
2017-04-01,2017,4,25-34,Persons,Unemployment rate,4.94
2017-04-01,2017,4,25-34,Males,Unemployment rate,4.17
2017-04-01,2017,4,25-34,Females,Unemployment rate,5.84
2017-04-01,2017,4,25-34,Persons,Labour force total,3017.15
2017-04-01,2017,4,25-34,Males,Labour force total,1629.55
2017-04-01,2017,4,25-34,Females,Labour force total,1387.61
2017-04-01,2017,4,25-34,Persons,Participation rate,82.79
2017-04-01,2017,4,25-34,Males,Participation rate,90.09
2017-04-01,2017,4,25-34,Females,Participation rate,75.59
2017-05-01,2017,5,15-24,Persons,Employed total,1842.63
2017-05-01,2017,5,15-24,Males,Employed total,941.6
2017-05-01,2017,5,15-24,Females,Employed total,901.03
2017-05-01,2017,5,15-24,Persons,Employment to population ratio,57.88
2017-05-01,2017,5,15-24,Males,Employment to population ratio,57.94
2017-05-01,2017,5,15-24,Females,Employment to population ratio,57.82
2017-05-01,2017,5,15-24,Persons,Unemployed total,253.7
2017-05-01,2017,5,15-24,Males,Unemployed total,137.28
2017-05-01,2017,5,15-24,Females,Unemployed total,116.43
2017-05-01,2017,5,15-24,Persons,Unemployment rate,12.1
2017-05-01,2017,5,15-24,Males,Unemployment rate,12.72
2017-05-01,2017,5,15-24,Females,Unemployment rate,11.44
2017-05-01,2017,5,15-24,Persons,Labour force total,2096.34
2017-05-01,2017,5,15-24,Males,Labour force total,1078.88
2017-05-01,2017,5,15-24,Females,Labour force total,1017.46
2017-05-01,2017,5,15-24,Persons,Participation rate,65.85
2017-05-01,2017,5,15-24,Males,Participation rate,66.39
2017-05-01,2017,5,15-24,Females,Participation rate,65.29
2017-05-01,2017,5,25-34,Persons,Employed total,2872.55
2017-05-01,2017,5,25-34,Males,Employed total,1555.18
2017-05-01,2017,5,25-34,Females,Employed total,1317.37
2017-05-01,2017,5,25-34,Persons,Employment to population ratio,78.72
2017-05-01,2017,5,25-34,Males,Employment to population ratio,85.86
2017-05-01,2017,5,25-34,Females,Employment to population ratio,71.67
2017-05-01,2017,5,25-34,Persons,Unemployed total,152.46
2017-05-01,2017,5,25-34,Males,Unemployed total,73.69
2017-05-01,2017,5,25-34,Females,Unemployed total,78.77
2017-05-01,2017,5,25-34,Persons,Unemployment rate,5.04
2017-05-01,2017,5,25-34,Males,Unemployment rate,4.52
2017-05-01,2017,5,25-34,Females,Unemployment rate,5.64
2017-05-01,2017,5,25-34,Persons,Labour force total,3025.01
2017-05-01,2017,5,25-34,Males,Labour force total,1628.87
2017-05-01,2017,5,25-34,Females,Labour force total,1396.14
2017-05-01,2017,5,25-34,Persons,Participation rate,82.9
2017-05-01,2017,5,25-34,Males,Participation rate,89.93
2017-05-01,2017,5,25-34,Females,Participation rate,75.96
2017-06-01,2017,6,15-24,Persons,Employed total,1824.06
2017-06-01,2017,6,15-24,Males,Employed total,923.14
2017-06-01,2017,6,15-24,Females,Employed total,900.92
2017-06-01,2017,6,15-24,Persons,Employment to population ratio,57.33
2017-06-01,2017,6,15-24,Males,Employment to population ratio,56.81
2017-06-01,2017,6,15-24,Females,Employment to population ratio,57.86
2017-06-01,2017,6,15-24,Persons,Unemployed total,261.63
2017-06-01,2017,6,15-24,Males,Unemployed total,145.46
2017-06-01,2017,6,15-24,Females,Unemployed total,116.17
2017-06-01,2017,6,15-24,Persons,Unemployment rate,12.54
2017-06-01,2017,6,15-24,Males,Unemployment rate,13.61
2017-06-01,2017,6,15-24,Females,Unemployment rate,11.42
2017-06-01,2017,6,15-24,Persons,Labour force total,2085.69
2017-06-01,2017,6,15-24,Males,Labour force total,1068.61
2017-06-01,2017,6,15-24,Females,Labour force total,1017.09
2017-06-01,2017,6,15-24,Persons,Participation rate,65.55
2017-06-01,2017,6,15-24,Males,Participation rate,65.77
2017-06-01,2017,6,15-24,Females,Participation rate,65.32
2017-06-01,2017,6,25-34,Persons,Employed total,2882.97
2017-06-01,2017,6,25-34,Males,Employed total,1557.89
2017-06-01,2017,6,25-34,Females,Employed total,1325.08
2017-06-01,2017,6,25-34,Persons,Employment to population ratio,78.9
2017-06-01,2017,6,25-34,Males,Employment to population ratio,85.9
2017-06-01,2017,6,25-34,Females,Employment to population ratio,72.0
2017-06-01,2017,6,25-34,Persons,Unemployed total,157.52
2017-06-01,2017,6,25-34,Males,Unemployed total,77.72
2017-06-01,2017,6,25-34,Females,Unemployed total,79.81
2017-06-01,2017,6,25-34,Persons,Unemployment rate,5.18
2017-06-01,2017,6,25-34,Males,Unemployment rate,4.75
2017-06-01,2017,6,25-34,Females,Unemployment rate,5.68
2017-06-01,2017,6,25-34,Persons,Labour force total,3040.5
2017-06-01,2017,6,25-34,Males,Labour force total,1635.61
2017-06-01,2017,6,25-34,Females,Labour force total,1404.89
2017-06-01,2017,6,25-34,Persons,Participation rate,83.21
2017-06-01,2017,6,25-34,Males,Participation rate,90.18
2017-06-01,2017,6,25-34,Females,Participation rate,76.34
2017-07-01,2017,7,15-24,Persons,Employed total,1845.46
2017-07-01,2017,7,15-24,Males,Employed total,940.87
2017-07-01,2017,7,15-24,Females,Employed total,904.59
2017-07-01,2017,7,15-24,Persons,Employment to population ratio,57.92
2017-07-01,2017,7,15-24,Males,Employment to population ratio,57.84
2017-07-01,2017,7,15-24,Females,Employment to population ratio,58.01
2017-07-01,2017,7,15-24,Persons,Unemployed total,261.5
2017-07-01,2017,7,15-24,Males,Unemployed total,147.34
2017-07-01,2017,7,15-24,Females,Unemployed total,114.17
2017-07-01,2017,7,15-24,Persons,Unemployment rate,12.41
2017-07-01,2017,7,15-24,Males,Unemployment rate,13.54
2017-07-01,2017,7,15-24,Females,Unemployment rate,11.21
2017-07-01,2017,7,15-24,Persons,Labour force total,2106.96
2017-07-01,2017,7,15-24,Males,Labour force total,1088.2
2017-07-01,2017,7,15-24,Females,Labour force total,1018.76
2017-07-01,2017,7,15-24,Persons,Participation rate,66.13
2017-07-01,2017,7,15-24,Males,Participation rate,66.9
2017-07-01,2017,7,15-24,Females,Participation rate,65.33
2017-07-01,2017,7,25-34,Persons,Employed total,2884.4
2017-07-01,2017,7,25-34,Males,Employed total,1554.24
2017-07-01,2017,7,25-34,Females,Employed total,1330.16
2017-07-01,2017,7,25-34,Persons,Employment to population ratio,78.84
2017-07-01,2017,7,25-34,Males,Employment to population ratio,85.59
2017-07-01,2017,7,25-34,Females,Employment to population ratio,72.19
2017-07-01,2017,7,25-34,Persons,Unemployed total,159.99
2017-07-01,2017,7,25-34,Males,Unemployed total,83.04
2017-07-01,2017,7,25-34,Females,Unemployed total,76.95
2017-07-01,2017,7,25-34,Persons,Unemployment rate,5.26
2017-07-01,2017,7,25-34,Males,Unemployment rate,5.07
2017-07-01,2017,7,25-34,Females,Unemployment rate,5.47
2017-07-01,2017,7,25-34,Persons,Labour force total,3044.4
2017-07-01,2017,7,25-34,Males,Labour force total,1637.29
2017-07-01,2017,7,25-34,Females,Labour force total,1407.11
2017-07-01,2017,7,25-34,Persons,Participation rate,83.21
2017-07-01,2017,7,25-34,Males,Participation rate,90.17
2017-07-01,2017,7,25-34,Females,Participation rate,76.36
2017-08-01,2017,8,15-24,Persons,Employed total,1823.8
2017-08-01,2017,8,15-24,Males,Employed total,922.45
2017-08-01,2017,8,15-24,Females,Employed total,901.35
2017-08-01,2017,8,15-24,Persons,Employment to population ratio,57.17
2017-08-01,2017,8,15-24,Males,Employment to population ratio,56.65
2017-08-01,2017,8,15-24,Females,Employment to population ratio,57.72
2017-08-01,2017,8,15-24,Persons,Unemployed total,262.19
2017-08-01,2017,8,15-24,Males,Unemployed total,141.73
2017-08-01,2017,8,15-24,Females,Unemployed total,120.46
2017-08-01,2017,8,15-24,Persons,Unemployment rate,12.57
2017-08-01,2017,8,15-24,Males,Unemployment rate,13.32
2017-08-01,2017,8,15-24,Females,Unemployment rate,11.79
2017-08-01,2017,8,15-24,Persons,Labour force total,2085.99
2017-08-01,2017,8,15-24,Males,Labour force total,1064.18
2017-08-01,2017,8,15-24,Females,Labour force total,1021.81
2017-08-01,2017,8,15-24,Persons,Participation rate,65.39
2017-08-01,2017,8,15-24,Males,Participation rate,65.35
2017-08-01,2017,8,15-24,Females,Participation rate,65.43
2017-08-01,2017,8,25-34,Persons,Employed total,2883.18
2017-08-01,2017,8,25-34,Males,Employed total,1555.59
2017-08-01,2017,8,25-34,Females,Employed total,1327.59
2017-08-01,2017,8,25-34,Persons,Employment to population ratio,78.71
2017-08-01,2017,8,25-34,Males,Employment to population ratio,85.57
2017-08-01,2017,8,25-34,Females,Employment to population ratio,71.96
2017-08-01,2017,8,25-34,Persons,Unemployed total,149.78
2017-08-01,2017,8,25-34,Males,Unemployed total,85.37
2017-08-01,2017,8,25-34,Females,Unemployed total,64.41
2017-08-01,2017,8,25-34,Persons,Unemployment rate,4.94
2017-08-01,2017,8,25-34,Males,Unemployment rate,5.2
2017-08-01,2017,8,25-34,Females,Unemployment rate,4.63
2017-08-01,2017,8,25-34,Persons,Labour force total,3032.96
2017-08-01,2017,8,25-34,Males,Labour force total,1640.96
2017-08-01,2017,8,25-34,Females,Labour force total,1392.0
2017-08-01,2017,8,25-34,Persons,Participation rate,82.8
2017-08-01,2017,8,25-34,Males,Participation rate,90.26
2017-08-01,2017,8,25-34,Females,Participation rate,75.45
2017-09-01,2017,9,15-24,Persons,Employed total,1860.92
2017-09-01,2017,9,15-24,Males,Employed total,933.4
2017-09-01,2017,9,15-24,Females,Employed total,927.52
2017-09-01,2017,9,15-24,Persons,Employment to population ratio,58.26
2017-09-01,2017,9,15-24,Males,Employment to population ratio,57.26
2017-09-01,2017,9,15-24,Females,Employment to population ratio,59.31
2017-09-01,2017,9,15-24,Persons,Unemployed total,257.28
2017-09-01,2017,9,15-24,Males,Unemployed total,145.02
2017-09-01,2017,9,15-24,Females,Unemployed total,112.26
2017-09-01,2017,9,15-24,Persons,Unemployment rate,12.15
2017-09-01,2017,9,15-24,Males,Unemployment rate,13.45
2017-09-01,2017,9,15-24,Females,Unemployment rate,10.8
2017-09-01,2017,9,15-24,Persons,Labour force total,2118.2
2017-09-01,2017,9,15-24,Males,Labour force total,1078.42
2017-09-01,2017,9,15-24,Females,Labour force total,1039.77
2017-09-01,2017,9,15-24,Persons,Participation rate,66.32
2017-09-01,2017,9,15-24,Males,Participation rate,66.15
2017-09-01,2017,9,15-24,Females,Participation rate,66.49
2017-09-01,2017,9,25-34,Persons,Employed total,2890.73
2017-09-01,2017,9,25-34,Males,Employed total,1563.79
2017-09-01,2017,9,25-34,Females,Employed total,1326.94
2017-09-01,2017,9,25-34,Persons,Employment to population ratio,78.82
2017-09-01,2017,9,25-34,Males,Employment to population ratio,85.92
2017-09-01,2017,9,25-34,Females,Employment to population ratio,71.83
2017-09-01,2017,9,25-34,Persons,Unemployed total,145.5
2017-09-01,2017,9,25-34,Males,Unemployed total,75.61
2017-09-01,2017,9,25-34,Females,Unemployed total,69.88
2017-09-01,2017,9,25-34,Persons,Unemployment rate,4.79
2017-09-01,2017,9,25-34,Males,Unemployment rate,4.61
2017-09-01,2017,9,25-34,Females,Unemployment rate,5.0
2017-09-01,2017,9,25-34,Persons,Labour force total,3036.23
2017-09-01,2017,9,25-34,Males,Labour force total,1639.4
2017-09-01,2017,9,25-34,Females,Labour force total,1396.83
2017-09-01,2017,9,25-34,Persons,Participation rate,82.79
2017-09-01,2017,9,25-34,Males,Participation rate,90.07
2017-09-01,2017,9,25-34,Females,Participation rate,75.61
2017-10-01,2017,10,15-24,Persons,Employed total,1848.34
2017-10-01,2017,10,15-24,Males,Employed total,925.52
2017-10-01,2017,10,15-24,Females,Employed total,922.83
2017-10-01,2017,10,15-24,Persons,Employment to population ratio,57.93
2017-10-01,2017,10,15-24,Males,Employment to population ratio,56.83
2017-10-01,2017,10,15-24,Females,Employment to population ratio,59.07
2017-10-01,2017,10,15-24,Persons,Unemployed total,242.47
2017-10-01,2017,10,15-24,Males,Unemployed total,131.0
2017-10-01,2017,10,15-24,Females,Unemployed total,111.47
2017-10-01,2017,10,15-24,Persons,Unemployment rate,11.6
2017-10-01,2017,10,15-24,Males,Unemployment rate,12.4
2017-10-01,2017,10,15-24,Females,Unemployment rate,10.78
2017-10-01,2017,10,15-24,Persons,Labour force total,2090.81
2017-10-01,2017,10,15-24,Males,Labour force total,1056.51
2017-10-01,2017,10,15-24,Females,Labour force total,1034.3
2017-10-01,2017,10,15-24,Persons,Participation rate,65.52
2017-10-01,2017,10,15-24,Males,Participation rate,64.87
2017-10-01,2017,10,15-24,Females,Participation rate,66.21
2017-10-01,2017,10,25-34,Persons,Employed total,2904.88
2017-10-01,2017,10,25-34,Males,Employed total,1569.48
2017-10-01,2017,10,25-34,Females,Employed total,1335.4
2017-10-01,2017,10,25-34,Persons,Employment to population ratio,79.14
2017-10-01,2017,10,25-34,Males,Employment to population ratio,86.17
2017-10-01,2017,10,25-34,Females,Employment to population ratio,72.23
2017-10-01,2017,10,25-34,Persons,Unemployed total,137.06
2017-10-01,2017,10,25-34,Males,Unemployed total,68.8
2017-10-01,2017,10,25-34,Females,Unemployed total,68.26
2017-10-01,2017,10,25-34,Persons,Unemployment rate,4.51
2017-10-01,2017,10,25-34,Males,Unemployment rate,4.2
2017-10-01,2017,10,25-34,Females,Unemployment rate,4.86
2017-10-01,2017,10,25-34,Persons,Labour force total,3041.94
2017-10-01,2017,10,25-34,Males,Labour force total,1638.28
2017-10-01,2017,10,25-34,Females,Labour force total,1403.66
2017-10-01,2017,10,25-34,Persons,Participation rate,82.88
2017-10-01,2017,10,25-34,Males,Participation rate,89.94
2017-10-01,2017,10,25-34,Females,Participation rate,75.92
2017-11-01,2017,11,15-24,Persons,Employed total,1863.18
2017-11-01,2017,11,15-24,Males,Employed total,937.57
2017-11-01,2017,11,15-24,Females,Employed total,925.61
2017-11-01,2017,11,15-24,Persons,Employment to population ratio,58.45
2017-11-01,2017,11,15-24,Males,Employment to population ratio,57.62
2017-11-01,2017,11,15-24,Females,Employment to population ratio,59.31
2017-11-01,2017,11,15-24,Persons,Unemployed total,243.34
2017-11-01,2017,11,15-24,Males,Unemployed total,135.88
2017-11-01,2017,11,15-24,Females,Unemployed total,107.45
2017-11-01,2017,11,15-24,Persons,Unemployment rate,11.55
2017-11-01,2017,11,15-24,Males,Unemployment rate,12.66
2017-11-01,2017,11,15-24,Females,Unemployment rate,10.4
2017-11-01,2017,11,15-24,Persons,Labour force total,2106.52
2017-11-01,2017,11,15-24,Males,Labour force total,1073.45
2017-11-01,2017,11,15-24,Females,Labour force total,1033.07
2017-11-01,2017,11,15-24,Persons,Participation rate,66.08
2017-11-01,2017,11,15-24,Males,Participation rate,65.98
2017-11-01,2017,11,15-24,Females,Participation rate,66.2
2017-11-01,2017,11,25-34,Persons,Employed total,2928.68
2017-11-01,2017,11,25-34,Males,Employed total,1570.39
2017-11-01,2017,11,25-34,Females,Employed total,1358.29
2017-11-01,2017,11,25-34,Persons,Employment to population ratio,79.73
2017-11-01,2017,11,25-34,Males,Employment to population ratio,86.15
2017-11-01,2017,11,25-34,Females,Employment to population ratio,73.4
2017-11-01,2017,11,25-34,Persons,Unemployed total,139.91
2017-11-01,2017,11,25-34,Males,Unemployed total,71.1
2017-11-01,2017,11,25-34,Females,Unemployed total,68.8
2017-11-01,2017,11,25-34,Persons,Unemployment rate,4.56
2017-11-01,2017,11,25-34,Males,Unemployment rate,4.33
2017-11-01,2017,11,25-34,Females,Unemployment rate,4.82
2017-11-01,2017,11,25-34,Persons,Labour force total,3068.59
2017-11-01,2017,11,25-34,Males,Labour force total,1641.49
2017-11-01,2017,11,25-34,Females,Labour force total,1427.09
2017-11-01,2017,11,25-34,Persons,Participation rate,83.54
2017-11-01,2017,11,25-34,Males,Participation rate,90.05
2017-11-01,2017,11,25-34,Females,Participation rate,77.12
2017-12-01,2017,12,15-24,Persons,Employed total,1937.53
2017-12-01,2017,12,15-24,Males,Employed total,971.16
2017-12-01,2017,12,15-24,Females,Employed total,966.37
2017-12-01,2017,12,15-24,Persons,Employment to population ratio,60.85
2017-12-01,2017,12,15-24,Males,Employment to population ratio,59.75
2017-12-01,2017,12,15-24,Females,Employment to population ratio,61.99
2017-12-01,2017,12,15-24,Persons,Unemployed total,277.62
2017-12-01,2017,12,15-24,Males,Unemployed total,162.87
2017-12-01,2017,12,15-24,Females,Unemployed total,114.75
2017-12-01,2017,12,15-24,Persons,Unemployment rate,12.53
2017-12-01,2017,12,15-24,Males,Unemployment rate,14.36
2017-12-01,2017,12,15-24,Females,Unemployment rate,10.61
2017-12-01,2017,12,15-24,Persons,Labour force total,2215.15
2017-12-01,2017,12,15-24,Males,Labour force total,1134.03
2017-12-01,2017,12,15-24,Females,Labour force total,1081.12
2017-12-01,2017,12,15-24,Persons,Participation rate,69.56
2017-12-01,2017,12,15-24,Males,Participation rate,69.77
2017-12-01,2017,12,15-24,Females,Participation rate,69.35
2017-12-01,2017,12,25-34,Persons,Employed total,2956.73
2017-12-01,2017,12,25-34,Males,Employed total,1579.14
2017-12-01,2017,12,25-34,Females,Employed total,1377.59
2017-12-01,2017,12,25-34,Persons,Employment to population ratio,80.43
2017-12-01,2017,12,25-34,Males,Employment to population ratio,86.57
2017-12-01,2017,12,25-34,Females,Employment to population ratio,74.38
2017-12-01,2017,12,25-34,Persons,Unemployed total,138.08
2017-12-01,2017,12,25-34,Males,Unemployed total,71.61
2017-12-01,2017,12,25-34,Females,Unemployed total,66.47
2017-12-01,2017,12,25-34,Persons,Unemployment rate,4.46
2017-12-01,2017,12,25-34,Males,Unemployment rate,4.34
2017-12-01,2017,12,25-34,Females,Unemployment rate,4.6
2017-12-01,2017,12,25-34,Persons,Labour force total,3094.81
2017-12-01,2017,12,25-34,Males,Labour force total,1650.75
2017-12-01,2017,12,25-34,Females,Labour force total,1444.06
2017-12-01,2017,12,25-34,Persons,Participation rate,84.18
2017-12-01,2017,12,25-34,Males,Participation rate,90.49
2017-12-01,2017,12,25-34,Females,Participation rate,77.97
2018-01-01,2018,1,15-24,Persons,Employed total,1898.42
2018-01-01,2018,1,15-24,Males,Employed total,958.24
2018-01-01,2018,1,15-24,Females,Employed total,940.18
2018-01-01,2018,1,15-24,Persons,Employment to population ratio,59.46
2018-01-01,2018,1,15-24,Males,Employment to population ratio,58.77
2018-01-01,2018,1,15-24,Females,Employment to population ratio,60.18
2018-01-01,2018,1,15-24,Persons,Unemployed total,297.01
2018-01-01,2018,1,15-24,Males,Unemployed total,161.11
2018-01-01,2018,1,15-24,Females,Unemployed total,135.9
2018-01-01,2018,1,15-24,Persons,Unemployment rate,13.53
2018-01-01,2018,1,15-24,Males,Unemployment rate,14.39
2018-01-01,2018,1,15-24,Females,Unemployment rate,12.63
2018-01-01,2018,1,15-24,Persons,Labour force total,2195.43
2018-01-01,2018,1,15-24,Males,Labour force total,1119.35
2018-01-01,2018,1,15-24,Females,Labour force total,1076.08
2018-01-01,2018,1,15-24,Persons,Participation rate,68.77
2018-01-01,2018,1,15-24,Males,Participation rate,68.65
2018-01-01,2018,1,15-24,Females,Participation rate,68.88
2018-01-01,2018,1,25-34,Persons,Employed total,2900.89
2018-01-01,2018,1,25-34,Males,Employed total,1553.11
2018-01-01,2018,1,25-34,Females,Employed total,1347.78
2018-01-01,2018,1,25-34,Persons,Employment to population ratio,78.78
2018-01-01,2018,1,25-34,Males,Employment to population ratio,85.0
2018-01-01,2018,1,25-34,Females,Employment to population ratio,72.66
2018-01-01,2018,1,25-34,Persons,Unemployed total,153.92
2018-01-01,2018,1,25-34,Males,Unemployed total,80.4
2018-01-01,2018,1,25-34,Females,Unemployed total,73.52
2018-01-01,2018,1,25-34,Persons,Unemployment rate,5.04
2018-01-01,2018,1,25-34,Males,Unemployment rate,4.92
2018-01-01,2018,1,25-34,Females,Unemployment rate,5.17
2018-01-01,2018,1,25-34,Persons,Labour force total,3054.8
2018-01-01,2018,1,25-34,Males,Labour force total,1633.5
2018-01-01,2018,1,25-34,Females,Labour force total,1421.3
2018-01-01,2018,1,25-34,Persons,Participation rate,82.96
2018-01-01,2018,1,25-34,Males,Participation rate,89.4
2018-01-01,2018,1,25-34,Females,Participation rate,76.62
2018-02-01,2018,2,15-24,Persons,Employed total,1893.71
2018-02-01,2018,2,15-24,Males,Employed total,962.81
2018-02-01,2018,2,15-24,Females,Employed total,930.9
2018-02-01,2018,2,15-24,Persons,Employment to population ratio,59.16
2018-02-01,2018,2,15-24,Males,Employment to population ratio,58.87
2018-02-01,2018,2,15-24,Females,Employment to population ratio,59.47
2018-02-01,2018,2,15-24,Persons,Unemployed total,313.62
2018-02-01,2018,2,15-24,Males,Unemployed total,163.56
2018-02-01,2018,2,15-24,Females,Unemployed total,150.06
2018-02-01,2018,2,15-24,Persons,Unemployment rate,14.21
2018-02-01,2018,2,15-24,Males,Unemployment rate,14.52
2018-02-01,2018,2,15-24,Females,Unemployment rate,13.88
2018-02-01,2018,2,15-24,Persons,Labour force total,2207.33
2018-02-01,2018,2,15-24,Males,Labour force total,1126.37
2018-02-01,2018,2,15-24,Females,Labour force total,1080.96
2018-02-01,2018,2,15-24,Persons,Participation rate,68.96
2018-02-01,2018,2,15-24,Males,Participation rate,68.87
2018-02-01,2018,2,15-24,Females,Participation rate,69.05
2018-02-01,2018,2,25-34,Persons,Employed total,2955.8
2018-02-01,2018,2,25-34,Males,Employed total,1589.54
2018-02-01,2018,2,25-34,Females,Employed total,1366.26
2018-02-01,2018,2,25-34,Persons,Employment to population ratio,80.14
2018-02-01,2018,2,25-34,Males,Employment to population ratio,86.84
2018-02-01,2018,2,25-34,Females,Employment to population ratio,73.54
2018-02-01,2018,2,25-34,Persons,Unemployed total,163.89
2018-02-01,2018,2,25-34,Males,Unemployed total,81.6
2018-02-01,2018,2,25-34,Females,Unemployed total,82.28
2018-02-01,2018,2,25-34,Persons,Unemployment rate,5.25
2018-02-01,2018,2,25-34,Males,Unemployment rate,4.88
2018-02-01,2018,2,25-34,Females,Unemployment rate,5.68
2018-02-01,2018,2,25-34,Persons,Labour force total,3119.69
2018-02-01,2018,2,25-34,Males,Labour force total,1671.15
2018-02-01,2018,2,25-34,Females,Labour force total,1448.54
2018-02-01,2018,2,25-34,Persons,Participation rate,84.58
2018-02-01,2018,2,25-34,Males,Participation rate,91.3
2018-02-01,2018,2,25-34,Females,Participation rate,77.97
2018-03-01,2018,3,15-24,Persons,Employed total,1895.5
2018-03-01,2018,3,15-24,Males,Employed total,959.35
2018-03-01,2018,3,15-24,Females,Employed total,936.15
2018-03-01,2018,3,15-24,Persons,Employment to population ratio,59.07
2018-03-01,2018,3,15-24,Males,Employment to population ratio,58.48
2018-03-01,2018,3,15-24,Females,Employment to population ratio,59.68
2018-03-01,2018,3,15-24,Persons,Unemployed total,293.27
2018-03-01,2018,3,15-24,Males,Unemployed total,162.11
2018-03-01,2018,3,15-24,Females,Unemployed total,131.16
2018-03-01,2018,3,15-24,Persons,Unemployment rate,13.4
2018-03-01,2018,3,15-24,Males,Unemployment rate,14.46
2018-03-01,2018,3,15-24,Females,Unemployment rate,12.29
2018-03-01,2018,3,15-24,Persons,Labour force total,2188.77
2018-03-01,2018,3,15-24,Males,Labour force total,1121.46
2018-03-01,2018,3,15-24,Females,Labour force total,1067.31
2018-03-01,2018,3,15-24,Persons,Participation rate,68.21
2018-03-01,2018,3,15-24,Males,Participation rate,68.37
2018-03-01,2018,3,15-24,Females,Participation rate,68.04
2018-03-01,2018,3,25-34,Persons,Employed total,2949.03
2018-03-01,2018,3,25-34,Males,Employed total,1579.1
2018-03-01,2018,3,25-34,Females,Employed total,1369.92
2018-03-01,2018,3,25-34,Persons,Employment to population ratio,79.83
2018-03-01,2018,3,25-34,Males,Employment to population ratio,86.13
2018-03-01,2018,3,25-34,Females,Employment to population ratio,73.62
2018-03-01,2018,3,25-34,Persons,Unemployed total,156.06
2018-03-01,2018,3,25-34,Males,Unemployed total,77.18
2018-03-01,2018,3,25-34,Females,Unemployed total,78.88
2018-03-01,2018,3,25-34,Persons,Unemployment rate,5.03
2018-03-01,2018,3,25-34,Males,Unemployment rate,4.66
2018-03-01,2018,3,25-34,Females,Unemployment rate,5.44
2018-03-01,2018,3,25-34,Persons,Labour force total,3105.09
2018-03-01,2018,3,25-34,Males,Labour force total,1656.29
2018-03-01,2018,3,25-34,Females,Labour force total,1448.8
2018-03-01,2018,3,25-34,Persons,Participation rate,84.05
2018-03-01,2018,3,25-34,Males,Participation rate,90.34
2018-03-01,2018,3,25-34,Females,Participation rate,77.86
2018-04-01,2018,4,15-24,Persons,Employed total,1909.31
2018-04-01,2018,4,15-24,Males,Employed total,973.15
2018-04-01,2018,4,15-24,Females,Employed total,936.16
2018-04-01,2018,4,15-24,Persons,Employment to population ratio,59.52
2018-04-01,2018,4,15-24,Males,Employment to population ratio,59.33
2018-04-01,2018,4,15-24,Females,Employment to population ratio,59.72
2018-04-01,2018,4,15-24,Persons,Unemployed total,274.75
2018-04-01,2018,4,15-24,Males,Unemployed total,154.05
2018-04-01,2018,4,15-24,Females,Unemployed total,120.7
2018-04-01,2018,4,15-24,Persons,Unemployment rate,12.58
2018-04-01,2018,4,15-24,Males,Unemployment rate,13.67
2018-04-01,2018,4,15-24,Females,Unemployment rate,11.42
2018-04-01,2018,4,15-24,Persons,Labour force total,2184.06
2018-04-01,2018,4,15-24,Males,Labour force total,1127.2
2018-04-01,2018,4,15-24,Females,Labour force total,1056.86
2018-04-01,2018,4,15-24,Persons,Participation rate,68.08
2018-04-01,2018,4,15-24,Males,Participation rate,68.72
2018-04-01,2018,4,15-24,Females,Participation rate,67.42
2018-04-01,2018,4,25-34,Persons,Employed total,2961.94
2018-04-01,2018,4,25-34,Males,Employed total,1589.48
2018-04-01,2018,4,25-34,Females,Employed total,1372.46
2018-04-01,2018,4,25-34,Persons,Employment to population ratio,80.1
2018-04-01,2018,4,25-34,Males,Employment to population ratio,86.6
2018-04-01,2018,4,25-34,Females,Employment to population ratio,73.69
2018-04-01,2018,4,25-34,Persons,Unemployed total,151.48
2018-04-01,2018,4,25-34,Males,Unemployed total,73.42
2018-04-01,2018,4,25-34,Females,Unemployed total,78.06
2018-04-01,2018,4,25-34,Persons,Unemployment rate,4.87
2018-04-01,2018,4,25-34,Males,Unemployment rate,4.42
2018-04-01,2018,4,25-34,Females,Unemployment rate,5.38
2018-04-01,2018,4,25-34,Persons,Labour force total,3113.42
2018-04-01,2018,4,25-34,Males,Labour force total,1662.9
2018-04-01,2018,4,25-34,Females,Labour force total,1450.52
2018-04-01,2018,4,25-34,Persons,Participation rate,84.19
2018-04-01,2018,4,25-34,Males,Participation rate,90.6
2018-04-01,2018,4,25-34,Females,Participation rate,77.88
2018-05-01,2018,5,15-24,Persons,Employed total,1927.91
2018-05-01,2018,5,15-24,Males,Employed total,971.27
2018-05-01,2018,5,15-24,Females,Employed total,956.64
2018-05-01,2018,5,15-24,Persons,Employment to population ratio,60.12
2018-05-01,2018,5,15-24,Males,Employment to population ratio,59.21
2018-05-01,2018,5,15-24,Females,Employment to population ratio,61.06
2018-05-01,2018,5,15-24,Persons,Unemployed total,241.96
2018-05-01,2018,5,15-24,Males,Unemployed total,133.65
2018-05-01,2018,5,15-24,Females,Unemployed total,108.31
2018-05-01,2018,5,15-24,Persons,Unemployment rate,11.15
2018-05-01,2018,5,15-24,Males,Unemployment rate,12.1
2018-05-01,2018,5,15-24,Females,Unemployment rate,10.17
2018-05-01,2018,5,15-24,Persons,Labour force total,2169.86
2018-05-01,2018,5,15-24,Males,Labour force total,1104.92
2018-05-01,2018,5,15-24,Females,Labour force total,1064.94
2018-05-01,2018,5,15-24,Persons,Participation rate,67.66
2018-05-01,2018,5,15-24,Males,Participation rate,67.36
2018-05-01,2018,5,15-24,Females,Participation rate,67.98
2018-05-01,2018,5,25-34,Persons,Employed total,2941.54
2018-05-01,2018,5,25-34,Males,Employed total,1584.4
2018-05-01,2018,5,25-34,Females,Employed total,1357.14
2018-05-01,2018,5,25-34,Persons,Employment to population ratio,79.47
2018-05-01,2018,5,25-34,Males,Employment to population ratio,86.22
2018-05-01,2018,5,25-34,Females,Employment to population ratio,72.8
2018-05-01,2018,5,25-34,Persons,Unemployed total,154.29
2018-05-01,2018,5,25-34,Males,Unemployed total,78.3
2018-05-01,2018,5,25-34,Females,Unemployed total,76.0
2018-05-01,2018,5,25-34,Persons,Unemployment rate,4.98
2018-05-01,2018,5,25-34,Males,Unemployment rate,4.71
2018-05-01,2018,5,25-34,Females,Unemployment rate,5.3
2018-05-01,2018,5,25-34,Persons,Labour force total,3095.83
2018-05-01,2018,5,25-34,Males,Labour force total,1662.7
2018-05-01,2018,5,25-34,Females,Labour force total,1433.13
2018-05-01,2018,5,25-34,Persons,Participation rate,83.63
2018-05-01,2018,5,25-34,Males,Participation rate,90.48
2018-05-01,2018,5,25-34,Females,Participation rate,76.88
2018-06-01,2018,6,15-24,Persons,Employed total,1923.18
2018-06-01,2018,6,15-24,Males,Employed total,965.43
2018-06-01,2018,6,15-24,Females,Employed total,957.75
2018-06-01,2018,6,15-24,Persons,Employment to population ratio,59.99
2018-06-01,2018,6,15-24,Males,Employment to population ratio,58.86
2018-06-01,2018,6,15-24,Females,Employment to population ratio,61.18
2018-06-01,2018,6,15-24,Persons,Unemployed total,231.7
2018-06-01,2018,6,15-24,Males,Unemployed total,139.14
2018-06-01,2018,6,15-24,Females,Unemployed total,92.56
2018-06-01,2018,6,15-24,Persons,Unemployment rate,10.75
2018-06-01,2018,6,15-24,Males,Unemployment rate,12.6
2018-06-01,2018,6,15-24,Females,Unemployment rate,8.81
2018-06-01,2018,6,15-24,Persons,Labour force total,2154.88
2018-06-01,2018,6,15-24,Males,Labour force total,1104.57
2018-06-01,2018,6,15-24,Females,Labour force total,1050.32
2018-06-01,2018,6,15-24,Persons,Participation rate,67.22
2018-06-01,2018,6,15-24,Males,Participation rate,67.34
2018-06-01,2018,6,15-24,Females,Participation rate,67.09
2018-06-01,2018,6,25-34,Persons,Employed total,2966.81
2018-06-01,2018,6,25-34,Males,Employed total,1584.13
2018-06-01,2018,6,25-34,Females,Employed total,1382.68
2018-06-01,2018,6,25-34,Persons,Employment to population ratio,80.07
2018-06-01,2018,6,25-34,Males,Employment to population ratio,86.11
2018-06-01,2018,6,25-34,Females,Employment to population ratio,74.11
2018-06-01,2018,6,25-34,Persons,Unemployed total,141.81
2018-06-01,2018,6,25-34,Males,Unemployed total,71.39
2018-06-01,2018,6,25-34,Females,Unemployed total,70.42
2018-06-01,2018,6,25-34,Persons,Unemployment rate,4.56
2018-06-01,2018,6,25-34,Males,Unemployment rate,4.31
2018-06-01,2018,6,25-34,Females,Unemployment rate,4.85
2018-06-01,2018,6,25-34,Persons,Labour force total,3108.62
2018-06-01,2018,6,25-34,Males,Labour force total,1655.52
2018-06-01,2018,6,25-34,Females,Labour force total,1453.1
2018-06-01,2018,6,25-34,Persons,Participation rate,83.9
2018-06-01,2018,6,25-34,Males,Participation rate,89.99
2018-06-01,2018,6,25-34,Females,Participation rate,77.88
2018-07-01,2018,7,15-24,Persons,Employed total,1908.09
2018-07-01,2018,7,15-24,Males,Employed total,972.57
2018-07-01,2018,7,15-24,Females,Employed total,935.52
2018-07-01,2018,7,15-24,Persons,Employment to population ratio,59.43
2018-07-01,2018,7,15-24,Males,Employment to population ratio,59.19
2018-07-01,2018,7,15-24,Females,Employment to population ratio,59.67
2018-07-01,2018,7,15-24,Persons,Unemployed total,229.67
2018-07-01,2018,7,15-24,Males,Unemployed total,133.09
2018-07-01,2018,7,15-24,Females,Unemployed total,96.58
2018-07-01,2018,7,15-24,Persons,Unemployment rate,10.74
2018-07-01,2018,7,15-24,Males,Unemployment rate,12.04
2018-07-01,2018,7,15-24,Females,Unemployment rate,9.36
2018-07-01,2018,7,15-24,Persons,Labour force total,2137.76
2018-07-01,2018,7,15-24,Males,Labour force total,1105.66
2018-07-01,2018,7,15-24,Females,Labour force total,1032.1
2018-07-01,2018,7,15-24,Persons,Participation rate,66.58
2018-07-01,2018,7,15-24,Males,Participation rate,67.29
2018-07-01,2018,7,15-24,Females,Participation rate,65.83
2018-07-01,2018,7,25-34,Persons,Employed total,2960.84
2018-07-01,2018,7,25-34,Males,Employed total,1585.86
2018-07-01,2018,7,25-34,Females,Employed total,1374.98
2018-07-01,2018,7,25-34,Persons,Employment to population ratio,79.8
2018-07-01,2018,7,25-34,Males,Employment to population ratio,86.09
2018-07-01,2018,7,25-34,Females,Employment to population ratio,73.61
2018-07-01,2018,7,25-34,Persons,Unemployed total,141.46
2018-07-01,2018,7,25-34,Males,Unemployed total,74.75
2018-07-01,2018,7,25-34,Females,Unemployed total,66.71
2018-07-01,2018,7,25-34,Persons,Unemployment rate,4.56
2018-07-01,2018,7,25-34,Males,Unemployment rate,4.5
2018-07-01,2018,7,25-34,Females,Unemployment rate,4.63
2018-07-01,2018,7,25-34,Persons,Labour force total,3102.3
2018-07-01,2018,7,25-34,Males,Labour force total,1660.61
2018-07-01,2018,7,25-34,Females,Labour force total,1441.69
2018-07-01,2018,7,25-34,Persons,Participation rate,83.61
2018-07-01,2018,7,25-34,Males,Participation rate,90.14
2018-07-01,2018,7,25-34,Females,Participation rate,77.18
2018-08-01,2018,8,15-24,Persons,Employed total,1877.38
2018-08-01,2018,8,15-24,Males,Employed total,950.68
2018-08-01,2018,8,15-24,Females,Employed total,926.7
2018-08-01,2018,8,15-24,Persons,Employment to population ratio,58.38
2018-08-01,2018,8,15-24,Males,Employment to population ratio,57.76
2018-08-01,2018,8,15-24,Females,Employment to population ratio,59.03
2018-08-01,2018,8,15-24,Persons,Unemployed total,245.73
2018-08-01,2018,8,15-24,Males,Unemployed total,138.39
2018-08-01,2018,8,15-24,Females,Unemployed total,107.34
2018-08-01,2018,8,15-24,Persons,Unemployment rate,11.57
2018-08-01,2018,8,15-24,Males,Unemployment rate,12.71
2018-08-01,2018,8,15-24,Females,Unemployment rate,10.38
2018-08-01,2018,8,15-24,Persons,Labour force total,2123.11
2018-08-01,2018,8,15-24,Males,Labour force total,1089.08
2018-08-01,2018,8,15-24,Females,Labour force total,1034.04
2018-08-01,2018,8,15-24,Persons,Participation rate,66.02
2018-08-01,2018,8,15-24,Males,Participation rate,66.17
2018-08-01,2018,8,15-24,Females,Participation rate,65.87
2018-08-01,2018,8,25-34,Persons,Employed total,2942.79
2018-08-01,2018,8,25-34,Males,Employed total,1574.75
2018-08-01,2018,8,25-34,Females,Employed total,1368.03
2018-08-01,2018,8,25-34,Persons,Employment to population ratio,79.21
2018-08-01,2018,8,25-34,Males,Employment to population ratio,85.36
2018-08-01,2018,8,25-34,Females,Employment to population ratio,73.14
2018-08-01,2018,8,25-34,Persons,Unemployed total,146.81
2018-08-01,2018,8,25-34,Males,Unemployed total,77.89
2018-08-01,2018,8,25-34,Females,Unemployed total,68.92
2018-08-01,2018,8,25-34,Persons,Unemployment rate,4.75
2018-08-01,2018,8,25-34,Males,Unemployment rate,4.71
2018-08-01,2018,8,25-34,Females,Unemployment rate,4.8
2018-08-01,2018,8,25-34,Persons,Labour force total,3089.6
2018-08-01,2018,8,25-34,Males,Labour force total,1652.65
2018-08-01,2018,8,25-34,Females,Labour force total,1436.95
2018-08-01,2018,8,25-34,Persons,Participation rate,83.16
2018-08-01,2018,8,25-34,Males,Participation rate,89.59
2018-08-01,2018,8,25-34,Females,Participation rate,76.83
2018-09-01,2018,9,15-24,Persons,Employed total,1895.3
2018-09-01,2018,9,15-24,Males,Employed total,968.07
2018-09-01,2018,9,15-24,Females,Employed total,927.23
2018-09-01,2018,9,15-24,Persons,Employment to population ratio,58.85
2018-09-01,2018,9,15-24,Males,Employment to population ratio,58.72
2018-09-01,2018,9,15-24,Females,Employment to population ratio,58.98
2018-09-01,2018,9,15-24,Persons,Unemployed total,237.63
2018-09-01,2018,9,15-24,Males,Unemployed total,129.5
2018-09-01,2018,9,15-24,Females,Unemployed total,108.13
2018-09-01,2018,9,15-24,Persons,Unemployment rate,11.14
2018-09-01,2018,9,15-24,Males,Unemployment rate,11.8
2018-09-01,2018,9,15-24,Females,Unemployment rate,10.44
2018-09-01,2018,9,15-24,Persons,Labour force total,2132.93
2018-09-01,2018,9,15-24,Males,Labour force total,1097.57
2018-09-01,2018,9,15-24,Females,Labour force total,1035.36
2018-09-01,2018,9,15-24,Persons,Participation rate,66.22
2018-09-01,2018,9,15-24,Males,Participation rate,66.57
2018-09-01,2018,9,15-24,Females,Participation rate,65.86
2018-09-01,2018,9,25-34,Persons,Employed total,2982.33
2018-09-01,2018,9,25-34,Males,Employed total,1590.83
2018-09-01,2018,9,25-34,Females,Employed total,1391.49
2018-09-01,2018,9,25-34,Persons,Employment to population ratio,80.17
2018-09-01,2018,9,25-34,Males,Employment to population ratio,86.11
2018-09-01,2018,9,25-34,Females,Employment to population ratio,74.3
2018-09-01,2018,9,25-34,Persons,Unemployed total,126.35
2018-09-01,2018,9,25-34,Males,Unemployed total,63.21
2018-09-01,2018,9,25-34,Females,Unemployed total,63.13
2018-09-01,2018,9,25-34,Persons,Unemployment rate,4.06
2018-09-01,2018,9,25-34,Males,Unemployment rate,3.82
2018-09-01,2018,9,25-34,Females,Unemployment rate,4.34
2018-09-01,2018,9,25-34,Persons,Labour force total,3108.68
2018-09-01,2018,9,25-34,Males,Labour force total,1654.05
2018-09-01,2018,9,25-34,Females,Labour force total,1454.63
2018-09-01,2018,9,25-34,Persons,Participation rate,83.57
2018-09-01,2018,9,25-34,Males,Participation rate,89.54
2018-09-01,2018,9,25-34,Females,Participation rate,77.68
2018-10-01,2018,10,15-24,Persons,Employed total,1891.61
2018-10-01,2018,10,15-24,Males,Employed total,957.18
2018-10-01,2018,10,15-24,Females,Employed total,934.43
2018-10-01,2018,10,15-24,Persons,Employment to population ratio,58.78
2018-10-01,2018,10,15-24,Males,Employment to population ratio,58.1
2018-10-01,2018,10,15-24,Females,Employment to population ratio,59.5
2018-10-01,2018,10,15-24,Persons,Unemployed total,229.92
2018-10-01,2018,10,15-24,Males,Unemployed total,130.41
2018-10-01,2018,10,15-24,Females,Unemployed total,99.51
2018-10-01,2018,10,15-24,Persons,Unemployment rate,10.84
2018-10-01,2018,10,15-24,Males,Unemployment rate,11.99
2018-10-01,2018,10,15-24,Females,Unemployment rate,9.62
2018-10-01,2018,10,15-24,Persons,Labour force total,2121.53
2018-10-01,2018,10,15-24,Males,Labour force total,1087.59
2018-10-01,2018,10,15-24,Females,Labour force total,1033.94
2018-10-01,2018,10,15-24,Persons,Participation rate,65.92
2018-10-01,2018,10,15-24,Males,Participation rate,66.01
2018-10-01,2018,10,15-24,Females,Participation rate,65.83
2018-10-01,2018,10,25-34,Persons,Employed total,2992.75
2018-10-01,2018,10,25-34,Males,Employed total,1600.21
2018-10-01,2018,10,25-34,Females,Employed total,1392.54
2018-10-01,2018,10,25-34,Persons,Employment to population ratio,80.38
2018-10-01,2018,10,25-34,Males,Employment to population ratio,86.55
2018-10-01,2018,10,25-34,Females,Employment to population ratio,74.29
2018-10-01,2018,10,25-34,Persons,Unemployed total,129.57
2018-10-01,2018,10,25-34,Males,Unemployed total,64.81
2018-10-01,2018,10,25-34,Females,Unemployed total,64.76
2018-10-01,2018,10,25-34,Persons,Unemployment rate,4.15
2018-10-01,2018,10,25-34,Males,Unemployment rate,3.89
2018-10-01,2018,10,25-34,Females,Unemployment rate,4.44
2018-10-01,2018,10,25-34,Persons,Labour force total,3122.32
2018-10-01,2018,10,25-34,Males,Labour force total,1665.02
2018-10-01,2018,10,25-34,Females,Labour force total,1457.3
2018-10-01,2018,10,25-34,Persons,Participation rate,83.86
2018-10-01,2018,10,25-34,Males,Participation rate,90.06
2018-10-01,2018,10,25-34,Females,Participation rate,77.75
2018-11-01,2018,11,15-24,Persons,Employed total,1905.59
2018-11-01,2018,11,15-24,Males,Employed total,966.62
2018-11-01,2018,11,15-24,Females,Employed total,938.97
2018-11-01,2018,11,15-24,Persons,Employment to population ratio,59.26
2018-11-01,2018,11,15-24,Males,Employment to population ratio,58.71
2018-11-01,2018,11,15-24,Females,Employment to population ratio,59.85
2018-11-01,2018,11,15-24,Persons,Unemployed total,233.91
2018-11-01,2018,11,15-24,Males,Unemployed total,129.53
2018-11-01,2018,11,15-24,Females,Unemployed total,104.37
2018-11-01,2018,11,15-24,Persons,Unemployment rate,10.93
2018-11-01,2018,11,15-24,Males,Unemployment rate,11.82
2018-11-01,2018,11,15-24,Females,Unemployment rate,10.0
2018-11-01,2018,11,15-24,Persons,Labour force total,2139.5
2018-11-01,2018,11,15-24,Males,Labour force total,1096.15
2018-11-01,2018,11,15-24,Females,Labour force total,1043.34
2018-11-01,2018,11,15-24,Persons,Participation rate,66.54
2018-11-01,2018,11,15-24,Males,Participation rate,66.57
2018-11-01,2018,11,15-24,Females,Participation rate,66.5
2018-11-01,2018,11,25-34,Persons,Employed total,2982.5
2018-11-01,2018,11,25-34,Males,Employed total,1603.03
2018-11-01,2018,11,25-34,Females,Employed total,1379.47
2018-11-01,2018,11,25-34,Persons,Employment to population ratio,80.04
2018-11-01,2018,11,25-34,Males,Employment to population ratio,86.63
2018-11-01,2018,11,25-34,Females,Employment to population ratio,73.53
2018-11-01,2018,11,25-34,Persons,Unemployed total,128.32
2018-11-01,2018,11,25-34,Males,Unemployed total,66.6
2018-11-01,2018,11,25-34,Females,Unemployed total,61.72
2018-11-01,2018,11,25-34,Persons,Unemployment rate,4.12
2018-11-01,2018,11,25-34,Males,Unemployment rate,3.99
2018-11-01,2018,11,25-34,Females,Unemployment rate,4.28
2018-11-01,2018,11,25-34,Persons,Labour force total,3110.81
2018-11-01,2018,11,25-34,Males,Labour force total,1669.63
2018-11-01,2018,11,25-34,Females,Labour force total,1441.19
2018-11-01,2018,11,25-34,Persons,Participation rate,83.48
2018-11-01,2018,11,25-34,Males,Participation rate,90.23
2018-11-01,2018,11,25-34,Females,Participation rate,76.82
2018-12-01,2018,12,15-24,Persons,Employed total,1988.65
2018-12-01,2018,12,15-24,Males,Employed total,1015.76
2018-12-01,2018,12,15-24,Females,Employed total,972.88
2018-12-01,2018,12,15-24,Persons,Employment to population ratio,61.9
2018-12-01,2018,12,15-24,Males,Employment to population ratio,61.73
2018-12-01,2018,12,15-24,Females,Employment to population ratio,62.07
2018-12-01,2018,12,15-24,Persons,Unemployed total,255.0
2018-12-01,2018,12,15-24,Males,Unemployed total,140.13
2018-12-01,2018,12,15-24,Females,Unemployed total,114.87
2018-12-01,2018,12,15-24,Persons,Unemployment rate,11.37
2018-12-01,2018,12,15-24,Males,Unemployment rate,12.12
2018-12-01,2018,12,15-24,Females,Unemployment rate,10.56
2018-12-01,2018,12,15-24,Persons,Labour force total,2243.65
2018-12-01,2018,12,15-24,Males,Labour force total,1155.89
2018-12-01,2018,12,15-24,Females,Labour force total,1087.76
2018-12-01,2018,12,15-24,Persons,Participation rate,69.83
2018-12-01,2018,12,15-24,Males,Participation rate,70.25
2018-12-01,2018,12,15-24,Females,Participation rate,69.4
2018-12-01,2018,12,25-34,Persons,Employed total,2989.35
2018-12-01,2018,12,25-34,Males,Employed total,1599.78
2018-12-01,2018,12,25-34,Females,Employed total,1389.58
2018-12-01,2018,12,25-34,Persons,Employment to population ratio,80.15
2018-12-01,2018,12,25-34,Males,Employment to population ratio,86.39
2018-12-01,2018,12,25-34,Females,Employment to population ratio,74.0
2018-12-01,2018,12,25-34,Persons,Unemployed total,128.04
2018-12-01,2018,12,25-34,Males,Unemployed total,70.54
2018-12-01,2018,12,25-34,Females,Unemployed total,57.5
2018-12-01,2018,12,25-34,Persons,Unemployment rate,4.11
2018-12-01,2018,12,25-34,Males,Unemployment rate,4.22
2018-12-01,2018,12,25-34,Females,Unemployment rate,3.97
2018-12-01,2018,12,25-34,Persons,Labour force total,3117.39
2018-12-01,2018,12,25-34,Males,Labour force total,1670.31
2018-12-01,2018,12,25-34,Females,Labour force total,1447.08
2018-12-01,2018,12,25-34,Persons,Participation rate,83.58
2018-12-01,2018,12,25-34,Males,Participation rate,90.2
2018-12-01,2018,12,25-34,Females,Participation rate,77.06
2019-01-01,2019,1,15-24,Persons,Employed total,1942.19
2019-01-01,2019,1,15-24,Males,Employed total,996.07
2019-01-01,2019,1,15-24,Females,Employed total,946.12
2019-01-01,2019,1,15-24,Persons,Employment to population ratio,60.31
2019-01-01,2019,1,15-24,Males,Employment to population ratio,60.36
2019-01-01,2019,1,15-24,Females,Employment to population ratio,60.25
2019-01-01,2019,1,15-24,Persons,Unemployed total,283.47
2019-01-01,2019,1,15-24,Males,Unemployed total,147.13
2019-01-01,2019,1,15-24,Females,Unemployed total,136.34
2019-01-01,2019,1,15-24,Persons,Unemployment rate,12.74
2019-01-01,2019,1,15-24,Males,Unemployment rate,12.87
2019-01-01,2019,1,15-24,Females,Unemployment rate,12.6
2019-01-01,2019,1,15-24,Persons,Labour force total,2225.66
2019-01-01,2019,1,15-24,Males,Labour force total,1143.2
2019-01-01,2019,1,15-24,Females,Labour force total,1082.46
2019-01-01,2019,1,15-24,Persons,Participation rate,69.11
2019-01-01,2019,1,15-24,Males,Participation rate,69.28
2019-01-01,2019,1,15-24,Females,Participation rate,68.94
2019-01-01,2019,1,25-34,Persons,Employed total,2975.47
2019-01-01,2019,1,25-34,Males,Employed total,1591.7
2019-01-01,2019,1,25-34,Females,Employed total,1383.77
2019-01-01,2019,1,25-34,Persons,Employment to population ratio,79.66
2019-01-01,2019,1,25-34,Males,Employment to population ratio,85.81
2019-01-01,2019,1,25-34,Females,Employment to population ratio,73.59
2019-01-01,2019,1,25-34,Persons,Unemployed total,144.7
2019-01-01,2019,1,25-34,Males,Unemployed total,75.7
2019-01-01,2019,1,25-34,Females,Unemployed total,69.0
2019-01-01,2019,1,25-34,Persons,Unemployment rate,4.64
2019-01-01,2019,1,25-34,Males,Unemployment rate,4.54
2019-01-01,2019,1,25-34,Females,Unemployment rate,4.75
2019-01-01,2019,1,25-34,Persons,Labour force total,3120.17
2019-01-01,2019,1,25-34,Males,Labour force total,1667.4
2019-01-01,2019,1,25-34,Females,Labour force total,1452.77
2019-01-01,2019,1,25-34,Persons,Participation rate,83.53
2019-01-01,2019,1,25-34,Males,Participation rate,89.89
2019-01-01,2019,1,25-34,Females,Participation rate,77.26
2019-02-01,2019,2,15-24,Persons,Employed total,1957.21
2019-02-01,2019,2,15-24,Males,Employed total,1001.35
2019-02-01,2019,2,15-24,Females,Employed total,955.85
2019-02-01,2019,2,15-24,Persons,Employment to population ratio,60.63
2019-02-01,2019,2,15-24,Males,Employment to population ratio,60.51
2019-02-01,2019,2,15-24,Females,Employment to population ratio,60.76
2019-02-01,2019,2,15-24,Persons,Unemployed total,270.04
2019-02-01,2019,2,15-24,Males,Unemployed total,144.18
2019-02-01,2019,2,15-24,Females,Unemployed total,125.86
2019-02-01,2019,2,15-24,Persons,Unemployment rate,12.12
2019-02-01,2019,2,15-24,Males,Unemployment rate,12.59
2019-02-01,2019,2,15-24,Females,Unemployment rate,11.63
2019-02-01,2019,2,15-24,Persons,Labour force total,2227.25
2019-02-01,2019,2,15-24,Males,Labour force total,1145.54
2019-02-01,2019,2,15-24,Females,Labour force total,1081.71
2019-02-01,2019,2,15-24,Persons,Participation rate,69.0
2019-02-01,2019,2,15-24,Males,Participation rate,69.22
2019-02-01,2019,2,15-24,Females,Participation rate,68.76
2019-02-01,2019,2,25-34,Persons,Employed total,3011.04
2019-02-01,2019,2,25-34,Males,Employed total,1615.25
2019-02-01,2019,2,25-34,Females,Employed total,1395.78
2019-02-01,2019,2,25-34,Persons,Employment to population ratio,80.48
2019-02-01,2019,2,25-34,Males,Employment to population ratio,86.93
2019-02-01,2019,2,25-34,Females,Employment to population ratio,74.12
2019-02-01,2019,2,25-34,Persons,Unemployed total,146.21
2019-02-01,2019,2,25-34,Males,Unemployed total,75.68
2019-02-01,2019,2,25-34,Females,Unemployed total,70.53
2019-02-01,2019,2,25-34,Persons,Unemployment rate,4.63
2019-02-01,2019,2,25-34,Males,Unemployment rate,4.48
2019-02-01,2019,2,25-34,Females,Unemployment rate,4.81
2019-02-01,2019,2,25-34,Persons,Labour force total,3157.24
2019-02-01,2019,2,25-34,Males,Labour force total,1690.93
2019-02-01,2019,2,25-34,Females,Labour force total,1466.31
2019-02-01,2019,2,25-34,Persons,Participation rate,84.39
2019-02-01,2019,2,25-34,Males,Participation rate,91.01
2019-02-01,2019,2,25-34,Females,Participation rate,77.87
2019-03-01,2019,3,15-24,Persons,Employed total,1927.67
2019-03-01,2019,3,15-24,Males,Employed total,984.76
2019-03-01,2019,3,15-24,Females,Employed total,942.91
2019-03-01,2019,3,15-24,Persons,Employment to population ratio,59.58
2019-03-01,2019,3,15-24,Males,Employment to population ratio,59.34
2019-03-01,2019,3,15-24,Females,Employment to population ratio,59.83
2019-03-01,2019,3,15-24,Persons,Unemployed total,285.42
2019-03-01,2019,3,15-24,Males,Unemployed total,160.33
2019-03-01,2019,3,15-24,Females,Unemployed total,125.09
2019-03-01,2019,3,15-24,Persons,Unemployment rate,12.9
2019-03-01,2019,3,15-24,Males,Unemployment rate,14.0
2019-03-01,2019,3,15-24,Females,Unemployment rate,11.71
2019-03-01,2019,3,15-24,Persons,Labour force total,2213.09
2019-03-01,2019,3,15-24,Males,Labour force total,1145.09
2019-03-01,2019,3,15-24,Females,Labour force total,1068.0
2019-03-01,2019,3,15-24,Persons,Participation rate,68.4
2019-03-01,2019,3,15-24,Males,Participation rate,69.0
2019-03-01,2019,3,15-24,Females,Participation rate,67.76
2019-03-01,2019,3,25-34,Persons,Employed total,2995.1
2019-03-01,2019,3,25-34,Males,Employed total,1612.62
2019-03-01,2019,3,25-34,Females,Employed total,1382.48
2019-03-01,2019,3,25-34,Persons,Employment to population ratio,79.94
2019-03-01,2019,3,25-34,Males,Employment to population ratio,86.65
2019-03-01,2019,3,25-34,Females,Employment to population ratio,73.31
2019-03-01,2019,3,25-34,Persons,Unemployed total,160.63
2019-03-01,2019,3,25-34,Males,Unemployed total,74.9
2019-03-01,2019,3,25-34,Females,Unemployed total,85.73
2019-03-01,2019,3,25-34,Persons,Unemployment rate,5.09
2019-03-01,2019,3,25-34,Males,Unemployment rate,4.44
2019-03-01,2019,3,25-34,Females,Unemployment rate,5.84
2019-03-01,2019,3,25-34,Persons,Labour force total,3155.74
2019-03-01,2019,3,25-34,Males,Labour force total,1687.52
2019-03-01,2019,3,25-34,Females,Labour force total,1468.21
2019-03-01,2019,3,25-34,Persons,Participation rate,84.22
2019-03-01,2019,3,25-34,Males,Participation rate,90.67
2019-03-01,2019,3,25-34,Females,Participation rate,77.85
2019-04-01,2019,4,15-24,Persons,Employed total,1935.82
2019-04-01,2019,4,15-24,Males,Employed total,986.62
2019-04-01,2019,4,15-24,Females,Employed total,949.2
2019-04-01,2019,4,15-24,Persons,Employment to population ratio,59.91
2019-04-01,2019,4,15-24,Males,Employment to population ratio,59.52
2019-04-01,2019,4,15-24,Females,Employment to population ratio,60.33
2019-04-01,2019,4,15-24,Persons,Unemployed total,264.51
2019-04-01,2019,4,15-24,Males,Unemployed total,144.68
2019-04-01,2019,4,15-24,Females,Unemployed total,119.83
2019-04-01,2019,4,15-24,Persons,Unemployment rate,12.02
2019-04-01,2019,4,15-24,Males,Unemployment rate,12.79
2019-04-01,2019,4,15-24,Females,Unemployment rate,11.21
2019-04-01,2019,4,15-24,Persons,Labour force total,2200.33
2019-04-01,2019,4,15-24,Males,Labour force total,1131.3
2019-04-01,2019,4,15-24,Females,Labour force total,1069.03
2019-04-01,2019,4,15-24,Persons,Participation rate,68.1
2019-04-01,2019,4,15-24,Males,Participation rate,68.24
2019-04-01,2019,4,15-24,Females,Participation rate,67.95
2019-04-01,2019,4,25-34,Persons,Employed total,3014.06
2019-04-01,2019,4,25-34,Males,Employed total,1601.32
2019-04-01,2019,4,25-34,Females,Employed total,1412.74
2019-04-01,2019,4,25-34,Persons,Employment to population ratio,80.38
2019-04-01,2019,4,25-34,Males,Employment to population ratio,85.97
2019-04-01,2019,4,25-34,Females,Employment to population ratio,74.87
2019-04-01,2019,4,25-34,Persons,Unemployed total,146.0
2019-04-01,2019,4,25-34,Males,Unemployed total,78.16
2019-04-01,2019,4,25-34,Females,Unemployed total,67.84
2019-04-01,2019,4,25-34,Persons,Unemployment rate,4.62
2019-04-01,2019,4,25-34,Males,Unemployment rate,4.65
2019-04-01,2019,4,25-34,Females,Unemployment rate,4.58
2019-04-01,2019,4,25-34,Persons,Labour force total,3160.06
2019-04-01,2019,4,25-34,Males,Labour force total,1679.48
2019-04-01,2019,4,25-34,Females,Labour force total,1480.58
2019-04-01,2019,4,25-34,Persons,Participation rate,84.28
2019-04-01,2019,4,25-34,Males,Participation rate,90.17
2019-04-01,2019,4,25-34,Females,Participation rate,78.46
2019-05-01,2019,5,15-24,Persons,Employed total,1936.55
2019-05-01,2019,5,15-24,Males,Employed total,983.25
2019-05-01,2019,5,15-24,Females,Employed total,953.3
2019-05-01,2019,5,15-24,Persons,Employment to population ratio,60.02
2019-05-01,2019,5,15-24,Males,Employment to population ratio,59.38
2019-05-01,2019,5,15-24,Females,Employment to population ratio,60.7
2019-05-01,2019,5,15-24,Persons,Unemployed total,251.44
2019-05-01,2019,5,15-24,Males,Unemployed total,136.93
2019-05-01,2019,5,15-24,Females,Unemployed total,114.51
2019-05-01,2019,5,15-24,Persons,Unemployment rate,11.49
2019-05-01,2019,5,15-24,Males,Unemployment rate,12.22
2019-05-01,2019,5,15-24,Females,Unemployment rate,10.72
2019-05-01,2019,5,15-24,Persons,Labour force total,2187.99
2019-05-01,2019,5,15-24,Males,Labour force total,1120.18
2019-05-01,2019,5,15-24,Females,Labour force total,1067.81
2019-05-01,2019,5,15-24,Persons,Participation rate,67.81
2019-05-01,2019,5,15-24,Males,Participation rate,67.64
2019-05-01,2019,5,15-24,Females,Participation rate,67.99
2019-05-01,2019,5,25-34,Persons,Employed total,3026.81
2019-05-01,2019,5,25-34,Males,Employed total,1623.2
2019-05-01,2019,5,25-34,Females,Employed total,1403.61
2019-05-01,2019,5,25-34,Persons,Employment to population ratio,80.66
2019-05-01,2019,5,25-34,Males,Employment to population ratio,87.08
2019-05-01,2019,5,25-34,Females,Employment to population ratio,74.33
2019-05-01,2019,5,25-34,Persons,Unemployed total,145.97
2019-05-01,2019,5,25-34,Males,Unemployed total,77.46
2019-05-01,2019,5,25-34,Females,Unemployed total,68.51
2019-05-01,2019,5,25-34,Persons,Unemployment rate,4.6
2019-05-01,2019,5,25-34,Males,Unemployment rate,4.55
2019-05-01,2019,5,25-34,Females,Unemployment rate,4.65
2019-05-01,2019,5,25-34,Persons,Labour force total,3172.77
2019-05-01,2019,5,25-34,Males,Labour force total,1700.66
2019-05-01,2019,5,25-34,Females,Labour force total,1472.12
2019-05-01,2019,5,25-34,Persons,Participation rate,84.55
2019-05-01,2019,5,25-34,Males,Participation rate,91.23
2019-05-01,2019,5,25-34,Females,Participation rate,77.96
2019-06-01,2019,6,15-24,Persons,Employed total,1913.28
2019-06-01,2019,6,15-24,Males,Employed total,966.48
2019-06-01,2019,6,15-24,Females,Employed total,946.79
2019-06-01,2019,6,15-24,Persons,Employment to population ratio,59.38
2019-06-01,2019,6,15-24,Males,Employment to population ratio,58.42
2019-06-01,2019,6,15-24,Females,Employment to population ratio,60.39
2019-06-01,2019,6,15-24,Persons,Unemployed total,250.35
2019-06-01,2019,6,15-24,Males,Unemployed total,136.01
2019-06-01,2019,6,15-24,Females,Unemployed total,114.34
2019-06-01,2019,6,15-24,Persons,Unemployment rate,11.57
2019-06-01,2019,6,15-24,Males,Unemployment rate,12.34
2019-06-01,2019,6,15-24,Females,Unemployment rate,10.78
2019-06-01,2019,6,15-24,Persons,Labour force total,2163.63
2019-06-01,2019,6,15-24,Males,Labour force total,1102.49
2019-06-01,2019,6,15-24,Females,Labour force total,1061.14
2019-06-01,2019,6,15-24,Persons,Participation rate,67.15
2019-06-01,2019,6,15-24,Males,Participation rate,66.65
2019-06-01,2019,6,15-24,Females,Participation rate,67.68
2019-06-01,2019,6,25-34,Persons,Employed total,3027.75
2019-06-01,2019,6,25-34,Males,Employed total,1630.59
2019-06-01,2019,6,25-34,Females,Employed total,1397.16
2019-06-01,2019,6,25-34,Persons,Employment to population ratio,80.63
2019-06-01,2019,6,25-34,Males,Employment to population ratio,87.4
2019-06-01,2019,6,25-34,Females,Employment to population ratio,73.95
2019-06-01,2019,6,25-34,Persons,Unemployed total,135.62
2019-06-01,2019,6,25-34,Males,Unemployed total,68.99
2019-06-01,2019,6,25-34,Females,Unemployed total,66.64
2019-06-01,2019,6,25-34,Persons,Unemployment rate,4.29
2019-06-01,2019,6,25-34,Males,Unemployment rate,4.06
2019-06-01,2019,6,25-34,Females,Unemployment rate,4.55
2019-06-01,2019,6,25-34,Persons,Labour force total,3163.37
2019-06-01,2019,6,25-34,Males,Labour force total,1699.57
2019-06-01,2019,6,25-34,Females,Labour force total,1463.8
2019-06-01,2019,6,25-34,Persons,Participation rate,84.24
2019-06-01,2019,6,25-34,Males,Participation rate,91.1
2019-06-01,2019,6,25-34,Females,Participation rate,77.47
2019-07-01,2019,7,15-24,Persons,Employed total,1918.19
2019-07-01,2019,7,15-24,Males,Employed total,969.23
2019-07-01,2019,7,15-24,Females,Employed total,948.96
2019-07-01,2019,7,15-24,Persons,Employment to population ratio,59.52
2019-07-01,2019,7,15-24,Males,Employment to population ratio,58.58
2019-07-01,2019,7,15-24,Females,Employment to population ratio,60.51
2019-07-01,2019,7,15-24,Persons,Unemployed total,253.79
2019-07-01,2019,7,15-24,Males,Unemployed total,146.57
2019-07-01,2019,7,15-24,Females,Unemployed total,107.22
2019-07-01,2019,7,15-24,Persons,Unemployment rate,11.68
2019-07-01,2019,7,15-24,Males,Unemployment rate,13.14
2019-07-01,2019,7,15-24,Females,Unemployment rate,10.15
2019-07-01,2019,7,15-24,Persons,Labour force total,2171.98
2019-07-01,2019,7,15-24,Males,Labour force total,1115.8
2019-07-01,2019,7,15-24,Females,Labour force total,1056.18
2019-07-01,2019,7,15-24,Persons,Participation rate,67.39
2019-07-01,2019,7,15-24,Males,Participation rate,67.43
2019-07-01,2019,7,15-24,Females,Participation rate,67.35
2019-07-01,2019,7,25-34,Persons,Employed total,3032.49
2019-07-01,2019,7,25-34,Males,Employed total,1626.12
2019-07-01,2019,7,25-34,Females,Employed total,1406.36
2019-07-01,2019,7,25-34,Persons,Employment to population ratio,80.67
2019-07-01,2019,7,25-34,Males,Employment to population ratio,87.07
2019-07-01,2019,7,25-34,Females,Employment to population ratio,74.36
2019-07-01,2019,7,25-34,Persons,Unemployed total,142.84
2019-07-01,2019,7,25-34,Males,Unemployed total,70.06
2019-07-01,2019,7,25-34,Females,Unemployed total,72.79
2019-07-01,2019,7,25-34,Persons,Unemployment rate,4.5
2019-07-01,2019,7,25-34,Males,Unemployment rate,4.13
2019-07-01,2019,7,25-34,Females,Unemployment rate,4.92
2019-07-01,2019,7,25-34,Persons,Labour force total,3175.33
2019-07-01,2019,7,25-34,Males,Labour force total,1696.18
2019-07-01,2019,7,25-34,Females,Labour force total,1479.15
2019-07-01,2019,7,25-34,Persons,Participation rate,84.47
2019-07-01,2019,7,25-34,Males,Participation rate,90.82
2019-07-01,2019,7,25-34,Females,Participation rate,78.21
2019-08-01,2019,8,15-24,Persons,Employed total,1881.93
2019-08-01,2019,8,15-24,Males,Employed total,963.05
2019-08-01,2019,8,15-24,Females,Employed total,918.88
2019-08-01,2019,8,15-24,Persons,Employment to population ratio,58.38
2019-08-01,2019,8,15-24,Males,Employment to population ratio,58.19
2019-08-01,2019,8,15-24,Females,Employment to population ratio,58.58
2019-08-01,2019,8,15-24,Persons,Unemployed total,249.7
2019-08-01,2019,8,15-24,Males,Unemployed total,141.27
2019-08-01,2019,8,15-24,Females,Unemployed total,108.43
2019-08-01,2019,8,15-24,Persons,Unemployment rate,11.71
2019-08-01,2019,8,15-24,Males,Unemployment rate,12.79
2019-08-01,2019,8,15-24,Females,Unemployment rate,10.55
2019-08-01,2019,8,15-24,Persons,Labour force total,2131.62
2019-08-01,2019,8,15-24,Males,Labour force total,1104.32
2019-08-01,2019,8,15-24,Females,Labour force total,1027.31
2019-08-01,2019,8,15-24,Persons,Participation rate,66.13
2019-08-01,2019,8,15-24,Males,Participation rate,66.72
2019-08-01,2019,8,15-24,Females,Participation rate,65.49
2019-08-01,2019,8,25-34,Persons,Employed total,3025.9
2019-08-01,2019,8,25-34,Males,Employed total,1621.31
2019-08-01,2019,8,25-34,Females,Employed total,1404.58
2019-08-01,2019,8,25-34,Persons,Employment to population ratio,80.42
2019-08-01,2019,8,25-34,Males,Employment to population ratio,86.71
2019-08-01,2019,8,25-34,Females,Employment to population ratio,74.2
2019-08-01,2019,8,25-34,Persons,Unemployed total,145.56
2019-08-01,2019,8,25-34,Males,Unemployed total,71.86
2019-08-01,2019,8,25-34,Females,Unemployed total,73.7
2019-08-01,2019,8,25-34,Persons,Unemployment rate,4.59
2019-08-01,2019,8,25-34,Males,Unemployment rate,4.24
2019-08-01,2019,8,25-34,Females,Unemployment rate,4.99
2019-08-01,2019,8,25-34,Persons,Labour force total,3171.45
2019-08-01,2019,8,25-34,Males,Labour force total,1693.17
2019-08-01,2019,8,25-34,Females,Labour force total,1478.28
2019-08-01,2019,8,25-34,Persons,Participation rate,84.28
2019-08-01,2019,8,25-34,Males,Participation rate,90.56
2019-08-01,2019,8,25-34,Females,Participation rate,78.09
2019-09-01,2019,9,15-24,Persons,Employed total,1897.81
2019-09-01,2019,9,15-24,Males,Employed total,957.04
2019-09-01,2019,9,15-24,Females,Employed total,940.77
2019-09-01,2019,9,15-24,Persons,Employment to population ratio,58.86
2019-09-01,2019,9,15-24,Males,Employment to population ratio,57.81
2019-09-01,2019,9,15-24,Females,Employment to population ratio,59.96
2019-09-01,2019,9,15-24,Persons,Unemployed total,245.45
2019-09-01,2019,9,15-24,Males,Unemployed total,146.8
2019-09-01,2019,9,15-24,Females,Unemployed total,98.66
2019-09-01,2019,9,15-24,Persons,Unemployment rate,11.45
2019-09-01,2019,9,15-24,Males,Unemployment rate,13.3
2019-09-01,2019,9,15-24,Females,Unemployment rate,9.49
2019-09-01,2019,9,15-24,Persons,Labour force total,2143.26
2019-09-01,2019,9,15-24,Males,Labour force total,1103.83
2019-09-01,2019,9,15-24,Females,Labour force total,1039.42
2019-09-01,2019,9,15-24,Persons,Participation rate,66.47
2019-09-01,2019,9,15-24,Males,Participation rate,66.68
2019-09-01,2019,9,15-24,Females,Participation rate,66.25
2019-09-01,2019,9,25-34,Persons,Employed total,3045.79
2019-09-01,2019,9,25-34,Males,Employed total,1624.44
2019-09-01,2019,9,25-34,Females,Employed total,1421.35
2019-09-01,2019,9,25-34,Persons,Employment to population ratio,80.86
2019-09-01,2019,9,25-34,Males,Employment to population ratio,86.78
2019-09-01,2019,9,25-34,Females,Employment to population ratio,75.01
2019-09-01,2019,9,25-34,Persons,Unemployed total,141.95
2019-09-01,2019,9,25-34,Males,Unemployed total,73.31
2019-09-01,2019,9,25-34,Females,Unemployed total,68.65
2019-09-01,2019,9,25-34,Persons,Unemployment rate,4.45
2019-09-01,2019,9,25-34,Males,Unemployment rate,4.32
2019-09-01,2019,9,25-34,Females,Unemployment rate,4.61
2019-09-01,2019,9,25-34,Persons,Labour force total,3187.75
2019-09-01,2019,9,25-34,Males,Labour force total,1697.75
2019-09-01,2019,9,25-34,Females,Labour force total,1490.0
2019-09-01,2019,9,25-34,Persons,Participation rate,84.63
2019-09-01,2019,9,25-34,Males,Participation rate,90.7
2019-09-01,2019,9,25-34,Females,Participation rate,78.63
2019-10-01,2019,10,15-24,Persons,Employed total,1892.35
2019-10-01,2019,10,15-24,Males,Employed total,947.58
2019-10-01,2019,10,15-24,Females,Employed total,944.77
2019-10-01,2019,10,15-24,Persons,Employment to population ratio,58.86
2019-10-01,2019,10,15-24,Males,Employment to population ratio,57.4
2019-10-01,2019,10,15-24,Females,Employment to population ratio,60.4
2019-10-01,2019,10,15-24,Persons,Unemployed total,253.75
2019-10-01,2019,10,15-24,Males,Unemployed total,146.02
2019-10-01,2019,10,15-24,Females,Unemployed total,107.73
2019-10-01,2019,10,15-24,Persons,Unemployment rate,11.82
2019-10-01,2019,10,15-24,Males,Unemployment rate,13.35
2019-10-01,2019,10,15-24,Females,Unemployment rate,10.24
2019-10-01,2019,10,15-24,Persons,Labour force total,2146.1
2019-10-01,2019,10,15-24,Males,Labour force total,1093.6
2019-10-01,2019,10,15-24,Females,Labour force total,1052.5
2019-10-01,2019,10,15-24,Persons,Participation rate,66.76
2019-10-01,2019,10,15-24,Males,Participation rate,66.25
2019-10-01,2019,10,15-24,Females,Participation rate,67.29
2019-10-01,2019,10,25-34,Persons,Employed total,3038.51
2019-10-01,2019,10,25-34,Males,Employed total,1615.78
2019-10-01,2019,10,25-34,Females,Employed total,1422.73
2019-10-01,2019,10,25-34,Persons,Employment to population ratio,80.61
2019-10-01,2019,10,25-34,Males,Employment to population ratio,86.26
2019-10-01,2019,10,25-34,Females,Employment to population ratio,75.04
2019-10-01,2019,10,25-34,Persons,Unemployed total,133.36
2019-10-01,2019,10,25-34,Males,Unemployed total,66.94
2019-10-01,2019,10,25-34,Females,Unemployed total,66.43
2019-10-01,2019,10,25-34,Persons,Unemployment rate,4.2
2019-10-01,2019,10,25-34,Males,Unemployment rate,3.98
2019-10-01,2019,10,25-34,Females,Unemployment rate,4.46
2019-10-01,2019,10,25-34,Persons,Labour force total,3171.87
2019-10-01,2019,10,25-34,Males,Labour force total,1682.72
2019-10-01,2019,10,25-34,Females,Labour force total,1489.15
2019-10-01,2019,10,25-34,Persons,Participation rate,84.15
2019-10-01,2019,10,25-34,Males,Participation rate,89.83
2019-10-01,2019,10,25-34,Females,Participation rate,78.54
2019-11-01,2019,11,15-24,Persons,Employed total,1897.54
2019-11-01,2019,11,15-24,Males,Employed total,959.79
2019-11-01,2019,11,15-24,Females,Employed total,937.75
2019-11-01,2019,11,15-24,Persons,Employment to population ratio,59.2
2019-11-01,2019,11,15-24,Males,Employment to population ratio,58.31
2019-11-01,2019,11,15-24,Females,Employment to population ratio,60.14
2019-11-01,2019,11,15-24,Persons,Unemployed total,232.0
2019-11-01,2019,11,15-24,Males,Unemployed total,126.84
2019-11-01,2019,11,15-24,Females,Unemployed total,105.16
2019-11-01,2019,11,15-24,Persons,Unemployment rate,10.89
2019-11-01,2019,11,15-24,Males,Unemployment rate,11.67
2019-11-01,2019,11,15-24,Females,Unemployment rate,10.08
2019-11-01,2019,11,15-24,Persons,Labour force total,2129.54
2019-11-01,2019,11,15-24,Males,Labour force total,1086.63
2019-11-01,2019,11,15-24,Females,Labour force total,1042.91
2019-11-01,2019,11,15-24,Persons,Participation rate,66.44
2019-11-01,2019,11,15-24,Males,Participation rate,66.02
2019-11-01,2019,11,15-24,Females,Participation rate,66.89
2019-11-01,2019,11,25-34,Persons,Employed total,3053.13
2019-11-01,2019,11,25-34,Males,Employed total,1619.57
2019-11-01,2019,11,25-34,Females,Employed total,1433.56
2019-11-01,2019,11,25-34,Persons,Employment to population ratio,80.95
2019-11-01,2019,11,25-34,Males,Employment to population ratio,86.4
2019-11-01,2019,11,25-34,Females,Employment to population ratio,75.57
2019-11-01,2019,11,25-34,Persons,Unemployed total,129.68
2019-11-01,2019,11,25-34,Males,Unemployed total,68.3
2019-11-01,2019,11,25-34,Females,Unemployed total,61.38
2019-11-01,2019,11,25-34,Persons,Unemployment rate,4.07
2019-11-01,2019,11,25-34,Males,Unemployment rate,4.05
2019-11-01,2019,11,25-34,Females,Unemployment rate,4.11
2019-11-01,2019,11,25-34,Persons,Labour force total,3182.82
2019-11-01,2019,11,25-34,Males,Labour force total,1687.87
2019-11-01,2019,11,25-34,Females,Labour force total,1494.95
2019-11-01,2019,11,25-34,Persons,Participation rate,84.39
2019-11-01,2019,11,25-34,Males,Participation rate,90.04
2019-11-01,2019,11,25-34,Females,Participation rate,78.8
2019-12-01,2019,12,15-24,Persons,Employed total,1981.86
2019-12-01,2019,12,15-24,Males,Employed total,994.64
2019-12-01,2019,12,15-24,Females,Employed total,987.22
2019-12-01,2019,12,15-24,Persons,Employment to population ratio,62.02
2019-12-01,2019,12,15-24,Males,Employment to population ratio,60.6
2019-12-01,2019,12,15-24,Females,Employment to population ratio,63.52
2019-12-01,2019,12,15-24,Persons,Unemployed total,262.03
2019-12-01,2019,12,15-24,Males,Unemployed total,151.54
2019-12-01,2019,12,15-24,Females,Unemployed total,110.49
2019-12-01,2019,12,15-24,Persons,Unemployment rate,11.68
2019-12-01,2019,12,15-24,Males,Unemployment rate,13.22
2019-12-01,2019,12,15-24,Females,Unemployment rate,10.07
2019-12-01,2019,12,15-24,Persons,Labour force total,2243.89
2019-12-01,2019,12,15-24,Males,Labour force total,1146.18
2019-12-01,2019,12,15-24,Females,Labour force total,1097.71
2019-12-01,2019,12,15-24,Persons,Participation rate,70.22
2019-12-01,2019,12,15-24,Males,Participation rate,69.83
2019-12-01,2019,12,15-24,Females,Participation rate,70.63
2019-12-01,2019,12,25-34,Persons,Employed total,3072.72
2019-12-01,2019,12,25-34,Males,Employed total,1618.2
2019-12-01,2019,12,25-34,Females,Employed total,1454.52
2019-12-01,2019,12,25-34,Persons,Employment to population ratio,81.41
2019-12-01,2019,12,25-34,Males,Employment to population ratio,86.26
2019-12-01,2019,12,25-34,Females,Employment to population ratio,76.63
2019-12-01,2019,12,25-34,Persons,Unemployed total,129.38
2019-12-01,2019,12,25-34,Males,Unemployed total,71.14
2019-12-01,2019,12,25-34,Females,Unemployed total,58.24
2019-12-01,2019,12,25-34,Persons,Unemployment rate,4.04
2019-12-01,2019,12,25-34,Males,Unemployment rate,4.21
2019-12-01,2019,12,25-34,Females,Unemployment rate,3.85
2019-12-01,2019,12,25-34,Persons,Labour force total,3202.1
2019-12-01,2019,12,25-34,Males,Labour force total,1689.34
2019-12-01,2019,12,25-34,Females,Labour force total,1512.76
2019-12-01,2019,12,25-34,Persons,Participation rate,84.84
2019-12-01,2019,12,25-34,Males,Participation rate,90.05
2019-12-01,2019,12,25-34,Females,Participation rate,79.69
2020-01-01,2020,1,15-24,Persons,Employed total,1918.11
2020-01-01,2020,1,15-24,Males,Employed total,956.93
2020-01-01,2020,1,15-24,Females,Employed total,961.18
2020-01-01,2020,1,15-24,Persons,Employment to population ratio,59.98
2020-01-01,2020,1,15-24,Males,Employment to population ratio,58.25
2020-01-01,2020,1,15-24,Females,Employment to population ratio,61.82
2020-01-01,2020,1,15-24,Persons,Unemployed total,300.8
2020-01-01,2020,1,15-24,Males,Unemployed total,166.19
2020-01-01,2020,1,15-24,Females,Unemployed total,134.6
2020-01-01,2020,1,15-24,Persons,Unemployment rate,13.56
2020-01-01,2020,1,15-24,Males,Unemployment rate,14.8
2020-01-01,2020,1,15-24,Females,Unemployment rate,12.28
2020-01-01,2020,1,15-24,Persons,Labour force total,2218.91
2020-01-01,2020,1,15-24,Males,Labour force total,1123.13
2020-01-01,2020,1,15-24,Females,Labour force total,1095.78
2020-01-01,2020,1,15-24,Persons,Participation rate,69.39
2020-01-01,2020,1,15-24,Males,Participation rate,68.36
2020-01-01,2020,1,15-24,Females,Participation rate,70.47
2020-01-01,2020,1,25-34,Persons,Employed total,3032.88
2020-01-01,2020,1,25-34,Males,Employed total,1603.57
2020-01-01,2020,1,25-34,Females,Employed total,1429.31
2020-01-01,2020,1,25-34,Persons,Employment to population ratio,80.31
2020-01-01,2020,1,25-34,Males,Employment to population ratio,85.42
2020-01-01,2020,1,25-34,Females,Employment to population ratio,75.25
2020-01-01,2020,1,25-34,Persons,Unemployed total,162.53
2020-01-01,2020,1,25-34,Males,Unemployed total,80.91
2020-01-01,2020,1,25-34,Females,Unemployed total,81.62
2020-01-01,2020,1,25-34,Persons,Unemployment rate,5.09
2020-01-01,2020,1,25-34,Males,Unemployment rate,4.8
2020-01-01,2020,1,25-34,Females,Unemployment rate,5.4
2020-01-01,2020,1,25-34,Persons,Labour force total,3195.41
2020-01-01,2020,1,25-34,Males,Labour force total,1684.48
2020-01-01,2020,1,25-34,Females,Labour force total,1510.93
2020-01-01,2020,1,25-34,Persons,Participation rate,84.61
2020-01-01,2020,1,25-34,Males,Participation rate,89.74
2020-01-01,2020,1,25-34,Females,Participation rate,79.55
2020-02-01,2020,2,15-24,Persons,Employed total,1925.35
2020-02-01,2020,2,15-24,Males,Employed total,963.01
2020-02-01,2020,2,15-24,Females,Employed total,962.33
2020-02-01,2020,2,15-24,Persons,Employment to population ratio,60.17
2020-02-01,2020,2,15-24,Males,Employment to population ratio,58.56
2020-02-01,2020,2,15-24,Females,Employment to population ratio,61.87
2020-02-01,2020,2,15-24,Persons,Unemployed total,297.25
2020-02-01,2020,2,15-24,Males,Unemployed total,164.89
2020-02-01,2020,2,15-24,Females,Unemployed total,132.36
2020-02-01,2020,2,15-24,Persons,Unemployment rate,13.37
2020-02-01,2020,2,15-24,Males,Unemployment rate,14.62
2020-02-01,2020,2,15-24,Females,Unemployment rate,12.09
2020-02-01,2020,2,15-24,Persons,Labour force total,2222.6
2020-02-01,2020,2,15-24,Males,Labour force total,1127.91
2020-02-01,2020,2,15-24,Females,Labour force total,1094.69
2020-02-01,2020,2,15-24,Persons,Participation rate,69.46
2020-02-01,2020,2,15-24,Males,Participation rate,68.59
2020-02-01,2020,2,15-24,Females,Participation rate,70.38
2020-02-01,2020,2,25-34,Persons,Employed total,3061.35
2020-02-01,2020,2,25-34,Males,Employed total,1606.43
2020-02-01,2020,2,25-34,Females,Employed total,1454.92
2020-02-01,2020,2,25-34,Persons,Employment to population ratio,81.01
2020-02-01,2020,2,25-34,Males,Employment to population ratio,85.52
2020-02-01,2020,2,25-34,Females,Employment to population ratio,76.56
2020-02-01,2020,2,25-34,Persons,Unemployed total,153.39
2020-02-01,2020,2,25-34,Males,Unemployed total,80.7
2020-02-01,2020,2,25-34,Females,Unemployed total,72.69
2020-02-01,2020,2,25-34,Persons,Unemployment rate,4.77
2020-02-01,2020,2,25-34,Males,Unemployment rate,4.78
2020-02-01,2020,2,25-34,Females,Unemployment rate,4.76
2020-02-01,2020,2,25-34,Persons,Labour force total,3214.74
2020-02-01,2020,2,25-34,Males,Labour force total,1687.13
2020-02-01,2020,2,25-34,Females,Labour force total,1527.61
2020-02-01,2020,2,25-34,Persons,Participation rate,85.07
2020-02-01,2020,2,25-34,Males,Participation rate,89.82
2020-02-01,2020,2,25-34,Females,Participation rate,80.38
2020-03-01,2020,3,15-24,Persons,Employed total,1912.88
2020-03-01,2020,3,15-24,Males,Employed total,965.96
2020-03-01,2020,3,15-24,Females,Employed total,946.92
2020-03-01,2020,3,15-24,Persons,Employment to population ratio,59.74
2020-03-01,2020,3,15-24,Males,Employment to population ratio,58.69
2020-03-01,2020,3,15-24,Females,Employment to population ratio,60.85
2020-03-01,2020,3,15-24,Persons,Unemployed total,281.03
2020-03-01,2020,3,15-24,Males,Unemployed total,158.91
2020-03-01,2020,3,15-24,Females,Unemployed total,122.13
2020-03-01,2020,3,15-24,Persons,Unemployment rate,12.81
2020-03-01,2020,3,15-24,Males,Unemployment rate,14.13
2020-03-01,2020,3,15-24,Females,Unemployment rate,11.42
2020-03-01,2020,3,15-24,Persons,Labour force total,2193.92
2020-03-01,2020,3,15-24,Males,Labour force total,1124.87
2020-03-01,2020,3,15-24,Females,Labour force total,1069.05
2020-03-01,2020,3,15-24,Persons,Participation rate,68.51
2020-03-01,2020,3,15-24,Males,Participation rate,68.34
2020-03-01,2020,3,15-24,Females,Participation rate,68.7
2020-03-01,2020,3,25-34,Persons,Employed total,3055.94
2020-03-01,2020,3,25-34,Males,Employed total,1614.37
2020-03-01,2020,3,25-34,Females,Employed total,1441.57
2020-03-01,2020,3,25-34,Persons,Employment to population ratio,80.82
2020-03-01,2020,3,25-34,Males,Employment to population ratio,85.89
2020-03-01,2020,3,25-34,Females,Employment to population ratio,75.81
2020-03-01,2020,3,25-34,Persons,Unemployed total,158.03
2020-03-01,2020,3,25-34,Males,Unemployed total,77.41
2020-03-01,2020,3,25-34,Females,Unemployed total,80.62
2020-03-01,2020,3,25-34,Persons,Unemployment rate,4.92
2020-03-01,2020,3,25-34,Males,Unemployment rate,4.58
2020-03-01,2020,3,25-34,Females,Unemployment rate,5.3
2020-03-01,2020,3,25-34,Persons,Labour force total,3213.97
2020-03-01,2020,3,25-34,Males,Labour force total,1691.78
2020-03-01,2020,3,25-34,Females,Labour force total,1522.19
2020-03-01,2020,3,25-34,Persons,Participation rate,85.0
2020-03-01,2020,3,25-34,Males,Participation rate,90.01
2020-03-01,2020,3,25-34,Females,Participation rate,80.05
2020-04-01,2020,4,15-24,Persons,Employed total,1705.61
2020-04-01,2020,4,15-24,Males,Employed total,876.34
2020-04-01,2020,4,15-24,Females,Employed total,829.27
2020-04-01,2020,4,15-24,Persons,Employment to population ratio,53.4
2020-04-01,2020,4,15-24,Males,Employment to population ratio,53.38
2020-04-01,2020,4,15-24,Females,Employment to population ratio,53.43
2020-04-01,2020,4,15-24,Persons,Unemployed total,284.23
2020-04-01,2020,4,15-24,Males,Unemployed total,157.5
2020-04-01,2020,4,15-24,Females,Unemployed total,126.73
2020-04-01,2020,4,15-24,Persons,Unemployment rate,14.28
2020-04-01,2020,4,15-24,Males,Unemployment rate,15.23
2020-04-01,2020,4,15-24,Females,Unemployment rate,13.26
2020-04-01,2020,4,15-24,Persons,Labour force total,1989.84
2020-04-01,2020,4,15-24,Males,Labour force total,1033.85
2020-04-01,2020,4,15-24,Females,Labour force total,955.99
2020-04-01,2020,4,15-24,Persons,Participation rate,62.3
2020-04-01,2020,4,15-24,Males,Participation rate,62.97
2020-04-01,2020,4,15-24,Females,Participation rate,61.6
2020-04-01,2020,4,25-34,Persons,Employed total,2904.63
2020-04-01,2020,4,25-34,Males,Employed total,1539.81
2020-04-01,2020,4,25-34,Females,Employed total,1364.81
2020-04-01,2020,4,25-34,Persons,Employment to population ratio,76.89
2020-04-01,2020,4,25-34,Males,Employment to population ratio,81.98
2020-04-01,2020,4,25-34,Females,Employment to population ratio,71.86
2020-04-01,2020,4,25-34,Persons,Unemployed total,202.57
2020-04-01,2020,4,25-34,Males,Unemployed total,106.99
2020-04-01,2020,4,25-34,Females,Unemployed total,95.58
2020-04-01,2020,4,25-34,Persons,Unemployment rate,6.52
2020-04-01,2020,4,25-34,Males,Unemployment rate,6.5
2020-04-01,2020,4,25-34,Females,Unemployment rate,6.54
2020-04-01,2020,4,25-34,Persons,Labour force total,3107.19
2020-04-01,2020,4,25-34,Males,Labour force total,1646.8
2020-04-01,2020,4,25-34,Females,Labour force total,1460.39
2020-04-01,2020,4,25-34,Persons,Participation rate,82.25
2020-04-01,2020,4,25-34,Males,Participation rate,87.68
2020-04-01,2020,4,25-34,Females,Participation rate,76.89
2020-05-01,2020,5,15-24,Persons,Employed total,1600.3
2020-05-01,2020,5,15-24,Males,Employed total,819.74
2020-05-01,2020,5,15-24,Females,Employed total,780.56
2020-05-01,2020,5,15-24,Persons,Employment to population ratio,50.24
2020-05-01,2020,5,15-24,Males,Employment to population ratio,50.06
2020-05-01,2020,5,15-24,Females,Employment to population ratio,50.42
2020-05-01,2020,5,15-24,Persons,Unemployed total,285.71
2020-05-01,2020,5,15-24,Males,Unemployed total,148.67
2020-05-01,2020,5,15-24,Females,Unemployed total,137.03
2020-05-01,2020,5,15-24,Persons,Unemployment rate,15.15
2020-05-01,2020,5,15-24,Males,Unemployment rate,15.35
2020-05-01,2020,5,15-24,Females,Unemployment rate,14.93
2020-05-01,2020,5,15-24,Persons,Labour force total,1886.01
2020-05-01,2020,5,15-24,Males,Labour force total,968.42
2020-05-01,2020,5,15-24,Females,Labour force total,917.59
2020-05-01,2020,5,15-24,Persons,Participation rate,59.2
2020-05-01,2020,5,15-24,Males,Participation rate,59.13
2020-05-01,2020,5,15-24,Females,Participation rate,59.28
2020-05-01,2020,5,25-34,Persons,Employed total,2844.0
2020-05-01,2020,5,25-34,Males,Employed total,1513.32
2020-05-01,2020,5,25-34,Females,Employed total,1330.68
2020-05-01,2020,5,25-34,Persons,Employment to population ratio,75.36
2020-05-01,2020,5,25-34,Males,Employment to population ratio,80.63
2020-05-01,2020,5,25-34,Females,Employment to population ratio,70.14
2020-05-01,2020,5,25-34,Persons,Unemployed total,229.42
2020-05-01,2020,5,25-34,Males,Unemployed total,120.53
2020-05-01,2020,5,25-34,Females,Unemployed total,108.9
2020-05-01,2020,5,25-34,Persons,Unemployment rate,7.46
2020-05-01,2020,5,25-34,Males,Unemployment rate,7.38
2020-05-01,2020,5,25-34,Females,Unemployment rate,7.56
2020-05-01,2020,5,25-34,Persons,Labour force total,3073.42
2020-05-01,2020,5,25-34,Males,Labour force total,1633.85
2020-05-01,2020,5,25-34,Females,Labour force total,1439.58
2020-05-01,2020,5,25-34,Persons,Participation rate,81.44
2020-05-01,2020,5,25-34,Males,Participation rate,87.06
2020-05-01,2020,5,25-34,Females,Participation rate,75.88
2020-06-01,2020,6,15-24,Persons,Employed total,1673.05
2020-06-01,2020,6,15-24,Males,Employed total,846.05
2020-06-01,2020,6,15-24,Females,Employed total,827.01
2020-06-01,2020,6,15-24,Persons,Employment to population ratio,52.65
2020-06-01,2020,6,15-24,Males,Employment to population ratio,51.79
2020-06-01,2020,6,15-24,Females,Employment to population ratio,53.57
2020-06-01,2020,6,15-24,Persons,Unemployed total,312.61
2020-06-01,2020,6,15-24,Males,Unemployed total,166.38
2020-06-01,2020,6,15-24,Females,Unemployed total,146.23
2020-06-01,2020,6,15-24,Persons,Unemployment rate,15.74
2020-06-01,2020,6,15-24,Males,Unemployment rate,16.43
2020-06-01,2020,6,15-24,Females,Unemployment rate,15.02
2020-06-01,2020,6,15-24,Persons,Labour force total,1985.66
2020-06-01,2020,6,15-24,Males,Labour force total,1012.43
2020-06-01,2020,6,15-24,Females,Labour force total,973.23
2020-06-01,2020,6,15-24,Persons,Participation rate,62.49
2020-06-01,2020,6,15-24,Males,Participation rate,61.98
2020-06-01,2020,6,15-24,Females,Participation rate,63.04
2020-06-01,2020,6,25-34,Persons,Employed total,2880.12
2020-06-01,2020,6,25-34,Males,Employed total,1524.05
2020-06-01,2020,6,25-34,Females,Employed total,1356.06
2020-06-01,2020,6,25-34,Persons,Employment to population ratio,76.39
2020-06-01,2020,6,25-34,Males,Employment to population ratio,81.27
2020-06-01,2020,6,25-34,Females,Employment to population ratio,71.56
2020-06-01,2020,6,25-34,Persons,Unemployed total,233.01
2020-06-01,2020,6,25-34,Males,Unemployed total,117.37
2020-06-01,2020,6,25-34,Females,Unemployed total,115.64
2020-06-01,2020,6,25-34,Persons,Unemployment rate,7.48
2020-06-01,2020,6,25-34,Males,Unemployment rate,7.15
2020-06-01,2020,6,25-34,Females,Unemployment rate,7.86
2020-06-01,2020,6,25-34,Persons,Labour force total,3113.12
2020-06-01,2020,6,25-34,Males,Labour force total,1641.42
2020-06-01,2020,6,25-34,Females,Labour force total,1471.7
2020-06-01,2020,6,25-34,Persons,Participation rate,82.57
2020-06-01,2020,6,25-34,Males,Participation rate,87.52
2020-06-01,2020,6,25-34,Females,Participation rate,77.66
2020-07-01,2020,7,15-24,Persons,Employed total,1728.17
2020-07-01,2020,7,15-24,Males,Employed total,872.34
2020-07-01,2020,7,15-24,Females,Employed total,855.83
2020-07-01,2020,7,15-24,Persons,Employment to population ratio,54.57
2020-07-01,2020,7,15-24,Males,Employment to population ratio,53.58
2020-07-01,2020,7,15-24,Females,Employment to population ratio,55.62
2020-07-01,2020,7,15-24,Persons,Unemployed total,327.04
2020-07-01,2020,7,15-24,Males,Unemployed total,170.95
2020-07-01,2020,7,15-24,Females,Unemployed total,156.1
2020-07-01,2020,7,15-24,Persons,Unemployment rate,15.91
2020-07-01,2020,7,15-24,Males,Unemployment rate,16.39
2020-07-01,2020,7,15-24,Females,Unemployment rate,15.43
2020-07-01,2020,7,15-24,Persons,Labour force total,2055.21
2020-07-01,2020,7,15-24,Males,Labour force total,1043.29
2020-07-01,2020,7,15-24,Females,Labour force total,1011.92
2020-07-01,2020,7,15-24,Persons,Participation rate,64.89
2020-07-01,2020,7,15-24,Males,Participation rate,64.08
2020-07-01,2020,7,15-24,Females,Participation rate,65.76
2020-07-01,2020,7,25-34,Persons,Employed total,2892.03
2020-07-01,2020,7,25-34,Males,Employed total,1525.32
2020-07-01,2020,7,25-34,Females,Employed total,1366.7
2020-07-01,2020,7,25-34,Persons,Employment to population ratio,76.88
2020-07-01,2020,7,25-34,Males,Employment to population ratio,81.51
2020-07-01,2020,7,25-34,Females,Employment to population ratio,72.29
2020-07-01,2020,7,25-34,Persons,Unemployed total,229.46
2020-07-01,2020,7,25-34,Males,Unemployed total,128.45
2020-07-01,2020,7,25-34,Females,Unemployed total,101.01
2020-07-01,2020,7,25-34,Persons,Unemployment rate,7.35
2020-07-01,2020,7,25-34,Males,Unemployment rate,7.77
2020-07-01,2020,7,25-34,Females,Unemployment rate,6.88
2020-07-01,2020,7,25-34,Persons,Labour force total,3121.49
2020-07-01,2020,7,25-34,Males,Labour force total,1653.77
2020-07-01,2020,7,25-34,Females,Labour force total,1467.71
2020-07-01,2020,7,25-34,Persons,Participation rate,82.98
2020-07-01,2020,7,25-34,Males,Participation rate,88.38
2020-07-01,2020,7,25-34,Females,Participation rate,77.63
2020-08-01,2020,8,15-24,Persons,Employed total,1747.99
2020-08-01,2020,8,15-24,Males,Employed total,876.56
2020-08-01,2020,8,15-24,Females,Employed total,871.43
2020-08-01,2020,8,15-24,Persons,Employment to population ratio,55.38
2020-08-01,2020,8,15-24,Males,Employment to population ratio,54.01
2020-08-01,2020,8,15-24,Females,Employment to population ratio,56.82
2020-08-01,2020,8,15-24,Persons,Unemployed total,281.33
2020-08-01,2020,8,15-24,Males,Unemployed total,154.16
2020-08-01,2020,8,15-24,Females,Unemployed total,127.17
2020-08-01,2020,8,15-24,Persons,Unemployment rate,13.86
2020-08-01,2020,8,15-24,Males,Unemployment rate,14.96
2020-08-01,2020,8,15-24,Females,Unemployment rate,12.73
2020-08-01,2020,8,15-24,Persons,Labour force total,2029.32
2020-08-01,2020,8,15-24,Males,Labour force total,1030.72
2020-08-01,2020,8,15-24,Females,Labour force total,998.6
2020-08-01,2020,8,15-24,Persons,Participation rate,64.29
2020-08-01,2020,8,15-24,Males,Participation rate,63.51
2020-08-01,2020,8,15-24,Females,Participation rate,65.11
2020-08-01,2020,8,25-34,Persons,Employed total,2887.08
2020-08-01,2020,8,25-34,Males,Employed total,1514.64
2020-08-01,2020,8,25-34,Females,Employed total,1372.44
2020-08-01,2020,8,25-34,Persons,Employment to population ratio,76.92
2020-08-01,2020,8,25-34,Males,Employment to population ratio,81.12
2020-08-01,2020,8,25-34,Females,Employment to population ratio,72.76
2020-08-01,2020,8,25-34,Persons,Unemployed total,222.01
2020-08-01,2020,8,25-34,Males,Unemployed total,124.35
2020-08-01,2020,8,25-34,Females,Unemployed total,97.66
2020-08-01,2020,8,25-34,Persons,Unemployment rate,7.14
2020-08-01,2020,8,25-34,Males,Unemployment rate,7.59
2020-08-01,2020,8,25-34,Females,Unemployment rate,6.64
2020-08-01,2020,8,25-34,Persons,Labour force total,3109.09
2020-08-01,2020,8,25-34,Males,Labour force total,1638.99
2020-08-01,2020,8,25-34,Females,Labour force total,1470.1
2020-08-01,2020,8,25-34,Persons,Participation rate,82.84
2020-08-01,2020,8,25-34,Males,Participation rate,87.78
2020-08-01,2020,8,25-34,Females,Participation rate,77.94
2020-09-01,2020,9,15-24,Persons,Employed total,1745.31
2020-09-01,2020,9,15-24,Males,Employed total,872.43
2020-09-01,2020,9,15-24,Females,Employed total,872.89
2020-09-01,2020,9,15-24,Persons,Employment to population ratio,55.47
2020-09-01,2020,9,15-24,Males,Employment to population ratio,53.93
2020-09-01,2020,9,15-24,Females,Employment to population ratio,57.11
2020-09-01,2020,9,15-24,Persons,Unemployed total,287.95
2020-09-01,2020,9,15-24,Males,Unemployed total,161.79
2020-09-01,2020,9,15-24,Females,Unemployed total,126.16
2020-09-01,2020,9,15-24,Persons,Unemployment rate,14.16
2020-09-01,2020,9,15-24,Males,Unemployment rate,15.64
2020-09-01,2020,9,15-24,Females,Unemployment rate,12.63
2020-09-01,2020,9,15-24,Persons,Labour force total,2033.27
2020-09-01,2020,9,15-24,Males,Labour force total,1034.22
2020-09-01,2020,9,15-24,Females,Labour force total,999.05
2020-09-01,2020,9,15-24,Persons,Participation rate,64.63
2020-09-01,2020,9,15-24,Males,Participation rate,63.93
2020-09-01,2020,9,15-24,Females,Participation rate,65.36
2020-09-01,2020,9,25-34,Persons,Employed total,2887.73
2020-09-01,2020,9,25-34,Males,Employed total,1516.22
2020-09-01,2020,9,25-34,Females,Employed total,1371.51
2020-09-01,2020,9,25-34,Persons,Employment to population ratio,77.12
2020-09-01,2020,9,25-34,Males,Employment to population ratio,81.39
2020-09-01,2020,9,25-34,Females,Employment to population ratio,72.89
2020-09-01,2020,9,25-34,Persons,Unemployed total,221.37
2020-09-01,2020,9,25-34,Males,Unemployed total,134.49
2020-09-01,2020,9,25-34,Females,Unemployed total,86.88
2020-09-01,2020,9,25-34,Persons,Unemployment rate,7.12
2020-09-01,2020,9,25-34,Males,Unemployment rate,8.15
2020-09-01,2020,9,25-34,Females,Unemployment rate,5.96
2020-09-01,2020,9,25-34,Persons,Labour force total,3109.1
2020-09-01,2020,9,25-34,Males,Labour force total,1650.71
2020-09-01,2020,9,25-34,Females,Labour force total,1458.39
2020-09-01,2020,9,25-34,Persons,Participation rate,83.03
2020-09-01,2020,9,25-34,Males,Participation rate,88.6
2020-09-01,2020,9,25-34,Females,Participation rate,77.5
2020-10-01,2020,10,15-24,Persons,Employed total,1776.14
2020-10-01,2020,10,15-24,Males,Employed total,894.93
2020-10-01,2020,10,15-24,Females,Employed total,881.21
2020-10-01,2020,10,15-24,Persons,Employment to population ratio,56.63
2020-10-01,2020,10,15-24,Males,Employment to population ratio,55.5
2020-10-01,2020,10,15-24,Females,Employment to population ratio,57.83
2020-10-01,2020,10,15-24,Persons,Unemployed total,304.86
2020-10-01,2020,10,15-24,Males,Unemployed total,167.47
2020-10-01,2020,10,15-24,Females,Unemployed total,137.39
2020-10-01,2020,10,15-24,Persons,Unemployment rate,14.65
2020-10-01,2020,10,15-24,Males,Unemployment rate,15.76
2020-10-01,2020,10,15-24,Females,Unemployment rate,13.49
2020-10-01,2020,10,15-24,Persons,Labour force total,2081.0
2020-10-01,2020,10,15-24,Males,Labour force total,1062.4
2020-10-01,2020,10,15-24,Females,Labour force total,1018.6
2020-10-01,2020,10,15-24,Persons,Participation rate,66.35
2020-10-01,2020,10,15-24,Males,Participation rate,65.88
2020-10-01,2020,10,15-24,Females,Participation rate,66.85
2020-10-01,2020,10,25-34,Persons,Employed total,2925.67
2020-10-01,2020,10,25-34,Males,Employed total,1551.29
2020-10-01,2020,10,25-34,Females,Employed total,1374.39
2020-10-01,2020,10,25-34,Persons,Employment to population ratio,78.26
2020-10-01,2020,10,25-34,Males,Employment to population ratio,83.41
2020-10-01,2020,10,25-34,Females,Employment to population ratio,73.16
2020-10-01,2020,10,25-34,Persons,Unemployed total,213.84
2020-10-01,2020,10,25-34,Males,Unemployed total,113.59
2020-10-01,2020,10,25-34,Females,Unemployed total,100.25
2020-10-01,2020,10,25-34,Persons,Unemployment rate,6.81
2020-10-01,2020,10,25-34,Males,Unemployment rate,6.82
2020-10-01,2020,10,25-34,Females,Unemployment rate,6.8
2020-10-01,2020,10,25-34,Persons,Labour force total,3139.51
2020-10-01,2020,10,25-34,Males,Labour force total,1664.88
2020-10-01,2020,10,25-34,Females,Labour force total,1474.63
2020-10-01,2020,10,25-34,Persons,Participation rate,83.98
2020-10-01,2020,10,25-34,Males,Participation rate,89.52
2020-10-01,2020,10,25-34,Females,Participation rate,78.5
2020-11-01,2020,11,15-24,Persons,Employed total,1804.17
2020-11-01,2020,11,15-24,Males,Employed total,913.59
2020-11-01,2020,11,15-24,Females,Employed total,890.58
2020-11-01,2020,11,15-24,Persons,Employment to population ratio,57.71
2020-11-01,2020,11,15-24,Males,Employment to population ratio,56.84
2020-11-01,2020,11,15-24,Females,Employment to population ratio,58.63
2020-11-01,2020,11,15-24,Persons,Unemployed total,306.26
2020-11-01,2020,11,15-24,Males,Unemployed total,160.45
2020-11-01,2020,11,15-24,Females,Unemployed total,145.8
2020-11-01,2020,11,15-24,Persons,Unemployment rate,14.51
2020-11-01,2020,11,15-24,Males,Unemployment rate,14.94
2020-11-01,2020,11,15-24,Females,Unemployment rate,14.07
2020-11-01,2020,11,15-24,Persons,Labour force total,2110.43
2020-11-01,2020,11,15-24,Males,Labour force total,1074.04
2020-11-01,2020,11,15-24,Females,Labour force total,1036.39
2020-11-01,2020,11,15-24,Persons,Participation rate,67.5
2020-11-01,2020,11,15-24,Males,Participation rate,66.82
2020-11-01,2020,11,15-24,Females,Participation rate,68.22
2020-11-01,2020,11,25-34,Persons,Employed total,2967.47
2020-11-01,2020,11,25-34,Males,Employed total,1572.28
2020-11-01,2020,11,25-34,Females,Employed total,1395.19
2020-11-01,2020,11,25-34,Persons,Employment to population ratio,79.52
2020-11-01,2020,11,25-34,Males,Employment to population ratio,84.69
2020-11-01,2020,11,25-34,Females,Employment to population ratio,74.4
2020-11-01,2020,11,25-34,Persons,Unemployed total,180.91
2020-11-01,2020,11,25-34,Males,Unemployed total,93.78
2020-11-01,2020,11,25-34,Females,Unemployed total,87.13
2020-11-01,2020,11,25-34,Persons,Unemployment rate,5.75
2020-11-01,2020,11,25-34,Males,Unemployment rate,5.63
2020-11-01,2020,11,25-34,Females,Unemployment rate,5.88
2020-11-01,2020,11,25-34,Persons,Labour force total,3148.38
2020-11-01,2020,11,25-34,Males,Labour force total,1666.07
2020-11-01,2020,11,25-34,Females,Labour force total,1482.32
2020-11-01,2020,11,25-34,Persons,Participation rate,84.36
2020-11-01,2020,11,25-34,Males,Participation rate,89.74
2020-11-01,2020,11,25-34,Females,Participation rate,79.04
2020-12-01,2020,12,15-24,Persons,Employed total,1876.11
2020-12-01,2020,12,15-24,Males,Employed total,945.22
2020-12-01,2020,12,15-24,Females,Employed total,930.89
2020-12-01,2020,12,15-24,Persons,Employment to population ratio,60.2
2020-12-01,2020,12,15-24,Males,Employment to population ratio,58.99
2020-12-01,2020,12,15-24,Females,Employment to population ratio,61.47
2020-12-01,2020,12,15-24,Persons,Unemployed total,301.25
2020-12-01,2020,12,15-24,Males,Unemployed total,166.6
2020-12-01,2020,12,15-24,Females,Unemployed total,134.65
2020-12-01,2020,12,15-24,Persons,Unemployment rate,13.84
2020-12-01,2020,12,15-24,Males,Unemployment rate,14.98
2020-12-01,2020,12,15-24,Females,Unemployment rate,12.64
2020-12-01,2020,12,15-24,Persons,Labour force total,2177.36
2020-12-01,2020,12,15-24,Males,Labour force total,1111.82
2020-12-01,2020,12,15-24,Females,Labour force total,1065.54
2020-12-01,2020,12,15-24,Persons,Participation rate,69.86
2020-12-01,2020,12,15-24,Males,Participation rate,69.39
2020-12-01,2020,12,15-24,Females,Participation rate,70.36
2020-12-01,2020,12,25-34,Persons,Employed total,2980.31
2020-12-01,2020,12,25-34,Males,Employed total,1574.07
2020-12-01,2020,12,25-34,Females,Employed total,1406.24
2020-12-01,2020,12,25-34,Persons,Employment to population ratio,80.0
2020-12-01,2020,12,25-34,Males,Employment to population ratio,84.93
2020-12-01,2020,12,25-34,Females,Employment to population ratio,75.11
2020-12-01,2020,12,25-34,Persons,Unemployed total,187.49
2020-12-01,2020,12,25-34,Males,Unemployed total,104.63
2020-12-01,2020,12,25-34,Females,Unemployed total,82.86
2020-12-01,2020,12,25-34,Persons,Unemployment rate,5.92
2020-12-01,2020,12,25-34,Males,Unemployment rate,6.23
2020-12-01,2020,12,25-34,Females,Unemployment rate,5.56
2020-12-01,2020,12,25-34,Persons,Labour force total,3167.79
2020-12-01,2020,12,25-34,Males,Labour force total,1678.7
2020-12-01,2020,12,25-34,Females,Labour force total,1489.09
2020-12-01,2020,12,25-34,Persons,Participation rate,85.03
2020-12-01,2020,12,25-34,Males,Participation rate,90.57
2020-12-01,2020,12,25-34,Females,Participation rate,79.54
2021-01-01,2021,1,15-24,Persons,Employed total,1827.72
2021-01-01,2021,1,15-24,Males,Employed total,926.22
2021-01-01,2021,1,15-24,Females,Employed total,901.5
2021-01-01,2021,1,15-24,Persons,Employment to population ratio,58.74
2021-01-01,2021,1,15-24,Males,Employment to population ratio,57.89
2021-01-01,2021,1,15-24,Females,Employment to population ratio,59.64
2021-01-01,2021,1,15-24,Persons,Unemployed total,332.64
2021-01-01,2021,1,15-24,Males,Unemployed total,185.4
2021-01-01,2021,1,15-24,Females,Unemployed total,147.24
2021-01-01,2021,1,15-24,Persons,Unemployment rate,15.4
2021-01-01,2021,1,15-24,Males,Unemployment rate,16.68
2021-01-01,2021,1,15-24,Females,Unemployment rate,14.04
2021-01-01,2021,1,15-24,Persons,Labour force total,2160.37
2021-01-01,2021,1,15-24,Males,Labour force total,1111.62
2021-01-01,2021,1,15-24,Females,Labour force total,1048.75
2021-01-01,2021,1,15-24,Persons,Participation rate,69.43
2021-01-01,2021,1,15-24,Males,Participation rate,69.48
2021-01-01,2021,1,15-24,Females,Participation rate,69.38
2021-01-01,2021,1,25-34,Persons,Employed total,2928.6
2021-01-01,2021,1,25-34,Males,Employed total,1550.62
2021-01-01,2021,1,25-34,Females,Employed total,1377.98
2021-01-01,2021,1,25-34,Persons,Employment to population ratio,78.73
2021-01-01,2021,1,25-34,Males,Employment to population ratio,83.78
2021-01-01,2021,1,25-34,Females,Employment to population ratio,73.72
2021-01-01,2021,1,25-34,Persons,Unemployed total,204.11
2021-01-01,2021,1,25-34,Males,Unemployed total,110.94
2021-01-01,2021,1,25-34,Females,Unemployed total,93.17
2021-01-01,2021,1,25-34,Persons,Unemployment rate,6.52
2021-01-01,2021,1,25-34,Males,Unemployment rate,6.68
2021-01-01,2021,1,25-34,Females,Unemployment rate,6.33
2021-01-01,2021,1,25-34,Persons,Labour force total,3132.71
2021-01-01,2021,1,25-34,Males,Labour force total,1661.56
2021-01-01,2021,1,25-34,Females,Labour force total,1471.15
2021-01-01,2021,1,25-34,Persons,Participation rate,84.21
2021-01-01,2021,1,25-34,Males,Participation rate,89.78
2021-01-01,2021,1,25-34,Females,Participation rate,78.7
2021-02-01,2021,2,15-24,Persons,Employed total,1859.22
2021-02-01,2021,2,15-24,Males,Employed total,928.63
2021-02-01,2021,2,15-24,Females,Employed total,930.59
2021-02-01,2021,2,15-24,Persons,Employment to population ratio,59.85
2021-02-01,2021,2,15-24,Males,Employment to population ratio,58.13
2021-02-01,2021,2,15-24,Females,Employment to population ratio,61.67
2021-02-01,2021,2,15-24,Persons,Unemployed total,303.32
2021-02-01,2021,2,15-24,Males,Unemployed total,170.07
2021-02-01,2021,2,15-24,Females,Unemployed total,133.25
2021-02-01,2021,2,15-24,Persons,Unemployment rate,14.03
2021-02-01,2021,2,15-24,Males,Unemployment rate,15.48
2021-02-01,2021,2,15-24,Females,Unemployment rate,12.52
2021-02-01,2021,2,15-24,Persons,Labour force total,2162.54
2021-02-01,2021,2,15-24,Males,Labour force total,1098.7
2021-02-01,2021,2,15-24,Females,Labour force total,1063.83
2021-02-01,2021,2,15-24,Persons,Participation rate,69.61
2021-02-01,2021,2,15-24,Males,Participation rate,68.77
2021-02-01,2021,2,15-24,Females,Participation rate,70.5
2021-02-01,2021,2,25-34,Persons,Employed total,2979.51
2021-02-01,2021,2,25-34,Males,Employed total,1575.17
2021-02-01,2021,2,25-34,Females,Employed total,1404.34
2021-02-01,2021,2,25-34,Persons,Employment to population ratio,80.21
2021-02-01,2021,2,25-34,Males,Employment to population ratio,85.23
2021-02-01,2021,2,25-34,Females,Employment to population ratio,75.24
2021-02-01,2021,2,25-34,Persons,Unemployed total,186.55
2021-02-01,2021,2,25-34,Males,Unemployed total,103.77
2021-02-01,2021,2,25-34,Females,Unemployed total,82.78
2021-02-01,2021,2,25-34,Persons,Unemployment rate,5.89
2021-02-01,2021,2,25-34,Males,Unemployment rate,6.18
2021-02-01,2021,2,25-34,Females,Unemployment rate,5.57
2021-02-01,2021,2,25-34,Persons,Labour force total,3166.06
2021-02-01,2021,2,25-34,Males,Labour force total,1678.94
2021-02-01,2021,2,25-34,Females,Labour force total,1487.12
2021-02-01,2021,2,25-34,Persons,Participation rate,85.24
2021-02-01,2021,2,25-34,Males,Participation rate,90.85
2021-02-01,2021,2,25-34,Females,Participation rate,79.68
2021-03-01,2021,3,15-24,Persons,Employed total,1874.27
2021-03-01,2021,3,15-24,Males,Employed total,930.6
2021-03-01,2021,3,15-24,Females,Employed total,943.67
2021-03-01,2021,3,15-24,Persons,Employment to population ratio,60.43
2021-03-01,2021,3,15-24,Males,Employment to population ratio,58.34
2021-03-01,2021,3,15-24,Females,Employment to population ratio,62.65
2021-03-01,2021,3,15-24,Persons,Unemployed total,279.5
2021-03-01,2021,3,15-24,Males,Unemployed total,166.21
2021-03-01,2021,3,15-24,Females,Unemployed total,113.3
2021-03-01,2021,3,15-24,Persons,Unemployment rate,12.98
2021-03-01,2021,3,15-24,Males,Unemployment rate,15.15
2021-03-01,2021,3,15-24,Females,Unemployment rate,10.72
2021-03-01,2021,3,15-24,Persons,Labour force total,2153.77
2021-03-01,2021,3,15-24,Males,Labour force total,1096.81
2021-03-01,2021,3,15-24,Females,Labour force total,1056.97
2021-03-01,2021,3,15-24,Persons,Participation rate,69.44
2021-03-01,2021,3,15-24,Males,Participation rate,68.76
2021-03-01,2021,3,15-24,Females,Participation rate,70.17
2021-03-01,2021,3,25-34,Persons,Employed total,2977.39
2021-03-01,2021,3,25-34,Males,Employed total,1572.16
2021-03-01,2021,3,25-34,Females,Employed total,1405.23
2021-03-01,2021,3,25-34,Persons,Employment to population ratio,80.28
2021-03-01,2021,3,25-34,Males,Employment to population ratio,85.19
2021-03-01,2021,3,25-34,Females,Employment to population ratio,75.41
2021-03-01,2021,3,25-34,Persons,Unemployed total,178.9
2021-03-01,2021,3,25-34,Males,Unemployed total,92.93
2021-03-01,2021,3,25-34,Females,Unemployed total,85.97
2021-03-01,2021,3,25-34,Persons,Unemployment rate,5.67
2021-03-01,2021,3,25-34,Males,Unemployment rate,5.58
2021-03-01,2021,3,25-34,Females,Unemployment rate,5.77
2021-03-01,2021,3,25-34,Persons,Labour force total,3156.29
2021-03-01,2021,3,25-34,Males,Labour force total,1665.09
2021-03-01,2021,3,25-34,Females,Labour force total,1491.2
2021-03-01,2021,3,25-34,Persons,Participation rate,85.1
2021-03-01,2021,3,25-34,Males,Participation rate,90.23
2021-03-01,2021,3,25-34,Females,Participation rate,80.02
2021-04-01,2021,4,15-24,Persons,Employed total,1902.51
2021-04-01,2021,4,15-24,Males,Employed total,955.46
2021-04-01,2021,4,15-24,Females,Employed total,947.05
2021-04-01,2021,4,15-24,Persons,Employment to population ratio,61.43
2021-04-01,2021,4,15-24,Males,Employment to population ratio,59.98
2021-04-01,2021,4,15-24,Females,Employment to population ratio,62.97
2021-04-01,2021,4,15-24,Persons,Unemployed total,232.06
2021-04-01,2021,4,15-24,Males,Unemployed total,130.31
2021-04-01,2021,4,15-24,Females,Unemployed total,101.75
2021-04-01,2021,4,15-24,Persons,Unemployment rate,10.87
2021-04-01,2021,4,15-24,Males,Unemployment rate,12.0
2021-04-01,2021,4,15-24,Females,Unemployment rate,9.7
2021-04-01,2021,4,15-24,Persons,Labour force total,2134.58
2021-04-01,2021,4,15-24,Males,Labour force total,1085.78
2021-04-01,2021,4,15-24,Females,Labour force total,1048.8
2021-04-01,2021,4,15-24,Persons,Participation rate,68.92
2021-04-01,2021,4,15-24,Males,Participation rate,68.16
2021-04-01,2021,4,15-24,Females,Participation rate,69.73
2021-04-01,2021,4,25-34,Persons,Employed total,2975.25
2021-04-01,2021,4,25-34,Males,Employed total,1565.85
2021-04-01,2021,4,25-34,Females,Employed total,1409.39
2021-04-01,2021,4,25-34,Persons,Employment to population ratio,80.3
2021-04-01,2021,4,25-34,Males,Employment to population ratio,84.92
2021-04-01,2021,4,25-34,Females,Employment to population ratio,75.72
2021-04-01,2021,4,25-34,Persons,Unemployed total,180.53
2021-04-01,2021,4,25-34,Males,Unemployed total,102.73
2021-04-01,2021,4,25-34,Females,Unemployed total,77.8
2021-04-01,2021,4,25-34,Persons,Unemployment rate,5.72
2021-04-01,2021,4,25-34,Males,Unemployment rate,6.16
2021-04-01,2021,4,25-34,Females,Unemployment rate,5.23
2021-04-01,2021,4,25-34,Persons,Labour force total,3155.78
2021-04-01,2021,4,25-34,Males,Labour force total,1668.58
2021-04-01,2021,4,25-34,Females,Labour force total,1487.2
2021-04-01,2021,4,25-34,Persons,Participation rate,85.17
2021-04-01,2021,4,25-34,Males,Participation rate,90.49
2021-04-01,2021,4,25-34,Females,Participation rate,79.9
2021-05-01,2021,5,15-24,Persons,Employed total,1916.63
2021-05-01,2021,5,15-24,Males,Employed total,948.09
2021-05-01,2021,5,15-24,Females,Employed total,968.55
2021-05-01,2021,5,15-24,Persons,Employment to population ratio,61.97
2021-05-01,2021,5,15-24,Males,Employment to population ratio,59.6
2021-05-01,2021,5,15-24,Females,Employment to population ratio,64.49
2021-05-01,2021,5,15-24,Persons,Unemployed total,221.32
2021-05-01,2021,5,15-24,Males,Unemployed total,134.09
2021-05-01,2021,5,15-24,Females,Unemployed total,87.24
2021-05-01,2021,5,15-24,Persons,Unemployment rate,10.35
2021-05-01,2021,5,15-24,Males,Unemployment rate,12.39
2021-05-01,2021,5,15-24,Females,Unemployment rate,8.26
2021-05-01,2021,5,15-24,Persons,Labour force total,2137.96
2021-05-01,2021,5,15-24,Males,Labour force total,1082.17
2021-05-01,2021,5,15-24,Females,Labour force total,1055.78
2021-05-01,2021,5,15-24,Persons,Participation rate,69.13
2021-05-01,2021,5,15-24,Males,Participation rate,68.03
2021-05-01,2021,5,15-24,Females,Participation rate,70.3
2021-05-01,2021,5,25-34,Persons,Employed total,3014.35
2021-05-01,2021,5,25-34,Males,Employed total,1590.34
2021-05-01,2021,5,25-34,Females,Employed total,1424.01
2021-05-01,2021,5,25-34,Persons,Employment to population ratio,81.44
2021-05-01,2021,5,25-34,Males,Employment to population ratio,86.32
2021-05-01,2021,5,25-34,Females,Employment to population ratio,76.6
2021-05-01,2021,5,25-34,Persons,Unemployed total,152.22
2021-05-01,2021,5,25-34,Males,Unemployed total,84.42
2021-05-01,2021,5,25-34,Females,Unemployed total,67.8
2021-05-01,2021,5,25-34,Persons,Unemployment rate,4.81
2021-05-01,2021,5,25-34,Males,Unemployment rate,5.04
2021-05-01,2021,5,25-34,Females,Unemployment rate,4.54
2021-05-01,2021,5,25-34,Persons,Labour force total,3166.57
2021-05-01,2021,5,25-34,Males,Labour force total,1674.76
2021-05-01,2021,5,25-34,Females,Labour force total,1491.81
2021-05-01,2021,5,25-34,Persons,Participation rate,85.55
2021-05-01,2021,5,25-34,Males,Participation rate,90.9
2021-05-01,2021,5,25-34,Females,Participation rate,80.25
2021-06-01,2021,6,15-24,Persons,Employed total,1904.39
2021-06-01,2021,6,15-24,Males,Employed total,951.72
2021-06-01,2021,6,15-24,Females,Employed total,952.67
2021-06-01,2021,6,15-24,Persons,Employment to population ratio,61.66
2021-06-01,2021,6,15-24,Males,Employment to population ratio,59.91
2021-06-01,2021,6,15-24,Females,Employment to population ratio,63.53
2021-06-01,2021,6,15-24,Persons,Unemployed total,210.82
2021-06-01,2021,6,15-24,Males,Unemployed total,130.33
2021-06-01,2021,6,15-24,Females,Unemployed total,80.48
2021-06-01,2021,6,15-24,Persons,Unemployment rate,9.97
2021-06-01,2021,6,15-24,Males,Unemployment rate,12.05
2021-06-01,2021,6,15-24,Females,Unemployment rate,7.79
2021-06-01,2021,6,15-24,Persons,Labour force total,2115.2
2021-06-01,2021,6,15-24,Males,Labour force total,1082.05
2021-06-01,2021,6,15-24,Females,Labour force total,1033.15
2021-06-01,2021,6,15-24,Persons,Participation rate,68.49
2021-06-01,2021,6,15-24,Males,Participation rate,68.11
2021-06-01,2021,6,15-24,Females,Participation rate,68.89
2021-06-01,2021,6,25-34,Persons,Employed total,3005.98
2021-06-01,2021,6,25-34,Males,Employed total,1582.01
2021-06-01,2021,6,25-34,Females,Employed total,1423.98
2021-06-01,2021,6,25-34,Persons,Employment to population ratio,81.3
2021-06-01,2021,6,25-34,Males,Employment to population ratio,85.94
2021-06-01,2021,6,25-34,Females,Employment to population ratio,76.7
2021-06-01,2021,6,25-34,Persons,Unemployed total,145.25
2021-06-01,2021,6,25-34,Males,Unemployed total,78.79
2021-06-01,2021,6,25-34,Females,Unemployed total,66.45
2021-06-01,2021,6,25-34,Persons,Unemployment rate,4.61
2021-06-01,2021,6,25-34,Males,Unemployment rate,4.74
2021-06-01,2021,6,25-34,Females,Unemployment rate,4.46
2021-06-01,2021,6,25-34,Persons,Labour force total,3151.23
2021-06-01,2021,6,25-34,Males,Labour force total,1660.8
2021-06-01,2021,6,25-34,Females,Labour force total,1490.43
2021-06-01,2021,6,25-34,Persons,Participation rate,85.23
2021-06-01,2021,6,25-34,Males,Participation rate,90.22
2021-06-01,2021,6,25-34,Females,Participation rate,80.28
2021-07-01,2021,7,15-24,Persons,Employed total,1898.9
2021-07-01,2021,7,15-24,Males,Employed total,952.26
2021-07-01,2021,7,15-24,Females,Employed total,946.63
2021-07-01,2021,7,15-24,Persons,Employment to population ratio,61.55
2021-07-01,2021,7,15-24,Males,Employment to population ratio,60.0
2021-07-01,2021,7,15-24,Females,Employment to population ratio,63.19
2021-07-01,2021,7,15-24,Persons,Unemployed total,213.13
2021-07-01,2021,7,15-24,Males,Unemployed total,116.2
2021-07-01,2021,7,15-24,Females,Unemployed total,96.93
2021-07-01,2021,7,15-24,Persons,Unemployment rate,10.09
2021-07-01,2021,7,15-24,Males,Unemployment rate,10.88
2021-07-01,2021,7,15-24,Females,Unemployment rate,9.29
2021-07-01,2021,7,15-24,Persons,Labour force total,2112.03
2021-07-01,2021,7,15-24,Males,Labour force total,1068.46
2021-07-01,2021,7,15-24,Females,Labour force total,1043.57
2021-07-01,2021,7,15-24,Persons,Participation rate,68.46
2021-07-01,2021,7,15-24,Males,Participation rate,67.33
2021-07-01,2021,7,15-24,Females,Participation rate,69.66
2021-07-01,2021,7,25-34,Persons,Employed total,2989.89
2021-07-01,2021,7,25-34,Males,Employed total,1579.08
2021-07-01,2021,7,25-34,Females,Employed total,1410.81
2021-07-01,2021,7,25-34,Persons,Employment to population ratio,80.97
2021-07-01,2021,7,25-34,Males,Employment to population ratio,85.88
2021-07-01,2021,7,25-34,Females,Employment to population ratio,76.1
2021-07-01,2021,7,25-34,Persons,Unemployed total,125.61
2021-07-01,2021,7,25-34,Males,Unemployed total,72.71
2021-07-01,2021,7,25-34,Females,Unemployed total,52.9
2021-07-01,2021,7,25-34,Persons,Unemployment rate,4.03
2021-07-01,2021,7,25-34,Males,Unemployment rate,4.4
2021-07-01,2021,7,25-34,Females,Unemployment rate,3.61
2021-07-01,2021,7,25-34,Persons,Labour force total,3115.51
2021-07-01,2021,7,25-34,Males,Labour force total,1651.79
2021-07-01,2021,7,25-34,Females,Labour force total,1463.71
2021-07-01,2021,7,25-34,Persons,Participation rate,84.37
2021-07-01,2021,7,25-34,Males,Participation rate,89.83
2021-07-01,2021,7,25-34,Females,Participation rate,78.96
2021-08-01,2021,8,15-24,Persons,Employed total,1799.35
2021-08-01,2021,8,15-24,Males,Employed total,909.22
2021-08-01,2021,8,15-24,Females,Employed total,890.13
2021-08-01,2021,8,15-24,Persons,Employment to population ratio,58.39
2021-08-01,2021,8,15-24,Males,Employment to population ratio,57.35
2021-08-01,2021,8,15-24,Females,Employment to population ratio,59.48
2021-08-01,2021,8,15-24,Persons,Unemployed total,208.07
2021-08-01,2021,8,15-24,Males,Unemployed total,116.16
2021-08-01,2021,8,15-24,Females,Unemployed total,91.91
2021-08-01,2021,8,15-24,Persons,Unemployment rate,10.37
2021-08-01,2021,8,15-24,Males,Unemployment rate,11.33
2021-08-01,2021,8,15-24,Females,Unemployment rate,9.36
2021-08-01,2021,8,15-24,Persons,Labour force total,2007.42
2021-08-01,2021,8,15-24,Males,Labour force total,1025.38
2021-08-01,2021,8,15-24,Females,Labour force total,982.04
2021-08-01,2021,8,15-24,Persons,Participation rate,65.14
2021-08-01,2021,8,15-24,Males,Participation rate,64.68
2021-08-01,2021,8,15-24,Females,Participation rate,65.62
2021-08-01,2021,8,25-34,Persons,Employed total,2961.17
2021-08-01,2021,8,25-34,Males,Employed total,1549.54
2021-08-01,2021,8,25-34,Females,Employed total,1411.62
2021-08-01,2021,8,25-34,Persons,Employment to population ratio,80.3
2021-08-01,2021,8,25-34,Males,Employment to population ratio,84.37
2021-08-01,2021,8,25-34,Females,Employment to population ratio,76.26
2021-08-01,2021,8,25-34,Persons,Unemployed total,127.04
2021-08-01,2021,8,25-34,Males,Unemployed total,68.45
2021-08-01,2021,8,25-34,Females,Unemployed total,58.59
2021-08-01,2021,8,25-34,Persons,Unemployment rate,4.11
2021-08-01,2021,8,25-34,Males,Unemployment rate,4.23
2021-08-01,2021,8,25-34,Females,Unemployment rate,3.98
2021-08-01,2021,8,25-34,Persons,Labour force total,3088.21
2021-08-01,2021,8,25-34,Males,Labour force total,1618.0
2021-08-01,2021,8,25-34,Females,Labour force total,1470.21
2021-08-01,2021,8,25-34,Persons,Participation rate,83.75
2021-08-01,2021,8,25-34,Males,Participation rate,88.1
2021-08-01,2021,8,25-34,Females,Participation rate,79.43
2021-09-01,2021,9,15-24,Persons,Employed total,1737.77
2021-09-01,2021,9,15-24,Males,Employed total,893.78
2021-09-01,2021,9,15-24,Females,Employed total,843.99
2021-09-01,2021,9,15-24,Persons,Employment to population ratio,56.45
2021-09-01,2021,9,15-24,Males,Employment to population ratio,56.44
2021-09-01,2021,9,15-24,Females,Employment to population ratio,56.46
2021-09-01,2021,9,15-24,Persons,Unemployed total,206.4
2021-09-01,2021,9,15-24,Males,Unemployed total,111.8
2021-09-01,2021,9,15-24,Females,Unemployed total,94.6
2021-09-01,2021,9,15-24,Persons,Unemployment rate,10.62
2021-09-01,2021,9,15-24,Males,Unemployment rate,11.12
2021-09-01,2021,9,15-24,Females,Unemployment rate,10.08
2021-09-01,2021,9,15-24,Persons,Labour force total,1944.17
2021-09-01,2021,9,15-24,Males,Labour force total,1005.58
2021-09-01,2021,9,15-24,Females,Labour force total,938.59
2021-09-01,2021,9,15-24,Persons,Participation rate,63.15
2021-09-01,2021,9,15-24,Males,Participation rate,63.5
2021-09-01,2021,9,15-24,Females,Participation rate,62.78
2021-09-01,2021,9,25-34,Persons,Employed total,2920.65
2021-09-01,2021,9,25-34,Males,Employed total,1532.96
2021-09-01,2021,9,25-34,Females,Employed total,1387.69
2021-09-01,2021,9,25-34,Persons,Employment to population ratio,79.31
2021-09-01,2021,9,25-34,Males,Employment to population ratio,83.57
2021-09-01,2021,9,25-34,Females,Employment to population ratio,75.08
2021-09-01,2021,9,25-34,Persons,Unemployed total,140.61
2021-09-01,2021,9,25-34,Males,Unemployed total,67.67
2021-09-01,2021,9,25-34,Females,Unemployed total,72.94
2021-09-01,2021,9,25-34,Persons,Unemployment rate,4.59
2021-09-01,2021,9,25-34,Males,Unemployment rate,4.23
2021-09-01,2021,9,25-34,Females,Unemployment rate,4.99
2021-09-01,2021,9,25-34,Persons,Labour force total,3061.26
2021-09-01,2021,9,25-34,Males,Labour force total,1600.63
2021-09-01,2021,9,25-34,Females,Labour force total,1460.63
2021-09-01,2021,9,25-34,Persons,Participation rate,83.13
2021-09-01,2021,9,25-34,Males,Participation rate,87.26
2021-09-01,2021,9,25-34,Females,Participation rate,79.03
2021-10-01,2021,10,15-24,Persons,Employed total,1753.7
2021-10-01,2021,10,15-24,Males,Employed total,890.85
2021-10-01,2021,10,15-24,Females,Employed total,862.85
2021-10-01,2021,10,15-24,Persons,Employment to population ratio,56.9
2021-10-01,2021,10,15-24,Males,Employment to population ratio,56.17
2021-10-01,2021,10,15-24,Females,Employment to population ratio,57.68
2021-10-01,2021,10,15-24,Persons,Unemployed total,246.01
2021-10-01,2021,10,15-24,Males,Unemployed total,137.73
2021-10-01,2021,10,15-24,Females,Unemployed total,108.29
2021-10-01,2021,10,15-24,Persons,Unemployment rate,12.3
2021-10-01,2021,10,15-24,Males,Unemployment rate,13.39
2021-10-01,2021,10,15-24,Females,Unemployment rate,11.15
2021-10-01,2021,10,15-24,Persons,Labour force total,1999.71
2021-10-01,2021,10,15-24,Males,Labour force total,1028.58
2021-10-01,2021,10,15-24,Females,Labour force total,971.13
2021-10-01,2021,10,15-24,Persons,Participation rate,64.89
2021-10-01,2021,10,15-24,Males,Participation rate,64.86
2021-10-01,2021,10,15-24,Females,Participation rate,64.92
2021-10-01,2021,10,25-34,Persons,Employed total,2896.26
2021-10-01,2021,10,25-34,Males,Employed total,1536.31
2021-10-01,2021,10,25-34,Females,Employed total,1359.95
2021-10-01,2021,10,25-34,Persons,Employment to population ratio,78.65
2021-10-01,2021,10,25-34,Males,Employment to population ratio,83.74
2021-10-01,2021,10,25-34,Females,Employment to population ratio,73.6
2021-10-01,2021,10,25-34,Persons,Unemployed total,157.95
2021-10-01,2021,10,25-34,Males,Unemployed total,75.65
2021-10-01,2021,10,25-34,Females,Unemployed total,82.3
2021-10-01,2021,10,25-34,Persons,Unemployment rate,5.17
2021-10-01,2021,10,25-34,Males,Unemployment rate,4.69
2021-10-01,2021,10,25-34,Females,Unemployment rate,5.71
2021-10-01,2021,10,25-34,Persons,Labour force total,3054.21
2021-10-01,2021,10,25-34,Males,Labour force total,1611.96
2021-10-01,2021,10,25-34,Females,Labour force total,1442.25
2021-10-01,2021,10,25-34,Persons,Participation rate,82.94
2021-10-01,2021,10,25-34,Males,Participation rate,87.86
2021-10-01,2021,10,25-34,Females,Participation rate,78.05
2021-11-01,2021,11,15-24,Persons,Employed total,1898.07
2021-11-01,2021,11,15-24,Males,Employed total,957.71
2021-11-01,2021,11,15-24,Females,Employed total,940.35
2021-11-01,2021,11,15-24,Persons,Employment to population ratio,61.52
2021-11-01,2021,11,15-24,Males,Employment to population ratio,60.31
2021-11-01,2021,11,15-24,Females,Employment to population ratio,62.81
2021-11-01,2021,11,15-24,Persons,Unemployed total,213.26
2021-11-01,2021,11,15-24,Males,Unemployed total,117.38
2021-11-01,2021,11,15-24,Females,Unemployed total,95.88
2021-11-01,2021,11,15-24,Persons,Unemployment rate,10.1
2021-11-01,2021,11,15-24,Males,Unemployment rate,10.92
2021-11-01,2021,11,15-24,Females,Unemployment rate,9.25
2021-11-01,2021,11,15-24,Persons,Labour force total,2111.33
2021-11-01,2021,11,15-24,Males,Labour force total,1075.1
2021-11-01,2021,11,15-24,Females,Labour force total,1036.23
2021-11-01,2021,11,15-24,Persons,Participation rate,68.44
2021-11-01,2021,11,15-24,Males,Participation rate,67.7
2021-11-01,2021,11,15-24,Females,Participation rate,69.22
2021-11-01,2021,11,25-34,Persons,Employed total,2993.12
2021-11-01,2021,11,25-34,Males,Employed total,1572.12
2021-11-01,2021,11,25-34,Females,Employed total,1421.0
2021-11-01,2021,11,25-34,Persons,Employment to population ratio,81.28
2021-11-01,2021,11,25-34,Males,Employment to population ratio,85.68
2021-11-01,2021,11,25-34,Females,Employment to population ratio,76.92
2021-11-01,2021,11,25-34,Persons,Unemployed total,133.1
2021-11-01,2021,11,25-34,Males,Unemployed total,71.58
2021-11-01,2021,11,25-34,Females,Unemployed total,61.52
2021-11-01,2021,11,25-34,Persons,Unemployment rate,4.26
2021-11-01,2021,11,25-34,Males,Unemployment rate,4.35
2021-11-01,2021,11,25-34,Females,Unemployment rate,4.15
2021-11-01,2021,11,25-34,Persons,Labour force total,3126.22
2021-11-01,2021,11,25-34,Males,Labour force total,1643.7
2021-11-01,2021,11,25-34,Females,Labour force total,1482.52
2021-11-01,2021,11,25-34,Persons,Participation rate,84.89
2021-11-01,2021,11,25-34,Males,Participation rate,89.58
2021-11-01,2021,11,25-34,Females,Participation rate,80.25
2021-12-01,2021,12,15-24,Persons,Employed total,2018.76
2021-12-01,2021,12,15-24,Males,Employed total,1018.76
2021-12-01,2021,12,15-24,Females,Employed total,1000.0
2021-12-01,2021,12,15-24,Persons,Employment to population ratio,65.37
2021-12-01,2021,12,15-24,Males,Employment to population ratio,64.06
2021-12-01,2021,12,15-24,Females,Employment to population ratio,66.75
2021-12-01,2021,12,15-24,Persons,Unemployed total,209.29
2021-12-01,2021,12,15-24,Males,Unemployed total,124.13
2021-12-01,2021,12,15-24,Females,Unemployed total,85.16
2021-12-01,2021,12,15-24,Persons,Unemployment rate,9.39
2021-12-01,2021,12,15-24,Males,Unemployment rate,10.86
2021-12-01,2021,12,15-24,Females,Unemployment rate,7.85
2021-12-01,2021,12,15-24,Persons,Labour force total,2228.05
2021-12-01,2021,12,15-24,Males,Labour force total,1142.89
2021-12-01,2021,12,15-24,Females,Labour force total,1085.16
2021-12-01,2021,12,15-24,Persons,Participation rate,72.14
2021-12-01,2021,12,15-24,Males,Participation rate,71.87
2021-12-01,2021,12,15-24,Females,Participation rate,72.44
2021-12-01,2021,12,25-34,Persons,Employed total,3009.41
2021-12-01,2021,12,25-34,Males,Employed total,1576.23
2021-12-01,2021,12,25-34,Females,Employed total,1433.18
2021-12-01,2021,12,25-34,Persons,Employment to population ratio,81.72
2021-12-01,2021,12,25-34,Males,Employment to population ratio,85.89
2021-12-01,2021,12,25-34,Females,Employment to population ratio,77.59
2021-12-01,2021,12,25-34,Persons,Unemployed total,119.19
2021-12-01,2021,12,25-34,Males,Unemployed total,69.98
2021-12-01,2021,12,25-34,Females,Unemployed total,49.21
2021-12-01,2021,12,25-34,Persons,Unemployment rate,3.81
2021-12-01,2021,12,25-34,Males,Unemployment rate,4.25
2021-12-01,2021,12,25-34,Females,Unemployment rate,3.32
2021-12-01,2021,12,25-34,Persons,Labour force total,3128.6
2021-12-01,2021,12,25-34,Males,Labour force total,1646.21
2021-12-01,2021,12,25-34,Females,Labour force total,1482.39
2021-12-01,2021,12,25-34,Persons,Participation rate,84.96
2021-12-01,2021,12,25-34,Males,Participation rate,89.7
2021-12-01,2021,12,25-34,Females,Participation rate,80.25
2022-01-01,2022,1,15-24,Persons,Employed total,1972.01
2022-01-01,2022,1,15-24,Males,Employed total,975.98
2022-01-01,2022,1,15-24,Females,Employed total,996.03
2022-01-01,2022,1,15-24,Persons,Employment to population ratio,63.51
2022-01-01,2022,1,15-24,Males,Employment to population ratio,61.04
2022-01-01,2022,1,15-24,Females,Employment to population ratio,66.13
2022-01-01,2022,1,15-24,Persons,Unemployed total,218.6
2022-01-01,2022,1,15-24,Males,Unemployed total,132.53
2022-01-01,2022,1,15-24,Females,Unemployed total,86.07
2022-01-01,2022,1,15-24,Persons,Unemployment rate,9.98
2022-01-01,2022,1,15-24,Males,Unemployment rate,11.96
2022-01-01,2022,1,15-24,Females,Unemployment rate,7.95
2022-01-01,2022,1,15-24,Persons,Labour force total,2190.61
2022-01-01,2022,1,15-24,Males,Labour force total,1108.51
2022-01-01,2022,1,15-24,Females,Labour force total,1082.1
2022-01-01,2022,1,15-24,Persons,Participation rate,70.55
2022-01-01,2022,1,15-24,Males,Participation rate,69.33
2022-01-01,2022,1,15-24,Females,Participation rate,71.85
2022-01-01,2022,1,25-34,Persons,Employed total,2973.67
2022-01-01,2022,1,25-34,Males,Employed total,1552.19
2022-01-01,2022,1,25-34,Females,Employed total,1421.48
2022-01-01,2022,1,25-34,Persons,Employment to population ratio,80.61
2022-01-01,2022,1,25-34,Males,Employment to population ratio,84.41
2022-01-01,2022,1,25-34,Females,Employment to population ratio,76.82
2022-01-01,2022,1,25-34,Persons,Unemployed total,134.26
2022-01-01,2022,1,25-34,Males,Unemployed total,69.73
2022-01-01,2022,1,25-34,Females,Unemployed total,64.53
2022-01-01,2022,1,25-34,Persons,Unemployment rate,4.32
2022-01-01,2022,1,25-34,Males,Unemployment rate,4.3
2022-01-01,2022,1,25-34,Females,Unemployment rate,4.34
2022-01-01,2022,1,25-34,Persons,Labour force total,3107.93
2022-01-01,2022,1,25-34,Males,Labour force total,1621.92
2022-01-01,2022,1,25-34,Females,Labour force total,1486.01
2022-01-01,2022,1,25-34,Persons,Participation rate,84.25
2022-01-01,2022,1,25-34,Males,Participation rate,88.21
2022-01-01,2022,1,25-34,Females,Participation rate,80.31
2022-02-01,2022,2,15-24,Persons,Employed total,2009.23
2022-02-01,2022,2,15-24,Males,Employed total,1009.61
2022-02-01,2022,2,15-24,Females,Employed total,999.62
2022-02-01,2022,2,15-24,Persons,Employment to population ratio,64.37
2022-02-01,2022,2,15-24,Males,Employment to population ratio,62.81
2022-02-01,2022,2,15-24,Females,Employment to population ratio,66.02
2022-02-01,2022,2,15-24,Persons,Unemployed total,220.43
2022-02-01,2022,2,15-24,Males,Unemployed total,129.58
2022-02-01,2022,2,15-24,Females,Unemployed total,90.85
2022-02-01,2022,2,15-24,Persons,Unemployment rate,9.89
2022-02-01,2022,2,15-24,Males,Unemployment rate,11.37
2022-02-01,2022,2,15-24,Females,Unemployment rate,8.33
2022-02-01,2022,2,15-24,Persons,Labour force total,2229.66
2022-02-01,2022,2,15-24,Males,Labour force total,1139.19
2022-02-01,2022,2,15-24,Females,Labour force total,1090.47
2022-02-01,2022,2,15-24,Persons,Participation rate,71.43
2022-02-01,2022,2,15-24,Males,Participation rate,70.87
2022-02-01,2022,2,15-24,Females,Participation rate,72.02
2022-02-01,2022,2,25-34,Persons,Employed total,3039.88
2022-02-01,2022,2,25-34,Males,Employed total,1581.38
2022-02-01,2022,2,25-34,Females,Employed total,1458.5
2022-02-01,2022,2,25-34,Persons,Employment to population ratio,82.25
2022-02-01,2022,2,25-34,Males,Employment to population ratio,85.84
2022-02-01,2022,2,25-34,Females,Employment to population ratio,78.68
2022-02-01,2022,2,25-34,Persons,Unemployed total,141.67
2022-02-01,2022,2,25-34,Males,Unemployed total,76.15
2022-02-01,2022,2,25-34,Females,Unemployed total,65.52
2022-02-01,2022,2,25-34,Persons,Unemployment rate,4.45
2022-02-01,2022,2,25-34,Males,Unemployment rate,4.59
2022-02-01,2022,2,25-34,Females,Unemployment rate,4.3
2022-02-01,2022,2,25-34,Persons,Labour force total,3181.55
2022-02-01,2022,2,25-34,Males,Labour force total,1657.53
2022-02-01,2022,2,25-34,Females,Labour force total,1524.01
2022-02-01,2022,2,25-34,Persons,Participation rate,86.08
2022-02-01,2022,2,25-34,Males,Participation rate,89.97
2022-02-01,2022,2,25-34,Females,Participation rate,82.22
2022-03-01,2022,3,15-24,Persons,Employed total,2031.89
2022-03-01,2022,3,15-24,Males,Employed total,1018.54
2022-03-01,2022,3,15-24,Females,Employed total,1013.35
2022-03-01,2022,3,15-24,Persons,Employment to population ratio,64.75
2022-03-01,2022,3,15-24,Males,Employment to population ratio,63.02
2022-03-01,2022,3,15-24,Females,Employment to population ratio,66.57
2022-03-01,2022,3,15-24,Persons,Unemployed total,203.1
2022-03-01,2022,3,15-24,Males,Unemployed total,112.61
2022-03-01,2022,3,15-24,Females,Unemployed total,90.49
2022-03-01,2022,3,15-24,Persons,Unemployment rate,9.09
2022-03-01,2022,3,15-24,Males,Unemployment rate,9.96
2022-03-01,2022,3,15-24,Females,Unemployment rate,8.2
2022-03-01,2022,3,15-24,Persons,Labour force total,2234.99
2022-03-01,2022,3,15-24,Males,Labour force total,1131.15
2022-03-01,2022,3,15-24,Females,Labour force total,1103.84
2022-03-01,2022,3,15-24,Persons,Participation rate,71.22
2022-03-01,2022,3,15-24,Males,Participation rate,69.99
2022-03-01,2022,3,15-24,Females,Participation rate,72.52
2022-03-01,2022,3,25-34,Persons,Employed total,3032.92
2022-03-01,2022,3,25-34,Males,Employed total,1590.26
2022-03-01,2022,3,25-34,Females,Employed total,1442.66
2022-03-01,2022,3,25-34,Persons,Employment to population ratio,81.91
2022-03-01,2022,3,25-34,Males,Employment to population ratio,86.15
2022-03-01,2022,3,25-34,Females,Employment to population ratio,77.69
2022-03-01,2022,3,25-34,Persons,Unemployed total,127.11
2022-03-01,2022,3,25-34,Males,Unemployed total,69.36
2022-03-01,2022,3,25-34,Females,Unemployed total,57.75
2022-03-01,2022,3,25-34,Persons,Unemployment rate,4.02
2022-03-01,2022,3,25-34,Males,Unemployment rate,4.18
2022-03-01,2022,3,25-34,Females,Unemployment rate,3.85
2022-03-01,2022,3,25-34,Persons,Labour force total,3160.03
2022-03-01,2022,3,25-34,Males,Labour force total,1659.62
2022-03-01,2022,3,25-34,Females,Labour force total,1500.41
2022-03-01,2022,3,25-34,Persons,Participation rate,85.34
2022-03-01,2022,3,25-34,Males,Participation rate,89.91
2022-03-01,2022,3,25-34,Females,Participation rate,80.8
2022-04-01,2022,4,15-24,Persons,Employed total,2047.21
2022-04-01,2022,4,15-24,Males,Employed total,1029.08
2022-04-01,2022,4,15-24,Females,Employed total,1018.13
2022-04-01,2022,4,15-24,Persons,Employment to population ratio,65.09
2022-04-01,2022,4,15-24,Males,Employment to population ratio,63.52
2022-04-01,2022,4,15-24,Females,Employment to population ratio,66.75
2022-04-01,2022,4,15-24,Persons,Unemployed total,194.47
2022-04-01,2022,4,15-24,Males,Unemployed total,108.57
2022-04-01,2022,4,15-24,Females,Unemployed total,85.89
2022-04-01,2022,4,15-24,Persons,Unemployment rate,8.67
2022-04-01,2022,4,15-24,Males,Unemployment rate,9.54
2022-04-01,2022,4,15-24,Females,Unemployment rate,7.78
2022-04-01,2022,4,15-24,Persons,Labour force total,2241.68
2022-04-01,2022,4,15-24,Males,Labour force total,1137.65
2022-04-01,2022,4,15-24,Females,Labour force total,1104.03
2022-04-01,2022,4,15-24,Persons,Participation rate,71.27
2022-04-01,2022,4,15-24,Males,Participation rate,70.22
2022-04-01,2022,4,15-24,Females,Participation rate,72.38
2022-04-01,2022,4,25-34,Persons,Employed total,3044.38
2022-04-01,2022,4,25-34,Males,Employed total,1598.36
2022-04-01,2022,4,25-34,Females,Employed total,1446.02
2022-04-01,2022,4,25-34,Persons,Employment to population ratio,82.08
2022-04-01,2022,4,25-34,Males,Employment to population ratio,86.43
2022-04-01,2022,4,25-34,Females,Employment to population ratio,77.75
2022-04-01,2022,4,25-34,Persons,Unemployed total,113.71
2022-04-01,2022,4,25-34,Males,Unemployed total,60.98
2022-04-01,2022,4,25-34,Females,Unemployed total,52.73
2022-04-01,2022,4,25-34,Persons,Unemployment rate,3.6
2022-04-01,2022,4,25-34,Males,Unemployment rate,3.68
2022-04-01,2022,4,25-34,Females,Unemployment rate,3.52
2022-04-01,2022,4,25-34,Persons,Labour force total,3158.09
2022-04-01,2022,4,25-34,Males,Labour force total,1659.34
2022-04-01,2022,4,25-34,Females,Labour force total,1498.75
2022-04-01,2022,4,25-34,Persons,Participation rate,85.15
2022-04-01,2022,4,25-34,Males,Participation rate,89.73
2022-04-01,2022,4,25-34,Females,Participation rate,80.59
2022-05-01,2022,5,15-24,Persons,Employed total,2076.13
2022-05-01,2022,5,15-24,Males,Employed total,1049.78
2022-05-01,2022,5,15-24,Females,Employed total,1026.35
2022-05-01,2022,5,15-24,Persons,Employment to population ratio,65.86
2022-05-01,2022,5,15-24,Males,Employment to population ratio,64.64
2022-05-01,2022,5,15-24,Females,Employment to population ratio,67.16
2022-05-01,2022,5,15-24,Persons,Unemployed total,193.23
2022-05-01,2022,5,15-24,Males,Unemployed total,103.98
2022-05-01,2022,5,15-24,Females,Unemployed total,89.25
2022-05-01,2022,5,15-24,Persons,Unemployment rate,8.51
2022-05-01,2022,5,15-24,Males,Unemployment rate,9.01
2022-05-01,2022,5,15-24,Females,Unemployment rate,8.0
2022-05-01,2022,5,15-24,Persons,Labour force total,2269.36
2022-05-01,2022,5,15-24,Males,Labour force total,1153.76
2022-05-01,2022,5,15-24,Females,Labour force total,1115.6
2022-05-01,2022,5,15-24,Persons,Participation rate,71.99
2022-05-01,2022,5,15-24,Males,Participation rate,71.04
2022-05-01,2022,5,15-24,Females,Participation rate,73.0
2022-05-01,2022,5,25-34,Persons,Employed total,3062.12
2022-05-01,2022,5,25-34,Males,Employed total,1603.28
2022-05-01,2022,5,25-34,Females,Employed total,1458.84
2022-05-01,2022,5,25-34,Persons,Employment to population ratio,82.42
2022-05-01,2022,5,25-34,Males,Employment to population ratio,86.54
2022-05-01,2022,5,25-34,Females,Employment to population ratio,78.32
2022-05-01,2022,5,25-34,Persons,Unemployed total,116.13
2022-05-01,2022,5,25-34,Males,Unemployed total,63.21
2022-05-01,2022,5,25-34,Females,Unemployed total,52.93
2022-05-01,2022,5,25-34,Persons,Unemployment rate,3.65
2022-05-01,2022,5,25-34,Males,Unemployment rate,3.79
2022-05-01,2022,5,25-34,Females,Unemployment rate,3.5
2022-05-01,2022,5,25-34,Persons,Labour force total,3178.26
2022-05-01,2022,5,25-34,Males,Labour force total,1666.49
2022-05-01,2022,5,25-34,Females,Labour force total,1511.77
2022-05-01,2022,5,25-34,Persons,Participation rate,85.54
2022-05-01,2022,5,25-34,Males,Participation rate,89.95
2022-05-01,2022,5,25-34,Females,Participation rate,81.16
2022-06-01,2022,6,15-24,Persons,Employed total,2084.53
2022-06-01,2022,6,15-24,Males,Employed total,1052.92
2022-06-01,2022,6,15-24,Females,Employed total,1031.61
2022-06-01,2022,6,15-24,Persons,Employment to population ratio,65.98
2022-06-01,2022,6,15-24,Males,Employment to population ratio,64.67
2022-06-01,2022,6,15-24,Females,Employment to population ratio,67.36
2022-06-01,2022,6,15-24,Persons,Unemployed total,169.76
2022-06-01,2022,6,15-24,Males,Unemployed total,93.44
2022-06-01,2022,6,15-24,Females,Unemployed total,76.32
2022-06-01,2022,6,15-24,Persons,Unemployment rate,7.53
2022-06-01,2022,6,15-24,Males,Unemployment rate,8.15
2022-06-01,2022,6,15-24,Females,Unemployment rate,6.89
2022-06-01,2022,6,15-24,Persons,Labour force total,2254.3
2022-06-01,2022,6,15-24,Males,Labour force total,1146.36
2022-06-01,2022,6,15-24,Females,Labour force total,1107.94
2022-06-01,2022,6,15-24,Persons,Participation rate,71.35
2022-06-01,2022,6,15-24,Males,Participation rate,70.41
2022-06-01,2022,6,15-24,Females,Participation rate,72.35
2022-06-01,2022,6,25-34,Persons,Employed total,3093.79
2022-06-01,2022,6,25-34,Males,Employed total,1616.27
2022-06-01,2022,6,25-34,Females,Employed total,1477.52
2022-06-01,2022,6,25-34,Persons,Employment to population ratio,83.13
2022-06-01,2022,6,25-34,Males,Employment to population ratio,87.08
2022-06-01,2022,6,25-34,Females,Employment to population ratio,79.2
2022-06-01,2022,6,25-34,Persons,Unemployed total,92.23
2022-06-01,2022,6,25-34,Males,Unemployed total,51.29
2022-06-01,2022,6,25-34,Females,Unemployed total,40.94
2022-06-01,2022,6,25-34,Persons,Unemployment rate,2.89
2022-06-01,2022,6,25-34,Males,Unemployment rate,3.08
2022-06-01,2022,6,25-34,Females,Unemployment rate,2.7
2022-06-01,2022,6,25-34,Persons,Labour force total,3186.02
2022-06-01,2022,6,25-34,Males,Labour force total,1667.56
2022-06-01,2022,6,25-34,Females,Labour force total,1518.46
2022-06-01,2022,6,25-34,Persons,Participation rate,85.61
2022-06-01,2022,6,25-34,Males,Participation rate,89.84
2022-06-01,2022,6,25-34,Females,Participation rate,81.39
2022-07-01,2022,7,15-24,Persons,Employed total,2107.91
2022-07-01,2022,7,15-24,Males,Employed total,1055.61
2022-07-01,2022,7,15-24,Females,Employed total,1052.31
2022-07-01,2022,7,15-24,Persons,Employment to population ratio,66.38
2022-07-01,2022,7,15-24,Males,Employment to population ratio,64.52
2022-07-01,2022,7,15-24,Females,Employment to population ratio,68.37
2022-07-01,2022,7,15-24,Persons,Unemployed total,154.63
2022-07-01,2022,7,15-24,Males,Unemployed total,79.27
2022-07-01,2022,7,15-24,Females,Unemployed total,75.35
2022-07-01,2022,7,15-24,Persons,Unemployment rate,6.83
2022-07-01,2022,7,15-24,Males,Unemployment rate,6.99
2022-07-01,2022,7,15-24,Females,Unemployment rate,6.68
2022-07-01,2022,7,15-24,Persons,Labour force total,2262.54
2022-07-01,2022,7,15-24,Males,Labour force total,1134.88
2022-07-01,2022,7,15-24,Females,Labour force total,1127.66
2022-07-01,2022,7,15-24,Persons,Participation rate,71.25
2022-07-01,2022,7,15-24,Males,Participation rate,69.36
2022-07-01,2022,7,15-24,Females,Participation rate,73.26
2022-07-01,2022,7,25-34,Persons,Employed total,3097.0
2022-07-01,2022,7,25-34,Males,Employed total,1624.63
2022-07-01,2022,7,25-34,Females,Employed total,1472.37
2022-07-01,2022,7,25-34,Persons,Employment to population ratio,82.95
2022-07-01,2022,7,25-34,Males,Employment to population ratio,87.23
2022-07-01,2022,7,25-34,Females,Employment to population ratio,78.69
2022-07-01,2022,7,25-34,Persons,Unemployed total,95.63
2022-07-01,2022,7,25-34,Males,Unemployed total,54.89
2022-07-01,2022,7,25-34,Females,Unemployed total,40.73
2022-07-01,2022,7,25-34,Persons,Unemployment rate,3.0
2022-07-01,2022,7,25-34,Males,Unemployment rate,3.27
2022-07-01,2022,7,25-34,Females,Unemployment rate,2.69
2022-07-01,2022,7,25-34,Persons,Labour force total,3192.63
2022-07-01,2022,7,25-34,Males,Labour force total,1679.53
2022-07-01,2022,7,25-34,Females,Labour force total,1513.1
2022-07-01,2022,7,25-34,Persons,Participation rate,85.51
2022-07-01,2022,7,25-34,Males,Participation rate,90.18
2022-07-01,2022,7,25-34,Females,Participation rate,80.86
2022-08-01,2022,8,15-24,Persons,Employed total,2046.61
2022-08-01,2022,8,15-24,Males,Employed total,1024.39
2022-08-01,2022,8,15-24,Females,Employed total,1022.22
2022-08-01,2022,8,15-24,Persons,Employment to population ratio,64.13
2022-08-01,2022,8,15-24,Males,Employment to population ratio,62.3
2022-08-01,2022,8,15-24,Females,Employment to population ratio,66.08
2022-08-01,2022,8,15-24,Persons,Unemployed total,187.32
2022-08-01,2022,8,15-24,Males,Unemployed total,104.06
2022-08-01,2022,8,15-24,Females,Unemployed total,83.26
2022-08-01,2022,8,15-24,Persons,Unemployment rate,8.39
2022-08-01,2022,8,15-24,Males,Unemployment rate,9.22
2022-08-01,2022,8,15-24,Females,Unemployment rate,7.53
2022-08-01,2022,8,15-24,Persons,Labour force total,2233.93
2022-08-01,2022,8,15-24,Males,Labour force total,1128.45
2022-08-01,2022,8,15-24,Females,Labour force total,1105.48
2022-08-01,2022,8,15-24,Persons,Participation rate,70.0
2022-08-01,2022,8,15-24,Males,Participation rate,68.63
2022-08-01,2022,8,15-24,Females,Participation rate,71.46
2022-08-01,2022,8,25-34,Persons,Employed total,3111.38
2022-08-01,2022,8,25-34,Males,Employed total,1637.0
2022-08-01,2022,8,25-34,Females,Employed total,1474.38
2022-08-01,2022,8,25-34,Persons,Employment to population ratio,83.07
2022-08-01,2022,8,25-34,Males,Employment to population ratio,87.6
2022-08-01,2022,8,25-34,Females,Employment to population ratio,78.56
2022-08-01,2022,8,25-34,Persons,Unemployed total,95.36
2022-08-01,2022,8,25-34,Males,Unemployed total,48.35
2022-08-01,2022,8,25-34,Females,Unemployed total,47.02
2022-08-01,2022,8,25-34,Persons,Unemployment rate,2.97
2022-08-01,2022,8,25-34,Males,Unemployment rate,2.87
2022-08-01,2022,8,25-34,Females,Unemployment rate,3.09
2022-08-01,2022,8,25-34,Persons,Labour force total,3206.74
2022-08-01,2022,8,25-34,Males,Labour force total,1685.35
2022-08-01,2022,8,25-34,Females,Labour force total,1521.4
2022-08-01,2022,8,25-34,Persons,Participation rate,85.61
2022-08-01,2022,8,25-34,Males,Participation rate,90.18
2022-08-01,2022,8,25-34,Females,Participation rate,81.07
2022-09-01,2022,9,15-24,Persons,Employed total,2101.01
2022-09-01,2022,9,15-24,Males,Employed total,1068.32
2022-09-01,2022,9,15-24,Females,Employed total,1032.69
2022-09-01,2022,9,15-24,Persons,Employment to population ratio,65.51
2022-09-01,2022,9,15-24,Males,Employment to population ratio,64.65
2022-09-01,2022,9,15-24,Females,Employment to population ratio,66.42
2022-09-01,2022,9,15-24,Persons,Unemployed total,172.51
2022-09-01,2022,9,15-24,Males,Unemployed total,100.02
2022-09-01,2022,9,15-24,Females,Unemployed total,72.49
2022-09-01,2022,9,15-24,Persons,Unemployment rate,7.59
2022-09-01,2022,9,15-24,Males,Unemployment rate,8.56
2022-09-01,2022,9,15-24,Females,Unemployment rate,6.56
2022-09-01,2022,9,15-24,Persons,Labour force total,2273.52
2022-09-01,2022,9,15-24,Males,Labour force total,1168.35
2022-09-01,2022,9,15-24,Females,Labour force total,1105.18
2022-09-01,2022,9,15-24,Persons,Participation rate,70.89
2022-09-01,2022,9,15-24,Males,Participation rate,70.7
2022-09-01,2022,9,15-24,Females,Participation rate,71.08
2022-09-01,2022,9,25-34,Persons,Employed total,3121.94
2022-09-01,2022,9,25-34,Males,Employed total,1644.43
2022-09-01,2022,9,25-34,Females,Employed total,1477.51
2022-09-01,2022,9,25-34,Persons,Employment to population ratio,83.09
2022-09-01,2022,9,25-34,Males,Employment to population ratio,87.7
2022-09-01,2022,9,25-34,Females,Employment to population ratio,78.49
2022-09-01,2022,9,25-34,Persons,Unemployed total,99.97
2022-09-01,2022,9,25-34,Males,Unemployed total,48.56
2022-09-01,2022,9,25-34,Females,Unemployed total,51.41
2022-09-01,2022,9,25-34,Persons,Unemployment rate,3.1
2022-09-01,2022,9,25-34,Males,Unemployment rate,2.87
2022-09-01,2022,9,25-34,Females,Unemployment rate,3.36
2022-09-01,2022,9,25-34,Persons,Labour force total,3221.91
2022-09-01,2022,9,25-34,Males,Labour force total,1692.99
2022-09-01,2022,9,25-34,Females,Labour force total,1528.92
2022-09-01,2022,9,25-34,Persons,Participation rate,85.75
2022-09-01,2022,9,25-34,Males,Participation rate,90.29
2022-09-01,2022,9,25-34,Females,Participation rate,81.23
2022-10-01,2022,10,15-24,Persons,Employed total,2100.18
2022-10-01,2022,10,15-24,Males,Employed total,1055.0
2022-10-01,2022,10,15-24,Females,Employed total,1045.18
2022-10-01,2022,10,15-24,Persons,Employment to population ratio,65.26
2022-10-01,2022,10,15-24,Males,Employment to population ratio,63.61
2022-10-01,2022,10,15-24,Females,Employment to population ratio,67.03
2022-10-01,2022,10,15-24,Persons,Unemployed total,156.93
2022-10-01,2022,10,15-24,Males,Unemployed total,83.77
2022-10-01,2022,10,15-24,Females,Unemployed total,73.16
2022-10-01,2022,10,15-24,Persons,Unemployment rate,6.95
2022-10-01,2022,10,15-24,Males,Unemployment rate,7.36
2022-10-01,2022,10,15-24,Females,Unemployment rate,6.54
2022-10-01,2022,10,15-24,Persons,Labour force total,2257.11
2022-10-01,2022,10,15-24,Males,Labour force total,1138.76
2022-10-01,2022,10,15-24,Females,Labour force total,1118.34
2022-10-01,2022,10,15-24,Persons,Participation rate,70.14
2022-10-01,2022,10,15-24,Males,Participation rate,68.66
2022-10-01,2022,10,15-24,Females,Participation rate,71.72
2022-10-01,2022,10,25-34,Persons,Employed total,3144.72
2022-10-01,2022,10,25-34,Males,Employed total,1655.15
2022-10-01,2022,10,25-34,Females,Employed total,1489.57
2022-10-01,2022,10,25-34,Persons,Employment to population ratio,83.39
2022-10-01,2022,10,25-34,Males,Employment to population ratio,87.94
2022-10-01,2022,10,25-34,Females,Employment to population ratio,78.86
2022-10-01,2022,10,25-34,Persons,Unemployed total,101.05
2022-10-01,2022,10,25-34,Males,Unemployed total,47.89
2022-10-01,2022,10,25-34,Females,Unemployed total,53.16
2022-10-01,2022,10,25-34,Persons,Unemployment rate,3.11
2022-10-01,2022,10,25-34,Males,Unemployment rate,2.81
2022-10-01,2022,10,25-34,Females,Unemployment rate,3.45
2022-10-01,2022,10,25-34,Persons,Labour force total,3245.78
2022-10-01,2022,10,25-34,Males,Labour force total,1703.05
2022-10-01,2022,10,25-34,Females,Labour force total,1542.73
2022-10-01,2022,10,25-34,Persons,Participation rate,86.07
2022-10-01,2022,10,25-34,Males,Participation rate,90.48
2022-10-01,2022,10,25-34,Females,Participation rate,81.68
2022-11-01,2022,11,15-24,Persons,Employed total,2146.37
2022-11-01,2022,11,15-24,Males,Employed total,1077.45
2022-11-01,2022,11,15-24,Females,Employed total,1068.92
2022-11-01,2022,11,15-24,Persons,Employment to population ratio,66.48
2022-11-01,2022,11,15-24,Males,Employment to population ratio,64.72
2022-11-01,2022,11,15-24,Females,Employment to population ratio,68.35
2022-11-01,2022,11,15-24,Persons,Unemployed total,165.66
2022-11-01,2022,11,15-24,Males,Unemployed total,91.02
2022-11-01,2022,11,15-24,Females,Unemployed total,74.64
2022-11-01,2022,11,15-24,Persons,Unemployment rate,7.16
2022-11-01,2022,11,15-24,Males,Unemployment rate,7.79
2022-11-01,2022,11,15-24,Females,Unemployment rate,6.53
2022-11-01,2022,11,15-24,Persons,Labour force total,2312.03
2022-11-01,2022,11,15-24,Males,Labour force total,1168.47
2022-11-01,2022,11,15-24,Females,Labour force total,1143.55
2022-11-01,2022,11,15-24,Persons,Participation rate,71.61
2022-11-01,2022,11,15-24,Males,Participation rate,70.18
2022-11-01,2022,11,15-24,Females,Participation rate,73.12
2022-11-01,2022,11,25-34,Persons,Employed total,3164.54
2022-11-01,2022,11,25-34,Males,Employed total,1664.09
2022-11-01,2022,11,25-34,Females,Employed total,1500.44
2022-11-01,2022,11,25-34,Persons,Employment to population ratio,83.62
2022-11-01,2022,11,25-34,Males,Employment to population ratio,88.08
2022-11-01,2022,11,25-34,Females,Employment to population ratio,79.17
2022-11-01,2022,11,25-34,Persons,Unemployed total,104.43
2022-11-01,2022,11,25-34,Males,Unemployed total,57.99
2022-11-01,2022,11,25-34,Females,Unemployed total,46.44
2022-11-01,2022,11,25-34,Persons,Unemployment rate,3.19
2022-11-01,2022,11,25-34,Males,Unemployment rate,3.37
2022-11-01,2022,11,25-34,Females,Unemployment rate,3.0
2022-11-01,2022,11,25-34,Persons,Labour force total,3268.97
2022-11-01,2022,11,25-34,Males,Labour force total,1722.08
2022-11-01,2022,11,25-34,Females,Labour force total,1546.88
2022-11-01,2022,11,25-34,Persons,Participation rate,86.38
2022-11-01,2022,11,25-34,Males,Participation rate,91.15
2022-11-01,2022,11,25-34,Females,Participation rate,81.62
2022-12-01,2022,12,15-24,Persons,Employed total,2210.48
2022-12-01,2022,12,15-24,Males,Employed total,1113.67
2022-12-01,2022,12,15-24,Females,Employed total,1096.8
2022-12-01,2022,12,15-24,Persons,Employment to population ratio,68.23
2022-12-01,2022,12,15-24,Males,Employment to population ratio,66.64
2022-12-01,2022,12,15-24,Females,Employment to population ratio,69.93
2022-12-01,2022,12,15-24,Persons,Unemployed total,180.33
2022-12-01,2022,12,15-24,Males,Unemployed total,105.92
2022-12-01,2022,12,15-24,Females,Unemployed total,74.41
2022-12-01,2022,12,15-24,Persons,Unemployment rate,7.54
2022-12-01,2022,12,15-24,Males,Unemployment rate,8.69
2022-12-01,2022,12,15-24,Females,Unemployment rate,6.35
2022-12-01,2022,12,15-24,Persons,Labour force total,2390.8
2022-12-01,2022,12,15-24,Males,Labour force total,1219.6
2022-12-01,2022,12,15-24,Females,Labour force total,1171.21
2022-12-01,2022,12,15-24,Persons,Participation rate,73.8
2022-12-01,2022,12,15-24,Males,Participation rate,72.98
2022-12-01,2022,12,15-24,Females,Participation rate,74.67
2022-12-01,2022,12,25-34,Persons,Employed total,3197.15
2022-12-01,2022,12,25-34,Males,Employed total,1678.67
2022-12-01,2022,12,25-34,Females,Employed total,1518.48
2022-12-01,2022,12,25-34,Persons,Employment to population ratio,84.18
2022-12-01,2022,12,25-34,Males,Employment to population ratio,88.52
2022-12-01,2022,12,25-34,Females,Employment to population ratio,79.85
2022-12-01,2022,12,25-34,Persons,Unemployed total,104.79
2022-12-01,2022,12,25-34,Males,Unemployed total,49.89
2022-12-01,2022,12,25-34,Females,Unemployed total,54.9
2022-12-01,2022,12,25-34,Persons,Unemployment rate,3.17
2022-12-01,2022,12,25-34,Males,Unemployment rate,2.89
2022-12-01,2022,12,25-34,Females,Unemployment rate,3.49
2022-12-01,2022,12,25-34,Persons,Labour force total,3301.94
2022-12-01,2022,12,25-34,Males,Labour force total,1728.56
2022-12-01,2022,12,25-34,Females,Labour force total,1573.38
2022-12-01,2022,12,25-34,Persons,Participation rate,86.94
2022-12-01,2022,12,25-34,Males,Participation rate,91.15
2022-12-01,2022,12,25-34,Females,Participation rate,82.73
2023-01-01,2023,1,15-24,Persons,Employed total,2165.11
2023-01-01,2023,1,15-24,Males,Employed total,1104.77
2023-01-01,2023,1,15-24,Females,Employed total,1060.34
2023-01-01,2023,1,15-24,Persons,Employment to population ratio,66.42
2023-01-01,2023,1,15-24,Males,Employment to population ratio,65.69
2023-01-01,2023,1,15-24,Females,Employment to population ratio,67.19
2023-01-01,2023,1,15-24,Persons,Unemployed total,209.34
2023-01-01,2023,1,15-24,Males,Unemployed total,115.68
2023-01-01,2023,1,15-24,Females,Unemployed total,93.66
2023-01-01,2023,1,15-24,Persons,Unemployment rate,8.82
2023-01-01,2023,1,15-24,Males,Unemployment rate,9.48
2023-01-01,2023,1,15-24,Females,Unemployment rate,8.12
2023-01-01,2023,1,15-24,Persons,Labour force total,2374.45
2023-01-01,2023,1,15-24,Males,Labour force total,1220.45
2023-01-01,2023,1,15-24,Females,Labour force total,1154.01
2023-01-01,2023,1,15-24,Persons,Participation rate,72.84
2023-01-01,2023,1,15-24,Males,Participation rate,72.57
2023-01-01,2023,1,15-24,Females,Participation rate,73.13
2023-01-01,2023,1,25-34,Persons,Employed total,3132.77
2023-01-01,2023,1,25-34,Males,Employed total,1654.19
2023-01-01,2023,1,25-34,Females,Employed total,1478.59
2023-01-01,2023,1,25-34,Persons,Employment to population ratio,82.11
2023-01-01,2023,1,25-34,Males,Employment to population ratio,86.81
2023-01-01,2023,1,25-34,Females,Employment to population ratio,77.41
2023-01-01,2023,1,25-34,Persons,Unemployed total,123.77
2023-01-01,2023,1,25-34,Males,Unemployed total,68.38
2023-01-01,2023,1,25-34,Females,Unemployed total,55.4
2023-01-01,2023,1,25-34,Persons,Unemployment rate,3.8
2023-01-01,2023,1,25-34,Males,Unemployment rate,3.97
2023-01-01,2023,1,25-34,Females,Unemployment rate,3.61
2023-01-01,2023,1,25-34,Persons,Labour force total,3256.55
2023-01-01,2023,1,25-34,Males,Labour force total,1722.56
2023-01-01,2023,1,25-34,Females,Labour force total,1533.98
2023-01-01,2023,1,25-34,Persons,Participation rate,85.35
2023-01-01,2023,1,25-34,Males,Participation rate,90.4
2023-01-01,2023,1,25-34,Females,Participation rate,80.31
2023-02-01,2023,2,15-24,Persons,Employed total,2175.89
2023-02-01,2023,2,15-24,Males,Employed total,1102.9
2023-02-01,2023,2,15-24,Females,Employed total,1072.98
2023-02-01,2023,2,15-24,Persons,Employment to population ratio,66.33
2023-02-01,2023,2,15-24,Males,Employment to population ratio,65.17
2023-02-01,2023,2,15-24,Females,Employment to population ratio,67.58
2023-02-01,2023,2,15-24,Persons,Unemployed total,210.4
2023-02-01,2023,2,15-24,Males,Unemployed total,118.86
2023-02-01,2023,2,15-24,Females,Unemployed total,91.54
2023-02-01,2023,2,15-24,Persons,Unemployment rate,8.82
2023-02-01,2023,2,15-24,Males,Unemployment rate,9.73
2023-02-01,2023,2,15-24,Females,Unemployment rate,7.86
2023-02-01,2023,2,15-24,Persons,Labour force total,2386.29
2023-02-01,2023,2,15-24,Males,Labour force total,1221.76
2023-02-01,2023,2,15-24,Females,Labour force total,1164.52
2023-02-01,2023,2,15-24,Persons,Participation rate,72.75
2023-02-01,2023,2,15-24,Males,Participation rate,72.19
2023-02-01,2023,2,15-24,Females,Participation rate,73.34
2023-02-01,2023,2,25-34,Persons,Employed total,3227.12
2023-02-01,2023,2,25-34,Males,Employed total,1694.79
2023-02-01,2023,2,25-34,Females,Employed total,1532.33
2023-02-01,2023,2,25-34,Persons,Employment to population ratio,84.19
2023-02-01,2023,2,25-34,Males,Employment to population ratio,88.51
2023-02-01,2023,2,25-34,Females,Employment to population ratio,79.88
2023-02-01,2023,2,25-34,Persons,Unemployed total,115.51
2023-02-01,2023,2,25-34,Males,Unemployed total,61.68
2023-02-01,2023,2,25-34,Females,Unemployed total,53.84
2023-02-01,2023,2,25-34,Persons,Unemployment rate,3.46
2023-02-01,2023,2,25-34,Males,Unemployment rate,3.51
2023-02-01,2023,2,25-34,Females,Unemployment rate,3.39
2023-02-01,2023,2,25-34,Persons,Labour force total,3342.63
2023-02-01,2023,2,25-34,Males,Labour force total,1756.46
2023-02-01,2023,2,25-34,Females,Labour force total,1586.17
2023-02-01,2023,2,25-34,Persons,Participation rate,87.21
2023-02-01,2023,2,25-34,Males,Participation rate,91.73
2023-02-01,2023,2,25-34,Females,Participation rate,82.69
2023-03-01,2023,3,15-24,Persons,Employed total,2180.24
2023-03-01,2023,3,15-24,Males,Employed total,1112.87
2023-03-01,2023,3,15-24,Females,Employed total,1067.38
2023-03-01,2023,3,15-24,Persons,Employment to population ratio,66.06
2023-03-01,2023,3,15-24,Males,Employment to population ratio,65.34
2023-03-01,2023,3,15-24,Females,Employment to population ratio,66.82
2023-03-01,2023,3,15-24,Persons,Unemployed total,204.12
2023-03-01,2023,3,15-24,Males,Unemployed total,117.37
2023-03-01,2023,3,15-24,Females,Unemployed total,86.75
2023-03-01,2023,3,15-24,Persons,Unemployment rate,8.56
2023-03-01,2023,3,15-24,Males,Unemployment rate,9.54
2023-03-01,2023,3,15-24,Females,Unemployment rate,7.52
2023-03-01,2023,3,15-24,Persons,Labour force total,2384.36
2023-03-01,2023,3,15-24,Males,Labour force total,1230.24
2023-03-01,2023,3,15-24,Females,Labour force total,1154.13
2023-03-01,2023,3,15-24,Persons,Participation rate,72.24
2023-03-01,2023,3,15-24,Males,Participation rate,72.24
2023-03-01,2023,3,15-24,Females,Participation rate,72.25
2023-03-01,2023,3,25-34,Persons,Employed total,3238.62
2023-03-01,2023,3,25-34,Males,Employed total,1691.52
2023-03-01,2023,3,25-34,Females,Employed total,1547.1
2023-03-01,2023,3,25-34,Persons,Employment to population ratio,84.11
2023-03-01,2023,3,25-34,Males,Employment to population ratio,87.92
2023-03-01,2023,3,25-34,Females,Employment to population ratio,80.31
2023-03-01,2023,3,25-34,Persons,Unemployed total,111.19
2023-03-01,2023,3,25-34,Males,Unemployed total,58.16
2023-03-01,2023,3,25-34,Females,Unemployed total,53.03
2023-03-01,2023,3,25-34,Persons,Unemployment rate,3.32
2023-03-01,2023,3,25-34,Males,Unemployment rate,3.32
2023-03-01,2023,3,25-34,Females,Unemployment rate,3.31
2023-03-01,2023,3,25-34,Persons,Labour force total,3349.81
2023-03-01,2023,3,25-34,Males,Labour force total,1749.69
2023-03-01,2023,3,25-34,Females,Labour force total,1600.13
2023-03-01,2023,3,25-34,Persons,Participation rate,87.0
2023-03-01,2023,3,25-34,Males,Participation rate,90.94
2023-03-01,2023,3,25-34,Females,Participation rate,83.06
2023-04-01,2023,4,15-24,Persons,Employed total,2155.75
2023-04-01,2023,4,15-24,Males,Employed total,1099.21
2023-04-01,2023,4,15-24,Females,Employed total,1056.54
2023-04-01,2023,4,15-24,Persons,Employment to population ratio,65.14
2023-04-01,2023,4,15-24,Males,Employment to population ratio,64.35
2023-04-01,2023,4,15-24,Females,Employment to population ratio,65.99
2023-04-01,2023,4,15-24,Persons,Unemployed total,205.91
2023-04-01,2023,4,15-24,Males,Unemployed total,125.45
2023-04-01,2023,4,15-24,Females,Unemployed total,80.45
2023-04-01,2023,4,15-24,Persons,Unemployment rate,8.72
2023-04-01,2023,4,15-24,Males,Unemployment rate,10.24
2023-04-01,2023,4,15-24,Females,Unemployment rate,7.08
2023-04-01,2023,4,15-24,Persons,Labour force total,2361.66
2023-04-01,2023,4,15-24,Males,Labour force total,1224.66
2023-04-01,2023,4,15-24,Females,Labour force total,1137.0
2023-04-01,2023,4,15-24,Persons,Participation rate,71.37
2023-04-01,2023,4,15-24,Males,Participation rate,71.7
2023-04-01,2023,4,15-24,Females,Participation rate,71.01
2023-04-01,2023,4,25-34,Persons,Employed total,3246.8
2023-04-01,2023,4,25-34,Males,Employed total,1705.28
2023-04-01,2023,4,25-34,Females,Employed total,1541.52
2023-04-01,2023,4,25-34,Persons,Employment to population ratio,84.01
2023-04-01,2023,4,25-34,Males,Employment to population ratio,88.29
2023-04-01,2023,4,25-34,Females,Employment to population ratio,79.74
2023-04-01,2023,4,25-34,Persons,Unemployed total,109.14
2023-04-01,2023,4,25-34,Males,Unemployed total,55.27
2023-04-01,2023,4,25-34,Females,Unemployed total,53.87
2023-04-01,2023,4,25-34,Persons,Unemployment rate,3.25
2023-04-01,2023,4,25-34,Males,Unemployment rate,3.14
2023-04-01,2023,4,25-34,Females,Unemployment rate,3.38
2023-04-01,2023,4,25-34,Persons,Labour force total,3355.94
2023-04-01,2023,4,25-34,Males,Labour force total,1760.55
2023-04-01,2023,4,25-34,Females,Labour force total,1595.39
2023-04-01,2023,4,25-34,Persons,Participation rate,86.84
2023-04-01,2023,4,25-34,Males,Participation rate,91.15
2023-04-01,2023,4,25-34,Females,Participation rate,82.53
2023-05-01,2023,5,15-24,Persons,Employed total,2187.23
2023-05-01,2023,5,15-24,Males,Employed total,1108.54
2023-05-01,2023,5,15-24,Females,Employed total,1078.7
2023-05-01,2023,5,15-24,Persons,Employment to population ratio,65.92
2023-05-01,2023,5,15-24,Males,Employment to population ratio,64.71
2023-05-01,2023,5,15-24,Females,Employment to population ratio,67.22
2023-05-01,2023,5,15-24,Persons,Unemployed total,178.12
2023-05-01,2023,5,15-24,Males,Unemployed total,104.7
2023-05-01,2023,5,15-24,Females,Unemployed total,73.42
2023-05-01,2023,5,15-24,Persons,Unemployment rate,7.53
2023-05-01,2023,5,15-24,Males,Unemployment rate,8.63
2023-05-01,2023,5,15-24,Females,Unemployment rate,6.37
2023-05-01,2023,5,15-24,Persons,Labour force total,2365.36
2023-05-01,2023,5,15-24,Males,Labour force total,1213.24
2023-05-01,2023,5,15-24,Females,Labour force total,1152.12
2023-05-01,2023,5,15-24,Persons,Participation rate,71.29
2023-05-01,2023,5,15-24,Males,Participation rate,70.82
2023-05-01,2023,5,15-24,Females,Participation rate,71.79
2023-05-01,2023,5,25-34,Persons,Employed total,3285.51
2023-05-01,2023,5,25-34,Males,Employed total,1717.68
2023-05-01,2023,5,25-34,Females,Employed total,1567.83
2023-05-01,2023,5,25-34,Persons,Employment to population ratio,84.71
2023-05-01,2023,5,25-34,Males,Employment to population ratio,88.59
2023-05-01,2023,5,25-34,Females,Employment to population ratio,80.83
2023-05-01,2023,5,25-34,Persons,Unemployed total,113.94
2023-05-01,2023,5,25-34,Males,Unemployed total,56.67
2023-05-01,2023,5,25-34,Females,Unemployed total,57.27
2023-05-01,2023,5,25-34,Persons,Unemployment rate,3.35
2023-05-01,2023,5,25-34,Males,Unemployment rate,3.19
2023-05-01,2023,5,25-34,Females,Unemployment rate,3.52
2023-05-01,2023,5,25-34,Persons,Labour force total,3399.45
2023-05-01,2023,5,25-34,Males,Labour force total,1774.35
2023-05-01,2023,5,25-34,Females,Labour force total,1625.1
2023-05-01,2023,5,25-34,Persons,Participation rate,87.64
2023-05-01,2023,5,25-34,Males,Participation rate,91.51
2023-05-01,2023,5,25-34,Females,Participation rate,83.78
2023-06-01,2023,6,15-24,Persons,Employed total,2184.71
2023-06-01,2023,6,15-24,Males,Employed total,1115.47
2023-06-01,2023,6,15-24,Females,Employed total,1069.23
2023-06-01,2023,6,15-24,Persons,Employment to population ratio,65.68
2023-06-01,2023,6,15-24,Males,Employment to population ratio,64.93
2023-06-01,2023,6,15-24,Females,Employment to population ratio,66.48
2023-06-01,2023,6,15-24,Persons,Unemployed total,177.02
2023-06-01,2023,6,15-24,Males,Unemployed total,104.39
2023-06-01,2023,6,15-24,Females,Unemployed total,72.63
2023-06-01,2023,6,15-24,Persons,Unemployment rate,7.5
2023-06-01,2023,6,15-24,Males,Unemployment rate,8.56
2023-06-01,2023,6,15-24,Females,Unemployment rate,6.36
2023-06-01,2023,6,15-24,Persons,Labour force total,2361.73
2023-06-01,2023,6,15-24,Males,Labour force total,1219.86
2023-06-01,2023,6,15-24,Females,Labour force total,1141.87
2023-06-01,2023,6,15-24,Persons,Participation rate,71.0
2023-06-01,2023,6,15-24,Males,Participation rate,71.0
2023-06-01,2023,6,15-24,Females,Participation rate,70.99
2023-06-01,2023,6,25-34,Persons,Employed total,3264.82
2023-06-01,2023,6,25-34,Males,Employed total,1707.61
2023-06-01,2023,6,25-34,Females,Employed total,1557.21
2023-06-01,2023,6,25-34,Persons,Employment to population ratio,83.87
2023-06-01,2023,6,25-34,Males,Employment to population ratio,87.73
2023-06-01,2023,6,25-34,Females,Employment to population ratio,80.01
2023-06-01,2023,6,25-34,Persons,Unemployed total,105.78
2023-06-01,2023,6,25-34,Males,Unemployed total,54.0
2023-06-01,2023,6,25-34,Females,Unemployed total,51.78
2023-06-01,2023,6,25-34,Persons,Unemployment rate,3.14
2023-06-01,2023,6,25-34,Males,Unemployment rate,3.07
2023-06-01,2023,6,25-34,Females,Unemployment rate,3.22
2023-06-01,2023,6,25-34,Persons,Labour force total,3370.6
2023-06-01,2023,6,25-34,Males,Labour force total,1761.61
2023-06-01,2023,6,25-34,Females,Labour force total,1608.99
2023-06-01,2023,6,25-34,Persons,Participation rate,86.58
2023-06-01,2023,6,25-34,Males,Participation rate,90.5
2023-06-01,2023,6,25-34,Females,Participation rate,82.67
2023-07-01,2023,7,15-24,Persons,Employed total,2174.16
2023-07-01,2023,7,15-24,Males,Employed total,1113.69
2023-07-01,2023,7,15-24,Females,Employed total,1060.47
2023-07-01,2023,7,15-24,Persons,Employment to population ratio,65.05
2023-07-01,2023,7,15-24,Males,Employment to population ratio,64.51
2023-07-01,2023,7,15-24,Females,Employment to population ratio,65.62
2023-07-01,2023,7,15-24,Persons,Unemployed total,195.18
2023-07-01,2023,7,15-24,Males,Unemployed total,111.44
2023-07-01,2023,7,15-24,Females,Unemployed total,83.74
2023-07-01,2023,7,15-24,Persons,Unemployment rate,8.24
2023-07-01,2023,7,15-24,Males,Unemployment rate,9.1
2023-07-01,2023,7,15-24,Females,Unemployment rate,7.32
2023-07-01,2023,7,15-24,Persons,Labour force total,2369.34
2023-07-01,2023,7,15-24,Males,Labour force total,1225.13
2023-07-01,2023,7,15-24,Females,Labour force total,1144.21
2023-07-01,2023,7,15-24,Persons,Participation rate,70.89
2023-07-01,2023,7,15-24,Males,Participation rate,70.97
2023-07-01,2023,7,15-24,Females,Participation rate,70.81
2023-07-01,2023,7,25-34,Persons,Employed total,3266.99
2023-07-01,2023,7,25-34,Males,Employed total,1708.0
2023-07-01,2023,7,25-34,Females,Employed total,1558.99
2023-07-01,2023,7,25-34,Persons,Employment to population ratio,83.62
2023-07-01,2023,7,25-34,Males,Employment to population ratio,87.41
2023-07-01,2023,7,25-34,Females,Employment to population ratio,79.83
2023-07-01,2023,7,25-34,Persons,Unemployed total,121.41
2023-07-01,2023,7,25-34,Males,Unemployed total,64.84
2023-07-01,2023,7,25-34,Females,Unemployed total,56.57
2023-07-01,2023,7,25-34,Persons,Unemployment rate,3.58
2023-07-01,2023,7,25-34,Males,Unemployment rate,3.66
2023-07-01,2023,7,25-34,Females,Unemployment rate,3.5
2023-07-01,2023,7,25-34,Persons,Labour force total,3388.39
2023-07-01,2023,7,25-34,Males,Labour force total,1772.84
2023-07-01,2023,7,25-34,Females,Labour force total,1615.56
2023-07-01,2023,7,25-34,Persons,Participation rate,86.73
2023-07-01,2023,7,25-34,Males,Participation rate,90.72
2023-07-01,2023,7,25-34,Females,Participation rate,82.73
2023-08-01,2023,8,15-24,Persons,Employed total,2134.58
2023-08-01,2023,8,15-24,Males,Employed total,1091.73
2023-08-01,2023,8,15-24,Females,Employed total,1042.85
2023-08-01,2023,8,15-24,Persons,Employment to population ratio,63.56
2023-08-01,2023,8,15-24,Males,Employment to population ratio,62.94
2023-08-01,2023,8,15-24,Females,Employment to population ratio,64.23
2023-08-01,2023,8,15-24,Persons,Unemployed total,190.06
2023-08-01,2023,8,15-24,Males,Unemployed total,103.39
2023-08-01,2023,8,15-24,Females,Unemployed total,86.67
2023-08-01,2023,8,15-24,Persons,Unemployment rate,8.18
2023-08-01,2023,8,15-24,Males,Unemployment rate,8.65
2023-08-01,2023,8,15-24,Females,Unemployment rate,7.67
2023-08-01,2023,8,15-24,Persons,Labour force total,2324.64
2023-08-01,2023,8,15-24,Males,Labour force total,1195.12
2023-08-01,2023,8,15-24,Females,Labour force total,1129.52
2023-08-01,2023,8,15-24,Persons,Participation rate,69.22
2023-08-01,2023,8,15-24,Males,Participation rate,68.9
2023-08-01,2023,8,15-24,Females,Participation rate,69.57
2023-08-01,2023,8,25-34,Persons,Employed total,3265.05
2023-08-01,2023,8,25-34,Males,Employed total,1711.22
2023-08-01,2023,8,25-34,Females,Employed total,1553.83
2023-08-01,2023,8,25-34,Persons,Employment to population ratio,83.27
2023-08-01,2023,8,25-34,Males,Employment to population ratio,87.23
2023-08-01,2023,8,25-34,Females,Employment to population ratio,79.31
2023-08-01,2023,8,25-34,Persons,Unemployed total,117.48
2023-08-01,2023,8,25-34,Males,Unemployed total,70.13
2023-08-01,2023,8,25-34,Females,Unemployed total,47.35
2023-08-01,2023,8,25-34,Persons,Unemployment rate,3.47
2023-08-01,2023,8,25-34,Males,Unemployment rate,3.94
2023-08-01,2023,8,25-34,Females,Unemployment rate,2.96
2023-08-01,2023,8,25-34,Persons,Labour force total,3382.52
2023-08-01,2023,8,25-34,Males,Labour force total,1781.35
2023-08-01,2023,8,25-34,Females,Labour force total,1601.18
2023-08-01,2023,8,25-34,Persons,Participation rate,86.27
2023-08-01,2023,8,25-34,Males,Participation rate,90.81
2023-08-01,2023,8,25-34,Females,Participation rate,81.72
2023-09-01,2023,9,15-24,Persons,Employed total,2143.54
2023-09-01,2023,9,15-24,Males,Employed total,1090.07
2023-09-01,2023,9,15-24,Females,Employed total,1053.48
2023-09-01,2023,9,15-24,Persons,Employment to population ratio,63.53
2023-09-01,2023,9,15-24,Males,Employment to population ratio,62.54
2023-09-01,2023,9,15-24,Females,Employment to population ratio,64.59
2023-09-01,2023,9,15-24,Persons,Unemployed total,179.02
2023-09-01,2023,9,15-24,Males,Unemployed total,100.15
2023-09-01,2023,9,15-24,Females,Unemployed total,78.87
2023-09-01,2023,9,15-24,Persons,Unemployment rate,7.71
2023-09-01,2023,9,15-24,Males,Unemployment rate,8.41
2023-09-01,2023,9,15-24,Females,Unemployment rate,6.97
2023-09-01,2023,9,15-24,Persons,Labour force total,2322.56
2023-09-01,2023,9,15-24,Males,Labour force total,1190.21
2023-09-01,2023,9,15-24,Females,Labour force total,1132.35
2023-09-01,2023,9,15-24,Persons,Participation rate,68.84
2023-09-01,2023,9,15-24,Males,Participation rate,68.29
2023-09-01,2023,9,15-24,Females,Participation rate,69.42
2023-09-01,2023,9,25-34,Persons,Employed total,3287.55
2023-09-01,2023,9,25-34,Males,Employed total,1718.83
2023-09-01,2023,9,25-34,Females,Employed total,1568.72
2023-09-01,2023,9,25-34,Persons,Employment to population ratio,83.54
2023-09-01,2023,9,25-34,Males,Employment to population ratio,87.28
2023-09-01,2023,9,25-34,Females,Employment to population ratio,79.8
2023-09-01,2023,9,25-34,Persons,Unemployed total,110.59
2023-09-01,2023,9,25-34,Males,Unemployed total,57.45
2023-09-01,2023,9,25-34,Females,Unemployed total,53.13
2023-09-01,2023,9,25-34,Persons,Unemployment rate,3.25
2023-09-01,2023,9,25-34,Males,Unemployment rate,3.23
2023-09-01,2023,9,25-34,Females,Unemployment rate,3.28
2023-09-01,2023,9,25-34,Persons,Labour force total,3398.14
2023-09-01,2023,9,25-34,Males,Labour force total,1776.28
2023-09-01,2023,9,25-34,Females,Labour force total,1621.85
2023-09-01,2023,9,25-34,Persons,Participation rate,86.35
2023-09-01,2023,9,25-34,Males,Participation rate,90.2
2023-09-01,2023,9,25-34,Females,Participation rate,82.51
2023-10-01,2023,10,15-24,Persons,Employed total,2158.94
2023-10-01,2023,10,15-24,Males,Employed total,1083.67
2023-10-01,2023,10,15-24,Females,Employed total,1075.28
2023-10-01,2023,10,15-24,Persons,Employment to population ratio,63.89
2023-10-01,2023,10,15-24,Males,Employment to population ratio,62.08
2023-10-01,2023,10,15-24,Females,Employment to population ratio,65.83
2023-10-01,2023,10,15-24,Persons,Unemployed total,207.86
2023-10-01,2023,10,15-24,Males,Unemployed total,120.53
2023-10-01,2023,10,15-24,Females,Unemployed total,87.32
2023-10-01,2023,10,15-24,Persons,Unemployment rate,8.78
2023-10-01,2023,10,15-24,Males,Unemployment rate,10.01
2023-10-01,2023,10,15-24,Females,Unemployment rate,7.51
2023-10-01,2023,10,15-24,Persons,Labour force total,2366.8
2023-10-01,2023,10,15-24,Males,Labour force total,1204.2
2023-10-01,2023,10,15-24,Females,Labour force total,1162.6
2023-10-01,2023,10,15-24,Persons,Participation rate,70.04
2023-10-01,2023,10,15-24,Males,Participation rate,68.99
2023-10-01,2023,10,15-24,Females,Participation rate,71.17
2023-10-01,2023,10,25-34,Persons,Employed total,3290.87
2023-10-01,2023,10,25-34,Males,Employed total,1717.25
2023-10-01,2023,10,25-34,Females,Employed total,1573.62
2023-10-01,2023,10,25-34,Persons,Employment to population ratio,83.42
2023-10-01,2023,10,25-34,Males,Employment to population ratio,86.98
2023-10-01,2023,10,25-34,Females,Employment to population ratio,79.85
2023-10-01,2023,10,25-34,Persons,Unemployed total,117.23
2023-10-01,2023,10,25-34,Males,Unemployed total,63.6
2023-10-01,2023,10,25-34,Females,Unemployed total,53.62
2023-10-01,2023,10,25-34,Persons,Unemployment rate,3.44
2023-10-01,2023,10,25-34,Males,Unemployment rate,3.57
2023-10-01,2023,10,25-34,Females,Unemployment rate,3.3
2023-10-01,2023,10,25-34,Persons,Labour force total,3408.1
2023-10-01,2023,10,25-34,Males,Labour force total,1780.85
2023-10-01,2023,10,25-34,Females,Labour force total,1627.24
2023-10-01,2023,10,25-34,Persons,Participation rate,86.39
2023-10-01,2023,10,25-34,Males,Participation rate,90.2
2023-10-01,2023,10,25-34,Females,Participation rate,82.57
2023-11-01,2023,11,15-24,Persons,Employed total,2173.86
2023-11-01,2023,11,15-24,Males,Employed total,1108.57
2023-11-01,2023,11,15-24,Females,Employed total,1065.29
2023-11-01,2023,11,15-24,Persons,Employment to population ratio,64.24
2023-11-01,2023,11,15-24,Males,Employment to population ratio,63.42
2023-11-01,2023,11,15-24,Females,Employment to population ratio,65.12
2023-11-01,2023,11,15-24,Persons,Unemployed total,213.91
2023-11-01,2023,11,15-24,Males,Unemployed total,124.03
2023-11-01,2023,11,15-24,Females,Unemployed total,89.88
2023-11-01,2023,11,15-24,Persons,Unemployment rate,8.96
2023-11-01,2023,11,15-24,Males,Unemployment rate,10.06
2023-11-01,2023,11,15-24,Females,Unemployment rate,7.78
2023-11-01,2023,11,15-24,Persons,Labour force total,2387.77
2023-11-01,2023,11,15-24,Males,Labour force total,1232.6
2023-11-01,2023,11,15-24,Females,Labour force total,1155.17
2023-11-01,2023,11,15-24,Persons,Participation rate,70.56
2023-11-01,2023,11,15-24,Males,Participation rate,70.52
2023-11-01,2023,11,15-24,Females,Participation rate,70.61
2023-11-01,2023,11,25-34,Persons,Employed total,3339.36
2023-11-01,2023,11,25-34,Males,Employed total,1744.53
2023-11-01,2023,11,25-34,Females,Employed total,1594.84
2023-11-01,2023,11,25-34,Persons,Employment to population ratio,84.43
2023-11-01,2023,11,25-34,Males,Employment to population ratio,88.13
2023-11-01,2023,11,25-34,Females,Employment to population ratio,80.72
2023-11-01,2023,11,25-34,Persons,Unemployed total,106.68
2023-11-01,2023,11,25-34,Males,Unemployed total,59.22
2023-11-01,2023,11,25-34,Females,Unemployed total,47.46
2023-11-01,2023,11,25-34,Persons,Unemployment rate,3.1
2023-11-01,2023,11,25-34,Males,Unemployment rate,3.28
2023-11-01,2023,11,25-34,Females,Unemployment rate,2.89
2023-11-01,2023,11,25-34,Persons,Labour force total,3446.05
2023-11-01,2023,11,25-34,Males,Labour force total,1803.75
2023-11-01,2023,11,25-34,Females,Labour force total,1642.3
2023-11-01,2023,11,25-34,Persons,Participation rate,87.13
2023-11-01,2023,11,25-34,Males,Participation rate,91.13
2023-11-01,2023,11,25-34,Females,Participation rate,83.12
2023-12-01,2023,12,15-24,Persons,Employed total,2221.37
2023-12-01,2023,12,15-24,Males,Employed total,1128.77
2023-12-01,2023,12,15-24,Females,Employed total,1092.6
2023-12-01,2023,12,15-24,Persons,Employment to population ratio,65.55
2023-12-01,2023,12,15-24,Males,Employment to population ratio,64.49
2023-12-01,2023,12,15-24,Females,Employment to population ratio,66.69
2023-12-01,2023,12,15-24,Persons,Unemployed total,233.14
2023-12-01,2023,12,15-24,Males,Unemployed total,131.43
2023-12-01,2023,12,15-24,Females,Unemployed total,101.71
2023-12-01,2023,12,15-24,Persons,Unemployment rate,9.5
2023-12-01,2023,12,15-24,Males,Unemployment rate,10.43
2023-12-01,2023,12,15-24,Females,Unemployment rate,8.52
2023-12-01,2023,12,15-24,Persons,Labour force total,2454.51
2023-12-01,2023,12,15-24,Males,Labour force total,1260.2
2023-12-01,2023,12,15-24,Females,Labour force total,1194.31
2023-12-01,2023,12,15-24,Persons,Participation rate,72.43
2023-12-01,2023,12,15-24,Males,Participation rate,72.0
2023-12-01,2023,12,15-24,Females,Participation rate,72.89
2023-12-01,2023,12,25-34,Persons,Employed total,3335.35
2023-12-01,2023,12,25-34,Males,Employed total,1737.25
2023-12-01,2023,12,25-34,Females,Employed total,1598.1
2023-12-01,2023,12,25-34,Persons,Employment to population ratio,84.12
2023-12-01,2023,12,25-34,Males,Employment to population ratio,87.54
2023-12-01,2023,12,25-34,Females,Employment to population ratio,80.68
2023-12-01,2023,12,25-34,Persons,Unemployed total,117.18
2023-12-01,2023,12,25-34,Males,Unemployed total,61.9
2023-12-01,2023,12,25-34,Females,Unemployed total,55.28
2023-12-01,2023,12,25-34,Persons,Unemployment rate,3.39
2023-12-01,2023,12,25-34,Males,Unemployment rate,3.44
2023-12-01,2023,12,25-34,Females,Unemployment rate,3.34
2023-12-01,2023,12,25-34,Persons,Labour force total,3452.52
2023-12-01,2023,12,25-34,Males,Labour force total,1799.14
2023-12-01,2023,12,25-34,Females,Labour force total,1653.38
2023-12-01,2023,12,25-34,Persons,Participation rate,87.07
2023-12-01,2023,12,25-34,Males,Participation rate,90.66
2023-12-01,2023,12,25-34,Females,Participation rate,83.47
2024-01-01,2024,1,15-24,Persons,Employed total,2168.98
2024-01-01,2024,1,15-24,Males,Employed total,1088.35
2024-01-01,2024,1,15-24,Females,Employed total,1080.63
2024-01-01,2024,1,15-24,Persons,Employment to population ratio,63.73
2024-01-01,2024,1,15-24,Males,Employment to population ratio,61.91
2024-01-01,2024,1,15-24,Females,Employment to population ratio,65.66
2024-01-01,2024,1,15-24,Persons,Unemployed total,253.07
2024-01-01,2024,1,15-24,Males,Unemployed total,148.21
2024-01-01,2024,1,15-24,Females,Unemployed total,104.86
2024-01-01,2024,1,15-24,Persons,Unemployment rate,10.45
2024-01-01,2024,1,15-24,Males,Unemployment rate,11.99
2024-01-01,2024,1,15-24,Females,Unemployment rate,8.85
2024-01-01,2024,1,15-24,Persons,Labour force total,2422.05
2024-01-01,2024,1,15-24,Males,Labour force total,1236.56
2024-01-01,2024,1,15-24,Females,Labour force total,1185.48
2024-01-01,2024,1,15-24,Persons,Participation rate,71.16
2024-01-01,2024,1,15-24,Males,Participation rate,70.35
2024-01-01,2024,1,15-24,Females,Participation rate,72.03
2024-01-01,2024,1,25-34,Persons,Employed total,3239.88
2024-01-01,2024,1,25-34,Males,Employed total,1697.21
2024-01-01,2024,1,25-34,Females,Employed total,1542.67
2024-01-01,2024,1,25-34,Persons,Employment to population ratio,81.49
2024-01-01,2024,1,25-34,Males,Employment to population ratio,85.29
2024-01-01,2024,1,25-34,Females,Employment to population ratio,77.68
2024-01-01,2024,1,25-34,Persons,Unemployed total,143.65
2024-01-01,2024,1,25-34,Males,Unemployed total,79.14
2024-01-01,2024,1,25-34,Females,Unemployed total,64.5
2024-01-01,2024,1,25-34,Persons,Unemployment rate,4.25
2024-01-01,2024,1,25-34,Males,Unemployment rate,4.46
2024-01-01,2024,1,25-34,Females,Unemployment rate,4.01
2024-01-01,2024,1,25-34,Persons,Labour force total,3383.53
2024-01-01,2024,1,25-34,Males,Labour force total,1776.36
2024-01-01,2024,1,25-34,Females,Labour force total,1607.17
2024-01-01,2024,1,25-34,Persons,Participation rate,85.1
2024-01-01,2024,1,25-34,Males,Participation rate,89.26
2024-01-01,2024,1,25-34,Females,Participation rate,80.92
2024-02-01,2024,2,15-24,Persons,Employed total,2189.77
2024-02-01,2024,2,15-24,Males,Employed total,1107.51
2024-02-01,2024,2,15-24,Females,Employed total,1082.26
2024-02-01,2024,2,15-24,Persons,Employment to population ratio,64.06
2024-02-01,2024,2,15-24,Males,Employment to population ratio,62.74
2024-02-01,2024,2,15-24,Females,Employment to population ratio,65.47
2024-02-01,2024,2,15-24,Persons,Unemployed total,243.22
2024-02-01,2024,2,15-24,Males,Unemployed total,133.79
2024-02-01,2024,2,15-24,Females,Unemployed total,109.43
2024-02-01,2024,2,15-24,Persons,Unemployment rate,10.0
2024-02-01,2024,2,15-24,Males,Unemployment rate,10.78
2024-02-01,2024,2,15-24,Females,Unemployment rate,9.18
2024-02-01,2024,2,15-24,Persons,Labour force total,2432.99
2024-02-01,2024,2,15-24,Males,Labour force total,1241.3
2024-02-01,2024,2,15-24,Females,Labour force total,1191.69
2024-02-01,2024,2,15-24,Persons,Participation rate,71.18
2024-02-01,2024,2,15-24,Males,Participation rate,70.32
2024-02-01,2024,2,15-24,Females,Participation rate,72.09
2024-02-01,2024,2,25-34,Persons,Employed total,3346.52
2024-02-01,2024,2,25-34,Males,Employed total,1739.96
2024-02-01,2024,2,25-34,Females,Employed total,1606.57
2024-02-01,2024,2,25-34,Persons,Employment to population ratio,83.94
2024-02-01,2024,2,25-34,Males,Employment to population ratio,87.19
2024-02-01,2024,2,25-34,Females,Employment to population ratio,80.68
2024-02-01,2024,2,25-34,Persons,Unemployed total,127.63
2024-02-01,2024,2,25-34,Males,Unemployed total,69.11
2024-02-01,2024,2,25-34,Females,Unemployed total,58.53
2024-02-01,2024,2,25-34,Persons,Unemployment rate,3.67
2024-02-01,2024,2,25-34,Males,Unemployment rate,3.82
2024-02-01,2024,2,25-34,Females,Unemployment rate,3.51
2024-02-01,2024,2,25-34,Persons,Labour force total,3474.15
2024-02-01,2024,2,25-34,Males,Labour force total,1809.06
2024-02-01,2024,2,25-34,Females,Labour force total,1665.09
2024-02-01,2024,2,25-34,Persons,Participation rate,87.14
2024-02-01,2024,2,25-34,Males,Participation rate,90.65
2024-02-01,2024,2,25-34,Females,Participation rate,83.62
2024-03-01,2024,3,15-24,Persons,Employed total,2185.99
2024-03-01,2024,3,15-24,Males,Employed total,1113.29
2024-03-01,2024,3,15-24,Females,Employed total,1072.7
2024-03-01,2024,3,15-24,Persons,Employment to population ratio,63.67
2024-03-01,2024,3,15-24,Males,Employment to population ratio,62.8
2024-03-01,2024,3,15-24,Females,Employment to population ratio,64.61
2024-03-01,2024,3,15-24,Persons,Unemployed total,258.3
2024-03-01,2024,3,15-24,Males,Unemployed total,152.61
2024-03-01,2024,3,15-24,Females,Unemployed total,105.69
2024-03-01,2024,3,15-24,Persons,Unemployment rate,10.57
2024-03-01,2024,3,15-24,Males,Unemployment rate,12.06
2024-03-01,2024,3,15-24,Females,Unemployment rate,8.97
2024-03-01,2024,3,15-24,Persons,Labour force total,2444.29
2024-03-01,2024,3,15-24,Males,Labour force total,1265.9
2024-03-01,2024,3,15-24,Females,Labour force total,1178.39
2024-03-01,2024,3,15-24,Persons,Participation rate,71.2
2024-03-01,2024,3,15-24,Males,Participation rate,71.41
2024-03-01,2024,3,15-24,Females,Participation rate,70.97
2024-03-01,2024,3,25-34,Persons,Employed total,3324.7
2024-03-01,2024,3,25-34,Males,Employed total,1735.24
2024-03-01,2024,3,25-34,Females,Employed total,1589.47
2024-03-01,2024,3,25-34,Persons,Employment to population ratio,83.16
2024-03-01,2024,3,25-34,Males,Employment to population ratio,86.71
2024-03-01,2024,3,25-34,Females,Employment to population ratio,79.61
2024-03-01,2024,3,25-34,Persons,Unemployed total,118.57
2024-03-01,2024,3,25-34,Males,Unemployed total,65.23
2024-03-01,2024,3,25-34,Females,Unemployed total,53.34
2024-03-01,2024,3,25-34,Persons,Unemployment rate,3.44
2024-03-01,2024,3,25-34,Males,Unemployment rate,3.62
2024-03-01,2024,3,25-34,Females,Unemployment rate,3.25
2024-03-01,2024,3,25-34,Persons,Labour force total,3443.27
2024-03-01,2024,3,25-34,Males,Labour force total,1800.47
2024-03-01,2024,3,25-34,Females,Labour force total,1642.8
2024-03-01,2024,3,25-34,Persons,Participation rate,86.13
2024-03-01,2024,3,25-34,Males,Participation rate,89.97
2024-03-01,2024,3,25-34,Females,Participation rate,82.28
2024-04-01,2024,4,15-24,Persons,Employed total,2187.93
2024-04-01,2024,4,15-24,Males,Employed total,1115.53
2024-04-01,2024,4,15-24,Females,Employed total,1072.4
2024-04-01,2024,4,15-24,Persons,Employment to population ratio,63.71
2024-04-01,2024,4,15-24,Males,Employment to population ratio,62.9
2024-04-01,2024,4,15-24,Females,Employment to population ratio,64.58
2024-04-01,2024,4,15-24,Persons,Unemployed total,241.03
2024-04-01,2024,4,15-24,Males,Unemployed total,141.21
2024-04-01,2024,4,15-24,Females,Unemployed total,99.82
2024-04-01,2024,4,15-24,Persons,Unemployment rate,9.92
2024-04-01,2024,4,15-24,Males,Unemployment rate,11.24
2024-04-01,2024,4,15-24,Females,Unemployment rate,8.52
2024-04-01,2024,4,15-24,Persons,Labour force total,2428.95
2024-04-01,2024,4,15-24,Males,Labour force total,1256.74
2024-04-01,2024,4,15-24,Females,Labour force total,1172.21
2024-04-01,2024,4,15-24,Persons,Participation rate,70.73
2024-04-01,2024,4,15-24,Males,Participation rate,70.86
2024-04-01,2024,4,15-24,Females,Participation rate,70.59
2024-04-01,2024,4,25-34,Persons,Employed total,3337.21
2024-04-01,2024,4,25-34,Males,Employed total,1743.1
2024-04-01,2024,4,25-34,Females,Employed total,1594.11
2024-04-01,2024,4,25-34,Persons,Employment to population ratio,83.4
2024-04-01,2024,4,25-34,Males,Employment to population ratio,87.01
2024-04-01,2024,4,25-34,Females,Employment to population ratio,79.78
2024-04-01,2024,4,25-34,Persons,Unemployed total,131.51
2024-04-01,2024,4,25-34,Males,Unemployed total,72.02
2024-04-01,2024,4,25-34,Females,Unemployed total,59.48
2024-04-01,2024,4,25-34,Persons,Unemployment rate,3.79
2024-04-01,2024,4,25-34,Males,Unemployment rate,3.97
2024-04-01,2024,4,25-34,Females,Unemployment rate,3.6
2024-04-01,2024,4,25-34,Persons,Labour force total,3468.72
2024-04-01,2024,4,25-34,Males,Labour force total,1815.12
2024-04-01,2024,4,25-34,Females,Labour force total,1653.6
2024-04-01,2024,4,25-34,Persons,Participation rate,86.69
2024-04-01,2024,4,25-34,Males,Participation rate,90.61
2024-04-01,2024,4,25-34,Females,Participation rate,82.75
2024-05-01,2024,5,15-24,Persons,Employed total,2191.34
2024-05-01,2024,5,15-24,Males,Employed total,1121.12
2024-05-01,2024,5,15-24,Females,Employed total,1070.22
2024-05-01,2024,5,15-24,Persons,Employment to population ratio,63.79
2024-05-01,2024,5,15-24,Males,Employment to population ratio,63.19
2024-05-01,2024,5,15-24,Females,Employment to population ratio,64.44
2024-05-01,2024,5,15-24,Persons,Unemployed total,229.47
2024-05-01,2024,5,15-24,Males,Unemployed total,132.6
2024-05-01,2024,5,15-24,Females,Unemployed total,96.87
2024-05-01,2024,5,15-24,Persons,Unemployment rate,9.48
2024-05-01,2024,5,15-24,Males,Unemployment rate,10.58
2024-05-01,2024,5,15-24,Females,Unemployment rate,8.3
2024-05-01,2024,5,15-24,Persons,Labour force total,2420.81
2024-05-01,2024,5,15-24,Males,Labour force total,1253.71
2024-05-01,2024,5,15-24,Females,Labour force total,1167.1
2024-05-01,2024,5,15-24,Persons,Participation rate,70.47
2024-05-01,2024,5,15-24,Males,Participation rate,70.66
2024-05-01,2024,5,15-24,Females,Participation rate,70.27
2024-05-01,2024,5,25-34,Persons,Employed total,3360.21
2024-05-01,2024,5,25-34,Males,Employed total,1754.12
2024-05-01,2024,5,25-34,Females,Employed total,1606.1
2024-05-01,2024,5,25-34,Persons,Employment to population ratio,83.9
2024-05-01,2024,5,25-34,Males,Employment to population ratio,87.47
2024-05-01,2024,5,25-34,Females,Employment to population ratio,80.31
2024-05-01,2024,5,25-34,Persons,Unemployed total,133.58
2024-05-01,2024,5,25-34,Males,Unemployed total,71.63
2024-05-01,2024,5,25-34,Females,Unemployed total,61.95
2024-05-01,2024,5,25-34,Persons,Unemployment rate,3.82
2024-05-01,2024,5,25-34,Males,Unemployment rate,3.92
2024-05-01,2024,5,25-34,Females,Unemployment rate,3.71
2024-05-01,2024,5,25-34,Persons,Labour force total,3493.79
2024-05-01,2024,5,25-34,Males,Labour force total,1825.75
2024-05-01,2024,5,25-34,Females,Labour force total,1668.05
2024-05-01,2024,5,25-34,Persons,Participation rate,87.23
2024-05-01,2024,5,25-34,Males,Participation rate,91.04
2024-05-01,2024,5,25-34,Females,Participation rate,83.41
2024-06-01,2024,6,15-24,Persons,Employed total,2197.91
2024-06-01,2024,6,15-24,Males,Employed total,1136.45
2024-06-01,2024,6,15-24,Females,Employed total,1061.46
2024-06-01,2024,6,15-24,Persons,Employment to population ratio,63.96
2024-06-01,2024,6,15-24,Males,Employment to population ratio,64.03
2024-06-01,2024,6,15-24,Females,Employment to population ratio,63.9
2024-06-01,2024,6,15-24,Persons,Unemployed total,214.66
2024-06-01,2024,6,15-24,Males,Unemployed total,123.28
2024-06-01,2024,6,15-24,Females,Unemployed total,91.37
2024-06-01,2024,6,15-24,Persons,Unemployment rate,8.9
2024-06-01,2024,6,15-24,Males,Unemployment rate,9.79
2024-06-01,2024,6,15-24,Females,Unemployment rate,7.93
2024-06-01,2024,6,15-24,Persons,Labour force total,2412.56
2024-06-01,2024,6,15-24,Males,Labour force total,1259.73
2024-06-01,2024,6,15-24,Females,Labour force total,1152.83
2024-06-01,2024,6,15-24,Persons,Participation rate,70.21
2024-06-01,2024,6,15-24,Males,Participation rate,70.97
2024-06-01,2024,6,15-24,Females,Participation rate,69.4
2024-06-01,2024,6,25-34,Persons,Employed total,3350.06
2024-06-01,2024,6,25-34,Males,Employed total,1745.65
2024-06-01,2024,6,25-34,Females,Employed total,1604.41
2024-06-01,2024,6,25-34,Persons,Employment to population ratio,83.57
2024-06-01,2024,6,25-34,Males,Employment to population ratio,86.96
2024-06-01,2024,6,25-34,Females,Employment to population ratio,80.17
2024-06-01,2024,6,25-34,Persons,Unemployed total,128.32
2024-06-01,2024,6,25-34,Males,Unemployed total,69.44
2024-06-01,2024,6,25-34,Females,Unemployed total,58.88
2024-06-01,2024,6,25-34,Persons,Unemployment rate,3.69
2024-06-01,2024,6,25-34,Males,Unemployment rate,3.83
2024-06-01,2024,6,25-34,Females,Unemployment rate,3.54
2024-06-01,2024,6,25-34,Persons,Labour force total,3478.38
2024-06-01,2024,6,25-34,Males,Labour force total,1815.08
2024-06-01,2024,6,25-34,Females,Labour force total,1663.29
2024-06-01,2024,6,25-34,Persons,Participation rate,86.77
2024-06-01,2024,6,25-34,Males,Participation rate,90.42
2024-06-01,2024,6,25-34,Females,Participation rate,83.11
2024-07-01,2024,7,15-24,Persons,Employed total,2182.36
2024-07-01,2024,7,15-24,Males,Employed total,1110.19
2024-07-01,2024,7,15-24,Females,Employed total,1072.17
2024-07-01,2024,7,15-24,Persons,Employment to population ratio,63.36
2024-07-01,2024,7,15-24,Males,Employment to population ratio,62.41
2024-07-01,2024,7,15-24,Females,Employment to population ratio,64.38
2024-07-01,2024,7,15-24,Persons,Unemployed total,226.99
2024-07-01,2024,7,15-24,Males,Unemployed total,140.15
2024-07-01,2024,7,15-24,Females,Unemployed total,86.83
2024-07-01,2024,7,15-24,Persons,Unemployment rate,9.42
2024-07-01,2024,7,15-24,Males,Unemployment rate,11.21
2024-07-01,2024,7,15-24,Females,Unemployment rate,7.49
2024-07-01,2024,7,15-24,Persons,Labour force total,2409.35
2024-07-01,2024,7,15-24,Males,Labour force total,1250.34
2024-07-01,2024,7,15-24,Females,Labour force total,1159.0
2024-07-01,2024,7,15-24,Persons,Participation rate,69.95
2024-07-01,2024,7,15-24,Males,Participation rate,70.28
2024-07-01,2024,7,15-24,Females,Participation rate,69.59
2024-07-01,2024,7,25-34,Persons,Employed total,3358.11
2024-07-01,2024,7,25-34,Males,Employed total,1751.31
2024-07-01,2024,7,25-34,Females,Employed total,1606.8
2024-07-01,2024,7,25-34,Persons,Employment to population ratio,83.67
2024-07-01,2024,7,25-34,Males,Employment to population ratio,87.12
2024-07-01,2024,7,25-34,Females,Employment to population ratio,80.2
2024-07-01,2024,7,25-34,Persons,Unemployed total,138.38
2024-07-01,2024,7,25-34,Males,Unemployed total,78.9
2024-07-01,2024,7,25-34,Females,Unemployed total,59.48
2024-07-01,2024,7,25-34,Persons,Unemployment rate,3.96
2024-07-01,2024,7,25-34,Males,Unemployment rate,4.31
2024-07-01,2024,7,25-34,Females,Unemployment rate,3.57
2024-07-01,2024,7,25-34,Persons,Labour force total,3496.5
2024-07-01,2024,7,25-34,Males,Labour force total,1830.21
2024-07-01,2024,7,25-34,Females,Labour force total,1666.28
2024-07-01,2024,7,25-34,Persons,Participation rate,87.12
2024-07-01,2024,7,25-34,Males,Participation rate,91.05
2024-07-01,2024,7,25-34,Females,Participation rate,83.17
2024-08-01,2024,8,15-24,Persons,Employed total,2157.74
2024-08-01,2024,8,15-24,Males,Employed total,1101.93
2024-08-01,2024,8,15-24,Females,Employed total,1055.82
2024-08-01,2024,8,15-24,Persons,Employment to population ratio,62.49
2024-08-01,2024,8,15-24,Males,Employment to population ratio,61.8
2024-08-01,2024,8,15-24,Females,Employment to population ratio,63.24
2024-08-01,2024,8,15-24,Persons,Unemployed total,233.8
2024-08-01,2024,8,15-24,Males,Unemployed total,139.9
2024-08-01,2024,8,15-24,Females,Unemployed total,93.91
2024-08-01,2024,8,15-24,Persons,Unemployment rate,9.78
2024-08-01,2024,8,15-24,Males,Unemployment rate,11.27
2024-08-01,2024,8,15-24,Females,Unemployment rate,8.17
2024-08-01,2024,8,15-24,Persons,Labour force total,2391.55
2024-08-01,2024,8,15-24,Males,Labour force total,1241.82
2024-08-01,2024,8,15-24,Females,Labour force total,1149.72
2024-08-01,2024,8,15-24,Persons,Participation rate,69.27
2024-08-01,2024,8,15-24,Males,Participation rate,69.65
2024-08-01,2024,8,15-24,Females,Participation rate,68.86
2024-08-01,2024,8,25-34,Persons,Employed total,3349.39
2024-08-01,2024,8,25-34,Males,Employed total,1747.19
2024-08-01,2024,8,25-34,Females,Employed total,1602.2
2024-08-01,2024,8,25-34,Persons,Employment to population ratio,83.35
2024-08-01,2024,8,25-34,Males,Employment to population ratio,86.8
2024-08-01,2024,8,25-34,Females,Employment to population ratio,79.89
2024-08-01,2024,8,25-34,Persons,Unemployed total,127.35
2024-08-01,2024,8,25-34,Males,Unemployed total,70.55
2024-08-01,2024,8,25-34,Females,Unemployed total,56.8
2024-08-01,2024,8,25-34,Persons,Unemployment rate,3.66
2024-08-01,2024,8,25-34,Males,Unemployment rate,3.88
2024-08-01,2024,8,25-34,Females,Unemployment rate,3.42
2024-08-01,2024,8,25-34,Persons,Labour force total,3476.74
2024-08-01,2024,8,25-34,Males,Labour force total,1817.74
2024-08-01,2024,8,25-34,Females,Labour force total,1659.0
2024-08-01,2024,8,25-34,Persons,Participation rate,86.52
2024-08-01,2024,8,25-34,Males,Participation rate,90.3
2024-08-01,2024,8,25-34,Females,Participation rate,82.72
2024-09-01,2024,9,15-24,Persons,Employed total,2201.06
2024-09-01,2024,9,15-24,Males,Employed total,1133.98
2024-09-01,2024,9,15-24,Females,Employed total,1067.08
2024-09-01,2024,9,15-24,Persons,Employment to population ratio,63.6
2024-09-01,2024,9,15-24,Males,Employment to population ratio,63.46
2024-09-01,2024,9,15-24,Females,Employment to population ratio,63.75
2024-09-01,2024,9,15-24,Persons,Unemployed total,210.11
2024-09-01,2024,9,15-24,Males,Unemployed total,117.3
2024-09-01,2024,9,15-24,Females,Unemployed total,92.81
2024-09-01,2024,9,15-24,Persons,Unemployment rate,8.71
2024-09-01,2024,9,15-24,Males,Unemployment rate,9.37
2024-09-01,2024,9,15-24,Females,Unemployment rate,8.0
2024-09-01,2024,9,15-24,Persons,Labour force total,2411.17
2024-09-01,2024,9,15-24,Males,Labour force total,1251.28
2024-09-01,2024,9,15-24,Females,Labour force total,1159.89
2024-09-01,2024,9,15-24,Persons,Participation rate,69.67
2024-09-01,2024,9,15-24,Males,Participation rate,70.02
2024-09-01,2024,9,15-24,Females,Participation rate,69.29
2024-09-01,2024,9,25-34,Persons,Employed total,3363.5
2024-09-01,2024,9,25-34,Males,Employed total,1762.12
2024-09-01,2024,9,25-34,Females,Employed total,1601.38
2024-09-01,2024,9,25-34,Persons,Employment to population ratio,83.6
2024-09-01,2024,9,25-34,Males,Employment to population ratio,87.42
2024-09-01,2024,9,25-34,Females,Employment to population ratio,79.77
2024-09-01,2024,9,25-34,Persons,Unemployed total,132.24
2024-09-01,2024,9,25-34,Males,Unemployed total,66.04
2024-09-01,2024,9,25-34,Females,Unemployed total,66.2
2024-09-01,2024,9,25-34,Persons,Unemployment rate,3.78
2024-09-01,2024,9,25-34,Males,Unemployment rate,3.61
2024-09-01,2024,9,25-34,Females,Unemployment rate,3.97
2024-09-01,2024,9,25-34,Persons,Labour force total,3495.75
2024-09-01,2024,9,25-34,Males,Labour force total,1828.16
2024-09-01,2024,9,25-34,Females,Labour force total,1667.58
2024-09-01,2024,9,25-34,Persons,Participation rate,86.89
2024-09-01,2024,9,25-34,Males,Participation rate,90.7
2024-09-01,2024,9,25-34,Females,Participation rate,83.06
2024-10-01,2024,10,15-24,Persons,Employed total,2210.48
2024-10-01,2024,10,15-24,Males,Employed total,1129.62
2024-10-01,2024,10,15-24,Females,Employed total,1080.87
2024-10-01,2024,10,15-24,Persons,Employment to population ratio,63.85
2024-10-01,2024,10,15-24,Males,Employment to population ratio,63.2
2024-10-01,2024,10,15-24,Females,Employment to population ratio,64.55
2024-10-01,2024,10,15-24,Persons,Unemployed total,208.67
2024-10-01,2024,10,15-24,Males,Unemployed total,118.31
2024-10-01,2024,10,15-24,Females,Unemployed total,90.35
2024-10-01,2024,10,15-24,Persons,Unemployment rate,8.63
2024-10-01,2024,10,15-24,Males,Unemployment rate,9.48
2024-10-01,2024,10,15-24,Females,Unemployment rate,7.71
2024-10-01,2024,10,15-24,Persons,Labour force total,2419.15
2024-10-01,2024,10,15-24,Males,Labour force total,1247.93
2024-10-01,2024,10,15-24,Females,Labour force total,1171.22
2024-10-01,2024,10,15-24,Persons,Participation rate,69.88
2024-10-01,2024,10,15-24,Males,Participation rate,69.82
2024-10-01,2024,10,15-24,Females,Participation rate,69.94
2024-10-01,2024,10,25-34,Persons,Employed total,3364.08
2024-10-01,2024,10,25-34,Males,Employed total,1770.12
2024-10-01,2024,10,25-34,Females,Employed total,1593.96
2024-10-01,2024,10,25-34,Persons,Employment to population ratio,83.52
2024-10-01,2024,10,25-34,Males,Employment to population ratio,87.72
2024-10-01,2024,10,25-34,Females,Employment to population ratio,79.3
2024-10-01,2024,10,25-34,Persons,Unemployed total,133.72
2024-10-01,2024,10,25-34,Males,Unemployed total,69.86
2024-10-01,2024,10,25-34,Females,Unemployed total,63.86
2024-10-01,2024,10,25-34,Persons,Unemployment rate,3.82
2024-10-01,2024,10,25-34,Males,Unemployment rate,3.8
2024-10-01,2024,10,25-34,Females,Unemployment rate,3.85
2024-10-01,2024,10,25-34,Persons,Labour force total,3497.8
2024-10-01,2024,10,25-34,Males,Labour force total,1839.98
2024-10-01,2024,10,25-34,Females,Labour force total,1657.82
2024-10-01,2024,10,25-34,Persons,Participation rate,86.84
2024-10-01,2024,10,25-34,Males,Participation rate,91.18
2024-10-01,2024,10,25-34,Females,Participation rate,82.48
2024-11-01,2024,11,15-24,Persons,Employed total,2229.78
2024-11-01,2024,11,15-24,Males,Employed total,1139.18
2024-11-01,2024,11,15-24,Females,Employed total,1090.6
2024-11-01,2024,11,15-24,Persons,Employment to population ratio,64.39
2024-11-01,2024,11,15-24,Males,Employment to population ratio,63.72
2024-11-01,2024,11,15-24,Females,Employment to population ratio,65.1
2024-11-01,2024,11,15-24,Persons,Unemployed total,193.06
2024-11-01,2024,11,15-24,Males,Unemployed total,115.51
2024-11-01,2024,11,15-24,Females,Unemployed total,77.55
2024-11-01,2024,11,15-24,Persons,Unemployment rate,7.97
2024-11-01,2024,11,15-24,Males,Unemployment rate,9.21
2024-11-01,2024,11,15-24,Females,Unemployment rate,6.64
2024-11-01,2024,11,15-24,Persons,Labour force total,2422.84
2024-11-01,2024,11,15-24,Males,Labour force total,1254.69
2024-11-01,2024,11,15-24,Females,Labour force total,1168.15
2024-11-01,2024,11,15-24,Persons,Participation rate,69.96
2024-11-01,2024,11,15-24,Males,Participation rate,70.18
2024-11-01,2024,11,15-24,Females,Participation rate,69.73
2024-11-01,2024,11,25-34,Persons,Employed total,3367.33
2024-11-01,2024,11,25-34,Males,Employed total,1777.0
2024-11-01,2024,11,25-34,Females,Employed total,1590.32
2024-11-01,2024,11,25-34,Persons,Employment to population ratio,83.5
2024-11-01,2024,11,25-34,Males,Employment to population ratio,87.96
2024-11-01,2024,11,25-34,Females,Employment to population ratio,79.02
2024-11-01,2024,11,25-34,Persons,Unemployed total,125.39
2024-11-01,2024,11,25-34,Males,Unemployed total,69.13
2024-11-01,2024,11,25-34,Females,Unemployed total,56.26
2024-11-01,2024,11,25-34,Persons,Unemployment rate,3.59
2024-11-01,2024,11,25-34,Males,Unemployment rate,3.74
2024-11-01,2024,11,25-34,Females,Unemployment rate,3.42
2024-11-01,2024,11,25-34,Persons,Labour force total,3492.72
2024-11-01,2024,11,25-34,Males,Labour force total,1846.13
2024-11-01,2024,11,25-34,Females,Labour force total,1646.59
2024-11-01,2024,11,25-34,Persons,Participation rate,86.61
2024-11-01,2024,11,25-34,Males,Participation rate,91.38
2024-11-01,2024,11,25-34,Females,Participation rate,81.82
2024-12-01,2024,12,15-24,Persons,Employed total,2276.82
2024-12-01,2024,12,15-24,Males,Employed total,1173.14
2024-12-01,2024,12,15-24,Females,Employed total,1103.68
2024-12-01,2024,12,15-24,Persons,Employment to population ratio,65.73
2024-12-01,2024,12,15-24,Males,Employment to population ratio,65.61
2024-12-01,2024,12,15-24,Females,Employment to population ratio,65.86
2024-12-01,2024,12,15-24,Persons,Unemployed total,226.68
2024-12-01,2024,12,15-24,Males,Unemployed total,135.56
2024-12-01,2024,12,15-24,Females,Unemployed total,91.12
2024-12-01,2024,12,15-24,Persons,Unemployment rate,9.05
2024-12-01,2024,12,15-24,Males,Unemployment rate,10.36
2024-12-01,2024,12,15-24,Females,Unemployment rate,7.63
2024-12-01,2024,12,15-24,Persons,Labour force total,2503.5
2024-12-01,2024,12,15-24,Males,Labour force total,1308.7
2024-12-01,2024,12,15-24,Females,Labour force total,1194.8
2024-12-01,2024,12,15-24,Persons,Participation rate,72.27
2024-12-01,2024,12,15-24,Males,Participation rate,73.19
2024-12-01,2024,12,15-24,Females,Participation rate,71.29
2024-12-01,2024,12,25-34,Persons,Employed total,3395.98
2024-12-01,2024,12,25-34,Males,Employed total,1786.21
2024-12-01,2024,12,25-34,Females,Employed total,1609.77
2024-12-01,2024,12,25-34,Persons,Employment to population ratio,84.11
2024-12-01,2024,12,25-34,Males,Employment to population ratio,88.31
2024-12-01,2024,12,25-34,Females,Employment to population ratio,79.89
2024-12-01,2024,12,25-34,Persons,Unemployed total,116.99
2024-12-01,2024,12,25-34,Males,Unemployed total,57.74
2024-12-01,2024,12,25-34,Females,Unemployed total,59.24
2024-12-01,2024,12,25-34,Persons,Unemployment rate,3.33
2024-12-01,2024,12,25-34,Males,Unemployment rate,3.13
2024-12-01,2024,12,25-34,Females,Unemployment rate,3.55
2024-12-01,2024,12,25-34,Persons,Labour force total,3512.96
2024-12-01,2024,12,25-34,Males,Labour force total,1843.95
2024-12-01,2024,12,25-34,Females,Labour force total,1669.01
2024-12-01,2024,12,25-34,Persons,Participation rate,87.01
2024-12-01,2024,12,25-34,Males,Participation rate,91.17
2024-12-01,2024,12,25-34,Females,Participation rate,82.83
2025-01-01,2025,1,15-24,Persons,Employed total,2235.15
2025-01-01,2025,1,15-24,Males,Employed total,1144.93
2025-01-01,2025,1,15-24,Females,Employed total,1090.22
2025-01-01,2025,1,15-24,Persons,Employment to population ratio,64.28
2025-01-01,2025,1,15-24,Males,Employment to population ratio,63.78
2025-01-01,2025,1,15-24,Females,Employment to population ratio,64.8
2025-01-01,2025,1,15-24,Persons,Unemployed total,249.39
2025-01-01,2025,1,15-24,Males,Unemployed total,140.35
2025-01-01,2025,1,15-24,Females,Unemployed total,109.03
2025-01-01,2025,1,15-24,Persons,Unemployment rate,10.04
2025-01-01,2025,1,15-24,Males,Unemployment rate,10.92
2025-01-01,2025,1,15-24,Females,Unemployment rate,9.09
2025-01-01,2025,1,15-24,Persons,Labour force total,2484.54
2025-01-01,2025,1,15-24,Males,Labour force total,1285.28
2025-01-01,2025,1,15-24,Females,Labour force total,1199.26
2025-01-01,2025,1,15-24,Persons,Participation rate,71.45
2025-01-01,2025,1,15-24,Males,Participation rate,71.6
2025-01-01,2025,1,15-24,Females,Participation rate,71.28
2025-01-01,2025,1,25-34,Persons,Employed total,3359.24
2025-01-01,2025,1,25-34,Males,Employed total,1773.86
2025-01-01,2025,1,25-34,Females,Employed total,1585.38
2025-01-01,2025,1,25-34,Persons,Employment to population ratio,83.05
2025-01-01,2025,1,25-34,Males,Employment to population ratio,87.53
2025-01-01,2025,1,25-34,Females,Employment to population ratio,78.55
2025-01-01,2025,1,25-34,Persons,Unemployed total,145.09
2025-01-01,2025,1,25-34,Males,Unemployed total,70.66
2025-01-01,2025,1,25-34,Females,Unemployed total,74.43
2025-01-01,2025,1,25-34,Persons,Unemployment rate,4.14
2025-01-01,2025,1,25-34,Males,Unemployment rate,3.83
2025-01-01,2025,1,25-34,Females,Unemployment rate,4.48
2025-01-01,2025,1,25-34,Persons,Labour force total,3504.33
2025-01-01,2025,1,25-34,Males,Labour force total,1844.52
2025-01-01,2025,1,25-34,Females,Labour force total,1659.81
2025-01-01,2025,1,25-34,Persons,Participation rate,86.64
2025-01-01,2025,1,25-34,Males,Participation rate,91.02
2025-01-01,2025,1,25-34,Females,Participation rate,82.23
2025-02-01,2025,2,15-24,Persons,Employed total,2240.07
2025-02-01,2025,2,15-24,Males,Employed total,1150.1
2025-02-01,2025,2,15-24,Females,Employed total,1089.96
2025-02-01,2025,2,15-24,Persons,Employment to population ratio,64.17
2025-02-01,2025,2,15-24,Males,Employment to population ratio,63.83
2025-02-01,2025,2,15-24,Females,Employment to population ratio,64.54
2025-02-01,2025,2,15-24,Persons,Unemployed total,245.51
2025-02-01,2025,2,15-24,Males,Unemployed total,137.18
2025-02-01,2025,2,15-24,Females,Unemployed total,108.33
2025-02-01,2025,2,15-24,Persons,Unemployment rate,9.88
2025-02-01,2025,2,15-24,Males,Unemployment rate,10.66
2025-02-01,2025,2,15-24,Females,Unemployment rate,9.04
2025-02-01,2025,2,15-24,Persons,Labour force total,2485.58
2025-02-01,2025,2,15-24,Males,Labour force total,1287.29
2025-02-01,2025,2,15-24,Females,Labour force total,1198.29
2025-02-01,2025,2,15-24,Persons,Participation rate,71.2
2025-02-01,2025,2,15-24,Males,Participation rate,71.44
2025-02-01,2025,2,15-24,Females,Participation rate,70.95
2025-02-01,2025,2,25-34,Persons,Employed total,3399.32
2025-02-01,2025,2,25-34,Males,Employed total,1787.26
2025-02-01,2025,2,25-34,Females,Employed total,1612.06
2025-02-01,2025,2,25-34,Persons,Employment to population ratio,83.89
2025-02-01,2025,2,25-34,Males,Employment to population ratio,88.03
2025-02-01,2025,2,25-34,Females,Employment to population ratio,79.73
2025-02-01,2025,2,25-34,Persons,Unemployed total,139.63
2025-02-01,2025,2,25-34,Males,Unemployed total,68.74
2025-02-01,2025,2,25-34,Females,Unemployed total,70.89
2025-02-01,2025,2,25-34,Persons,Unemployment rate,3.95
2025-02-01,2025,2,25-34,Males,Unemployment rate,3.7
2025-02-01,2025,2,25-34,Females,Unemployment rate,4.21
2025-02-01,2025,2,25-34,Persons,Labour force total,3538.95
2025-02-01,2025,2,25-34,Males,Labour force total,1856.0
2025-02-01,2025,2,25-34,Females,Labour force total,1682.96
2025-02-01,2025,2,25-34,Persons,Participation rate,87.33
2025-02-01,2025,2,25-34,Males,Participation rate,91.41
2025-02-01,2025,2,25-34,Females,Participation rate,83.24
2025-03-01,2025,3,15-24,Persons,Employed total,2246.53
2025-03-01,2025,3,15-24,Males,Employed total,1142.39
2025-03-01,2025,3,15-24,Females,Employed total,1104.14
2025-03-01,2025,3,15-24,Persons,Employment to population ratio,64.11
2025-03-01,2025,3,15-24,Males,Employment to population ratio,63.15
2025-03-01,2025,3,15-24,Females,Employment to population ratio,65.13
2025-03-01,2025,3,15-24,Persons,Unemployed total,241.04
2025-03-01,2025,3,15-24,Males,Unemployed total,147.48
2025-03-01,2025,3,15-24,Females,Unemployed total,93.56
2025-03-01,2025,3,15-24,Persons,Unemployment rate,9.69
2025-03-01,2025,3,15-24,Males,Unemployment rate,11.43
2025-03-01,2025,3,15-24,Females,Unemployment rate,7.81
2025-03-01,2025,3,15-24,Persons,Labour force total,2487.57
2025-03-01,2025,3,15-24,Males,Labour force total,1289.87
2025-03-01,2025,3,15-24,Females,Labour force total,1197.7
2025-03-01,2025,3,15-24,Persons,Participation rate,70.99
2025-03-01,2025,3,15-24,Males,Participation rate,71.31
2025-03-01,2025,3,15-24,Females,Participation rate,70.65
2025-03-01,2025,3,25-34,Persons,Employed total,3398.97
2025-03-01,2025,3,25-34,Males,Employed total,1783.73
2025-03-01,2025,3,25-34,Females,Employed total,1615.24
2025-03-01,2025,3,25-34,Persons,Employment to population ratio,83.73
2025-03-01,2025,3,25-34,Males,Employment to population ratio,87.68
2025-03-01,2025,3,25-34,Females,Employment to population ratio,79.76
2025-03-01,2025,3,25-34,Persons,Unemployed total,133.74
2025-03-01,2025,3,25-34,Males,Unemployed total,65.28
2025-03-01,2025,3,25-34,Females,Unemployed total,68.45
2025-03-01,2025,3,25-34,Persons,Unemployment rate,3.79
2025-03-01,2025,3,25-34,Males,Unemployment rate,3.53
2025-03-01,2025,3,25-34,Females,Unemployment rate,4.07
2025-03-01,2025,3,25-34,Persons,Labour force total,3532.71
2025-03-01,2025,3,25-34,Males,Labour force total,1849.01
2025-03-01,2025,3,25-34,Females,Labour force total,1683.7
2025-03-01,2025,3,25-34,Persons,Participation rate,87.02
2025-03-01,2025,3,25-34,Males,Participation rate,90.89
2025-03-01,2025,3,25-34,Females,Participation rate,83.14
2025-04-01,2025,4,15-24,Persons,Employed total,2249.3
2025-04-01,2025,4,15-24,Males,Employed total,1141.26
2025-04-01,2025,4,15-24,Females,Employed total,1108.03
2025-04-01,2025,4,15-24,Persons,Employment to population ratio,64.19
2025-04-01,2025,4,15-24,Males,Employment to population ratio,63.09
2025-04-01,2025,4,15-24,Females,Employment to population ratio,65.36
2025-04-01,2025,4,15-24,Persons,Unemployed total,222.33
2025-04-01,2025,4,15-24,Males,Unemployed total,122.45
2025-04-01,2025,4,15-24,Females,Unemployed total,99.88
2025-04-01,2025,4,15-24,Persons,Unemployment rate,9.0
2025-04-01,2025,4,15-24,Males,Unemployment rate,9.69
2025-04-01,2025,4,15-24,Females,Unemployment rate,8.27
2025-04-01,2025,4,15-24,Persons,Labour force total,2471.63
2025-04-01,2025,4,15-24,Males,Labour force total,1263.71
2025-04-01,2025,4,15-24,Females,Labour force total,1207.91
2025-04-01,2025,4,15-24,Persons,Participation rate,70.53
2025-04-01,2025,4,15-24,Males,Participation rate,69.86
2025-04-01,2025,4,15-24,Females,Participation rate,71.25
2025-04-01,2025,4,25-34,Persons,Employed total,3405.1
2025-04-01,2025,4,25-34,Males,Employed total,1786.19
2025-04-01,2025,4,25-34,Females,Employed total,1618.92
2025-04-01,2025,4,25-34,Persons,Employment to population ratio,83.83
2025-04-01,2025,4,25-34,Males,Employment to population ratio,87.73
2025-04-01,2025,4,25-34,Females,Employment to population ratio,79.9
2025-04-01,2025,4,25-34,Persons,Unemployed total,129.63
2025-04-01,2025,4,25-34,Males,Unemployed total,69.56
2025-04-01,2025,4,25-34,Females,Unemployed total,60.08
2025-04-01,2025,4,25-34,Persons,Unemployment rate,3.67
2025-04-01,2025,4,25-34,Males,Unemployment rate,3.75
2025-04-01,2025,4,25-34,Females,Unemployment rate,3.58
2025-04-01,2025,4,25-34,Persons,Labour force total,3534.74
2025-04-01,2025,4,25-34,Males,Labour force total,1855.74
2025-04-01,2025,4,25-34,Females,Labour force total,1679.0
2025-04-01,2025,4,25-34,Persons,Participation rate,87.02
2025-04-01,2025,4,25-34,Males,Participation rate,91.15
2025-04-01,2025,4,25-34,Females,Participation rate,82.87
2025-05-01,2025,5,15-24,Persons,Employed total,2249.81
2025-05-01,2025,5,15-24,Males,Employed total,1146.91
2025-05-01,2025,5,15-24,Females,Employed total,1102.9
2025-05-01,2025,5,15-24,Persons,Employment to population ratio,64.21
2025-05-01,2025,5,15-24,Males,Employment to population ratio,63.4
2025-05-01,2025,5,15-24,Females,Employment to population ratio,65.06
2025-05-01,2025,5,15-24,Persons,Unemployed total,229.84
2025-05-01,2025,5,15-24,Males,Unemployed total,126.21
2025-05-01,2025,5,15-24,Females,Unemployed total,103.63
2025-05-01,2025,5,15-24,Persons,Unemployment rate,9.27
2025-05-01,2025,5,15-24,Males,Unemployment rate,9.91
2025-05-01,2025,5,15-24,Females,Unemployment rate,8.59
2025-05-01,2025,5,15-24,Persons,Labour force total,2479.65
2025-05-01,2025,5,15-24,Males,Labour force total,1273.11
2025-05-01,2025,5,15-24,Females,Labour force total,1206.53
2025-05-01,2025,5,15-24,Persons,Participation rate,70.77
2025-05-01,2025,5,15-24,Males,Participation rate,70.38
2025-05-01,2025,5,15-24,Females,Participation rate,71.18
2025-05-01,2025,5,25-34,Persons,Employed total,3416.35
2025-05-01,2025,5,25-34,Males,Employed total,1776.84
2025-05-01,2025,5,25-34,Females,Employed total,1639.51
2025-05-01,2025,5,25-34,Persons,Employment to population ratio,84.05
2025-05-01,2025,5,25-34,Males,Employment to population ratio,87.2
2025-05-01,2025,5,25-34,Females,Employment to population ratio,80.88
2025-05-01,2025,5,25-34,Persons,Unemployed total,137.12
2025-05-01,2025,5,25-34,Males,Unemployed total,77.82
2025-05-01,2025,5,25-34,Females,Unemployed total,59.29
2025-05-01,2025,5,25-34,Persons,Unemployment rate,3.86
2025-05-01,2025,5,25-34,Males,Unemployment rate,4.2
2025-05-01,2025,5,25-34,Females,Unemployment rate,3.49
2025-05-01,2025,5,25-34,Persons,Labour force total,3553.47
2025-05-01,2025,5,25-34,Males,Labour force total,1854.67
2025-05-01,2025,5,25-34,Females,Labour force total,1698.8
2025-05-01,2025,5,25-34,Persons,Participation rate,87.42
2025-05-01,2025,5,25-34,Males,Participation rate,91.02
2025-05-01,2025,5,25-34,Females,Participation rate,83.8
2025-06-01,2025,6,15-24,Persons,Employed total,2231.56
2025-06-01,2025,6,15-24,Males,Employed total,1152.08
2025-06-01,2025,6,15-24,Females,Employed total,1079.48
2025-06-01,2025,6,15-24,Persons,Employment to population ratio,63.69
2025-06-01,2025,6,15-24,Males,Employment to population ratio,63.69
2025-06-01,2025,6,15-24,Females,Employment to population ratio,63.69
2025-06-01,2025,6,15-24,Persons,Unemployed total,240.34
2025-06-01,2025,6,15-24,Males,Unemployed total,130.01
2025-06-01,2025,6,15-24,Females,Unemployed total,110.33
2025-06-01,2025,6,15-24,Persons,Unemployment rate,9.72
2025-06-01,2025,6,15-24,Males,Unemployment rate,10.14
2025-06-01,2025,6,15-24,Females,Unemployment rate,9.27
2025-06-01,2025,6,15-24,Persons,Labour force total,2471.91
2025-06-01,2025,6,15-24,Males,Labour force total,1282.09
2025-06-01,2025,6,15-24,Females,Labour force total,1189.81
2025-06-01,2025,6,15-24,Persons,Participation rate,70.55
2025-06-01,2025,6,15-24,Males,Participation rate,70.88
2025-06-01,2025,6,15-24,Females,Participation rate,70.19
2025-06-01,2025,6,25-34,Persons,Employed total,3398.24
2025-06-01,2025,6,25-34,Males,Employed total,1778.39
2025-06-01,2025,6,25-34,Females,Employed total,1619.85
2025-06-01,2025,6,25-34,Persons,Employment to population ratio,83.55
2025-06-01,2025,6,25-34,Males,Employment to population ratio,87.2
2025-06-01,2025,6,25-34,Females,Employment to population ratio,79.87
2025-06-01,2025,6,25-34,Persons,Unemployed total,131.04
2025-06-01,2025,6,25-34,Males,Unemployed total,79.92
2025-06-01,2025,6,25-34,Females,Unemployed total,51.12
2025-06-01,2025,6,25-34,Persons,Unemployment rate,3.71
2025-06-01,2025,6,25-34,Males,Unemployment rate,4.3
2025-06-01,2025,6,25-34,Females,Unemployment rate,3.06
2025-06-01,2025,6,25-34,Persons,Labour force total,3529.28
2025-06-01,2025,6,25-34,Males,Labour force total,1858.31
2025-06-01,2025,6,25-34,Females,Labour force total,1670.97
2025-06-01,2025,6,25-34,Persons,Participation rate,86.77
2025-06-01,2025,6,25-34,Males,Participation rate,91.12
2025-06-01,2025,6,25-34,Females,Participation rate,82.39
2025-07-01,2025,7,15-24,Persons,Employed total,2254.07
2025-07-01,2025,7,15-24,Males,Employed total,1138.92
2025-07-01,2025,7,15-24,Females,Employed total,1115.15
2025-07-01,2025,7,15-24,Persons,Employment to population ratio,64.17
2025-07-01,2025,7,15-24,Males,Employment to population ratio,62.8
2025-07-01,2025,7,15-24,Females,Employment to population ratio,65.62
2025-07-01,2025,7,15-24,Persons,Unemployed total,235.62
2025-07-01,2025,7,15-24,Males,Unemployed total,133.02
2025-07-01,2025,7,15-24,Females,Unemployed total,102.6
2025-07-01,2025,7,15-24,Persons,Unemployment rate,9.46
2025-07-01,2025,7,15-24,Males,Unemployment rate,10.46
2025-07-01,2025,7,15-24,Females,Unemployment rate,8.43
2025-07-01,2025,7,15-24,Persons,Labour force total,2489.69
2025-07-01,2025,7,15-24,Males,Labour force total,1271.95
2025-07-01,2025,7,15-24,Females,Labour force total,1217.74
2025-07-01,2025,7,15-24,Persons,Participation rate,70.87
2025-07-01,2025,7,15-24,Males,Participation rate,70.14
2025-07-01,2025,7,15-24,Females,Participation rate,71.66
2025-07-01,2025,7,25-34,Persons,Employed total,3394.54
2025-07-01,2025,7,25-34,Males,Employed total,1768.07
2025-07-01,2025,7,25-34,Females,Employed total,1626.47
2025-07-01,2025,7,25-34,Persons,Employment to population ratio,83.35
2025-07-01,2025,7,25-34,Males,Employment to population ratio,86.56
2025-07-01,2025,7,25-34,Females,Employment to population ratio,80.11
2025-07-01,2025,7,25-34,Persons,Unemployed total,126.63
2025-07-01,2025,7,25-34,Males,Unemployed total,67.7
2025-07-01,2025,7,25-34,Females,Unemployed total,58.94
2025-07-01,2025,7,25-34,Persons,Unemployment rate,3.6
2025-07-01,2025,7,25-34,Males,Unemployment rate,3.69
2025-07-01,2025,7,25-34,Females,Unemployment rate,3.5
2025-07-01,2025,7,25-34,Persons,Labour force total,3521.18
2025-07-01,2025,7,25-34,Males,Labour force total,1835.77
2025-07-01,2025,7,25-34,Females,Labour force total,1685.41
2025-07-01,2025,7,25-34,Persons,Participation rate,86.46
2025-07-01,2025,7,25-34,Males,Participation rate,89.88
2025-07-01,2025,7,25-34,Females,Participation rate,83.02
2025-08-01,2025,8,15-24,Persons,Employed total,2193.01
2025-08-01,2025,8,15-24,Males,Employed total,1119.83
2025-08-01,2025,8,15-24,Females,Employed total,1073.18
2025-08-01,2025,8,15-24,Persons,Employment to population ratio,62.27
2025-08-01,2025,8,15-24,Males,Employment to population ratio,61.59
2025-08-01,2025,8,15-24,Females,Employment to population ratio,63.0
2025-08-01,2025,8,15-24,Persons,Unemployed total,232.82
2025-08-01,2025,8,15-24,Males,Unemployed total,129.88
2025-08-01,2025,8,15-24,Females,Unemployed total,102.94
2025-08-01,2025,8,15-24,Persons,Unemployment rate,9.6
2025-08-01,2025,8,15-24,Males,Unemployment rate,10.39
2025-08-01,2025,8,15-24,Females,Unemployment rate,8.75
2025-08-01,2025,8,15-24,Persons,Labour force total,2425.83
2025-08-01,2025,8,15-24,Males,Labour force total,1249.71
2025-08-01,2025,8,15-24,Females,Labour force total,1176.12
2025-08-01,2025,8,15-24,Persons,Participation rate,68.88
2025-08-01,2025,8,15-24,Males,Participation rate,68.73
2025-08-01,2025,8,15-24,Females,Participation rate,69.04
2025-08-01,2025,8,25-34,Persons,Employed total,3375.92
2025-08-01,2025,8,25-34,Males,Employed total,1767.83
2025-08-01,2025,8,25-34,Females,Employed total,1608.09
2025-08-01,2025,8,25-34,Persons,Employment to population ratio,82.78
2025-08-01,2025,8,25-34,Males,Employment to population ratio,86.41
2025-08-01,2025,8,25-34,Females,Employment to population ratio,79.13
2025-08-01,2025,8,25-34,Persons,Unemployed total,139.99
2025-08-01,2025,8,25-34,Males,Unemployed total,77.43
2025-08-01,2025,8,25-34,Females,Unemployed total,62.56
2025-08-01,2025,8,25-34,Persons,Unemployment rate,3.98
2025-08-01,2025,8,25-34,Males,Unemployment rate,4.2
2025-08-01,2025,8,25-34,Females,Unemployment rate,3.74
2025-08-01,2025,8,25-34,Persons,Labour force total,3515.91
2025-08-01,2025,8,25-34,Males,Labour force total,1845.26
2025-08-01,2025,8,25-34,Females,Labour force total,1670.65
2025-08-01,2025,8,25-34,Persons,Participation rate,86.22
2025-08-01,2025,8,25-34,Males,Participation rate,90.2
2025-08-01,2025,8,25-34,Females,Participation rate,82.2
2025-09-01,2025,9,15-24,Persons,Employed total,2229.46
2025-09-01,2025,9,15-24,Males,Employed total,1131.09
2025-09-01,2025,9,15-24,Females,Employed total,1098.37
2025-09-01,2025,9,15-24,Persons,Employment to population ratio,63.15
2025-09-01,2025,9,15-24,Males,Employment to population ratio,62.05
2025-09-01,2025,9,15-24,Females,Employment to population ratio,64.31
2025-09-01,2025,9,15-24,Persons,Unemployed total,254.39
2025-09-01,2025,9,15-24,Males,Unemployed total,143.43
2025-09-01,2025,9,15-24,Females,Unemployed total,110.96
2025-09-01,2025,9,15-24,Persons,Unemployment rate,10.24
2025-09-01,2025,9,15-24,Males,Unemployment rate,11.25
2025-09-01,2025,9,15-24,Females,Unemployment rate,9.18
2025-09-01,2025,9,15-24,Persons,Labour force total,2483.85
2025-09-01,2025,9,15-24,Males,Labour force total,1274.52
2025-09-01,2025,9,15-24,Females,Labour force total,1209.33
2025-09-01,2025,9,15-24,Persons,Participation rate,70.35
2025-09-01,2025,9,15-24,Males,Participation rate,69.92
2025-09-01,2025,9,15-24,Females,Participation rate,70.81
2025-09-01,2025,9,25-34,Persons,Employed total,3388.89
2025-09-01,2025,9,25-34,Males,Employed total,1785.24
2025-09-01,2025,9,25-34,Females,Employed total,1603.66
2025-09-01,2025,9,25-34,Persons,Employment to population ratio,82.99
2025-09-01,2025,9,25-34,Males,Employment to population ratio,87.13
2025-09-01,2025,9,25-34,Females,Employment to population ratio,78.83
2025-09-01,2025,9,25-34,Persons,Unemployed total,129.94
2025-09-01,2025,9,25-34,Males,Unemployed total,68.27
2025-09-01,2025,9,25-34,Females,Unemployed total,61.67
2025-09-01,2025,9,25-34,Persons,Unemployment rate,3.69
2025-09-01,2025,9,25-34,Males,Unemployment rate,3.68
2025-09-01,2025,9,25-34,Females,Unemployment rate,3.7
2025-09-01,2025,9,25-34,Persons,Labour force total,3518.83
2025-09-01,2025,9,25-34,Males,Labour force total,1853.51
2025-09-01,2025,9,25-34,Females,Labour force total,1665.33
2025-09-01,2025,9,25-34,Persons,Participation rate,86.18
2025-09-01,2025,9,25-34,Males,Participation rate,90.46
2025-09-01,2025,9,25-34,Females,Participation rate,81.86
2025-10-01,2025,10,15-24,Persons,Employed total,2254.93
2025-10-01,2025,10,15-24,Males,Employed total,1152.51
2025-10-01,2025,10,15-24,Females,Employed total,1102.42
2025-10-01,2025,10,15-24,Persons,Employment to population ratio,63.85
2025-10-01,2025,10,15-24,Males,Employment to population ratio,63.22
2025-10-01,2025,10,15-24,Females,Employment to population ratio,64.53
2025-10-01,2025,10,15-24,Persons,Unemployed total,224.73
2025-10-01,2025,10,15-24,Males,Unemployed total,132.22
2025-10-01,2025,10,15-24,Females,Unemployed total,92.51
2025-10-01,2025,10,15-24,Persons,Unemployment rate,9.06
2025-10-01,2025,10,15-24,Males,Unemployment rate,10.29
2025-10-01,2025,10,15-24,Females,Unemployment rate,7.74
2025-10-01,2025,10,15-24,Persons,Labour force total,2479.66
2025-10-01,2025,10,15-24,Males,Labour force total,1284.73
2025-10-01,2025,10,15-24,Females,Labour force total,1194.93
2025-10-01,2025,10,15-24,Persons,Participation rate,70.22
2025-10-01,2025,10,15-24,Males,Participation rate,70.47
2025-10-01,2025,10,15-24,Females,Participation rate,69.95
2025-10-01,2025,10,25-34,Persons,Employed total,3401.55
2025-10-01,2025,10,25-34,Males,Employed total,1786.94
2025-10-01,2025,10,25-34,Females,Employed total,1614.6
2025-10-01,2025,10,25-34,Persons,Employment to population ratio,83.23
2025-10-01,2025,10,25-34,Males,Employment to population ratio,87.13
2025-10-01,2025,10,25-34,Females,Employment to population ratio,79.31
2025-10-01,2025,10,25-34,Persons,Unemployed total,128.13
2025-10-01,2025,10,25-34,Males,Unemployed total,69.76
2025-10-01,2025,10,25-34,Females,Unemployed total,58.37
2025-10-01,2025,10,25-34,Persons,Unemployment rate,3.63
2025-10-01,2025,10,25-34,Males,Unemployment rate,3.76
2025-10-01,2025,10,25-34,Females,Unemployment rate,3.49
2025-10-01,2025,10,25-34,Persons,Labour force total,3529.68
2025-10-01,2025,10,25-34,Males,Labour force total,1856.71
2025-10-01,2025,10,25-34,Females,Labour force total,1672.97
2025-10-01,2025,10,25-34,Persons,Participation rate,86.37
2025-10-01,2025,10,25-34,Males,Participation rate,90.53
2025-10-01,2025,10,25-34,Females,Participation rate,82.17
2025-11-01,2025,11,15-24,Persons,Employed total,2251.29
2025-11-01,2025,11,15-24,Males,Employed total,1147.47
2025-11-01,2025,11,15-24,Females,Employed total,1103.81
2025-11-01,2025,11,15-24,Persons,Employment to population ratio,63.74
2025-11-01,2025,11,15-24,Males,Employment to population ratio,62.93
2025-11-01,2025,11,15-24,Females,Employment to population ratio,64.6
2025-11-01,2025,11,15-24,Persons,Unemployed total,233.68
2025-11-01,2025,11,15-24,Males,Unemployed total,138.93
2025-11-01,2025,11,15-24,Females,Unemployed total,94.75
2025-11-01,2025,11,15-24,Persons,Unemployment rate,9.4
2025-11-01,2025,11,15-24,Males,Unemployment rate,10.8
2025-11-01,2025,11,15-24,Females,Unemployment rate,7.91
2025-11-01,2025,11,15-24,Persons,Labour force total,2484.97
2025-11-01,2025,11,15-24,Males,Labour force total,1286.4
2025-11-01,2025,11,15-24,Females,Labour force total,1198.57
2025-11-01,2025,11,15-24,Persons,Participation rate,70.36
2025-11-01,2025,11,15-24,Males,Participation rate,70.55
2025-11-01,2025,11,15-24,Females,Participation rate,70.14
2025-11-01,2025,11,25-34,Persons,Employed total,3418.86
2025-11-01,2025,11,25-34,Males,Employed total,1790.42
2025-11-01,2025,11,25-34,Females,Employed total,1628.44
2025-11-01,2025,11,25-34,Persons,Employment to population ratio,83.58
2025-11-01,2025,11,25-34,Males,Employment to population ratio,87.21
2025-11-01,2025,11,25-34,Females,Employment to population ratio,79.93
2025-11-01,2025,11,25-34,Persons,Unemployed total,126.9
2025-11-01,2025,11,25-34,Males,Unemployed total,69.66
2025-11-01,2025,11,25-34,Females,Unemployed total,57.25
2025-11-01,2025,11,25-34,Persons,Unemployment rate,3.58
2025-11-01,2025,11,25-34,Males,Unemployment rate,3.74
2025-11-01,2025,11,25-34,Females,Unemployment rate,3.4
2025-11-01,2025,11,25-34,Persons,Labour force total,3545.76
2025-11-01,2025,11,25-34,Males,Labour force total,1860.08
2025-11-01,2025,11,25-34,Females,Labour force total,1685.68
2025-11-01,2025,11,25-34,Persons,Participation rate,86.69
2025-11-01,2025,11,25-34,Males,Participation rate,90.6
2025-11-01,2025,11,25-34,Females,Participation rate,82.74
2025-12-01,2025,12,15-24,Persons,Employed total,2333.04
2025-12-01,2025,12,15-24,Males,Employed total,1171.16
2025-12-01,2025,12,15-24,Females,Employed total,1161.89
2025-12-01,2025,12,15-24,Persons,Employment to population ratio,66.04
2025-12-01,2025,12,15-24,Males,Employment to population ratio,64.22
2025-12-01,2025,12,15-24,Females,Employment to population ratio,67.98
2025-12-01,2025,12,15-24,Persons,Unemployed total,230.25
2025-12-01,2025,12,15-24,Males,Unemployed total,137.72
2025-12-01,2025,12,15-24,Females,Unemployed total,92.53
2025-12-01,2025,12,15-24,Persons,Unemployment rate,8.98
2025-12-01,2025,12,15-24,Males,Unemployment rate,10.52
2025-12-01,2025,12,15-24,Females,Unemployment rate,7.38
2025-12-01,2025,12,15-24,Persons,Labour force total,2563.29
2025-12-01,2025,12,15-24,Males,Labour force total,1308.87
2025-12-01,2025,12,15-24,Females,Labour force total,1254.41
2025-12-01,2025,12,15-24,Persons,Participation rate,72.56
2025-12-01,2025,12,15-24,Males,Participation rate,71.78
2025-12-01,2025,12,15-24,Females,Participation rate,73.39
2025-12-01,2025,12,25-34,Persons,Employed total,3443.86
2025-12-01,2025,12,25-34,Males,Employed total,1798.29
2025-12-01,2025,12,25-34,Females,Employed total,1645.57
2025-12-01,2025,12,25-34,Persons,Employment to population ratio,84.12
2025-12-01,2025,12,25-34,Males,Employment to population ratio,87.5
2025-12-01,2025,12,25-34,Females,Employment to population ratio,80.71
2025-12-01,2025,12,25-34,Persons,Unemployed total,122.18
2025-12-01,2025,12,25-34,Males,Unemployed total,67.74
2025-12-01,2025,12,25-34,Females,Unemployed total,54.44
2025-12-01,2025,12,25-34,Persons,Unemployment rate,3.43
2025-12-01,2025,12,25-34,Males,Unemployment rate,3.63
2025-12-01,2025,12,25-34,Females,Unemployment rate,3.2
2025-12-01,2025,12,25-34,Persons,Labour force total,3566.04
2025-12-01,2025,12,25-34,Males,Labour force total,1866.02
2025-12-01,2025,12,25-34,Females,Labour force total,1700.01
2025-12-01,2025,12,25-34,Persons,Participation rate,87.11
2025-12-01,2025,12,25-34,Males,Participation rate,90.8
2025-12-01,2025,12,25-34,Females,Participation rate,83.39
2026-01-01,2026,1,15-24,Persons,Employed total,2281.28
2026-01-01,2026,1,15-24,Males,Employed total,1158.82
2026-01-01,2026,1,15-24,Females,Employed total,1122.46
2026-01-01,2026,1,15-24,Persons,Employment to population ratio,64.36
2026-01-01,2026,1,15-24,Males,Employment to population ratio,63.34
2026-01-01,2026,1,15-24,Females,Employment to population ratio,65.45
2026-01-01,2026,1,15-24,Persons,Unemployed total,267.64
2026-01-01,2026,1,15-24,Males,Unemployed total,155.6
2026-01-01,2026,1,15-24,Females,Unemployed total,112.04
2026-01-01,2026,1,15-24,Persons,Unemployment rate,10.5
2026-01-01,2026,1,15-24,Males,Unemployment rate,11.84
2026-01-01,2026,1,15-24,Females,Unemployment rate,9.08
2026-01-01,2026,1,15-24,Persons,Labour force total,2548.92
2026-01-01,2026,1,15-24,Males,Labour force total,1314.42
2026-01-01,2026,1,15-24,Females,Labour force total,1234.49
2026-01-01,2026,1,15-24,Persons,Participation rate,71.91
2026-01-01,2026,1,15-24,Males,Participation rate,71.84
2026-01-01,2026,1,15-24,Females,Participation rate,71.98
2026-01-01,2026,1,25-34,Persons,Employed total,3401.34
2026-01-01,2026,1,25-34,Males,Employed total,1778.65
2026-01-01,2026,1,25-34,Females,Employed total,1622.69
2026-01-01,2026,1,25-34,Persons,Employment to population ratio,82.96
2026-01-01,2026,1,25-34,Males,Employment to population ratio,86.41
2026-01-01,2026,1,25-34,Females,Employment to population ratio,79.49
2026-01-01,2026,1,25-34,Persons,Unemployed total,145.86
2026-01-01,2026,1,25-34,Males,Unemployed total,76.65
2026-01-01,2026,1,25-34,Females,Unemployed total,69.21
2026-01-01,2026,1,25-34,Persons,Unemployment rate,4.11
2026-01-01,2026,1,25-34,Males,Unemployment rate,4.13
2026-01-01,2026,1,25-34,Females,Unemployment rate,4.09
2026-01-01,2026,1,25-34,Persons,Labour force total,3547.2
2026-01-01,2026,1,25-34,Males,Labour force total,1855.3
2026-01-01,2026,1,25-34,Females,Labour force total,1691.9
2026-01-01,2026,1,25-34,Persons,Participation rate,86.52
2026-01-01,2026,1,25-34,Males,Participation rate,90.13
2026-01-01,2026,1,25-34,Females,Participation rate,82.88
2026-02-01,2026,2,15-24,Persons,Employed total,2305.2
2026-02-01,2026,2,15-24,Males,Employed total,1170.78
2026-02-01,2026,2,15-24,Females,Employed total,1134.42
2026-02-01,2026,2,15-24,Persons,Employment to population ratio,64.81
2026-02-01,2026,2,15-24,Males,Employment to population ratio,63.78
2026-02-01,2026,2,15-24,Females,Employment to population ratio,65.92
2026-02-01,2026,2,15-24,Persons,Unemployed total,290.79
2026-02-01,2026,2,15-24,Males,Unemployed total,172.38
2026-02-01,2026,2,15-24,Females,Unemployed total,118.41
2026-02-01,2026,2,15-24,Persons,Unemployment rate,11.2
2026-02-01,2026,2,15-24,Males,Unemployment rate,12.83
2026-02-01,2026,2,15-24,Females,Unemployment rate,9.45
2026-02-01,2026,2,15-24,Persons,Labour force total,2595.98
2026-02-01,2026,2,15-24,Males,Labour force total,1343.16
2026-02-01,2026,2,15-24,Females,Labour force total,1252.83
2026-02-01,2026,2,15-24,Persons,Participation rate,72.99
2026-02-01,2026,2,15-24,Males,Participation rate,73.17
2026-02-01,2026,2,15-24,Females,Participation rate,72.8
2026-02-01,2026,2,25-34,Persons,Employed total,3437.68
2026-02-01,2026,2,25-34,Males,Employed total,1793.34
2026-02-01,2026,2,25-34,Females,Employed total,1644.34
2026-02-01,2026,2,25-34,Persons,Employment to population ratio,83.73
2026-02-01,2026,2,25-34,Males,Employment to population ratio,86.98
2026-02-01,2026,2,25-34,Females,Employment to population ratio,80.45
2026-02-01,2026,2,25-34,Persons,Unemployed total,142.21
2026-02-01,2026,2,25-34,Males,Unemployed total,78.12
2026-02-01,2026,2,25-34,Females,Unemployed total,64.09
2026-02-01,2026,2,25-34,Persons,Unemployment rate,3.97
2026-02-01,2026,2,25-34,Males,Unemployment rate,4.17
2026-02-01,2026,2,25-34,Females,Unemployment rate,3.75
2026-02-01,2026,2,25-34,Persons,Labour force total,3579.89
2026-02-01,2026,2,25-34,Males,Labour force total,1871.46
2026-02-01,2026,2,25-34,Females,Labour force total,1708.43
2026-02-01,2026,2,25-34,Persons,Participation rate,87.19
2026-02-01,2026,2,25-34,Males,Participation rate,90.77
2026-02-01,2026,2,25-34,Females,Participation rate,83.58
2026-03-01,2026,3,15-24,Persons,Employed total,2295.96
2026-03-01,2026,3,15-24,Males,Employed total,1156.59
2026-03-01,2026,3,15-24,Females,Employed total,1139.38
2026-03-01,2026,3,15-24,Persons,Employment to population ratio,64.34
2026-03-01,2026,3,15-24,Males,Employment to population ratio,62.79
2026-03-01,2026,3,15-24,Females,Employment to population ratio,65.98
2026-03-01,2026,3,15-24,Persons,Unemployed total,283.87
2026-03-01,2026,3,15-24,Males,Unemployed total,163.46
2026-03-01,2026,3,15-24,Females,Unemployed total,120.42
2026-03-01,2026,3,15-24,Persons,Unemployment rate,11.0
2026-03-01,2026,3,15-24,Males,Unemployment rate,12.38
2026-03-01,2026,3,15-24,Females,Unemployment rate,9.56
2026-03-01,2026,3,15-24,Persons,Labour force total,2579.83
2026-03-01,2026,3,15-24,Males,Labour force total,1320.04
2026-03-01,2026,3,15-24,Females,Labour force total,1259.79
2026-03-01,2026,3,15-24,Persons,Participation rate,72.29
2026-03-01,2026,3,15-24,Males,Participation rate,71.67
2026-03-01,2026,3,15-24,Females,Participation rate,72.96
2026-03-01,2026,3,25-34,Persons,Employed total,3437.47
2026-03-01,2026,3,25-34,Males,Employed total,1796.24
2026-03-01,2026,3,25-34,Females,Employed total,1641.23
2026-03-01,2026,3,25-34,Persons,Employment to population ratio,83.6
2026-03-01,2026,3,25-34,Males,Employment to population ratio,86.98
2026-03-01,2026,3,25-34,Females,Employment to population ratio,80.19
2026-03-01,2026,3,25-34,Persons,Unemployed total,142.53
2026-03-01,2026,3,25-34,Males,Unemployed total,81.38
2026-03-01,2026,3,25-34,Females,Unemployed total,61.15
2026-03-01,2026,3,25-34,Persons,Unemployment rate,3.98
2026-03-01,2026,3,25-34,Males,Unemployment rate,4.33
2026-03-01,2026,3,25-34,Females,Unemployment rate,3.59
2026-03-01,2026,3,25-34,Persons,Labour force total,3580.0
2026-03-01,2026,3,25-34,Males,Labour force total,1877.62
2026-03-01,2026,3,25-34,Females,Labour force total,1702.38
2026-03-01,2026,3,25-34,Persons,Participation rate,87.07
2026-03-01,2026,3,25-34,Males,Participation rate,90.92
2026-03-01,2026,3,25-34,Females,Participation rate,83.18
2026-04-01,2026,4,15-24,Persons,Employed total,2229.21
2026-04-01,2026,4,15-24,Males,Employed total,1142.75
2026-04-01,2026,4,15-24,Females,Employed total,1086.45
2026-04-01,2026,4,15-24,Persons,Employment to population ratio,62.46
2026-04-01,2026,4,15-24,Males,Employment to population ratio,62.03
2026-04-01,2026,4,15-24,Females,Employment to population ratio,62.91
2026-04-01,2026,4,15-24,Persons,Unemployed total,290.18
2026-04-01,2026,4,15-24,Males,Unemployed total,160.86
2026-04-01,2026,4,15-24,Females,Unemployed total,129.32
2026-04-01,2026,4,15-24,Persons,Unemployment rate,11.52
2026-04-01,2026,4,15-24,Males,Unemployment rate,12.34
2026-04-01,2026,4,15-24,Females,Unemployment rate,10.64
2026-04-01,2026,4,15-24,Persons,Labour force total,2519.39
2026-04-01,2026,4,15-24,Males,Labour force total,1303.62
2026-04-01,2026,4,15-24,Females,Labour force total,1215.77
2026-04-01,2026,4,15-24,Persons,Participation rate,70.59
2026-04-01,2026,4,15-24,Males,Participation rate,70.76
2026-04-01,2026,4,15-24,Females,Participation rate,70.4
2026-04-01,2026,4,25-34,Persons,Employed total,3452.37
2026-04-01,2026,4,25-34,Males,Employed total,1815.97
2026-04-01,2026,4,25-34,Females,Employed total,1636.4
2026-04-01,2026,4,25-34,Persons,Employment to population ratio,83.89
2026-04-01,2026,4,25-34,Males,Employment to population ratio,87.84
2026-04-01,2026,4,25-34,Females,Employment to population ratio,79.9
2026-04-01,2026,4,25-34,Persons,Unemployed total,138.8
2026-04-01,2026,4,25-34,Males,Unemployed total,72.94
2026-04-01,2026,4,25-34,Females,Unemployed total,65.85
2026-04-01,2026,4,25-34,Persons,Unemployment rate,3.86
2026-04-01,2026,4,25-34,Males,Unemployment rate,3.86
2026-04-01,2026,4,25-34,Females,Unemployment rate,3.87
2026-04-01,2026,4,25-34,Persons,Labour force total,3591.17
2026-04-01,2026,4,25-34,Males,Labour force total,1888.92
2026-04-01,2026,4,25-34,Females,Labour force total,1702.25
2026-04-01,2026,4,25-34,Persons,Participation rate,87.26
2026-04-01,2026,4,25-34,Males,Participation rate,91.36
2026-04-01,2026,4,25-34,Females,Participation rate,83.12
2026-05-01,2026,5,15-24,Persons,Employed total,2266.21
2026-05-01,2026,5,15-24,Males,Employed total,1152.15
2026-05-01,2026,5,15-24,Females,Employed total,1114.06
2026-05-01,2026,5,15-24,Persons,Employment to population ratio,63.48
2026-05-01,2026,5,15-24,Males,Employment to population ratio,62.52
2026-05-01,2026,5,15-24,Females,Employment to population ratio,64.5
2026-05-01,2026,5,15-24,Persons,Unemployed total,253.87
2026-05-01,2026,5,15-24,Males,Unemployed total,137.64
2026-05-01,2026,5,15-24,Females,Unemployed total,116.23
2026-05-01,2026,5,15-24,Persons,Unemployment rate,10.07
2026-05-01,2026,5,15-24,Males,Unemployment rate,10.67
2026-05-01,2026,5,15-24,Females,Unemployment rate,9.45
2026-05-01,2026,5,15-24,Persons,Labour force total,2520.09
2026-05-01,2026,5,15-24,Males,Labour force total,1289.79
2026-05-01,2026,5,15-24,Females,Labour force total,1230.29
2026-05-01,2026,5,15-24,Persons,Participation rate,70.59
2026-05-01,2026,5,15-24,Males,Participation rate,69.99
2026-05-01,2026,5,15-24,Females,Participation rate,71.23
2026-05-01,2026,5,25-34,Persons,Employed total,3457.8
2026-05-01,2026,5,25-34,Males,Employed total,1811.54
2026-05-01,2026,5,25-34,Females,Employed total,1646.27
2026-05-01,2026,5,25-34,Persons,Employment to population ratio,83.94
2026-05-01,2026,5,25-34,Males,Employment to population ratio,87.52
2026-05-01,2026,5,25-34,Females,Employment to population ratio,80.33
2026-05-01,2026,5,25-34,Persons,Unemployed total,143.31
2026-05-01,2026,5,25-34,Males,Unemployed total,79.34
2026-05-01,2026,5,25-34,Females,Unemployed total,63.97
2026-05-01,2026,5,25-34,Persons,Unemployment rate,3.98
2026-05-01,2026,5,25-34,Males,Unemployment rate,4.2
2026-05-01,2026,5,25-34,Females,Unemployment rate,3.74
2026-05-01,2026,5,25-34,Persons,Labour force total,3601.12
2026-05-01,2026,5,25-34,Males,Labour force total,1890.88
2026-05-01,2026,5,25-34,Females,Labour force total,1710.24
2026-05-01,2026,5,25-34,Persons,Participation rate,87.42
2026-05-01,2026,5,25-34,Males,Participation rate,91.36
2026-05-01,2026,5,25-34,Females,Participation rate,83.45
2026-06-01,2026,6,15-24,Persons,Employed total,2283.54
2026-06-01,2026,6,15-24,Males,Employed total,1163.64
2026-06-01,2026,6,15-24,Females,Employed total,1119.9
2026-06-01,2026,6,15-24,Persons,Employment to population ratio,63.95
2026-06-01,2026,6,15-24,Males,Employment to population ratio,63.13
2026-06-01,2026,6,15-24,Females,Employment to population ratio,64.83
2026-06-01,2026,6,15-24,Persons,Unemployed total,256.12
2026-06-01,2026,6,15-24,Males,Unemployed total,133.62
2026-06-01,2026,6,15-24,Females,Unemployed total,122.5
2026-06-01,2026,6,15-24,Persons,Unemployment rate,10.08
2026-06-01,2026,6,15-24,Males,Unemployment rate,10.3
2026-06-01,2026,6,15-24,Females,Unemployment rate,9.86
2026-06-01,2026,6,15-24,Persons,Labour force total,2539.66
2026-06-01,2026,6,15-24,Males,Labour force total,1297.26
2026-06-01,2026,6,15-24,Females,Labour force total,1242.4
2026-06-01,2026,6,15-24,Persons,Participation rate,71.13
2026-06-01,2026,6,15-24,Males,Participation rate,70.38
2026-06-01,2026,6,15-24,Females,Participation rate,71.92
2026-06-01,2026,6,25-34,Persons,Employed total,3460.54
2026-06-01,2026,6,25-34,Males,Employed total,1816.91
2026-06-01,2026,6,25-34,Females,Employed total,1643.63
2026-06-01,2026,6,25-34,Persons,Employment to population ratio,83.94
2026-06-01,2026,6,25-34,Males,Employment to population ratio,87.69
2026-06-01,2026,6,25-34,Females,Employment to population ratio,80.15
2026-06-01,2026,6,25-34,Persons,Unemployed total,149.77
2026-06-01,2026,6,25-34,Males,Unemployed total,75.93
2026-06-01,2026,6,25-34,Females,Unemployed total,73.84
2026-06-01,2026,6,25-34,Persons,Unemployment rate,4.15
2026-06-01,2026,6,25-34,Males,Unemployment rate,4.01
2026-06-01,2026,6,25-34,Females,Unemployment rate,4.3
2026-06-01,2026,6,25-34,Persons,Labour force total,3610.31
2026-06-01,2026,6,25-34,Males,Labour force total,1892.84
2026-06-01,2026,6,25-34,Females,Labour force total,1717.47
2026-06-01,2026,6,25-34,Persons,Participation rate,87.57
2026-06-01,2026,6,25-34,Males,Participation rate,91.35
2026-06-01,2026,6,25-34,Females,Participation rate,83.75
2026-07-01,2026,7,15-24,Persons,Employed total,2271.73
2026-07-01,2026,7,15-24,Males,Employed total,1151.93
2026-07-01,2026,7,15-24,Females,Employed total,1119.81
2026-07-01,2026,7,15-24,Persons,Employment to population ratio,63.45
2026-07-01,2026,7,15-24,Males,Employment to population ratio,62.32
2026-07-01,2026,7,15-24,Females,Employment to population ratio,64.65
2026-07-01,2026,7,15-24,Persons,Unemployed total,254.39
2026-07-01,2026,7,15-24,Males,Unemployed total,137.39
2026-07-01,2026,7,15-24,Females,Unemployed total,117.0
2026-07-01,2026,7,15-24,Persons,Unemployment rate,10.07
2026-07-01,2026,7,15-24,Males,Unemployment rate,10.66
2026-07-01,2026,7,15-24,Females,Unemployment rate,9.46
2026-07-01,2026,7,15-24,Persons,Labour force total,2526.13
2026-07-01,2026,7,15-24,Males,Labour force total,1289.32
2026-07-01,2026,7,15-24,Females,Labour force total,1236.81
2026-07-01,2026,7,15-24,Persons,Participation rate,70.55
2026-07-01,2026,7,15-24,Males,Participation rate,69.75
2026-07-01,2026,7,15-24,Females,Participation rate,71.41
2026-07-01,2026,7,25-34,Persons,Employed total,3431.27
2026-07-01,2026,7,25-34,Males,Employed total,1795.47
2026-07-01,2026,7,25-34,Females,Employed total,1635.8
2026-07-01,2026,7,25-34,Persons,Employment to population ratio,83.14
2026-07-01,2026,7,25-34,Males,Employment to population ratio,86.54
2026-07-01,2026,7,25-34,Females,Employment to population ratio,79.7
2026-07-01,2026,7,25-34,Persons,Unemployed total,141.95
2026-07-01,2026,7,25-34,Males,Unemployed total,82.14
2026-07-01,2026,7,25-34,Females,Unemployed total,59.81
2026-07-01,2026,7,25-34,Persons,Unemployment rate,3.97
2026-07-01,2026,7,25-34,Males,Unemployment rate,4.37
2026-07-01,2026,7,25-34,Females,Unemployment rate,3.53
2026-07-01,2026,7,25-34,Persons,Labour force total,3573.22
2026-07-01,2026,7,25-34,Males,Labour force total,1877.61
2026-07-01,2026,7,25-34,Females,Labour force total,1695.61
2026-07-01,2026,7,25-34,Persons,Participation rate,86.58
2026-07-01,2026,7,25-34,Males,Participation rate,90.49
2026-07-01,2026,7,25-34,Females,Participation rate,82.62
2016-01-01,2016,1,35-44,Persons,Employed total,2533.31
2016-01-01,2016,1,35-44,Males,Employed total,1379.64
2016-01-01,2016,1,35-44,Females,Employed total,1153.68
2016-01-01,2016,1,35-44,Persons,Employment to population ratio,78.73
2016-01-01,2016,1,35-44,Males,Employment to population ratio,86.45
2016-01-01,2016,1,35-44,Females,Employment to population ratio,71.14
2016-01-01,2016,1,35-44,Persons,Unemployed total,134.62
2016-01-01,2016,1,35-44,Males,Unemployed total,62.55
2016-01-01,2016,1,35-44,Females,Unemployed total,72.07
2016-01-01,2016,1,35-44,Persons,Unemployment rate,5.05
2016-01-01,2016,1,35-44,Males,Unemployment rate,4.34
2016-01-01,2016,1,35-44,Females,Unemployment rate,5.88
2016-01-01,2016,1,35-44,Persons,Labour force total,2667.93
2016-01-01,2016,1,35-44,Males,Labour force total,1442.19
2016-01-01,2016,1,35-44,Females,Labour force total,1225.75
2016-01-01,2016,1,35-44,Persons,Participation rate,82.92
2016-01-01,2016,1,35-44,Males,Participation rate,90.37
2016-01-01,2016,1,35-44,Females,Participation rate,75.59
2016-01-01,2016,1,45-54,Persons,Employed total,2455.54
2016-01-01,2016,1,45-54,Males,Employed total,1290.04
2016-01-01,2016,1,45-54,Females,Employed total,1165.5
2016-01-01,2016,1,45-54,Persons,Employment to population ratio,78.42
2016-01-01,2016,1,45-54,Males,Employment to population ratio,83.97
2016-01-01,2016,1,45-54,Females,Employment to population ratio,73.08
2016-01-01,2016,1,45-54,Persons,Unemployed total,118.5
2016-01-01,2016,1,45-54,Males,Unemployed total,59.45
2016-01-01,2016,1,45-54,Females,Unemployed total,59.05
2016-01-01,2016,1,45-54,Persons,Unemployment rate,4.6
2016-01-01,2016,1,45-54,Males,Unemployment rate,4.41
2016-01-01,2016,1,45-54,Females,Unemployment rate,4.82
2016-01-01,2016,1,45-54,Persons,Labour force total,2574.04
2016-01-01,2016,1,45-54,Males,Labour force total,1349.49
2016-01-01,2016,1,45-54,Females,Labour force total,1224.55
2016-01-01,2016,1,45-54,Persons,Participation rate,82.2
2016-01-01,2016,1,45-54,Males,Participation rate,87.84
2016-01-01,2016,1,45-54,Females,Participation rate,76.78
2016-02-01,2016,2,35-44,Persons,Employed total,2566.97
2016-02-01,2016,2,35-44,Males,Employed total,1395.75
2016-02-01,2016,2,35-44,Females,Employed total,1171.22
2016-02-01,2016,2,35-44,Persons,Employment to population ratio,79.76
2016-02-01,2016,2,35-44,Males,Employment to population ratio,87.42
2016-02-01,2016,2,35-44,Females,Employment to population ratio,72.21
2016-02-01,2016,2,35-44,Persons,Unemployed total,143.4
2016-02-01,2016,2,35-44,Males,Unemployed total,62.97
2016-02-01,2016,2,35-44,Females,Unemployed total,80.43
2016-02-01,2016,2,35-44,Persons,Unemployment rate,5.29
2016-02-01,2016,2,35-44,Males,Unemployment rate,4.32
2016-02-01,2016,2,35-44,Females,Unemployment rate,6.43
2016-02-01,2016,2,35-44,Persons,Labour force total,2710.37
2016-02-01,2016,2,35-44,Males,Labour force total,1458.73
2016-02-01,2016,2,35-44,Females,Labour force total,1251.65
2016-02-01,2016,2,35-44,Persons,Participation rate,84.21
2016-02-01,2016,2,35-44,Males,Participation rate,91.37
2016-02-01,2016,2,35-44,Females,Participation rate,77.17
2016-02-01,2016,2,45-54,Persons,Employed total,2514.59
2016-02-01,2016,2,45-54,Males,Employed total,1312.66
2016-02-01,2016,2,45-54,Females,Employed total,1201.94
2016-02-01,2016,2,45-54,Persons,Employment to population ratio,80.24
2016-02-01,2016,2,45-54,Males,Employment to population ratio,85.39
2016-02-01,2016,2,45-54,Females,Employment to population ratio,75.28
2016-02-01,2016,2,45-54,Persons,Unemployed total,112.85
2016-02-01,2016,2,45-54,Males,Unemployed total,53.54
2016-02-01,2016,2,45-54,Females,Unemployed total,59.3
2016-02-01,2016,2,45-54,Persons,Unemployment rate,4.29
2016-02-01,2016,2,45-54,Males,Unemployment rate,3.92
2016-02-01,2016,2,45-54,Females,Unemployment rate,4.7
2016-02-01,2016,2,45-54,Persons,Labour force total,2627.44
2016-02-01,2016,2,45-54,Males,Labour force total,1366.2
2016-02-01,2016,2,45-54,Females,Labour force total,1261.24
2016-02-01,2016,2,45-54,Persons,Participation rate,83.84
2016-02-01,2016,2,45-54,Males,Participation rate,88.87
2016-02-01,2016,2,45-54,Females,Participation rate,78.99
2016-03-01,2016,3,35-44,Persons,Employed total,2581.29
2016-03-01,2016,3,35-44,Males,Employed total,1398.45
2016-03-01,2016,3,35-44,Females,Employed total,1182.84
2016-03-01,2016,3,35-44,Persons,Employment to population ratio,80.18
2016-03-01,2016,3,35-44,Males,Employment to population ratio,87.56
2016-03-01,2016,3,35-44,Females,Employment to population ratio,72.92
2016-03-01,2016,3,35-44,Persons,Unemployed total,138.42
2016-03-01,2016,3,35-44,Males,Unemployed total,57.13
2016-03-01,2016,3,35-44,Females,Unemployed total,81.29
2016-03-01,2016,3,35-44,Persons,Unemployment rate,5.09
2016-03-01,2016,3,35-44,Males,Unemployment rate,3.93
2016-03-01,2016,3,35-44,Females,Unemployment rate,6.43
2016-03-01,2016,3,35-44,Persons,Labour force total,2719.71
2016-03-01,2016,3,35-44,Males,Labour force total,1455.59
2016-03-01,2016,3,35-44,Females,Labour force total,1264.13
2016-03-01,2016,3,35-44,Persons,Participation rate,84.48
2016-03-01,2016,3,35-44,Males,Participation rate,91.14
2016-03-01,2016,3,35-44,Females,Participation rate,77.93
2016-03-01,2016,3,45-54,Persons,Employed total,2498.77
2016-03-01,2016,3,45-54,Males,Employed total,1297.07
2016-03-01,2016,3,45-54,Females,Employed total,1201.7
2016-03-01,2016,3,45-54,Persons,Employment to population ratio,79.66
2016-03-01,2016,3,45-54,Males,Employment to population ratio,84.33
2016-03-01,2016,3,45-54,Females,Employment to population ratio,75.18
2016-03-01,2016,3,45-54,Persons,Unemployed total,106.1
2016-03-01,2016,3,45-54,Males,Unemployed total,52.55
2016-03-01,2016,3,45-54,Females,Unemployed total,53.55
2016-03-01,2016,3,45-54,Persons,Unemployment rate,4.07
2016-03-01,2016,3,45-54,Males,Unemployment rate,3.89
2016-03-01,2016,3,45-54,Females,Unemployment rate,4.27
2016-03-01,2016,3,45-54,Persons,Labour force total,2604.86
2016-03-01,2016,3,45-54,Males,Labour force total,1349.62
2016-03-01,2016,3,45-54,Females,Labour force total,1255.24
2016-03-01,2016,3,45-54,Persons,Participation rate,83.05
2016-03-01,2016,3,45-54,Males,Participation rate,87.74
2016-03-01,2016,3,45-54,Females,Participation rate,78.53
2016-04-01,2016,4,35-44,Persons,Employed total,2587.81
2016-04-01,2016,4,35-44,Males,Employed total,1406.93
2016-04-01,2016,4,35-44,Females,Employed total,1180.88
2016-04-01,2016,4,35-44,Persons,Employment to population ratio,80.37
2016-04-01,2016,4,35-44,Males,Employment to population ratio,88.06
2016-04-01,2016,4,35-44,Females,Employment to population ratio,72.79
2016-04-01,2016,4,35-44,Persons,Unemployed total,120.45
2016-04-01,2016,4,35-44,Males,Unemployed total,51.29
2016-04-01,2016,4,35-44,Females,Unemployed total,69.15
2016-04-01,2016,4,35-44,Persons,Unemployment rate,4.45
2016-04-01,2016,4,35-44,Males,Unemployment rate,3.52
2016-04-01,2016,4,35-44,Females,Unemployment rate,5.53
2016-04-01,2016,4,35-44,Persons,Labour force total,2708.26
2016-04-01,2016,4,35-44,Males,Labour force total,1458.22
2016-04-01,2016,4,35-44,Females,Labour force total,1250.04
2016-04-01,2016,4,35-44,Persons,Participation rate,84.11
2016-04-01,2016,4,35-44,Males,Participation rate,91.27
2016-04-01,2016,4,35-44,Females,Participation rate,77.06
2016-04-01,2016,4,45-54,Persons,Employed total,2502.72
2016-04-01,2016,4,45-54,Males,Employed total,1295.75
2016-04-01,2016,4,45-54,Females,Employed total,1206.97
2016-04-01,2016,4,45-54,Persons,Employment to population ratio,79.72
2016-04-01,2016,4,45-54,Males,Employment to population ratio,84.19
2016-04-01,2016,4,45-54,Females,Employment to population ratio,75.43
2016-04-01,2016,4,45-54,Persons,Unemployed total,112.04
2016-04-01,2016,4,45-54,Males,Unemployed total,53.66
2016-04-01,2016,4,45-54,Females,Unemployed total,58.38
2016-04-01,2016,4,45-54,Persons,Unemployment rate,4.28
2016-04-01,2016,4,45-54,Males,Unemployment rate,3.98
2016-04-01,2016,4,45-54,Females,Unemployment rate,4.61
2016-04-01,2016,4,45-54,Persons,Labour force total,2614.76
2016-04-01,2016,4,45-54,Males,Labour force total,1349.41
2016-04-01,2016,4,45-54,Females,Labour force total,1265.35
2016-04-01,2016,4,45-54,Persons,Participation rate,83.29
2016-04-01,2016,4,45-54,Males,Participation rate,87.67
2016-04-01,2016,4,45-54,Females,Participation rate,79.07
2016-05-01,2016,5,35-44,Persons,Employed total,2602.39
2016-05-01,2016,5,35-44,Males,Employed total,1414.18
2016-05-01,2016,5,35-44,Females,Employed total,1188.21
2016-05-01,2016,5,35-44,Persons,Employment to population ratio,80.8
2016-05-01,2016,5,35-44,Males,Employment to population ratio,88.48
2016-05-01,2016,5,35-44,Females,Employment to population ratio,73.24
2016-05-01,2016,5,35-44,Persons,Unemployed total,110.4
2016-05-01,2016,5,35-44,Males,Unemployed total,44.83
2016-05-01,2016,5,35-44,Females,Unemployed total,65.57
2016-05-01,2016,5,35-44,Persons,Unemployment rate,4.07
2016-05-01,2016,5,35-44,Males,Unemployment rate,3.07
2016-05-01,2016,5,35-44,Females,Unemployment rate,5.23
2016-05-01,2016,5,35-44,Persons,Labour force total,2712.79
2016-05-01,2016,5,35-44,Males,Labour force total,1459.01
2016-05-01,2016,5,35-44,Females,Labour force total,1253.78
2016-05-01,2016,5,35-44,Persons,Participation rate,84.23
2016-05-01,2016,5,35-44,Males,Participation rate,91.28
2016-05-01,2016,5,35-44,Females,Participation rate,77.28
2016-05-01,2016,5,45-54,Persons,Employed total,2516.82
2016-05-01,2016,5,45-54,Males,Employed total,1299.0
2016-05-01,2016,5,45-54,Females,Employed total,1217.82
2016-05-01,2016,5,45-54,Persons,Employment to population ratio,80.1
2016-05-01,2016,5,45-54,Males,Employment to population ratio,84.34
2016-05-01,2016,5,45-54,Females,Employment to population ratio,76.02
2016-05-01,2016,5,45-54,Persons,Unemployed total,106.13
2016-05-01,2016,5,45-54,Males,Unemployed total,54.04
2016-05-01,2016,5,45-54,Females,Unemployed total,52.09
2016-05-01,2016,5,45-54,Persons,Unemployment rate,4.05
2016-05-01,2016,5,45-54,Males,Unemployment rate,3.99
2016-05-01,2016,5,45-54,Females,Unemployment rate,4.1
2016-05-01,2016,5,45-54,Persons,Labour force total,2622.95
2016-05-01,2016,5,45-54,Males,Labour force total,1353.04
2016-05-01,2016,5,45-54,Females,Labour force total,1269.91
2016-05-01,2016,5,45-54,Persons,Participation rate,83.48
2016-05-01,2016,5,45-54,Males,Participation rate,87.85
2016-05-01,2016,5,45-54,Females,Participation rate,79.27
2016-06-01,2016,6,35-44,Persons,Employed total,2595.47
2016-06-01,2016,6,35-44,Males,Employed total,1407.11
2016-06-01,2016,6,35-44,Females,Employed total,1188.36
2016-06-01,2016,6,35-44,Persons,Employment to population ratio,80.57
2016-06-01,2016,6,35-44,Males,Employment to population ratio,88.0
2016-06-01,2016,6,35-44,Females,Employment to population ratio,73.24
2016-06-01,2016,6,35-44,Persons,Unemployed total,106.4
2016-06-01,2016,6,35-44,Males,Unemployed total,45.38
2016-06-01,2016,6,35-44,Females,Unemployed total,61.02
2016-06-01,2016,6,35-44,Persons,Unemployment rate,3.94
2016-06-01,2016,6,35-44,Males,Unemployment rate,3.12
2016-06-01,2016,6,35-44,Females,Unemployment rate,4.88
2016-06-01,2016,6,35-44,Persons,Labour force total,2701.87
2016-06-01,2016,6,35-44,Males,Labour force total,1452.5
2016-06-01,2016,6,35-44,Females,Labour force total,1249.38
2016-06-01,2016,6,35-44,Persons,Participation rate,83.87
2016-06-01,2016,6,35-44,Males,Participation rate,90.84
2016-06-01,2016,6,35-44,Females,Participation rate,77.0
2016-06-01,2016,6,45-54,Persons,Employed total,2509.99
2016-06-01,2016,6,45-54,Males,Employed total,1297.04
2016-06-01,2016,6,45-54,Females,Employed total,1212.95
2016-06-01,2016,6,45-54,Persons,Employment to population ratio,79.81
2016-06-01,2016,6,45-54,Males,Employment to population ratio,84.16
2016-06-01,2016,6,45-54,Females,Employment to population ratio,75.64
2016-06-01,2016,6,45-54,Persons,Unemployed total,107.38
2016-06-01,2016,6,45-54,Males,Unemployed total,53.55
2016-06-01,2016,6,45-54,Females,Unemployed total,53.83
2016-06-01,2016,6,45-54,Persons,Unemployment rate,4.1
2016-06-01,2016,6,45-54,Males,Unemployment rate,3.96
2016-06-01,2016,6,45-54,Females,Unemployment rate,4.25
2016-06-01,2016,6,45-54,Persons,Labour force total,2617.37
2016-06-01,2016,6,45-54,Males,Labour force total,1350.59
2016-06-01,2016,6,45-54,Females,Labour force total,1266.79
2016-06-01,2016,6,45-54,Persons,Participation rate,83.23
2016-06-01,2016,6,45-54,Males,Participation rate,87.64
2016-06-01,2016,6,45-54,Females,Participation rate,78.99
2016-07-01,2016,7,35-44,Persons,Employed total,2593.33
2016-07-01,2016,7,35-44,Males,Employed total,1413.2
2016-07-01,2016,7,35-44,Females,Employed total,1180.13
2016-07-01,2016,7,35-44,Persons,Employment to population ratio,80.43
2016-07-01,2016,7,35-44,Males,Employment to population ratio,88.31
2016-07-01,2016,7,35-44,Females,Employment to population ratio,72.67
2016-07-01,2016,7,35-44,Persons,Unemployed total,106.82
2016-07-01,2016,7,35-44,Males,Unemployed total,49.18
2016-07-01,2016,7,35-44,Females,Unemployed total,57.64
2016-07-01,2016,7,35-44,Persons,Unemployment rate,3.96
2016-07-01,2016,7,35-44,Males,Unemployment rate,3.36
2016-07-01,2016,7,35-44,Females,Unemployment rate,4.66
2016-07-01,2016,7,35-44,Persons,Labour force total,2700.15
2016-07-01,2016,7,35-44,Males,Labour force total,1462.38
2016-07-01,2016,7,35-44,Females,Labour force total,1237.77
2016-07-01,2016,7,35-44,Persons,Participation rate,83.75
2016-07-01,2016,7,35-44,Males,Participation rate,91.38
2016-07-01,2016,7,35-44,Females,Participation rate,76.22
2016-07-01,2016,7,45-54,Persons,Employed total,2507.08
2016-07-01,2016,7,45-54,Males,Employed total,1293.12
2016-07-01,2016,7,45-54,Females,Employed total,1213.96
2016-07-01,2016,7,45-54,Persons,Employment to population ratio,79.64
2016-07-01,2016,7,45-54,Males,Employment to population ratio,83.82
2016-07-01,2016,7,45-54,Females,Employment to population ratio,75.63
2016-07-01,2016,7,45-54,Persons,Unemployed total,102.25
2016-07-01,2016,7,45-54,Males,Unemployed total,49.75
2016-07-01,2016,7,45-54,Females,Unemployed total,52.5
2016-07-01,2016,7,45-54,Persons,Unemployment rate,3.92
2016-07-01,2016,7,45-54,Males,Unemployment rate,3.7
2016-07-01,2016,7,45-54,Females,Unemployment rate,4.15
2016-07-01,2016,7,45-54,Persons,Labour force total,2609.33
2016-07-01,2016,7,45-54,Males,Labour force total,1342.87
2016-07-01,2016,7,45-54,Females,Labour force total,1266.46
2016-07-01,2016,7,45-54,Persons,Participation rate,82.89
2016-07-01,2016,7,45-54,Males,Participation rate,87.05
2016-07-01,2016,7,45-54,Females,Participation rate,78.9
2016-08-01,2016,8,35-44,Persons,Employed total,2588.19
2016-08-01,2016,8,35-44,Males,Employed total,1411.77
2016-08-01,2016,8,35-44,Females,Employed total,1176.42
2016-08-01,2016,8,35-44,Persons,Employment to population ratio,80.21
2016-08-01,2016,8,35-44,Males,Employment to population ratio,88.15
2016-08-01,2016,8,35-44,Females,Employment to population ratio,72.38
2016-08-01,2016,8,35-44,Persons,Unemployed total,113.82
2016-08-01,2016,8,35-44,Males,Unemployed total,52.74
2016-08-01,2016,8,35-44,Females,Unemployed total,61.08
2016-08-01,2016,8,35-44,Persons,Unemployment rate,4.21
2016-08-01,2016,8,35-44,Males,Unemployment rate,3.6
2016-08-01,2016,8,35-44,Females,Unemployment rate,4.94
2016-08-01,2016,8,35-44,Persons,Labour force total,2702.0
2016-08-01,2016,8,35-44,Males,Labour force total,1464.51
2016-08-01,2016,8,35-44,Females,Labour force total,1237.49
2016-08-01,2016,8,35-44,Persons,Participation rate,83.73
2016-08-01,2016,8,35-44,Males,Participation rate,91.44
2016-08-01,2016,8,35-44,Females,Participation rate,76.14
2016-08-01,2016,8,45-54,Persons,Employed total,2512.37
2016-08-01,2016,8,45-54,Males,Employed total,1294.85
2016-08-01,2016,8,45-54,Females,Employed total,1217.53
2016-08-01,2016,8,45-54,Persons,Employment to population ratio,79.74
2016-08-01,2016,8,45-54,Males,Employment to population ratio,83.85
2016-08-01,2016,8,45-54,Females,Employment to population ratio,75.78
2016-08-01,2016,8,45-54,Persons,Unemployed total,109.88
2016-08-01,2016,8,45-54,Males,Unemployed total,53.48
2016-08-01,2016,8,45-54,Females,Unemployed total,56.4
2016-08-01,2016,8,45-54,Persons,Unemployment rate,4.19
2016-08-01,2016,8,45-54,Males,Unemployment rate,3.97
2016-08-01,2016,8,45-54,Females,Unemployment rate,4.43
2016-08-01,2016,8,45-54,Persons,Labour force total,2622.26
2016-08-01,2016,8,45-54,Males,Labour force total,1348.33
2016-08-01,2016,8,45-54,Females,Labour force total,1273.93
2016-08-01,2016,8,45-54,Persons,Participation rate,83.23
2016-08-01,2016,8,45-54,Males,Participation rate,87.32
2016-08-01,2016,8,45-54,Females,Participation rate,79.29
2016-09-01,2016,9,35-44,Persons,Employed total,2598.95
2016-09-01,2016,9,35-44,Males,Employed total,1407.72
2016-09-01,2016,9,35-44,Females,Employed total,1191.24
2016-09-01,2016,9,35-44,Persons,Employment to population ratio,80.47
2016-09-01,2016,9,35-44,Males,Employment to population ratio,87.83
2016-09-01,2016,9,35-44,Females,Employment to population ratio,73.23
2016-09-01,2016,9,35-44,Persons,Unemployed total,104.8
2016-09-01,2016,9,35-44,Males,Unemployed total,52.92
2016-09-01,2016,9,35-44,Females,Unemployed total,51.87
2016-09-01,2016,9,35-44,Persons,Unemployment rate,3.88
2016-09-01,2016,9,35-44,Males,Unemployment rate,3.62
2016-09-01,2016,9,35-44,Females,Unemployment rate,4.17
2016-09-01,2016,9,35-44,Persons,Labour force total,2703.75
2016-09-01,2016,9,35-44,Males,Labour force total,1460.64
2016-09-01,2016,9,35-44,Females,Labour force total,1243.11
2016-09-01,2016,9,35-44,Persons,Participation rate,83.72
2016-09-01,2016,9,35-44,Males,Participation rate,91.13
2016-09-01,2016,9,35-44,Females,Participation rate,76.42
2016-09-01,2016,9,45-54,Persons,Employed total,2524.16
2016-09-01,2016,9,45-54,Males,Employed total,1301.25
2016-09-01,2016,9,45-54,Females,Employed total,1222.91
2016-09-01,2016,9,45-54,Persons,Employment to population ratio,80.04
2016-09-01,2016,9,45-54,Males,Employment to population ratio,84.19
2016-09-01,2016,9,45-54,Females,Employment to population ratio,76.05
2016-09-01,2016,9,45-54,Persons,Unemployed total,104.97
2016-09-01,2016,9,45-54,Males,Unemployed total,51.76
2016-09-01,2016,9,45-54,Females,Unemployed total,53.21
2016-09-01,2016,9,45-54,Persons,Unemployment rate,3.99
2016-09-01,2016,9,45-54,Males,Unemployment rate,3.83
2016-09-01,2016,9,45-54,Females,Unemployment rate,4.17
2016-09-01,2016,9,45-54,Persons,Labour force total,2629.14
2016-09-01,2016,9,45-54,Males,Labour force total,1353.01
2016-09-01,2016,9,45-54,Females,Labour force total,1276.13
2016-09-01,2016,9,45-54,Persons,Participation rate,83.37
2016-09-01,2016,9,45-54,Males,Participation rate,87.53
2016-09-01,2016,9,45-54,Females,Participation rate,79.36
2016-10-01,2016,10,35-44,Persons,Employed total,2604.23
2016-10-01,2016,10,35-44,Males,Employed total,1423.37
2016-10-01,2016,10,35-44,Females,Employed total,1180.86
2016-10-01,2016,10,35-44,Persons,Employment to population ratio,80.57
2016-10-01,2016,10,35-44,Males,Employment to population ratio,88.73
2016-10-01,2016,10,35-44,Females,Employment to population ratio,72.53
2016-10-01,2016,10,35-44,Persons,Unemployed total,100.3
2016-10-01,2016,10,35-44,Males,Unemployed total,45.01
2016-10-01,2016,10,35-44,Females,Unemployed total,55.3
2016-10-01,2016,10,35-44,Persons,Unemployment rate,3.71
2016-10-01,2016,10,35-44,Males,Unemployment rate,3.07
2016-10-01,2016,10,35-44,Females,Unemployment rate,4.47
2016-10-01,2016,10,35-44,Persons,Labour force total,2704.54
2016-10-01,2016,10,35-44,Males,Labour force total,1468.38
2016-10-01,2016,10,35-44,Females,Labour force total,1236.16
2016-10-01,2016,10,35-44,Persons,Participation rate,83.68
2016-10-01,2016,10,35-44,Males,Participation rate,91.54
2016-10-01,2016,10,35-44,Females,Participation rate,75.93
2016-10-01,2016,10,45-54,Persons,Employed total,2520.72
2016-10-01,2016,10,45-54,Males,Employed total,1303.69
2016-10-01,2016,10,45-54,Females,Employed total,1217.03
2016-10-01,2016,10,45-54,Persons,Employment to population ratio,79.86
2016-10-01,2016,10,45-54,Males,Employment to population ratio,84.26
2016-10-01,2016,10,45-54,Females,Employment to population ratio,75.62
2016-10-01,2016,10,45-54,Persons,Unemployed total,100.74
2016-10-01,2016,10,45-54,Males,Unemployed total,50.57
2016-10-01,2016,10,45-54,Females,Unemployed total,50.17
2016-10-01,2016,10,45-54,Persons,Unemployment rate,3.84
2016-10-01,2016,10,45-54,Males,Unemployment rate,3.73
2016-10-01,2016,10,45-54,Females,Unemployment rate,3.96
2016-10-01,2016,10,45-54,Persons,Labour force total,2621.45
2016-10-01,2016,10,45-54,Males,Labour force total,1354.26
2016-10-01,2016,10,45-54,Females,Labour force total,1267.2
2016-10-01,2016,10,45-54,Persons,Participation rate,83.05
2016-10-01,2016,10,45-54,Males,Participation rate,87.53
2016-10-01,2016,10,45-54,Females,Participation rate,78.74
2016-11-01,2016,11,35-44,Persons,Employed total,2611.48
2016-11-01,2016,11,35-44,Males,Employed total,1419.06
2016-11-01,2016,11,35-44,Females,Employed total,1192.41
2016-11-01,2016,11,35-44,Persons,Employment to population ratio,80.73
2016-11-01,2016,11,35-44,Males,Employment to population ratio,88.4
2016-11-01,2016,11,35-44,Females,Employment to population ratio,73.18
2016-11-01,2016,11,35-44,Persons,Unemployed total,108.71
2016-11-01,2016,11,35-44,Males,Unemployed total,47.97
2016-11-01,2016,11,35-44,Females,Unemployed total,60.74
2016-11-01,2016,11,35-44,Persons,Unemployment rate,4.0
2016-11-01,2016,11,35-44,Males,Unemployment rate,3.27
2016-11-01,2016,11,35-44,Females,Unemployment rate,4.85
2016-11-01,2016,11,35-44,Persons,Labour force total,2720.19
2016-11-01,2016,11,35-44,Males,Labour force total,1467.03
2016-11-01,2016,11,35-44,Females,Labour force total,1253.16
2016-11-01,2016,11,35-44,Persons,Participation rate,84.09
2016-11-01,2016,11,35-44,Males,Participation rate,91.38
2016-11-01,2016,11,35-44,Females,Participation rate,76.91
2016-11-01,2016,11,45-54,Persons,Employed total,2526.75
2016-11-01,2016,11,45-54,Males,Employed total,1301.24
2016-11-01,2016,11,45-54,Females,Employed total,1225.51
2016-11-01,2016,11,45-54,Persons,Employment to population ratio,79.97
2016-11-01,2016,11,45-54,Males,Employment to population ratio,84.02
2016-11-01,2016,11,45-54,Females,Employment to population ratio,76.08
2016-11-01,2016,11,45-54,Persons,Unemployed total,98.06
2016-11-01,2016,11,45-54,Males,Unemployed total,50.18
2016-11-01,2016,11,45-54,Females,Unemployed total,47.88
2016-11-01,2016,11,45-54,Persons,Unemployment rate,3.74
2016-11-01,2016,11,45-54,Males,Unemployment rate,3.71
2016-11-01,2016,11,45-54,Females,Unemployment rate,3.76
2016-11-01,2016,11,45-54,Persons,Labour force total,2624.81
2016-11-01,2016,11,45-54,Males,Labour force total,1351.42
2016-11-01,2016,11,45-54,Females,Labour force total,1273.39
2016-11-01,2016,11,45-54,Persons,Participation rate,83.08
2016-11-01,2016,11,45-54,Males,Participation rate,87.27
2016-11-01,2016,11,45-54,Females,Participation rate,79.05
2016-12-01,2016,12,35-44,Persons,Employed total,2606.54
2016-12-01,2016,12,35-44,Males,Employed total,1419.49
2016-12-01,2016,12,35-44,Females,Employed total,1187.05
2016-12-01,2016,12,35-44,Persons,Employment to population ratio,80.51
2016-12-01,2016,12,35-44,Males,Employment to population ratio,88.35
2016-12-01,2016,12,35-44,Females,Employment to population ratio,72.79
2016-12-01,2016,12,35-44,Persons,Unemployed total,112.33
2016-12-01,2016,12,35-44,Males,Unemployed total,49.12
2016-12-01,2016,12,35-44,Females,Unemployed total,63.2
2016-12-01,2016,12,35-44,Persons,Unemployment rate,4.13
2016-12-01,2016,12,35-44,Males,Unemployment rate,3.34
2016-12-01,2016,12,35-44,Females,Unemployment rate,5.06
2016-12-01,2016,12,35-44,Persons,Labour force total,2718.86
2016-12-01,2016,12,35-44,Males,Labour force total,1468.61
2016-12-01,2016,12,35-44,Females,Labour force total,1250.25
2016-12-01,2016,12,35-44,Persons,Participation rate,83.98
2016-12-01,2016,12,35-44,Males,Participation rate,91.41
2016-12-01,2016,12,35-44,Females,Participation rate,76.67
2016-12-01,2016,12,45-54,Persons,Employed total,2528.36
2016-12-01,2016,12,45-54,Males,Employed total,1302.8
2016-12-01,2016,12,45-54,Females,Employed total,1225.55
2016-12-01,2016,12,45-54,Persons,Employment to population ratio,79.95
2016-12-01,2016,12,45-54,Males,Employment to population ratio,84.05
2016-12-01,2016,12,45-54,Females,Employment to population ratio,76.02
2016-12-01,2016,12,45-54,Persons,Unemployed total,102.71
2016-12-01,2016,12,45-54,Males,Unemployed total,52.13
2016-12-01,2016,12,45-54,Females,Unemployed total,50.58
2016-12-01,2016,12,45-54,Persons,Unemployment rate,3.9
2016-12-01,2016,12,45-54,Males,Unemployment rate,3.85
2016-12-01,2016,12,45-54,Females,Unemployment rate,3.96
2016-12-01,2016,12,45-54,Persons,Labour force total,2631.07
2016-12-01,2016,12,45-54,Males,Labour force total,1354.93
2016-12-01,2016,12,45-54,Females,Labour force total,1276.13
2016-12-01,2016,12,45-54,Persons,Participation rate,83.2
2016-12-01,2016,12,45-54,Males,Participation rate,87.41
2016-12-01,2016,12,45-54,Females,Participation rate,79.15
2017-01-01,2017,1,35-44,Persons,Employed total,2547.74
2017-01-01,2017,1,35-44,Males,Employed total,1397.68
2017-01-01,2017,1,35-44,Females,Employed total,1150.06
2017-01-01,2017,1,35-44,Persons,Employment to population ratio,78.62
2017-01-01,2017,1,35-44,Males,Employment to population ratio,86.91
2017-01-01,2017,1,35-44,Females,Employment to population ratio,70.46
2017-01-01,2017,1,35-44,Persons,Unemployed total,125.68
2017-01-01,2017,1,35-44,Males,Unemployed total,50.01
2017-01-01,2017,1,35-44,Females,Unemployed total,75.67
2017-01-01,2017,1,35-44,Persons,Unemployment rate,4.7
2017-01-01,2017,1,35-44,Males,Unemployment rate,3.45
2017-01-01,2017,1,35-44,Females,Unemployment rate,6.17
2017-01-01,2017,1,35-44,Persons,Labour force total,2673.42
2017-01-01,2017,1,35-44,Males,Labour force total,1447.69
2017-01-01,2017,1,35-44,Females,Labour force total,1225.73
2017-01-01,2017,1,35-44,Persons,Participation rate,82.5
2017-01-01,2017,1,35-44,Males,Participation rate,90.02
2017-01-01,2017,1,35-44,Females,Participation rate,75.09
2017-01-01,2017,1,45-54,Persons,Employed total,2474.13
2017-01-01,2017,1,45-54,Males,Employed total,1282.71
2017-01-01,2017,1,45-54,Females,Employed total,1191.42
2017-01-01,2017,1,45-54,Persons,Employment to population ratio,78.16
2017-01-01,2017,1,45-54,Males,Employment to population ratio,82.67
2017-01-01,2017,1,45-54,Females,Employment to population ratio,73.83
2017-01-01,2017,1,45-54,Persons,Unemployed total,113.57
2017-01-01,2017,1,45-54,Males,Unemployed total,56.92
2017-01-01,2017,1,45-54,Females,Unemployed total,56.66
2017-01-01,2017,1,45-54,Persons,Unemployment rate,4.39
2017-01-01,2017,1,45-54,Males,Unemployment rate,4.25
2017-01-01,2017,1,45-54,Females,Unemployment rate,4.54
2017-01-01,2017,1,45-54,Persons,Labour force total,2587.71
2017-01-01,2017,1,45-54,Males,Labour force total,1339.63
2017-01-01,2017,1,45-54,Females,Labour force total,1248.08
2017-01-01,2017,1,45-54,Persons,Participation rate,81.75
2017-01-01,2017,1,45-54,Males,Participation rate,86.34
2017-01-01,2017,1,45-54,Females,Participation rate,77.34
2017-02-01,2017,2,35-44,Persons,Employed total,2604.78
2017-02-01,2017,2,35-44,Males,Employed total,1417.53
2017-02-01,2017,2,35-44,Females,Employed total,1187.25
2017-02-01,2017,2,35-44,Persons,Employment to population ratio,80.31
2017-02-01,2017,2,35-44,Males,Employment to population ratio,88.06
2017-02-01,2017,2,35-44,Females,Employment to population ratio,72.67
2017-02-01,2017,2,35-44,Persons,Unemployed total,136.43
2017-02-01,2017,2,35-44,Males,Unemployed total,56.99
2017-02-01,2017,2,35-44,Females,Unemployed total,79.44
2017-02-01,2017,2,35-44,Persons,Unemployment rate,4.98
2017-02-01,2017,2,35-44,Males,Unemployment rate,3.86
2017-02-01,2017,2,35-44,Females,Unemployment rate,6.27
2017-02-01,2017,2,35-44,Persons,Labour force total,2741.21
2017-02-01,2017,2,35-44,Males,Labour force total,1474.52
2017-02-01,2017,2,35-44,Females,Labour force total,1266.69
2017-02-01,2017,2,35-44,Persons,Participation rate,84.51
2017-02-01,2017,2,35-44,Males,Participation rate,91.6
2017-02-01,2017,2,35-44,Females,Participation rate,77.53
2017-02-01,2017,2,45-54,Persons,Employed total,2537.19
2017-02-01,2017,2,45-54,Males,Employed total,1319.36
2017-02-01,2017,2,45-54,Females,Employed total,1217.83
2017-02-01,2017,2,45-54,Persons,Employment to population ratio,80.08
2017-02-01,2017,2,45-54,Males,Employment to population ratio,84.95
2017-02-01,2017,2,45-54,Females,Employment to population ratio,75.4
2017-02-01,2017,2,45-54,Persons,Unemployed total,118.6
2017-02-01,2017,2,45-54,Males,Unemployed total,55.63
2017-02-01,2017,2,45-54,Females,Unemployed total,62.97
2017-02-01,2017,2,45-54,Persons,Unemployment rate,4.47
2017-02-01,2017,2,45-54,Males,Unemployment rate,4.05
2017-02-01,2017,2,45-54,Females,Unemployment rate,4.92
2017-02-01,2017,2,45-54,Persons,Labour force total,2655.79
2017-02-01,2017,2,45-54,Males,Labour force total,1374.99
2017-02-01,2017,2,45-54,Females,Labour force total,1280.8
2017-02-01,2017,2,45-54,Persons,Participation rate,83.83
2017-02-01,2017,2,45-54,Males,Participation rate,88.53
2017-02-01,2017,2,45-54,Females,Participation rate,79.3
2017-03-01,2017,3,35-44,Persons,Employed total,2607.27
2017-03-01,2017,3,35-44,Males,Employed total,1412.33
2017-03-01,2017,3,35-44,Females,Employed total,1194.94
2017-03-01,2017,3,35-44,Persons,Employment to population ratio,80.31
2017-03-01,2017,3,35-44,Males,Employment to population ratio,87.65
2017-03-01,2017,3,35-44,Females,Employment to population ratio,73.07
2017-03-01,2017,3,35-44,Persons,Unemployed total,133.57
2017-03-01,2017,3,35-44,Males,Unemployed total,54.76
2017-03-01,2017,3,35-44,Females,Unemployed total,78.82
2017-03-01,2017,3,35-44,Persons,Unemployment rate,4.87
2017-03-01,2017,3,35-44,Males,Unemployment rate,3.73
2017-03-01,2017,3,35-44,Females,Unemployment rate,6.19
2017-03-01,2017,3,35-44,Persons,Labour force total,2740.84
2017-03-01,2017,3,35-44,Males,Labour force total,1467.09
2017-03-01,2017,3,35-44,Females,Labour force total,1273.76
2017-03-01,2017,3,35-44,Persons,Participation rate,84.42
2017-03-01,2017,3,35-44,Males,Participation rate,91.05
2017-03-01,2017,3,35-44,Females,Participation rate,77.89
2017-03-01,2017,3,45-54,Persons,Employed total,2537.24
2017-03-01,2017,3,45-54,Males,Employed total,1307.46
2017-03-01,2017,3,45-54,Females,Employed total,1229.78
2017-03-01,2017,3,45-54,Persons,Employment to population ratio,80.01
2017-03-01,2017,3,45-54,Males,Employment to population ratio,84.1
2017-03-01,2017,3,45-54,Females,Employment to population ratio,76.08
2017-03-01,2017,3,45-54,Persons,Unemployed total,114.89
2017-03-01,2017,3,45-54,Males,Unemployed total,58.69
2017-03-01,2017,3,45-54,Females,Unemployed total,56.2
2017-03-01,2017,3,45-54,Persons,Unemployment rate,4.33
2017-03-01,2017,3,45-54,Males,Unemployment rate,4.3
2017-03-01,2017,3,45-54,Females,Unemployment rate,4.37
2017-03-01,2017,3,45-54,Persons,Labour force total,2652.13
2017-03-01,2017,3,45-54,Males,Labour force total,1366.15
2017-03-01,2017,3,45-54,Females,Labour force total,1285.98
2017-03-01,2017,3,45-54,Persons,Participation rate,83.63
2017-03-01,2017,3,45-54,Males,Participation rate,87.87
2017-03-01,2017,3,45-54,Females,Participation rate,79.55
2017-04-01,2017,4,35-44,Persons,Employed total,2641.51
2017-04-01,2017,4,35-44,Males,Employed total,1420.22
2017-04-01,2017,4,35-44,Females,Employed total,1221.29
2017-04-01,2017,4,35-44,Persons,Employment to population ratio,81.3
2017-04-01,2017,4,35-44,Males,Employment to population ratio,88.07
2017-04-01,2017,4,35-44,Females,Employment to population ratio,74.63
2017-04-01,2017,4,35-44,Persons,Unemployed total,121.18
2017-04-01,2017,4,35-44,Males,Unemployed total,48.69
2017-04-01,2017,4,35-44,Females,Unemployed total,72.48
2017-04-01,2017,4,35-44,Persons,Unemployment rate,4.39
2017-04-01,2017,4,35-44,Males,Unemployment rate,3.31
2017-04-01,2017,4,35-44,Females,Unemployment rate,5.6
2017-04-01,2017,4,35-44,Persons,Labour force total,2762.68
2017-04-01,2017,4,35-44,Males,Labour force total,1468.91
2017-04-01,2017,4,35-44,Females,Labour force total,1293.77
2017-04-01,2017,4,35-44,Persons,Participation rate,85.03
2017-04-01,2017,4,35-44,Males,Participation rate,91.09
2017-04-01,2017,4,35-44,Females,Participation rate,79.05
2017-04-01,2017,4,45-54,Persons,Employed total,2533.3
2017-04-01,2017,4,45-54,Males,Employed total,1310.4
2017-04-01,2017,4,45-54,Females,Employed total,1222.9
2017-04-01,2017,4,45-54,Persons,Employment to population ratio,79.82
2017-04-01,2017,4,45-54,Males,Employment to population ratio,84.21
2017-04-01,2017,4,45-54,Females,Employment to population ratio,75.59
2017-04-01,2017,4,45-54,Persons,Unemployed total,109.86
2017-04-01,2017,4,45-54,Males,Unemployed total,58.0
2017-04-01,2017,4,45-54,Females,Unemployed total,51.86
2017-04-01,2017,4,45-54,Persons,Unemployment rate,4.16
2017-04-01,2017,4,45-54,Males,Unemployment rate,4.24
2017-04-01,2017,4,45-54,Females,Unemployment rate,4.07
2017-04-01,2017,4,45-54,Persons,Labour force total,2643.16
2017-04-01,2017,4,45-54,Males,Labour force total,1368.41
2017-04-01,2017,4,45-54,Females,Labour force total,1274.75
2017-04-01,2017,4,45-54,Persons,Participation rate,83.28
2017-04-01,2017,4,45-54,Males,Participation rate,87.94
2017-04-01,2017,4,45-54,Females,Participation rate,78.8
2017-05-01,2017,5,35-44,Persons,Employed total,2651.57
2017-05-01,2017,5,35-44,Males,Employed total,1426.4
2017-05-01,2017,5,35-44,Females,Employed total,1225.16
2017-05-01,2017,5,35-44,Persons,Employment to population ratio,81.54
2017-05-01,2017,5,35-44,Males,Employment to population ratio,88.38
2017-05-01,2017,5,35-44,Females,Employment to population ratio,74.81
2017-05-01,2017,5,35-44,Persons,Unemployed total,110.34
2017-05-01,2017,5,35-44,Males,Unemployed total,46.58
2017-05-01,2017,5,35-44,Females,Unemployed total,63.76
2017-05-01,2017,5,35-44,Persons,Unemployment rate,4.0
2017-05-01,2017,5,35-44,Males,Unemployment rate,3.16
2017-05-01,2017,5,35-44,Females,Unemployment rate,4.95
2017-05-01,2017,5,35-44,Persons,Labour force total,2761.91
2017-05-01,2017,5,35-44,Males,Labour force total,1472.98
2017-05-01,2017,5,35-44,Females,Labour force total,1288.93
2017-05-01,2017,5,35-44,Persons,Participation rate,84.94
2017-05-01,2017,5,35-44,Males,Participation rate,91.26
2017-05-01,2017,5,35-44,Females,Participation rate,78.7
2017-05-01,2017,5,45-54,Persons,Employed total,2551.15
2017-05-01,2017,5,45-54,Males,Employed total,1318.03
2017-05-01,2017,5,45-54,Females,Employed total,1233.12
2017-05-01,2017,5,45-54,Persons,Employment to population ratio,80.31
2017-05-01,2017,5,45-54,Males,Employment to population ratio,84.62
2017-05-01,2017,5,45-54,Females,Employment to population ratio,76.17
2017-05-01,2017,5,45-54,Persons,Unemployed total,106.51
2017-05-01,2017,5,45-54,Males,Unemployed total,57.4
2017-05-01,2017,5,45-54,Females,Unemployed total,49.11
2017-05-01,2017,5,45-54,Persons,Unemployment rate,4.01
2017-05-01,2017,5,45-54,Males,Unemployment rate,4.17
2017-05-01,2017,5,45-54,Females,Unemployment rate,3.83
2017-05-01,2017,5,45-54,Persons,Labour force total,2657.66
2017-05-01,2017,5,45-54,Males,Labour force total,1375.43
2017-05-01,2017,5,45-54,Females,Labour force total,1282.23
2017-05-01,2017,5,45-54,Persons,Participation rate,83.67
2017-05-01,2017,5,45-54,Males,Participation rate,88.31
2017-05-01,2017,5,45-54,Females,Participation rate,79.2
2017-06-01,2017,6,35-44,Persons,Employed total,2652.25
2017-06-01,2017,6,35-44,Males,Employed total,1425.47
2017-06-01,2017,6,35-44,Females,Employed total,1226.78
2017-06-01,2017,6,35-44,Persons,Employment to population ratio,81.5
2017-06-01,2017,6,35-44,Males,Employment to population ratio,88.24
2017-06-01,2017,6,35-44,Females,Employment to population ratio,74.85
2017-06-01,2017,6,35-44,Persons,Unemployed total,106.7
2017-06-01,2017,6,35-44,Males,Unemployed total,45.37
2017-06-01,2017,6,35-44,Females,Unemployed total,61.33
2017-06-01,2017,6,35-44,Persons,Unemployment rate,3.87
2017-06-01,2017,6,35-44,Males,Unemployment rate,3.08
2017-06-01,2017,6,35-44,Females,Unemployment rate,4.76
2017-06-01,2017,6,35-44,Persons,Labour force total,2758.95
2017-06-01,2017,6,35-44,Males,Labour force total,1470.83
2017-06-01,2017,6,35-44,Females,Labour force total,1288.11
2017-06-01,2017,6,35-44,Persons,Participation rate,84.78
2017-06-01,2017,6,35-44,Males,Participation rate,91.05
2017-06-01,2017,6,35-44,Females,Participation rate,78.6
2017-06-01,2017,6,45-54,Persons,Employed total,2546.91
2017-06-01,2017,6,45-54,Males,Employed total,1319.61
2017-06-01,2017,6,45-54,Females,Employed total,1227.3
2017-06-01,2017,6,45-54,Persons,Employment to population ratio,80.11
2017-06-01,2017,6,45-54,Males,Employment to population ratio,84.65
2017-06-01,2017,6,45-54,Females,Employment to population ratio,75.75
2017-06-01,2017,6,45-54,Persons,Unemployed total,101.29
2017-06-01,2017,6,45-54,Males,Unemployed total,49.47
2017-06-01,2017,6,45-54,Females,Unemployed total,51.82
2017-06-01,2017,6,45-54,Persons,Unemployment rate,3.82
2017-06-01,2017,6,45-54,Males,Unemployment rate,3.61
2017-06-01,2017,6,45-54,Females,Unemployment rate,4.05
2017-06-01,2017,6,45-54,Persons,Labour force total,2648.2
2017-06-01,2017,6,45-54,Males,Labour force total,1369.08
2017-06-01,2017,6,45-54,Females,Labour force total,1279.12
2017-06-01,2017,6,45-54,Persons,Participation rate,83.3
2017-06-01,2017,6,45-54,Males,Participation rate,87.82
2017-06-01,2017,6,45-54,Females,Participation rate,78.95
2017-07-01,2017,7,35-44,Persons,Employed total,2646.29
2017-07-01,2017,7,35-44,Males,Employed total,1424.03
2017-07-01,2017,7,35-44,Females,Employed total,1222.26
2017-07-01,2017,7,35-44,Persons,Employment to population ratio,81.2
2017-07-01,2017,7,35-44,Males,Employment to population ratio,88.03
2017-07-01,2017,7,35-44,Females,Employment to population ratio,74.47
2017-07-01,2017,7,35-44,Persons,Unemployed total,102.2
2017-07-01,2017,7,35-44,Males,Unemployed total,46.41
2017-07-01,2017,7,35-44,Females,Unemployed total,55.8
2017-07-01,2017,7,35-44,Persons,Unemployment rate,3.72
2017-07-01,2017,7,35-44,Males,Unemployment rate,3.16
2017-07-01,2017,7,35-44,Females,Unemployment rate,4.37
2017-07-01,2017,7,35-44,Persons,Labour force total,2748.49
2017-07-01,2017,7,35-44,Males,Labour force total,1470.44
2017-07-01,2017,7,35-44,Females,Labour force total,1278.05
2017-07-01,2017,7,35-44,Persons,Participation rate,84.34
2017-07-01,2017,7,35-44,Males,Participation rate,90.9
2017-07-01,2017,7,35-44,Females,Participation rate,77.87
2017-07-01,2017,7,45-54,Persons,Employed total,2548.98
2017-07-01,2017,7,45-54,Males,Employed total,1313.89
2017-07-01,2017,7,45-54,Females,Employed total,1235.09
2017-07-01,2017,7,45-54,Persons,Employment to population ratio,80.13
2017-07-01,2017,7,45-54,Males,Employment to population ratio,84.22
2017-07-01,2017,7,45-54,Females,Employment to population ratio,76.19
2017-07-01,2017,7,45-54,Persons,Unemployed total,99.01
2017-07-01,2017,7,45-54,Males,Unemployed total,55.38
2017-07-01,2017,7,45-54,Females,Unemployed total,43.63
2017-07-01,2017,7,45-54,Persons,Unemployment rate,3.74
2017-07-01,2017,7,45-54,Males,Unemployment rate,4.04
2017-07-01,2017,7,45-54,Females,Unemployment rate,3.41
2017-07-01,2017,7,45-54,Persons,Labour force total,2647.99
2017-07-01,2017,7,45-54,Males,Labour force total,1369.27
2017-07-01,2017,7,45-54,Females,Labour force total,1278.72
2017-07-01,2017,7,45-54,Persons,Participation rate,83.24
2017-07-01,2017,7,45-54,Males,Participation rate,87.77
2017-07-01,2017,7,45-54,Females,Participation rate,78.88
2017-08-01,2017,8,35-44,Persons,Employed total,2650.07
2017-08-01,2017,8,35-44,Males,Employed total,1420.18
2017-08-01,2017,8,35-44,Females,Employed total,1229.88
2017-08-01,2017,8,35-44,Persons,Employment to population ratio,81.2
2017-08-01,2017,8,35-44,Males,Employment to population ratio,87.68
2017-08-01,2017,8,35-44,Females,Employment to population ratio,74.82
2017-08-01,2017,8,35-44,Persons,Unemployed total,114.69
2017-08-01,2017,8,35-44,Males,Unemployed total,51.48
2017-08-01,2017,8,35-44,Females,Unemployed total,63.21
2017-08-01,2017,8,35-44,Persons,Unemployment rate,4.15
2017-08-01,2017,8,35-44,Males,Unemployment rate,3.5
2017-08-01,2017,8,35-44,Females,Unemployment rate,4.89
2017-08-01,2017,8,35-44,Persons,Labour force total,2764.75
2017-08-01,2017,8,35-44,Males,Labour force total,1471.67
2017-08-01,2017,8,35-44,Females,Labour force total,1293.09
2017-08-01,2017,8,35-44,Persons,Participation rate,84.71
2017-08-01,2017,8,35-44,Males,Participation rate,90.85
2017-08-01,2017,8,35-44,Females,Participation rate,78.67
2017-08-01,2017,8,45-54,Persons,Employed total,2546.05
2017-08-01,2017,8,45-54,Males,Employed total,1312.37
2017-08-01,2017,8,45-54,Females,Employed total,1233.67
2017-08-01,2017,8,45-54,Persons,Employment to population ratio,79.98
2017-08-01,2017,8,45-54,Males,Employment to population ratio,84.06
2017-08-01,2017,8,45-54,Females,Employment to population ratio,76.06
2017-08-01,2017,8,45-54,Persons,Unemployed total,102.58
2017-08-01,2017,8,45-54,Males,Unemployed total,52.6
2017-08-01,2017,8,45-54,Females,Unemployed total,49.97
2017-08-01,2017,8,45-54,Persons,Unemployment rate,3.87
2017-08-01,2017,8,45-54,Males,Unemployment rate,3.85
2017-08-01,2017,8,45-54,Females,Unemployment rate,3.89
2017-08-01,2017,8,45-54,Persons,Labour force total,2648.62
2017-08-01,2017,8,45-54,Males,Labour force total,1364.98
2017-08-01,2017,8,45-54,Females,Labour force total,1283.65
2017-08-01,2017,8,45-54,Persons,Participation rate,83.21
2017-08-01,2017,8,45-54,Males,Participation rate,87.42
2017-08-01,2017,8,45-54,Females,Participation rate,79.15
2017-09-01,2017,9,35-44,Persons,Employed total,2658.61
2017-09-01,2017,9,35-44,Males,Employed total,1421.53
2017-09-01,2017,9,35-44,Females,Employed total,1237.08
2017-09-01,2017,9,35-44,Persons,Employment to population ratio,81.35
2017-09-01,2017,9,35-44,Males,Employment to population ratio,87.64
2017-09-01,2017,9,35-44,Females,Employment to population ratio,75.14
2017-09-01,2017,9,35-44,Persons,Unemployed total,107.82
2017-09-01,2017,9,35-44,Males,Unemployed total,46.99
2017-09-01,2017,9,35-44,Females,Unemployed total,60.83
2017-09-01,2017,9,35-44,Persons,Unemployment rate,3.9
2017-09-01,2017,9,35-44,Males,Unemployment rate,3.2
2017-09-01,2017,9,35-44,Females,Unemployment rate,4.69
2017-09-01,2017,9,35-44,Persons,Labour force total,2766.43
2017-09-01,2017,9,35-44,Males,Labour force total,1468.52
2017-09-01,2017,9,35-44,Females,Labour force total,1297.91
2017-09-01,2017,9,35-44,Persons,Participation rate,84.65
2017-09-01,2017,9,35-44,Males,Participation rate,90.54
2017-09-01,2017,9,35-44,Females,Participation rate,78.84
2017-09-01,2017,9,45-54,Persons,Employed total,2573.42
2017-09-01,2017,9,45-54,Males,Employed total,1325.93
2017-09-01,2017,9,45-54,Females,Employed total,1247.49
2017-09-01,2017,9,45-54,Persons,Employment to population ratio,80.79
2017-09-01,2017,9,45-54,Males,Employment to population ratio,84.86
2017-09-01,2017,9,45-54,Females,Employment to population ratio,76.88
2017-09-01,2017,9,45-54,Persons,Unemployed total,99.2
2017-09-01,2017,9,45-54,Males,Unemployed total,51.88
2017-09-01,2017,9,45-54,Females,Unemployed total,47.32
2017-09-01,2017,9,45-54,Persons,Unemployment rate,3.71
2017-09-01,2017,9,45-54,Males,Unemployment rate,3.77
2017-09-01,2017,9,45-54,Females,Unemployment rate,3.65
2017-09-01,2017,9,45-54,Persons,Labour force total,2672.62
2017-09-01,2017,9,45-54,Males,Labour force total,1377.81
2017-09-01,2017,9,45-54,Females,Labour force total,1294.81
2017-09-01,2017,9,45-54,Persons,Participation rate,83.91
2017-09-01,2017,9,45-54,Males,Participation rate,88.18
2017-09-01,2017,9,45-54,Females,Participation rate,79.79
2017-10-01,2017,10,35-44,Persons,Employed total,2668.96
2017-10-01,2017,10,35-44,Males,Employed total,1427.25
2017-10-01,2017,10,35-44,Females,Employed total,1241.71
2017-10-01,2017,10,35-44,Persons,Employment to population ratio,81.56
2017-10-01,2017,10,35-44,Males,Employment to population ratio,87.89
2017-10-01,2017,10,35-44,Females,Employment to population ratio,75.32
2017-10-01,2017,10,35-44,Persons,Unemployed total,105.48
2017-10-01,2017,10,35-44,Males,Unemployed total,46.69
2017-10-01,2017,10,35-44,Females,Unemployed total,58.78
2017-10-01,2017,10,35-44,Persons,Unemployment rate,3.8
2017-10-01,2017,10,35-44,Males,Unemployment rate,3.17
2017-10-01,2017,10,35-44,Females,Unemployment rate,4.52
2017-10-01,2017,10,35-44,Persons,Labour force total,2774.44
2017-10-01,2017,10,35-44,Males,Labour force total,1473.94
2017-10-01,2017,10,35-44,Females,Labour force total,1300.5
2017-10-01,2017,10,35-44,Persons,Participation rate,84.78
2017-10-01,2017,10,35-44,Males,Participation rate,90.77
2017-10-01,2017,10,35-44,Females,Participation rate,78.89
2017-10-01,2017,10,45-54,Persons,Employed total,2569.28
2017-10-01,2017,10,45-54,Males,Employed total,1322.85
2017-10-01,2017,10,45-54,Females,Employed total,1246.43
2017-10-01,2017,10,45-54,Persons,Employment to population ratio,80.63
2017-10-01,2017,10,45-54,Males,Employment to population ratio,84.62
2017-10-01,2017,10,45-54,Females,Employment to population ratio,76.79
2017-10-01,2017,10,45-54,Persons,Unemployed total,104.09
2017-10-01,2017,10,45-54,Males,Unemployed total,55.46
2017-10-01,2017,10,45-54,Females,Unemployed total,48.63
2017-10-01,2017,10,45-54,Persons,Unemployment rate,3.89
2017-10-01,2017,10,45-54,Males,Unemployment rate,4.02
2017-10-01,2017,10,45-54,Females,Unemployment rate,3.76
2017-10-01,2017,10,45-54,Persons,Labour force total,2673.37
2017-10-01,2017,10,45-54,Males,Labour force total,1378.31
2017-10-01,2017,10,45-54,Females,Labour force total,1295.06
2017-10-01,2017,10,45-54,Persons,Participation rate,83.9
2017-10-01,2017,10,45-54,Males,Participation rate,88.16
2017-10-01,2017,10,45-54,Females,Participation rate,79.79
2017-11-01,2017,11,35-44,Persons,Employed total,2690.17
2017-11-01,2017,11,35-44,Males,Employed total,1437.61
2017-11-01,2017,11,35-44,Females,Employed total,1252.55
2017-11-01,2017,11,35-44,Persons,Employment to population ratio,82.1
2017-11-01,2017,11,35-44,Males,Employment to population ratio,88.42
2017-11-01,2017,11,35-44,Females,Employment to population ratio,75.88
2017-11-01,2017,11,35-44,Persons,Unemployed total,101.52
2017-11-01,2017,11,35-44,Males,Unemployed total,49.67
2017-11-01,2017,11,35-44,Females,Unemployed total,51.85
2017-11-01,2017,11,35-44,Persons,Unemployment rate,3.64
2017-11-01,2017,11,35-44,Males,Unemployment rate,3.34
2017-11-01,2017,11,35-44,Females,Unemployment rate,3.98
2017-11-01,2017,11,35-44,Persons,Labour force total,2791.68
2017-11-01,2017,11,35-44,Males,Labour force total,1487.28
2017-11-01,2017,11,35-44,Females,Labour force total,1304.41
2017-11-01,2017,11,35-44,Persons,Participation rate,85.2
2017-11-01,2017,11,35-44,Males,Participation rate,91.48
2017-11-01,2017,11,35-44,Females,Participation rate,79.02
2017-11-01,2017,11,45-54,Persons,Employed total,2575.99
2017-11-01,2017,11,45-54,Males,Employed total,1323.55
2017-11-01,2017,11,45-54,Females,Employed total,1252.44
2017-11-01,2017,11,45-54,Persons,Employment to population ratio,80.81
2017-11-01,2017,11,45-54,Males,Employment to population ratio,84.61
2017-11-01,2017,11,45-54,Females,Employment to population ratio,77.14
2017-11-01,2017,11,45-54,Persons,Unemployed total,100.5
2017-11-01,2017,11,45-54,Males,Unemployed total,51.07
2017-11-01,2017,11,45-54,Females,Unemployed total,49.43
2017-11-01,2017,11,45-54,Persons,Unemployment rate,3.75
2017-11-01,2017,11,45-54,Males,Unemployment rate,3.72
2017-11-01,2017,11,45-54,Females,Unemployment rate,3.8
2017-11-01,2017,11,45-54,Persons,Labour force total,2676.49
2017-11-01,2017,11,45-54,Males,Labour force total,1374.62
2017-11-01,2017,11,45-54,Females,Labour force total,1301.87
2017-11-01,2017,11,45-54,Persons,Participation rate,83.96
2017-11-01,2017,11,45-54,Males,Participation rate,87.88
2017-11-01,2017,11,45-54,Females,Participation rate,80.18
2017-12-01,2017,12,35-44,Persons,Employed total,2675.18
2017-12-01,2017,12,35-44,Males,Employed total,1424.25
2017-12-01,2017,12,35-44,Females,Employed total,1250.93
2017-12-01,2017,12,35-44,Persons,Employment to population ratio,81.54
2017-12-01,2017,12,35-44,Males,Employment to population ratio,87.5
2017-12-01,2017,12,35-44,Females,Employment to population ratio,75.68
2017-12-01,2017,12,35-44,Persons,Unemployed total,110.09
2017-12-01,2017,12,35-44,Males,Unemployed total,54.79
2017-12-01,2017,12,35-44,Females,Unemployed total,55.3
2017-12-01,2017,12,35-44,Persons,Unemployment rate,3.95
2017-12-01,2017,12,35-44,Males,Unemployment rate,3.7
2017-12-01,2017,12,35-44,Females,Unemployment rate,4.23
2017-12-01,2017,12,35-44,Persons,Labour force total,2785.27
2017-12-01,2017,12,35-44,Males,Labour force total,1479.04
2017-12-01,2017,12,35-44,Females,Labour force total,1306.23
2017-12-01,2017,12,35-44,Persons,Participation rate,84.9
2017-12-01,2017,12,35-44,Males,Participation rate,90.87
2017-12-01,2017,12,35-44,Females,Participation rate,79.02
2017-12-01,2017,12,45-54,Persons,Employed total,2584.15
2017-12-01,2017,12,45-54,Males,Employed total,1330.61
2017-12-01,2017,12,45-54,Females,Employed total,1253.54
2017-12-01,2017,12,45-54,Persons,Employment to population ratio,81.03
2017-12-01,2017,12,45-54,Males,Employment to population ratio,85.01
2017-12-01,2017,12,45-54,Females,Employment to population ratio,77.19
2017-12-01,2017,12,45-54,Persons,Unemployed total,100.01
2017-12-01,2017,12,45-54,Males,Unemployed total,49.45
2017-12-01,2017,12,45-54,Females,Unemployed total,50.56
2017-12-01,2017,12,45-54,Persons,Unemployment rate,3.73
2017-12-01,2017,12,45-54,Males,Unemployment rate,3.58
2017-12-01,2017,12,45-54,Females,Unemployment rate,3.88
2017-12-01,2017,12,45-54,Persons,Labour force total,2684.15
2017-12-01,2017,12,45-54,Males,Labour force total,1380.06
2017-12-01,2017,12,45-54,Females,Labour force total,1304.1
2017-12-01,2017,12,45-54,Persons,Participation rate,84.16
2017-12-01,2017,12,45-54,Males,Participation rate,88.17
2017-12-01,2017,12,45-54,Females,Participation rate,80.3
2018-01-01,2018,1,35-44,Persons,Employed total,2623.29
2018-01-01,2018,1,35-44,Males,Employed total,1412.76
2018-01-01,2018,1,35-44,Females,Employed total,1210.53
2018-01-01,2018,1,35-44,Persons,Employment to population ratio,79.85
2018-01-01,2018,1,35-44,Males,Employment to population ratio,86.68
2018-01-01,2018,1,35-44,Females,Employment to population ratio,73.12
2018-01-01,2018,1,35-44,Persons,Unemployed total,125.26
2018-01-01,2018,1,35-44,Males,Unemployed total,57.25
2018-01-01,2018,1,35-44,Females,Unemployed total,68.01
2018-01-01,2018,1,35-44,Persons,Unemployment rate,4.56
2018-01-01,2018,1,35-44,Males,Unemployment rate,3.89
2018-01-01,2018,1,35-44,Females,Unemployment rate,5.32
2018-01-01,2018,1,35-44,Persons,Labour force total,2748.55
2018-01-01,2018,1,35-44,Males,Labour force total,1470.01
2018-01-01,2018,1,35-44,Females,Labour force total,1278.54
2018-01-01,2018,1,35-44,Persons,Participation rate,83.66
2018-01-01,2018,1,35-44,Males,Participation rate,90.19
2018-01-01,2018,1,35-44,Females,Participation rate,77.23
2018-01-01,2018,1,45-54,Persons,Employed total,2532.53
2018-01-01,2018,1,45-54,Males,Employed total,1311.79
2018-01-01,2018,1,45-54,Females,Employed total,1220.74
2018-01-01,2018,1,45-54,Persons,Employment to population ratio,79.37
2018-01-01,2018,1,45-54,Males,Employment to population ratio,83.76
2018-01-01,2018,1,45-54,Females,Employment to population ratio,75.13
2018-01-01,2018,1,45-54,Persons,Unemployed total,111.46
2018-01-01,2018,1,45-54,Males,Unemployed total,57.26
2018-01-01,2018,1,45-54,Females,Unemployed total,54.2
2018-01-01,2018,1,45-54,Persons,Unemployment rate,4.22
2018-01-01,2018,1,45-54,Males,Unemployment rate,4.18
2018-01-01,2018,1,45-54,Females,Unemployment rate,4.25
2018-01-01,2018,1,45-54,Persons,Labour force total,2644.0
2018-01-01,2018,1,45-54,Males,Labour force total,1369.05
2018-01-01,2018,1,45-54,Females,Labour force total,1274.94
2018-01-01,2018,1,45-54,Persons,Participation rate,82.86
2018-01-01,2018,1,45-54,Males,Participation rate,87.42
2018-01-01,2018,1,45-54,Females,Participation rate,78.47
2018-02-01,2018,2,35-44,Persons,Employed total,2676.23
2018-02-01,2018,2,35-44,Males,Employed total,1428.24
2018-02-01,2018,2,35-44,Females,Employed total,1247.99
2018-02-01,2018,2,35-44,Persons,Employment to population ratio,81.34
2018-02-01,2018,2,35-44,Males,Employment to population ratio,87.51
2018-02-01,2018,2,35-44,Females,Employment to population ratio,75.27
2018-02-01,2018,2,35-44,Persons,Unemployed total,121.45
2018-02-01,2018,2,35-44,Males,Unemployed total,55.23
2018-02-01,2018,2,35-44,Females,Unemployed total,66.22
2018-02-01,2018,2,35-44,Persons,Unemployment rate,4.34
2018-02-01,2018,2,35-44,Males,Unemployment rate,3.72
2018-02-01,2018,2,35-44,Females,Unemployment rate,5.04
2018-02-01,2018,2,35-44,Persons,Labour force total,2797.68
2018-02-01,2018,2,35-44,Males,Labour force total,1483.48
2018-02-01,2018,2,35-44,Females,Labour force total,1314.2
2018-02-01,2018,2,35-44,Persons,Participation rate,85.03
2018-02-01,2018,2,35-44,Males,Participation rate,90.9
2018-02-01,2018,2,35-44,Females,Participation rate,79.26
2018-02-01,2018,2,45-54,Persons,Employed total,2575.67
2018-02-01,2018,2,45-54,Males,Employed total,1330.49
2018-02-01,2018,2,45-54,Females,Employed total,1245.18
2018-02-01,2018,2,45-54,Persons,Employment to population ratio,80.68
2018-02-01,2018,2,45-54,Males,Employment to population ratio,84.91
2018-02-01,2018,2,45-54,Females,Employment to population ratio,76.6
2018-02-01,2018,2,45-54,Persons,Unemployed total,106.65
2018-02-01,2018,2,45-54,Males,Unemployed total,52.57
2018-02-01,2018,2,45-54,Females,Unemployed total,54.08
2018-02-01,2018,2,45-54,Persons,Unemployment rate,3.98
2018-02-01,2018,2,45-54,Males,Unemployment rate,3.8
2018-02-01,2018,2,45-54,Females,Unemployment rate,4.16
2018-02-01,2018,2,45-54,Persons,Labour force total,2682.32
2018-02-01,2018,2,45-54,Males,Labour force total,1383.06
2018-02-01,2018,2,45-54,Females,Labour force total,1299.25
2018-02-01,2018,2,45-54,Persons,Participation rate,84.02
2018-02-01,2018,2,45-54,Males,Participation rate,88.26
2018-02-01,2018,2,45-54,Females,Participation rate,79.93
2018-03-01,2018,3,35-44,Persons,Employed total,2681.92
2018-03-01,2018,3,35-44,Males,Employed total,1438.14
2018-03-01,2018,3,35-44,Females,Employed total,1243.78
2018-03-01,2018,3,35-44,Persons,Employment to population ratio,81.4
2018-03-01,2018,3,35-44,Males,Employment to population ratio,88.0
2018-03-01,2018,3,35-44,Females,Employment to population ratio,74.9
2018-03-01,2018,3,35-44,Persons,Unemployed total,120.11
2018-03-01,2018,3,35-44,Males,Unemployed total,50.7
2018-03-01,2018,3,35-44,Females,Unemployed total,69.41
2018-03-01,2018,3,35-44,Persons,Unemployment rate,4.29
2018-03-01,2018,3,35-44,Males,Unemployment rate,3.41
2018-03-01,2018,3,35-44,Females,Unemployment rate,5.29
2018-03-01,2018,3,35-44,Persons,Labour force total,2802.03
2018-03-01,2018,3,35-44,Males,Labour force total,1488.84
2018-03-01,2018,3,35-44,Females,Labour force total,1313.19
2018-03-01,2018,3,35-44,Persons,Participation rate,85.05
2018-03-01,2018,3,35-44,Males,Participation rate,91.1
2018-03-01,2018,3,35-44,Females,Participation rate,79.08
2018-03-01,2018,3,45-54,Persons,Employed total,2569.79
2018-03-01,2018,3,45-54,Males,Employed total,1324.99
2018-03-01,2018,3,45-54,Females,Employed total,1244.8
2018-03-01,2018,3,45-54,Persons,Employment to population ratio,80.45
2018-03-01,2018,3,45-54,Males,Employment to population ratio,84.51
2018-03-01,2018,3,45-54,Females,Employment to population ratio,76.54
2018-03-01,2018,3,45-54,Persons,Unemployed total,109.11
2018-03-01,2018,3,45-54,Males,Unemployed total,52.64
2018-03-01,2018,3,45-54,Females,Unemployed total,56.47
2018-03-01,2018,3,45-54,Persons,Unemployment rate,4.07
2018-03-01,2018,3,45-54,Males,Unemployment rate,3.82
2018-03-01,2018,3,45-54,Females,Unemployment rate,4.34
2018-03-01,2018,3,45-54,Persons,Labour force total,2678.9
2018-03-01,2018,3,45-54,Males,Labour force total,1377.63
2018-03-01,2018,3,45-54,Females,Labour force total,1301.27
2018-03-01,2018,3,45-54,Persons,Participation rate,83.87
2018-03-01,2018,3,45-54,Males,Participation rate,87.87
2018-03-01,2018,3,45-54,Females,Participation rate,80.01
2018-04-01,2018,4,35-44,Persons,Employed total,2683.5
2018-04-01,2018,4,35-44,Males,Employed total,1443.32
2018-04-01,2018,4,35-44,Females,Employed total,1240.18
2018-04-01,2018,4,35-44,Persons,Employment to population ratio,81.34
2018-04-01,2018,4,35-44,Males,Employment to population ratio,88.2
2018-04-01,2018,4,35-44,Females,Employment to population ratio,74.59
2018-04-01,2018,4,35-44,Persons,Unemployed total,114.12
2018-04-01,2018,4,35-44,Males,Unemployed total,50.68
2018-04-01,2018,4,35-44,Females,Unemployed total,63.44
2018-04-01,2018,4,35-44,Persons,Unemployment rate,4.08
2018-04-01,2018,4,35-44,Males,Unemployment rate,3.39
2018-04-01,2018,4,35-44,Females,Unemployment rate,4.87
2018-04-01,2018,4,35-44,Persons,Labour force total,2797.62
2018-04-01,2018,4,35-44,Males,Labour force total,1494.0
2018-04-01,2018,4,35-44,Females,Labour force total,1303.62
2018-04-01,2018,4,35-44,Persons,Participation rate,84.8
2018-04-01,2018,4,35-44,Males,Participation rate,91.3
2018-04-01,2018,4,35-44,Females,Participation rate,78.4
2018-04-01,2018,4,45-54,Persons,Employed total,2571.14
2018-04-01,2018,4,45-54,Males,Employed total,1321.11
2018-04-01,2018,4,45-54,Females,Employed total,1250.02
2018-04-01,2018,4,45-54,Persons,Employment to population ratio,80.45
2018-04-01,2018,4,45-54,Males,Employment to population ratio,84.21
2018-04-01,2018,4,45-54,Females,Employment to population ratio,76.83
2018-04-01,2018,4,45-54,Persons,Unemployed total,109.8
2018-04-01,2018,4,45-54,Males,Unemployed total,51.81
2018-04-01,2018,4,45-54,Females,Unemployed total,57.99
2018-04-01,2018,4,45-54,Persons,Unemployment rate,4.1
2018-04-01,2018,4,45-54,Males,Unemployment rate,3.77
2018-04-01,2018,4,45-54,Females,Unemployment rate,4.43
2018-04-01,2018,4,45-54,Persons,Labour force total,2680.94
2018-04-01,2018,4,45-54,Males,Labour force total,1372.92
2018-04-01,2018,4,45-54,Females,Labour force total,1308.01
2018-04-01,2018,4,45-54,Persons,Participation rate,83.89
2018-04-01,2018,4,45-54,Males,Participation rate,87.51
2018-04-01,2018,4,45-54,Females,Participation rate,80.4
2018-05-01,2018,5,35-44,Persons,Employed total,2701.66
2018-05-01,2018,5,35-44,Males,Employed total,1447.96
2018-05-01,2018,5,35-44,Females,Employed total,1253.71
2018-05-01,2018,5,35-44,Persons,Employment to population ratio,81.78
2018-05-01,2018,5,35-44,Males,Employment to population ratio,88.37
2018-05-01,2018,5,35-44,Females,Employment to population ratio,75.3
2018-05-01,2018,5,35-44,Persons,Unemployed total,107.25
2018-05-01,2018,5,35-44,Males,Unemployed total,49.67
2018-05-01,2018,5,35-44,Females,Unemployed total,57.58
2018-05-01,2018,5,35-44,Persons,Unemployment rate,3.82
2018-05-01,2018,5,35-44,Males,Unemployment rate,3.32
2018-05-01,2018,5,35-44,Females,Unemployment rate,4.39
2018-05-01,2018,5,35-44,Persons,Labour force total,2808.92
2018-05-01,2018,5,35-44,Males,Labour force total,1497.63
2018-05-01,2018,5,35-44,Females,Labour force total,1311.29
2018-05-01,2018,5,35-44,Persons,Participation rate,85.03
2018-05-01,2018,5,35-44,Males,Participation rate,91.4
2018-05-01,2018,5,35-44,Females,Participation rate,78.76
2018-05-01,2018,5,45-54,Persons,Employed total,2577.68
2018-05-01,2018,5,45-54,Males,Employed total,1322.14
2018-05-01,2018,5,45-54,Females,Employed total,1255.54
2018-05-01,2018,5,45-54,Persons,Employment to population ratio,80.62
2018-05-01,2018,5,45-54,Males,Employment to population ratio,84.22
2018-05-01,2018,5,45-54,Females,Employment to population ratio,77.14
2018-05-01,2018,5,45-54,Persons,Unemployed total,110.22
2018-05-01,2018,5,45-54,Males,Unemployed total,55.42
2018-05-01,2018,5,45-54,Females,Unemployed total,54.8
2018-05-01,2018,5,45-54,Persons,Unemployment rate,4.1
2018-05-01,2018,5,45-54,Males,Unemployment rate,4.02
2018-05-01,2018,5,45-54,Females,Unemployment rate,4.18
2018-05-01,2018,5,45-54,Persons,Labour force total,2687.89
2018-05-01,2018,5,45-54,Males,Labour force total,1377.56
2018-05-01,2018,5,45-54,Females,Labour force total,1310.33
2018-05-01,2018,5,45-54,Persons,Participation rate,84.06
2018-05-01,2018,5,45-54,Males,Participation rate,87.75
2018-05-01,2018,5,45-54,Females,Participation rate,80.5
2018-06-01,2018,6,35-44,Persons,Employed total,2698.04
2018-06-01,2018,6,35-44,Males,Employed total,1445.77
2018-06-01,2018,6,35-44,Females,Employed total,1252.27
2018-06-01,2018,6,35-44,Persons,Employment to population ratio,81.56
2018-06-01,2018,6,35-44,Males,Employment to population ratio,88.12
2018-06-01,2018,6,35-44,Females,Employment to population ratio,75.11
2018-06-01,2018,6,35-44,Persons,Unemployed total,107.86
2018-06-01,2018,6,35-44,Males,Unemployed total,50.7
2018-06-01,2018,6,35-44,Females,Unemployed total,57.16
2018-06-01,2018,6,35-44,Persons,Unemployment rate,3.84
2018-06-01,2018,6,35-44,Males,Unemployment rate,3.39
2018-06-01,2018,6,35-44,Females,Unemployment rate,4.37
2018-06-01,2018,6,35-44,Persons,Labour force total,2805.9
2018-06-01,2018,6,35-44,Males,Labour force total,1496.47
2018-06-01,2018,6,35-44,Females,Labour force total,1309.43
2018-06-01,2018,6,35-44,Persons,Participation rate,84.82
2018-06-01,2018,6,35-44,Males,Participation rate,91.21
2018-06-01,2018,6,35-44,Females,Participation rate,78.54
2018-06-01,2018,6,45-54,Persons,Employed total,2571.13
2018-06-01,2018,6,45-54,Males,Employed total,1324.42
2018-06-01,2018,6,45-54,Females,Employed total,1246.71
2018-06-01,2018,6,45-54,Persons,Employment to population ratio,80.37
2018-06-01,2018,6,45-54,Males,Employment to population ratio,84.32
2018-06-01,2018,6,45-54,Females,Employment to population ratio,76.56
2018-06-01,2018,6,45-54,Persons,Unemployed total,106.94
2018-06-01,2018,6,45-54,Males,Unemployed total,53.94
2018-06-01,2018,6,45-54,Females,Unemployed total,53.0
2018-06-01,2018,6,45-54,Persons,Unemployment rate,3.99
2018-06-01,2018,6,45-54,Males,Unemployment rate,3.91
2018-06-01,2018,6,45-54,Females,Unemployment rate,4.08
2018-06-01,2018,6,45-54,Persons,Labour force total,2678.07
2018-06-01,2018,6,45-54,Males,Labour force total,1378.36
2018-06-01,2018,6,45-54,Females,Labour force total,1299.71
2018-06-01,2018,6,45-54,Persons,Participation rate,83.71
2018-06-01,2018,6,45-54,Males,Participation rate,87.75
2018-06-01,2018,6,45-54,Females,Participation rate,79.82
2018-07-01,2018,7,35-44,Persons,Employed total,2695.77
2018-07-01,2018,7,35-44,Males,Employed total,1447.05
2018-07-01,2018,7,35-44,Females,Employed total,1248.73
2018-07-01,2018,7,35-44,Persons,Employment to population ratio,81.36
2018-07-01,2018,7,35-44,Males,Employment to population ratio,88.07
2018-07-01,2018,7,35-44,Females,Employment to population ratio,74.76
2018-07-01,2018,7,35-44,Persons,Unemployed total,109.51
2018-07-01,2018,7,35-44,Males,Unemployed total,51.02
2018-07-01,2018,7,35-44,Females,Unemployed total,58.49
2018-07-01,2018,7,35-44,Persons,Unemployment rate,3.9
2018-07-01,2018,7,35-44,Males,Unemployment rate,3.41
2018-07-01,2018,7,35-44,Females,Unemployment rate,4.47
2018-07-01,2018,7,35-44,Persons,Labour force total,2805.28
2018-07-01,2018,7,35-44,Males,Labour force total,1498.06
2018-07-01,2018,7,35-44,Females,Labour force total,1307.22
2018-07-01,2018,7,35-44,Persons,Participation rate,84.67
2018-07-01,2018,7,35-44,Males,Participation rate,91.17
2018-07-01,2018,7,35-44,Females,Participation rate,78.26
2018-07-01,2018,7,45-54,Persons,Employed total,2567.56
2018-07-01,2018,7,45-54,Males,Employed total,1322.55
2018-07-01,2018,7,45-54,Females,Employed total,1245.01
2018-07-01,2018,7,45-54,Persons,Employment to population ratio,80.22
2018-07-01,2018,7,45-54,Males,Employment to population ratio,84.15
2018-07-01,2018,7,45-54,Females,Employment to population ratio,76.43
2018-07-01,2018,7,45-54,Persons,Unemployed total,107.78
2018-07-01,2018,7,45-54,Males,Unemployed total,55.31
2018-07-01,2018,7,45-54,Females,Unemployed total,52.47
2018-07-01,2018,7,45-54,Persons,Unemployment rate,4.03
2018-07-01,2018,7,45-54,Males,Unemployment rate,4.01
2018-07-01,2018,7,45-54,Females,Unemployment rate,4.04
2018-07-01,2018,7,45-54,Persons,Labour force total,2675.34
2018-07-01,2018,7,45-54,Males,Labour force total,1377.86
2018-07-01,2018,7,45-54,Females,Labour force total,1297.48
2018-07-01,2018,7,45-54,Persons,Participation rate,83.59
2018-07-01,2018,7,45-54,Males,Participation rate,87.67
2018-07-01,2018,7,45-54,Females,Participation rate,79.65
2018-08-01,2018,8,35-44,Persons,Employed total,2710.12
2018-08-01,2018,8,35-44,Males,Employed total,1457.01
2018-08-01,2018,8,35-44,Females,Employed total,1253.11
2018-08-01,2018,8,35-44,Persons,Employment to population ratio,81.66
2018-08-01,2018,8,35-44,Males,Employment to population ratio,88.54
2018-08-01,2018,8,35-44,Females,Employment to population ratio,74.89
2018-08-01,2018,8,35-44,Persons,Unemployed total,109.22
2018-08-01,2018,8,35-44,Males,Unemployed total,49.06
2018-08-01,2018,8,35-44,Females,Unemployed total,60.17
2018-08-01,2018,8,35-44,Persons,Unemployment rate,3.87
2018-08-01,2018,8,35-44,Males,Unemployment rate,3.26
2018-08-01,2018,8,35-44,Females,Unemployment rate,4.58
2018-08-01,2018,8,35-44,Persons,Labour force total,2819.34
2018-08-01,2018,8,35-44,Males,Labour force total,1506.06
2018-08-01,2018,8,35-44,Females,Labour force total,1313.28
2018-08-01,2018,8,35-44,Persons,Participation rate,84.95
2018-08-01,2018,8,35-44,Males,Participation rate,91.52
2018-08-01,2018,8,35-44,Females,Participation rate,78.49
2018-08-01,2018,8,45-54,Persons,Employed total,2576.52
2018-08-01,2018,8,45-54,Males,Employed total,1332.35
2018-08-01,2018,8,45-54,Females,Employed total,1244.17
2018-08-01,2018,8,45-54,Persons,Employment to population ratio,80.46
2018-08-01,2018,8,45-54,Males,Employment to population ratio,84.72
2018-08-01,2018,8,45-54,Females,Employment to population ratio,76.35
2018-08-01,2018,8,45-54,Persons,Unemployed total,100.12
2018-08-01,2018,8,45-54,Males,Unemployed total,47.96
2018-08-01,2018,8,45-54,Females,Unemployed total,52.16
2018-08-01,2018,8,45-54,Persons,Unemployment rate,3.74
2018-08-01,2018,8,45-54,Males,Unemployment rate,3.47
2018-08-01,2018,8,45-54,Females,Unemployment rate,4.02
2018-08-01,2018,8,45-54,Persons,Labour force total,2676.64
2018-08-01,2018,8,45-54,Males,Labour force total,1380.31
2018-08-01,2018,8,45-54,Females,Labour force total,1296.33
2018-08-01,2018,8,45-54,Persons,Participation rate,83.59
2018-08-01,2018,8,45-54,Males,Participation rate,87.77
2018-08-01,2018,8,45-54,Females,Participation rate,79.55
2018-09-01,2018,9,35-44,Persons,Employed total,2715.83
2018-09-01,2018,9,35-44,Males,Employed total,1450.73
2018-09-01,2018,9,35-44,Females,Employed total,1265.1
2018-09-01,2018,9,35-44,Persons,Employment to population ratio,81.7
2018-09-01,2018,9,35-44,Males,Employment to population ratio,88.02
2018-09-01,2018,9,35-44,Females,Employment to population ratio,75.47
2018-09-01,2018,9,35-44,Persons,Unemployed total,101.97
2018-09-01,2018,9,35-44,Males,Unemployed total,50.42
2018-09-01,2018,9,35-44,Females,Unemployed total,51.54
2018-09-01,2018,9,35-44,Persons,Unemployment rate,3.62
2018-09-01,2018,9,35-44,Males,Unemployment rate,3.36
2018-09-01,2018,9,35-44,Females,Unemployment rate,3.91
2018-09-01,2018,9,35-44,Persons,Labour force total,2817.8
2018-09-01,2018,9,35-44,Males,Labour force total,1501.15
2018-09-01,2018,9,35-44,Females,Labour force total,1316.65
2018-09-01,2018,9,35-44,Persons,Participation rate,84.76
2018-09-01,2018,9,35-44,Males,Participation rate,91.08
2018-09-01,2018,9,35-44,Females,Participation rate,78.55
2018-09-01,2018,9,45-54,Persons,Employed total,2565.69
2018-09-01,2018,9,45-54,Males,Employed total,1336.14
2018-09-01,2018,9,45-54,Females,Employed total,1229.55
2018-09-01,2018,9,45-54,Persons,Employment to population ratio,80.09
2018-09-01,2018,9,45-54,Males,Employment to population ratio,84.91
2018-09-01,2018,9,45-54,Females,Employment to population ratio,75.43
2018-09-01,2018,9,45-54,Persons,Unemployed total,98.7
2018-09-01,2018,9,45-54,Males,Unemployed total,44.81
2018-09-01,2018,9,45-54,Females,Unemployed total,53.9
2018-09-01,2018,9,45-54,Persons,Unemployment rate,3.7
2018-09-01,2018,9,45-54,Males,Unemployment rate,3.24
2018-09-01,2018,9,45-54,Females,Unemployment rate,4.2
2018-09-01,2018,9,45-54,Persons,Labour force total,2664.39
2018-09-01,2018,9,45-54,Males,Labour force total,1380.94
2018-09-01,2018,9,45-54,Females,Labour force total,1283.45
2018-09-01,2018,9,45-54,Persons,Participation rate,83.17
2018-09-01,2018,9,45-54,Males,Participation rate,87.76
2018-09-01,2018,9,45-54,Females,Participation rate,78.74
2018-10-01,2018,10,35-44,Persons,Employed total,2728.14
2018-10-01,2018,10,35-44,Males,Employed total,1454.13
2018-10-01,2018,10,35-44,Females,Employed total,1274.01
2018-10-01,2018,10,35-44,Persons,Employment to population ratio,81.93
2018-10-01,2018,10,35-44,Males,Employment to population ratio,88.1
2018-10-01,2018,10,35-44,Females,Employment to population ratio,75.87
2018-10-01,2018,10,35-44,Persons,Unemployed total,104.45
2018-10-01,2018,10,35-44,Males,Unemployed total,52.32
2018-10-01,2018,10,35-44,Females,Unemployed total,52.13
2018-10-01,2018,10,35-44,Persons,Unemployment rate,3.69
2018-10-01,2018,10,35-44,Males,Unemployment rate,3.47
2018-10-01,2018,10,35-44,Females,Unemployment rate,3.93
2018-10-01,2018,10,35-44,Persons,Labour force total,2832.59
2018-10-01,2018,10,35-44,Males,Labour force total,1506.45
2018-10-01,2018,10,35-44,Females,Labour force total,1326.14
2018-10-01,2018,10,35-44,Persons,Participation rate,85.07
2018-10-01,2018,10,35-44,Males,Participation rate,91.27
2018-10-01,2018,10,35-44,Females,Participation rate,78.97
2018-10-01,2018,10,45-54,Persons,Employed total,2586.0
2018-10-01,2018,10,45-54,Males,Employed total,1339.07
2018-10-01,2018,10,45-54,Females,Employed total,1246.93
2018-10-01,2018,10,45-54,Persons,Employment to population ratio,80.68
2018-10-01,2018,10,45-54,Males,Employment to population ratio,85.05
2018-10-01,2018,10,45-54,Females,Employment to population ratio,76.47
2018-10-01,2018,10,45-54,Persons,Unemployed total,83.5
2018-10-01,2018,10,45-54,Males,Unemployed total,40.51
2018-10-01,2018,10,45-54,Females,Unemployed total,43.0
2018-10-01,2018,10,45-54,Persons,Unemployment rate,3.13
2018-10-01,2018,10,45-54,Males,Unemployment rate,2.94
2018-10-01,2018,10,45-54,Females,Unemployment rate,3.33
2018-10-01,2018,10,45-54,Persons,Labour force total,2669.5
2018-10-01,2018,10,45-54,Males,Labour force total,1379.58
2018-10-01,2018,10,45-54,Females,Labour force total,1289.92
2018-10-01,2018,10,45-54,Persons,Participation rate,83.29
2018-10-01,2018,10,45-54,Males,Participation rate,87.62
2018-10-01,2018,10,45-54,Females,Participation rate,79.11
2018-11-01,2018,11,35-44,Persons,Employed total,2749.07
2018-11-01,2018,11,35-44,Males,Employed total,1460.32
2018-11-01,2018,11,35-44,Females,Employed total,1288.75
2018-11-01,2018,11,35-44,Persons,Employment to population ratio,82.43
2018-11-01,2018,11,35-44,Males,Employment to population ratio,88.35
2018-11-01,2018,11,35-44,Females,Employment to population ratio,76.61
2018-11-01,2018,11,35-44,Persons,Unemployed total,97.96
2018-11-01,2018,11,35-44,Males,Unemployed total,47.43
2018-11-01,2018,11,35-44,Females,Unemployed total,50.53
2018-11-01,2018,11,35-44,Persons,Unemployment rate,3.44
2018-11-01,2018,11,35-44,Males,Unemployment rate,3.15
2018-11-01,2018,11,35-44,Females,Unemployment rate,3.77
2018-11-01,2018,11,35-44,Persons,Labour force total,2847.03
2018-11-01,2018,11,35-44,Males,Labour force total,1507.75
2018-11-01,2018,11,35-44,Females,Labour force total,1339.28
2018-11-01,2018,11,35-44,Persons,Participation rate,85.36
2018-11-01,2018,11,35-44,Males,Participation rate,91.21
2018-11-01,2018,11,35-44,Females,Participation rate,79.61
2018-11-01,2018,11,45-54,Persons,Employed total,2611.86
2018-11-01,2018,11,45-54,Males,Employed total,1346.46
2018-11-01,2018,11,45-54,Females,Employed total,1265.4
2018-11-01,2018,11,45-54,Persons,Employment to population ratio,81.45
2018-11-01,2018,11,45-54,Males,Employment to population ratio,85.46
2018-11-01,2018,11,45-54,Females,Employment to population ratio,77.58
2018-11-01,2018,11,45-54,Persons,Unemployed total,86.44
2018-11-01,2018,11,45-54,Males,Unemployed total,46.49
2018-11-01,2018,11,45-54,Females,Unemployed total,39.95
2018-11-01,2018,11,45-54,Persons,Unemployment rate,3.2
2018-11-01,2018,11,45-54,Males,Unemployment rate,3.34
2018-11-01,2018,11,45-54,Females,Unemployment rate,3.06
2018-11-01,2018,11,45-54,Persons,Labour force total,2698.3
2018-11-01,2018,11,45-54,Males,Labour force total,1392.95
2018-11-01,2018,11,45-54,Females,Labour force total,1305.35
2018-11-01,2018,11,45-54,Persons,Participation rate,84.15
2018-11-01,2018,11,45-54,Males,Participation rate,88.41
2018-11-01,2018,11,45-54,Females,Participation rate,80.03
2018-12-01,2018,12,35-44,Persons,Employed total,2758.19
2018-12-01,2018,12,35-44,Males,Employed total,1468.74
2018-12-01,2018,12,35-44,Females,Employed total,1289.45
2018-12-01,2018,12,35-44,Persons,Employment to population ratio,82.57
2018-12-01,2018,12,35-44,Males,Employment to population ratio,88.72
2018-12-01,2018,12,35-44,Females,Employment to population ratio,76.52
2018-12-01,2018,12,35-44,Persons,Unemployed total,98.39
2018-12-01,2018,12,35-44,Males,Unemployed total,46.83
2018-12-01,2018,12,35-44,Females,Unemployed total,51.56
2018-12-01,2018,12,35-44,Persons,Unemployment rate,3.44
2018-12-01,2018,12,35-44,Males,Unemployment rate,3.09
2018-12-01,2018,12,35-44,Females,Unemployment rate,3.84
2018-12-01,2018,12,35-44,Persons,Labour force total,2856.58
2018-12-01,2018,12,35-44,Males,Labour force total,1515.57
2018-12-01,2018,12,35-44,Females,Labour force total,1341.01
2018-12-01,2018,12,35-44,Persons,Participation rate,85.51
2018-12-01,2018,12,35-44,Males,Participation rate,91.55
2018-12-01,2018,12,35-44,Females,Participation rate,79.57
2018-12-01,2018,12,45-54,Persons,Employed total,2596.14
2018-12-01,2018,12,45-54,Males,Employed total,1342.54
2018-12-01,2018,12,45-54,Females,Employed total,1253.6
2018-12-01,2018,12,45-54,Persons,Employment to population ratio,80.92
2018-12-01,2018,12,45-54,Males,Employment to population ratio,85.16
2018-12-01,2018,12,45-54,Females,Employment to population ratio,76.83
2018-12-01,2018,12,45-54,Persons,Unemployed total,85.04
2018-12-01,2018,12,45-54,Males,Unemployed total,43.53
2018-12-01,2018,12,45-54,Females,Unemployed total,41.52
2018-12-01,2018,12,45-54,Persons,Unemployment rate,3.17
2018-12-01,2018,12,45-54,Males,Unemployment rate,3.14
2018-12-01,2018,12,45-54,Females,Unemployment rate,3.21
2018-12-01,2018,12,45-54,Persons,Labour force total,2681.19
2018-12-01,2018,12,45-54,Males,Labour force total,1386.07
2018-12-01,2018,12,45-54,Females,Labour force total,1295.12
2018-12-01,2018,12,45-54,Persons,Participation rate,83.57
2018-12-01,2018,12,45-54,Males,Participation rate,87.92
2018-12-01,2018,12,45-54,Females,Participation rate,79.37
2019-01-01,2019,1,35-44,Persons,Employed total,2707.12
2019-01-01,2019,1,35-44,Males,Employed total,1447.13
2019-01-01,2019,1,35-44,Females,Employed total,1260.0
2019-01-01,2019,1,35-44,Persons,Employment to population ratio,80.9
2019-01-01,2019,1,35-44,Males,Employment to population ratio,87.29
2019-01-01,2019,1,35-44,Females,Employment to population ratio,74.63
2019-01-01,2019,1,35-44,Persons,Unemployed total,105.3
2019-01-01,2019,1,35-44,Males,Unemployed total,53.25
2019-01-01,2019,1,35-44,Females,Unemployed total,52.05
2019-01-01,2019,1,35-44,Persons,Unemployment rate,3.74
2019-01-01,2019,1,35-44,Males,Unemployment rate,3.55
2019-01-01,2019,1,35-44,Females,Unemployment rate,3.97
2019-01-01,2019,1,35-44,Persons,Labour force total,2812.42
2019-01-01,2019,1,35-44,Males,Labour force total,1500.37
2019-01-01,2019,1,35-44,Females,Labour force total,1312.05
2019-01-01,2019,1,35-44,Persons,Participation rate,84.05
2019-01-01,2019,1,35-44,Males,Participation rate,90.5
2019-01-01,2019,1,35-44,Females,Participation rate,77.71
2019-01-01,2019,1,45-54,Persons,Employed total,2559.4
2019-01-01,2019,1,45-54,Males,Employed total,1336.32
2019-01-01,2019,1,45-54,Females,Employed total,1223.08
2019-01-01,2019,1,45-54,Persons,Employment to population ratio,79.74
2019-01-01,2019,1,45-54,Males,Employment to population ratio,84.72
2019-01-01,2019,1,45-54,Females,Employment to population ratio,74.93
2019-01-01,2019,1,45-54,Persons,Unemployed total,94.53
2019-01-01,2019,1,45-54,Males,Unemployed total,43.48
2019-01-01,2019,1,45-54,Females,Unemployed total,51.05
2019-01-01,2019,1,45-54,Persons,Unemployment rate,3.56
2019-01-01,2019,1,45-54,Males,Unemployment rate,3.15
2019-01-01,2019,1,45-54,Females,Unemployment rate,4.01
2019-01-01,2019,1,45-54,Persons,Labour force total,2653.93
2019-01-01,2019,1,45-54,Males,Labour force total,1379.8
2019-01-01,2019,1,45-54,Females,Labour force total,1274.13
2019-01-01,2019,1,45-54,Persons,Participation rate,82.69
2019-01-01,2019,1,45-54,Males,Participation rate,87.48
2019-01-01,2019,1,45-54,Females,Participation rate,78.06
2019-02-01,2019,2,35-44,Persons,Employed total,2741.76
2019-02-01,2019,2,35-44,Males,Employed total,1460.09
2019-02-01,2019,2,35-44,Females,Employed total,1281.67
2019-02-01,2019,2,35-44,Persons,Employment to population ratio,81.8
2019-02-01,2019,2,35-44,Males,Employment to population ratio,87.94
2019-02-01,2019,2,35-44,Females,Employment to population ratio,75.78
2019-02-01,2019,2,35-44,Persons,Unemployed total,121.78
2019-02-01,2019,2,35-44,Males,Unemployed total,55.91
2019-02-01,2019,2,35-44,Females,Unemployed total,65.86
2019-02-01,2019,2,35-44,Persons,Unemployment rate,4.25
2019-02-01,2019,2,35-44,Males,Unemployment rate,3.69
2019-02-01,2019,2,35-44,Females,Unemployment rate,4.89
2019-02-01,2019,2,35-44,Persons,Labour force total,2863.54
2019-02-01,2019,2,35-44,Males,Labour force total,1516.0
2019-02-01,2019,2,35-44,Females,Labour force total,1347.54
2019-02-01,2019,2,35-44,Persons,Participation rate,85.44
2019-02-01,2019,2,35-44,Males,Participation rate,91.31
2019-02-01,2019,2,35-44,Females,Participation rate,79.67
2019-02-01,2019,2,45-54,Persons,Employed total,2599.87
2019-02-01,2019,2,45-54,Males,Employed total,1344.0
2019-02-01,2019,2,45-54,Females,Employed total,1255.87
2019-02-01,2019,2,45-54,Persons,Employment to population ratio,80.97
2019-02-01,2019,2,45-54,Males,Employment to population ratio,85.16
2019-02-01,2019,2,45-54,Females,Employment to population ratio,76.92
2019-02-01,2019,2,45-54,Persons,Unemployed total,98.22
2019-02-01,2019,2,45-54,Males,Unemployed total,47.2
2019-02-01,2019,2,45-54,Females,Unemployed total,51.02
2019-02-01,2019,2,45-54,Persons,Unemployment rate,3.64
2019-02-01,2019,2,45-54,Males,Unemployment rate,3.39
2019-02-01,2019,2,45-54,Females,Unemployment rate,3.9
2019-02-01,2019,2,45-54,Persons,Labour force total,2698.09
2019-02-01,2019,2,45-54,Males,Labour force total,1391.2
2019-02-01,2019,2,45-54,Females,Labour force total,1306.89
2019-02-01,2019,2,45-54,Persons,Participation rate,84.03
2019-02-01,2019,2,45-54,Males,Participation rate,88.15
2019-02-01,2019,2,45-54,Females,Participation rate,80.04
2019-03-01,2019,3,35-44,Persons,Employed total,2748.7
2019-03-01,2019,3,35-44,Males,Employed total,1462.59
2019-03-01,2019,3,35-44,Females,Employed total,1286.11
2019-03-01,2019,3,35-44,Persons,Employment to population ratio,81.88
2019-03-01,2019,3,35-44,Males,Employment to population ratio,87.97
2019-03-01,2019,3,35-44,Females,Employment to population ratio,75.9
2019-03-01,2019,3,35-44,Persons,Unemployed total,102.58
2019-03-01,2019,3,35-44,Males,Unemployed total,51.55
2019-03-01,2019,3,35-44,Females,Unemployed total,51.02
2019-03-01,2019,3,35-44,Persons,Unemployment rate,3.6
2019-03-01,2019,3,35-44,Males,Unemployment rate,3.4
2019-03-01,2019,3,35-44,Females,Unemployment rate,3.82
2019-03-01,2019,3,35-44,Persons,Labour force total,2851.28
2019-03-01,2019,3,35-44,Males,Labour force total,1514.14
2019-03-01,2019,3,35-44,Females,Labour force total,1337.14
2019-03-01,2019,3,35-44,Persons,Participation rate,84.93
2019-03-01,2019,3,35-44,Males,Participation rate,91.07
2019-03-01,2019,3,35-44,Females,Participation rate,78.91
2019-03-01,2019,3,45-54,Persons,Employed total,2617.78
2019-03-01,2019,3,45-54,Males,Employed total,1357.17
2019-03-01,2019,3,45-54,Females,Employed total,1260.61
2019-03-01,2019,3,45-54,Persons,Employment to population ratio,81.49
2019-03-01,2019,3,45-54,Males,Employment to population ratio,85.95
2019-03-01,2019,3,45-54,Females,Employment to population ratio,77.18
2019-03-01,2019,3,45-54,Persons,Unemployed total,93.12
2019-03-01,2019,3,45-54,Males,Unemployed total,41.32
2019-03-01,2019,3,45-54,Females,Unemployed total,51.8
2019-03-01,2019,3,45-54,Persons,Unemployment rate,3.43
2019-03-01,2019,3,45-54,Males,Unemployment rate,2.95
2019-03-01,2019,3,45-54,Females,Unemployment rate,3.95
2019-03-01,2019,3,45-54,Persons,Labour force total,2710.9
2019-03-01,2019,3,45-54,Males,Labour force total,1398.49
2019-03-01,2019,3,45-54,Females,Labour force total,1312.4
2019-03-01,2019,3,45-54,Persons,Participation rate,84.39
2019-03-01,2019,3,45-54,Males,Participation rate,88.57
2019-03-01,2019,3,45-54,Females,Participation rate,80.35
2019-04-01,2019,4,35-44,Persons,Employed total,2759.81
2019-04-01,2019,4,35-44,Males,Employed total,1476.97
2019-04-01,2019,4,35-44,Females,Employed total,1282.85
2019-04-01,2019,4,35-44,Persons,Employment to population ratio,82.09
2019-04-01,2019,4,35-44,Males,Employment to population ratio,88.71
2019-04-01,2019,4,35-44,Females,Employment to population ratio,75.59
2019-04-01,2019,4,35-44,Persons,Unemployed total,108.61
2019-04-01,2019,4,35-44,Males,Unemployed total,48.9
2019-04-01,2019,4,35-44,Females,Unemployed total,59.71
2019-04-01,2019,4,35-44,Persons,Unemployment rate,3.79
2019-04-01,2019,4,35-44,Males,Unemployment rate,3.2
2019-04-01,2019,4,35-44,Females,Unemployment rate,4.45
2019-04-01,2019,4,35-44,Persons,Labour force total,2868.42
2019-04-01,2019,4,35-44,Males,Labour force total,1525.86
2019-04-01,2019,4,35-44,Females,Labour force total,1342.56
2019-04-01,2019,4,35-44,Persons,Participation rate,85.32
2019-04-01,2019,4,35-44,Males,Participation rate,91.65
2019-04-01,2019,4,35-44,Females,Participation rate,79.11
2019-04-01,2019,4,45-54,Persons,Employed total,2622.29
2019-04-01,2019,4,45-54,Males,Employed total,1352.44
2019-04-01,2019,4,45-54,Females,Employed total,1269.85
2019-04-01,2019,4,45-54,Persons,Employment to population ratio,81.6
2019-04-01,2019,4,45-54,Males,Employment to population ratio,85.62
2019-04-01,2019,4,45-54,Females,Employment to population ratio,77.72
2019-04-01,2019,4,45-54,Persons,Unemployed total,103.68
2019-04-01,2019,4,45-54,Males,Unemployed total,48.19
2019-04-01,2019,4,45-54,Females,Unemployed total,55.49
2019-04-01,2019,4,45-54,Persons,Unemployment rate,3.8
2019-04-01,2019,4,45-54,Males,Unemployment rate,3.44
2019-04-01,2019,4,45-54,Females,Unemployment rate,4.19
2019-04-01,2019,4,45-54,Persons,Labour force total,2725.97
2019-04-01,2019,4,45-54,Males,Labour force total,1400.63
2019-04-01,2019,4,45-54,Females,Labour force total,1325.34
2019-04-01,2019,4,45-54,Persons,Participation rate,84.83
2019-04-01,2019,4,45-54,Males,Participation rate,88.67
2019-04-01,2019,4,45-54,Females,Participation rate,81.12
2019-05-01,2019,5,35-44,Persons,Employed total,2763.87
2019-05-01,2019,5,35-44,Males,Employed total,1472.18
2019-05-01,2019,5,35-44,Females,Employed total,1291.69
2019-05-01,2019,5,35-44,Persons,Employment to population ratio,82.09
2019-05-01,2019,5,35-44,Males,Employment to population ratio,88.3
2019-05-01,2019,5,35-44,Females,Employment to population ratio,76.0
2019-05-01,2019,5,35-44,Persons,Unemployed total,107.05
2019-05-01,2019,5,35-44,Males,Unemployed total,56.2
2019-05-01,2019,5,35-44,Females,Unemployed total,50.84
2019-05-01,2019,5,35-44,Persons,Unemployment rate,3.73
2019-05-01,2019,5,35-44,Males,Unemployment rate,3.68
2019-05-01,2019,5,35-44,Females,Unemployment rate,3.79
2019-05-01,2019,5,35-44,Persons,Labour force total,2870.91
2019-05-01,2019,5,35-44,Males,Labour force total,1528.39
2019-05-01,2019,5,35-44,Females,Labour force total,1342.53
2019-05-01,2019,5,35-44,Persons,Participation rate,85.27
2019-05-01,2019,5,35-44,Males,Participation rate,91.67
2019-05-01,2019,5,35-44,Females,Participation rate,78.99
2019-05-01,2019,5,45-54,Persons,Employed total,2635.53
2019-05-01,2019,5,45-54,Males,Employed total,1360.59
2019-05-01,2019,5,45-54,Females,Employed total,1274.94
2019-05-01,2019,5,45-54,Persons,Employment to population ratio,81.99
2019-05-01,2019,5,45-54,Males,Employment to population ratio,86.1
2019-05-01,2019,5,45-54,Females,Employment to population ratio,78.01
2019-05-01,2019,5,45-54,Persons,Unemployed total,95.55
2019-05-01,2019,5,45-54,Males,Unemployed total,41.78
2019-05-01,2019,5,45-54,Females,Unemployed total,53.77
2019-05-01,2019,5,45-54,Persons,Unemployment rate,3.5
2019-05-01,2019,5,45-54,Males,Unemployment rate,2.98
2019-05-01,2019,5,45-54,Females,Unemployment rate,4.05
2019-05-01,2019,5,45-54,Persons,Labour force total,2731.09
2019-05-01,2019,5,45-54,Males,Labour force total,1402.38
2019-05-01,2019,5,45-54,Females,Labour force total,1328.71
2019-05-01,2019,5,45-54,Persons,Participation rate,84.96
2019-05-01,2019,5,45-54,Males,Participation rate,88.74
2019-05-01,2019,5,45-54,Females,Participation rate,81.3
2019-06-01,2019,6,35-44,Persons,Employed total,2762.87
2019-06-01,2019,6,35-44,Males,Employed total,1472.01
2019-06-01,2019,6,35-44,Females,Employed total,1290.87
2019-06-01,2019,6,35-44,Persons,Employment to population ratio,81.94
2019-06-01,2019,6,35-44,Males,Employment to population ratio,88.17
2019-06-01,2019,6,35-44,Females,Employment to population ratio,75.83
2019-06-01,2019,6,35-44,Persons,Unemployed total,110.08
2019-06-01,2019,6,35-44,Males,Unemployed total,55.63
2019-06-01,2019,6,35-44,Females,Unemployed total,54.45
2019-06-01,2019,6,35-44,Persons,Unemployment rate,3.83
2019-06-01,2019,6,35-44,Males,Unemployment rate,3.64
2019-06-01,2019,6,35-44,Females,Unemployment rate,4.05
2019-06-01,2019,6,35-44,Persons,Labour force total,2872.96
2019-06-01,2019,6,35-44,Males,Labour force total,1527.64
2019-06-01,2019,6,35-44,Females,Labour force total,1345.32
2019-06-01,2019,6,35-44,Persons,Participation rate,85.21
2019-06-01,2019,6,35-44,Males,Participation rate,91.5
2019-06-01,2019,6,35-44,Females,Participation rate,79.03
2019-06-01,2019,6,45-54,Persons,Employed total,2617.66
2019-06-01,2019,6,45-54,Males,Employed total,1347.96
2019-06-01,2019,6,45-54,Females,Employed total,1269.7
2019-06-01,2019,6,45-54,Persons,Employment to population ratio,81.4
2019-06-01,2019,6,45-54,Males,Employment to population ratio,85.26
2019-06-01,2019,6,45-54,Females,Employment to population ratio,77.67
2019-06-01,2019,6,45-54,Persons,Unemployed total,102.69
2019-06-01,2019,6,45-54,Males,Unemployed total,46.48
2019-06-01,2019,6,45-54,Females,Unemployed total,56.2
2019-06-01,2019,6,45-54,Persons,Unemployment rate,3.77
2019-06-01,2019,6,45-54,Males,Unemployment rate,3.33
2019-06-01,2019,6,45-54,Females,Unemployment rate,4.24
2019-06-01,2019,6,45-54,Persons,Labour force total,2720.34
2019-06-01,2019,6,45-54,Males,Labour force total,1394.45
2019-06-01,2019,6,45-54,Females,Labour force total,1325.9
2019-06-01,2019,6,45-54,Persons,Participation rate,84.59
2019-06-01,2019,6,45-54,Males,Participation rate,88.2
2019-06-01,2019,6,45-54,Females,Participation rate,81.11
2019-07-01,2019,7,35-44,Persons,Employed total,2751.94
2019-07-01,2019,7,35-44,Males,Employed total,1472.72
2019-07-01,2019,7,35-44,Females,Employed total,1279.22
2019-07-01,2019,7,35-44,Persons,Employment to population ratio,81.45
2019-07-01,2019,7,35-44,Males,Employment to population ratio,88.05
2019-07-01,2019,7,35-44,Females,Employment to population ratio,74.99
2019-07-01,2019,7,35-44,Persons,Unemployed total,123.85
2019-07-01,2019,7,35-44,Males,Unemployed total,59.48
2019-07-01,2019,7,35-44,Females,Unemployed total,64.36
2019-07-01,2019,7,35-44,Persons,Unemployment rate,4.31
2019-07-01,2019,7,35-44,Males,Unemployment rate,3.88
2019-07-01,2019,7,35-44,Females,Unemployment rate,4.79
2019-07-01,2019,7,35-44,Persons,Labour force total,2875.78
2019-07-01,2019,7,35-44,Males,Labour force total,1532.2
2019-07-01,2019,7,35-44,Females,Labour force total,1343.58
2019-07-01,2019,7,35-44,Persons,Participation rate,85.12
2019-07-01,2019,7,35-44,Males,Participation rate,91.6
2019-07-01,2019,7,35-44,Females,Participation rate,78.76
2019-07-01,2019,7,45-54,Persons,Employed total,2624.85
2019-07-01,2019,7,45-54,Males,Employed total,1348.03
2019-07-01,2019,7,45-54,Females,Employed total,1276.81
2019-07-01,2019,7,45-54,Persons,Employment to population ratio,81.56
2019-07-01,2019,7,45-54,Males,Employment to population ratio,85.19
2019-07-01,2019,7,45-54,Females,Employment to population ratio,78.05
2019-07-01,2019,7,45-54,Persons,Unemployed total,95.06
2019-07-01,2019,7,45-54,Males,Unemployed total,49.31
2019-07-01,2019,7,45-54,Females,Unemployed total,45.75
2019-07-01,2019,7,45-54,Persons,Unemployment rate,3.49
2019-07-01,2019,7,45-54,Males,Unemployment rate,3.53
2019-07-01,2019,7,45-54,Females,Unemployment rate,3.46
2019-07-01,2019,7,45-54,Persons,Labour force total,2719.91
2019-07-01,2019,7,45-54,Males,Labour force total,1397.34
2019-07-01,2019,7,45-54,Females,Labour force total,1322.57
2019-07-01,2019,7,45-54,Persons,Participation rate,84.51
2019-07-01,2019,7,45-54,Males,Participation rate,88.31
2019-07-01,2019,7,45-54,Females,Participation rate,80.85
2019-08-01,2019,8,35-44,Persons,Employed total,2763.46
2019-08-01,2019,8,35-44,Males,Employed total,1473.1
2019-08-01,2019,8,35-44,Females,Employed total,1290.36
2019-08-01,2019,8,35-44,Persons,Employment to population ratio,81.63
2019-08-01,2019,8,35-44,Males,Employment to population ratio,87.9
2019-08-01,2019,8,35-44,Females,Employment to population ratio,75.48
2019-08-01,2019,8,35-44,Persons,Unemployed total,118.73
2019-08-01,2019,8,35-44,Males,Unemployed total,56.94
2019-08-01,2019,8,35-44,Females,Unemployed total,61.78
2019-08-01,2019,8,35-44,Persons,Unemployment rate,4.12
2019-08-01,2019,8,35-44,Males,Unemployment rate,3.72
2019-08-01,2019,8,35-44,Females,Unemployment rate,4.57
2019-08-01,2019,8,35-44,Persons,Labour force total,2882.19
2019-08-01,2019,8,35-44,Males,Labour force total,1530.05
2019-08-01,2019,8,35-44,Females,Labour force total,1352.14
2019-08-01,2019,8,35-44,Persons,Participation rate,85.13
2019-08-01,2019,8,35-44,Males,Participation rate,91.3
2019-08-01,2019,8,35-44,Females,Participation rate,79.09
2019-08-01,2019,8,45-54,Persons,Employed total,2633.02
2019-08-01,2019,8,45-54,Males,Employed total,1350.77
2019-08-01,2019,8,45-54,Females,Employed total,1282.24
2019-08-01,2019,8,45-54,Persons,Employment to population ratio,81.75
2019-08-01,2019,8,45-54,Males,Employment to population ratio,85.29
2019-08-01,2019,8,45-54,Females,Employment to population ratio,78.33
2019-08-01,2019,8,45-54,Persons,Unemployed total,108.03
2019-08-01,2019,8,45-54,Males,Unemployed total,61.06
2019-08-01,2019,8,45-54,Females,Unemployed total,46.98
2019-08-01,2019,8,45-54,Persons,Unemployment rate,3.94
2019-08-01,2019,8,45-54,Males,Unemployment rate,4.32
2019-08-01,2019,8,45-54,Females,Unemployment rate,3.53
2019-08-01,2019,8,45-54,Persons,Labour force total,2741.05
2019-08-01,2019,8,45-54,Males,Labour force total,1411.83
2019-08-01,2019,8,45-54,Females,Labour force total,1329.22
2019-08-01,2019,8,45-54,Persons,Participation rate,85.1
2019-08-01,2019,8,45-54,Males,Participation rate,89.14
2019-08-01,2019,8,45-54,Females,Participation rate,81.19
2019-09-01,2019,9,35-44,Persons,Employed total,2794.4
2019-09-01,2019,9,35-44,Males,Employed total,1486.46
2019-09-01,2019,9,35-44,Females,Employed total,1307.95
2019-09-01,2019,9,35-44,Persons,Employment to population ratio,82.37
2019-09-01,2019,9,35-44,Males,Employment to population ratio,88.53
2019-09-01,2019,9,35-44,Females,Employment to population ratio,76.34
2019-09-01,2019,9,35-44,Persons,Unemployed total,110.31
2019-09-01,2019,9,35-44,Males,Unemployed total,53.36
2019-09-01,2019,9,35-44,Females,Unemployed total,56.95
2019-09-01,2019,9,35-44,Persons,Unemployment rate,3.8
2019-09-01,2019,9,35-44,Males,Unemployment rate,3.47
2019-09-01,2019,9,35-44,Females,Unemployment rate,4.17
2019-09-01,2019,9,35-44,Persons,Labour force total,2904.71
2019-09-01,2019,9,35-44,Males,Labour force total,1539.81
2019-09-01,2019,9,35-44,Females,Labour force total,1364.9
2019-09-01,2019,9,35-44,Persons,Participation rate,85.62
2019-09-01,2019,9,35-44,Males,Participation rate,91.71
2019-09-01,2019,9,35-44,Females,Participation rate,79.66
2019-09-01,2019,9,45-54,Persons,Employed total,2630.5
2019-09-01,2019,9,45-54,Males,Employed total,1342.74
2019-09-01,2019,9,45-54,Females,Employed total,1287.77
2019-09-01,2019,9,45-54,Persons,Employment to population ratio,81.61
2019-09-01,2019,9,45-54,Males,Employment to population ratio,84.71
2019-09-01,2019,9,45-54,Females,Employment to population ratio,78.61
2019-09-01,2019,9,45-54,Persons,Unemployed total,104.71
2019-09-01,2019,9,45-54,Males,Unemployed total,58.37
2019-09-01,2019,9,45-54,Females,Unemployed total,46.34
2019-09-01,2019,9,45-54,Persons,Unemployment rate,3.83
2019-09-01,2019,9,45-54,Males,Unemployment rate,4.17
2019-09-01,2019,9,45-54,Females,Unemployment rate,3.47
2019-09-01,2019,9,45-54,Persons,Labour force total,2735.21
2019-09-01,2019,9,45-54,Males,Labour force total,1401.11
2019-09-01,2019,9,45-54,Females,Labour force total,1334.1
2019-09-01,2019,9,45-54,Persons,Participation rate,84.86
2019-09-01,2019,9,45-54,Males,Participation rate,88.39
2019-09-01,2019,9,45-54,Females,Participation rate,81.44
2019-10-01,2019,10,35-44,Persons,Employed total,2799.2
2019-10-01,2019,10,35-44,Males,Employed total,1488.96
2019-10-01,2019,10,35-44,Females,Employed total,1310.24
2019-10-01,2019,10,35-44,Persons,Employment to population ratio,82.34
2019-10-01,2019,10,35-44,Males,Employment to population ratio,88.5
2019-10-01,2019,10,35-44,Females,Employment to population ratio,76.3
2019-10-01,2019,10,35-44,Persons,Unemployed total,104.36
2019-10-01,2019,10,35-44,Males,Unemployed total,49.36
2019-10-01,2019,10,35-44,Females,Unemployed total,55.0
2019-10-01,2019,10,35-44,Persons,Unemployment rate,3.59
2019-10-01,2019,10,35-44,Males,Unemployment rate,3.21
2019-10-01,2019,10,35-44,Females,Unemployment rate,4.03
2019-10-01,2019,10,35-44,Persons,Labour force total,2903.56
2019-10-01,2019,10,35-44,Males,Labour force total,1538.32
2019-10-01,2019,10,35-44,Females,Labour force total,1365.24
2019-10-01,2019,10,35-44,Persons,Participation rate,85.41
2019-10-01,2019,10,35-44,Males,Participation rate,91.44
2019-10-01,2019,10,35-44,Females,Participation rate,79.51
2019-10-01,2019,10,45-54,Persons,Employed total,2631.62
2019-10-01,2019,10,45-54,Males,Employed total,1348.5
2019-10-01,2019,10,45-54,Females,Employed total,1283.12
2019-10-01,2019,10,45-54,Persons,Employment to population ratio,81.57
2019-10-01,2019,10,45-54,Males,Employment to population ratio,84.99
2019-10-01,2019,10,45-54,Females,Employment to population ratio,78.26
2019-10-01,2019,10,45-54,Persons,Unemployed total,101.29
2019-10-01,2019,10,45-54,Males,Unemployed total,54.61
2019-10-01,2019,10,45-54,Females,Unemployed total,46.68
2019-10-01,2019,10,45-54,Persons,Unemployment rate,3.71
2019-10-01,2019,10,45-54,Males,Unemployment rate,3.89
2019-10-01,2019,10,45-54,Females,Unemployment rate,3.51
2019-10-01,2019,10,45-54,Persons,Labour force total,2732.91
2019-10-01,2019,10,45-54,Males,Labour force total,1403.1
2019-10-01,2019,10,45-54,Females,Labour force total,1329.8
2019-10-01,2019,10,45-54,Persons,Participation rate,84.71
2019-10-01,2019,10,45-54,Males,Participation rate,88.43
2019-10-01,2019,10,45-54,Females,Participation rate,81.1
2019-11-01,2019,11,35-44,Persons,Employed total,2807.2
2019-11-01,2019,11,35-44,Males,Employed total,1493.34
2019-11-01,2019,11,35-44,Females,Employed total,1313.86
2019-11-01,2019,11,35-44,Persons,Employment to population ratio,82.4
2019-11-01,2019,11,35-44,Males,Employment to population ratio,88.59
2019-11-01,2019,11,35-44,Females,Employment to population ratio,76.34
2019-11-01,2019,11,35-44,Persons,Unemployed total,103.01
2019-11-01,2019,11,35-44,Males,Unemployed total,50.57
2019-11-01,2019,11,35-44,Females,Unemployed total,52.44
2019-11-01,2019,11,35-44,Persons,Unemployment rate,3.54
2019-11-01,2019,11,35-44,Males,Unemployment rate,3.28
2019-11-01,2019,11,35-44,Females,Unemployment rate,3.84
2019-11-01,2019,11,35-44,Persons,Labour force total,2910.21
2019-11-01,2019,11,35-44,Males,Labour force total,1543.91
2019-11-01,2019,11,35-44,Females,Labour force total,1366.3
2019-11-01,2019,11,35-44,Persons,Participation rate,85.42
2019-11-01,2019,11,35-44,Males,Participation rate,91.59
2019-11-01,2019,11,35-44,Females,Participation rate,79.39
2019-11-01,2019,11,45-54,Persons,Employed total,2628.36
2019-11-01,2019,11,45-54,Males,Employed total,1350.13
2019-11-01,2019,11,45-54,Females,Employed total,1278.22
2019-11-01,2019,11,45-54,Persons,Employment to population ratio,81.4
2019-11-01,2019,11,45-54,Males,Employment to population ratio,85.02
2019-11-01,2019,11,45-54,Females,Employment to population ratio,77.89
2019-11-01,2019,11,45-54,Persons,Unemployed total,102.29
2019-11-01,2019,11,45-54,Males,Unemployed total,53.5
2019-11-01,2019,11,45-54,Females,Unemployed total,48.8
2019-11-01,2019,11,45-54,Persons,Unemployment rate,3.75
2019-11-01,2019,11,45-54,Males,Unemployment rate,3.81
2019-11-01,2019,11,45-54,Females,Unemployment rate,3.68
2019-11-01,2019,11,45-54,Persons,Labour force total,2730.65
2019-11-01,2019,11,45-54,Males,Labour force total,1403.63
2019-11-01,2019,11,45-54,Females,Labour force total,1327.02
2019-11-01,2019,11,45-54,Persons,Participation rate,84.56
2019-11-01,2019,11,45-54,Males,Participation rate,88.38
2019-11-01,2019,11,45-54,Females,Participation rate,80.87
2019-12-01,2019,12,35-44,Persons,Employed total,2812.93
2019-12-01,2019,12,35-44,Males,Employed total,1501.37
2019-12-01,2019,12,35-44,Females,Employed total,1311.56
2019-12-01,2019,12,35-44,Persons,Employment to population ratio,82.4
2019-12-01,2019,12,35-44,Males,Employment to population ratio,88.89
2019-12-01,2019,12,35-44,Females,Employment to population ratio,76.04
2019-12-01,2019,12,35-44,Persons,Unemployed total,94.39
2019-12-01,2019,12,35-44,Males,Unemployed total,46.89
2019-12-01,2019,12,35-44,Females,Unemployed total,47.5
2019-12-01,2019,12,35-44,Persons,Unemployment rate,3.25
2019-12-01,2019,12,35-44,Males,Unemployment rate,3.03
2019-12-01,2019,12,35-44,Females,Unemployment rate,3.49
2019-12-01,2019,12,35-44,Persons,Labour force total,2907.32
2019-12-01,2019,12,35-44,Males,Labour force total,1548.27
2019-12-01,2019,12,35-44,Females,Labour force total,1359.05
2019-12-01,2019,12,35-44,Persons,Participation rate,85.16
2019-12-01,2019,12,35-44,Males,Participation rate,91.66
2019-12-01,2019,12,35-44,Females,Participation rate,78.79
2019-12-01,2019,12,45-54,Persons,Employed total,2644.19
2019-12-01,2019,12,45-54,Males,Employed total,1364.1
2019-12-01,2019,12,45-54,Females,Employed total,1280.09
2019-12-01,2019,12,45-54,Persons,Employment to population ratio,81.81
2019-12-01,2019,12,45-54,Males,Employment to population ratio,85.82
2019-12-01,2019,12,45-54,Females,Employment to population ratio,77.94
2019-12-01,2019,12,45-54,Persons,Unemployed total,91.54
2019-12-01,2019,12,45-54,Males,Unemployed total,49.84
2019-12-01,2019,12,45-54,Females,Unemployed total,41.7
2019-12-01,2019,12,45-54,Persons,Unemployment rate,3.35
2019-12-01,2019,12,45-54,Males,Unemployment rate,3.52
2019-12-01,2019,12,45-54,Females,Unemployment rate,3.16
2019-12-01,2019,12,45-54,Persons,Labour force total,2735.73
2019-12-01,2019,12,45-54,Males,Labour force total,1413.94
2019-12-01,2019,12,45-54,Females,Labour force total,1321.79
2019-12-01,2019,12,45-54,Persons,Participation rate,84.65
2019-12-01,2019,12,45-54,Males,Participation rate,88.95
2019-12-01,2019,12,45-54,Females,Participation rate,80.48
2020-01-01,2020,1,35-44,Persons,Employed total,2773.84
2020-01-01,2020,1,35-44,Males,Employed total,1482.41
2020-01-01,2020,1,35-44,Females,Employed total,1291.43
2020-01-01,2020,1,35-44,Persons,Employment to population ratio,81.09
2020-01-01,2020,1,35-44,Males,Employment to population ratio,87.6
2020-01-01,2020,1,35-44,Females,Employment to population ratio,74.71
2020-01-01,2020,1,35-44,Persons,Unemployed total,108.53
2020-01-01,2020,1,35-44,Males,Unemployed total,56.29
2020-01-01,2020,1,35-44,Females,Unemployed total,52.24
2020-01-01,2020,1,35-44,Persons,Unemployment rate,3.77
2020-01-01,2020,1,35-44,Males,Unemployment rate,3.66
2020-01-01,2020,1,35-44,Females,Unemployment rate,3.89
2020-01-01,2020,1,35-44,Persons,Labour force total,2882.37
2020-01-01,2020,1,35-44,Males,Labour force total,1538.7
2020-01-01,2020,1,35-44,Females,Labour force total,1343.67
2020-01-01,2020,1,35-44,Persons,Participation rate,84.26
2020-01-01,2020,1,35-44,Males,Participation rate,90.93
2020-01-01,2020,1,35-44,Females,Participation rate,77.74
2020-01-01,2020,1,45-54,Persons,Employed total,2592.42
2020-01-01,2020,1,45-54,Males,Employed total,1351.37
2020-01-01,2020,1,45-54,Females,Employed total,1241.05
2020-01-01,2020,1,45-54,Persons,Employment to population ratio,80.15
2020-01-01,2020,1,45-54,Males,Employment to population ratio,84.95
2020-01-01,2020,1,45-54,Females,Employment to population ratio,75.51
2020-01-01,2020,1,45-54,Persons,Unemployed total,101.2
2020-01-01,2020,1,45-54,Males,Unemployed total,52.35
2020-01-01,2020,1,45-54,Females,Unemployed total,48.85
2020-01-01,2020,1,45-54,Persons,Unemployment rate,3.76
2020-01-01,2020,1,45-54,Males,Unemployment rate,3.73
2020-01-01,2020,1,45-54,Females,Unemployment rate,3.79
2020-01-01,2020,1,45-54,Persons,Labour force total,2693.62
2020-01-01,2020,1,45-54,Males,Labour force total,1403.72
2020-01-01,2020,1,45-54,Females,Labour force total,1289.9
2020-01-01,2020,1,45-54,Persons,Participation rate,83.28
2020-01-01,2020,1,45-54,Males,Participation rate,88.24
2020-01-01,2020,1,45-54,Females,Participation rate,78.48
2020-02-01,2020,2,35-44,Persons,Employed total,2811.54
2020-02-01,2020,2,35-44,Males,Employed total,1502.89
2020-02-01,2020,2,35-44,Females,Employed total,1308.65
2020-02-01,2020,2,35-44,Persons,Employment to population ratio,82.03
2020-02-01,2020,2,35-44,Males,Employment to population ratio,88.65
2020-02-01,2020,2,35-44,Females,Employment to population ratio,75.55
2020-02-01,2020,2,35-44,Persons,Unemployed total,111.94
2020-02-01,2020,2,35-44,Males,Unemployed total,56.26
2020-02-01,2020,2,35-44,Females,Unemployed total,55.68
2020-02-01,2020,2,35-44,Persons,Unemployment rate,3.83
2020-02-01,2020,2,35-44,Males,Unemployment rate,3.61
2020-02-01,2020,2,35-44,Females,Unemployment rate,4.08
2020-02-01,2020,2,35-44,Persons,Labour force total,2923.48
2020-02-01,2020,2,35-44,Males,Labour force total,1559.15
2020-02-01,2020,2,35-44,Females,Labour force total,1364.33
2020-02-01,2020,2,35-44,Persons,Participation rate,85.29
2020-02-01,2020,2,35-44,Males,Participation rate,91.97
2020-02-01,2020,2,35-44,Females,Participation rate,78.76
2020-02-01,2020,2,45-54,Persons,Employed total,2650.25
2020-02-01,2020,2,45-54,Males,Employed total,1375.55
2020-02-01,2020,2,45-54,Females,Employed total,1274.7
2020-02-01,2020,2,45-54,Persons,Employment to population ratio,81.88
2020-02-01,2020,2,45-54,Males,Employment to population ratio,86.41
2020-02-01,2020,2,45-54,Females,Employment to population ratio,77.5
2020-02-01,2020,2,45-54,Persons,Unemployed total,99.32
2020-02-01,2020,2,45-54,Males,Unemployed total,45.89
2020-02-01,2020,2,45-54,Females,Unemployed total,53.42
2020-02-01,2020,2,45-54,Persons,Unemployment rate,3.61
2020-02-01,2020,2,45-54,Males,Unemployment rate,3.23
2020-02-01,2020,2,45-54,Females,Unemployment rate,4.02
2020-02-01,2020,2,45-54,Persons,Labour force total,2749.56
2020-02-01,2020,2,45-54,Males,Labour force total,1421.44
2020-02-01,2020,2,45-54,Females,Labour force total,1328.12
2020-02-01,2020,2,45-54,Persons,Participation rate,84.95
2020-02-01,2020,2,45-54,Males,Participation rate,89.29
2020-02-01,2020,2,45-54,Females,Participation rate,80.75
2020-03-01,2020,3,35-44,Persons,Employed total,2817.71
2020-03-01,2020,3,35-44,Males,Employed total,1503.16
2020-03-01,2020,3,35-44,Females,Employed total,1314.56
2020-03-01,2020,3,35-44,Persons,Employment to population ratio,82.04
2020-03-01,2020,3,35-44,Males,Employment to population ratio,88.5
2020-03-01,2020,3,35-44,Females,Employment to population ratio,75.73
2020-03-01,2020,3,35-44,Persons,Unemployed total,110.32
2020-03-01,2020,3,35-44,Males,Unemployed total,53.04
2020-03-01,2020,3,35-44,Females,Unemployed total,57.28
2020-03-01,2020,3,35-44,Persons,Unemployment rate,3.77
2020-03-01,2020,3,35-44,Males,Unemployment rate,3.41
2020-03-01,2020,3,35-44,Females,Unemployment rate,4.18
2020-03-01,2020,3,35-44,Persons,Labour force total,2928.04
2020-03-01,2020,3,35-44,Males,Labour force total,1556.2
2020-03-01,2020,3,35-44,Females,Labour force total,1371.84
2020-03-01,2020,3,35-44,Persons,Participation rate,85.26
2020-03-01,2020,3,35-44,Males,Participation rate,91.62
2020-03-01,2020,3,35-44,Females,Participation rate,79.03
2020-03-01,2020,3,45-54,Persons,Employed total,2640.49
2020-03-01,2020,3,45-54,Males,Employed total,1368.45
2020-03-01,2020,3,45-54,Females,Employed total,1272.04
2020-03-01,2020,3,45-54,Persons,Employment to population ratio,81.52
2020-03-01,2020,3,45-54,Males,Employment to population ratio,85.89
2020-03-01,2020,3,45-54,Females,Employment to population ratio,77.28
2020-03-01,2020,3,45-54,Persons,Unemployed total,104.3
2020-03-01,2020,3,45-54,Males,Unemployed total,48.78
2020-03-01,2020,3,45-54,Females,Unemployed total,55.52
2020-03-01,2020,3,45-54,Persons,Unemployment rate,3.8
2020-03-01,2020,3,45-54,Males,Unemployment rate,3.44
2020-03-01,2020,3,45-54,Females,Unemployment rate,4.18
2020-03-01,2020,3,45-54,Persons,Labour force total,2744.79
2020-03-01,2020,3,45-54,Males,Labour force total,1417.23
2020-03-01,2020,3,45-54,Females,Labour force total,1327.56
2020-03-01,2020,3,45-54,Persons,Participation rate,84.74
2020-03-01,2020,3,45-54,Males,Participation rate,88.96
2020-03-01,2020,3,45-54,Females,Participation rate,80.66
2020-04-01,2020,4,35-44,Persons,Employed total,2748.01
2020-04-01,2020,4,35-44,Males,Employed total,1469.69
2020-04-01,2020,4,35-44,Females,Employed total,1278.32
2020-04-01,2020,4,35-44,Persons,Employment to population ratio,79.91
2020-04-01,2020,4,35-44,Males,Employment to population ratio,86.42
2020-04-01,2020,4,35-44,Females,Employment to population ratio,73.54
2020-04-01,2020,4,35-44,Persons,Unemployed total,132.65
2020-04-01,2020,4,35-44,Males,Unemployed total,69.78
2020-04-01,2020,4,35-44,Females,Unemployed total,62.87
2020-04-01,2020,4,35-44,Persons,Unemployment rate,4.6
2020-04-01,2020,4,35-44,Males,Unemployment rate,4.53
2020-04-01,2020,4,35-44,Females,Unemployment rate,4.69
2020-04-01,2020,4,35-44,Persons,Labour force total,2880.66
2020-04-01,2020,4,35-44,Males,Labour force total,1539.47
2020-04-01,2020,4,35-44,Females,Labour force total,1341.2
2020-04-01,2020,4,35-44,Persons,Participation rate,83.77
2020-04-01,2020,4,35-44,Males,Participation rate,90.52
2020-04-01,2020,4,35-44,Females,Participation rate,77.15
2020-04-01,2020,4,45-54,Persons,Employed total,2580.61
2020-04-01,2020,4,45-54,Males,Employed total,1343.37
2020-04-01,2020,4,45-54,Females,Employed total,1237.23
2020-04-01,2020,4,45-54,Persons,Employment to population ratio,79.64
2020-04-01,2020,4,45-54,Males,Employment to population ratio,84.28
2020-04-01,2020,4,45-54,Females,Employment to population ratio,75.15
2020-04-01,2020,4,45-54,Persons,Unemployed total,118.0
2020-04-01,2020,4,45-54,Males,Unemployed total,63.61
2020-04-01,2020,4,45-54,Females,Unemployed total,54.39
2020-04-01,2020,4,45-54,Persons,Unemployment rate,4.37
2020-04-01,2020,4,45-54,Males,Unemployment rate,4.52
2020-04-01,2020,4,45-54,Females,Unemployment rate,4.21
2020-04-01,2020,4,45-54,Persons,Labour force total,2698.6
2020-04-01,2020,4,45-54,Males,Labour force total,1406.98
2020-04-01,2020,4,45-54,Females,Labour force total,1291.62
2020-04-01,2020,4,45-54,Persons,Participation rate,83.28
2020-04-01,2020,4,45-54,Males,Participation rate,88.27
2020-04-01,2020,4,45-54,Females,Participation rate,78.46
2020-05-01,2020,5,35-44,Persons,Employed total,2720.55
2020-05-01,2020,5,35-44,Males,Employed total,1466.25
2020-05-01,2020,5,35-44,Females,Employed total,1254.29
2020-05-01,2020,5,35-44,Persons,Employment to population ratio,79.0
2020-05-01,2020,5,35-44,Males,Employment to population ratio,86.11
2020-05-01,2020,5,35-44,Females,Employment to population ratio,72.05
2020-05-01,2020,5,35-44,Persons,Unemployed total,137.07
2020-05-01,2020,5,35-44,Males,Unemployed total,69.21
2020-05-01,2020,5,35-44,Females,Unemployed total,67.86
2020-05-01,2020,5,35-44,Persons,Unemployment rate,4.8
2020-05-01,2020,5,35-44,Males,Unemployment rate,4.51
2020-05-01,2020,5,35-44,Females,Unemployment rate,5.13
2020-05-01,2020,5,35-44,Persons,Labour force total,2857.61
2020-05-01,2020,5,35-44,Males,Labour force total,1535.46
2020-05-01,2020,5,35-44,Females,Labour force total,1322.15
2020-05-01,2020,5,35-44,Persons,Participation rate,82.98
2020-05-01,2020,5,35-44,Males,Participation rate,90.17
2020-05-01,2020,5,35-44,Females,Participation rate,75.95
2020-05-01,2020,5,45-54,Persons,Employed total,2554.3
2020-05-01,2020,5,45-54,Males,Employed total,1331.16
2020-05-01,2020,5,45-54,Females,Employed total,1223.13
2020-05-01,2020,5,45-54,Persons,Employment to population ratio,78.8
2020-05-01,2020,5,45-54,Males,Employment to population ratio,83.47
2020-05-01,2020,5,45-54,Females,Employment to population ratio,74.28
2020-05-01,2020,5,45-54,Persons,Unemployed total,133.37
2020-05-01,2020,5,45-54,Males,Unemployed total,67.48
2020-05-01,2020,5,45-54,Females,Unemployed total,65.9
2020-05-01,2020,5,45-54,Persons,Unemployment rate,4.96
2020-05-01,2020,5,45-54,Males,Unemployment rate,4.82
2020-05-01,2020,5,45-54,Females,Unemployment rate,5.11
2020-05-01,2020,5,45-54,Persons,Labour force total,2687.67
2020-05-01,2020,5,45-54,Males,Labour force total,1398.64
2020-05-01,2020,5,45-54,Females,Labour force total,1289.03
2020-05-01,2020,5,45-54,Persons,Participation rate,82.92
2020-05-01,2020,5,45-54,Males,Participation rate,87.7
2020-05-01,2020,5,45-54,Females,Participation rate,78.29
2020-06-01,2020,6,35-44,Persons,Employed total,2747.7
2020-06-01,2020,6,35-44,Males,Employed total,1464.42
2020-06-01,2020,6,35-44,Females,Employed total,1283.29
2020-06-01,2020,6,35-44,Persons,Employment to population ratio,79.69
2020-06-01,2020,6,35-44,Males,Employment to population ratio,85.89
2020-06-01,2020,6,35-44,Females,Employment to population ratio,73.62
2020-06-01,2020,6,35-44,Persons,Unemployed total,149.78
2020-06-01,2020,6,35-44,Males,Unemployed total,79.67
2020-06-01,2020,6,35-44,Females,Unemployed total,70.11
2020-06-01,2020,6,35-44,Persons,Unemployment rate,5.17
2020-06-01,2020,6,35-44,Males,Unemployment rate,5.16
2020-06-01,2020,6,35-44,Females,Unemployment rate,5.18
2020-06-01,2020,6,35-44,Persons,Labour force total,2897.48
2020-06-01,2020,6,35-44,Males,Labour force total,1544.09
2020-06-01,2020,6,35-44,Females,Labour force total,1353.39
2020-06-01,2020,6,35-44,Persons,Participation rate,84.03
2020-06-01,2020,6,35-44,Males,Participation rate,90.57
2020-06-01,2020,6,35-44,Females,Participation rate,77.64
2020-06-01,2020,6,45-54,Persons,Employed total,2572.67
2020-06-01,2020,6,45-54,Males,Employed total,1343.89
2020-06-01,2020,6,45-54,Females,Employed total,1228.79
2020-06-01,2020,6,45-54,Persons,Employment to population ratio,79.34
2020-06-01,2020,6,45-54,Males,Employment to population ratio,84.23
2020-06-01,2020,6,45-54,Females,Employment to population ratio,74.61
2020-06-01,2020,6,45-54,Persons,Unemployed total,134.25
2020-06-01,2020,6,45-54,Males,Unemployed total,67.61
2020-06-01,2020,6,45-54,Females,Unemployed total,66.63
2020-06-01,2020,6,45-54,Persons,Unemployment rate,4.96
2020-06-01,2020,6,45-54,Males,Unemployment rate,4.79
2020-06-01,2020,6,45-54,Females,Unemployment rate,5.14
2020-06-01,2020,6,45-54,Persons,Labour force total,2706.92
2020-06-01,2020,6,45-54,Males,Labour force total,1411.5
2020-06-01,2020,6,45-54,Females,Labour force total,1295.42
2020-06-01,2020,6,45-54,Persons,Participation rate,83.48
2020-06-01,2020,6,45-54,Males,Participation rate,88.46
2020-06-01,2020,6,45-54,Females,Participation rate,78.66
2020-07-01,2020,7,35-44,Persons,Employed total,2750.83
2020-07-01,2020,7,35-44,Males,Employed total,1462.63
2020-07-01,2020,7,35-44,Females,Employed total,1288.2
2020-07-01,2020,7,35-44,Persons,Employment to population ratio,79.69
2020-07-01,2020,7,35-44,Males,Employment to population ratio,85.7
2020-07-01,2020,7,35-44,Females,Employment to population ratio,73.8
2020-07-01,2020,7,35-44,Persons,Unemployed total,153.78
2020-07-01,2020,7,35-44,Males,Unemployed total,77.48
2020-07-01,2020,7,35-44,Females,Unemployed total,76.29
2020-07-01,2020,7,35-44,Persons,Unemployment rate,5.29
2020-07-01,2020,7,35-44,Males,Unemployment rate,5.03
2020-07-01,2020,7,35-44,Females,Unemployment rate,5.59
2020-07-01,2020,7,35-44,Persons,Labour force total,2904.61
2020-07-01,2020,7,35-44,Males,Labour force total,1540.11
2020-07-01,2020,7,35-44,Females,Labour force total,1364.49
2020-07-01,2020,7,35-44,Persons,Participation rate,84.14
2020-07-01,2020,7,35-44,Males,Participation rate,90.24
2020-07-01,2020,7,35-44,Females,Participation rate,78.18
2020-07-01,2020,7,45-54,Persons,Employed total,2574.17
2020-07-01,2020,7,45-54,Males,Employed total,1339.25
2020-07-01,2020,7,45-54,Females,Employed total,1234.93
2020-07-01,2020,7,45-54,Persons,Employment to population ratio,79.38
2020-07-01,2020,7,45-54,Males,Employment to population ratio,83.91
2020-07-01,2020,7,45-54,Females,Employment to population ratio,74.99
2020-07-01,2020,7,45-54,Persons,Unemployed total,139.29
2020-07-01,2020,7,45-54,Males,Unemployed total,67.7
2020-07-01,2020,7,45-54,Females,Unemployed total,71.59
2020-07-01,2020,7,45-54,Persons,Unemployment rate,5.13
2020-07-01,2020,7,45-54,Males,Unemployment rate,4.81
2020-07-01,2020,7,45-54,Females,Unemployment rate,5.48
2020-07-01,2020,7,45-54,Persons,Labour force total,2713.46
2020-07-01,2020,7,45-54,Males,Labour force total,1406.95
2020-07-01,2020,7,45-54,Females,Labour force total,1306.51
2020-07-01,2020,7,45-54,Persons,Participation rate,83.67
2020-07-01,2020,7,45-54,Males,Participation rate,88.15
2020-07-01,2020,7,45-54,Females,Participation rate,79.34
2020-08-01,2020,8,35-44,Persons,Employed total,2784.53
2020-08-01,2020,8,35-44,Males,Employed total,1474.89
2020-08-01,2020,8,35-44,Females,Employed total,1309.64
2020-08-01,2020,8,35-44,Persons,Employment to population ratio,80.57
2020-08-01,2020,8,35-44,Males,Employment to population ratio,86.33
2020-08-01,2020,8,35-44,Females,Employment to population ratio,74.94
2020-08-01,2020,8,35-44,Persons,Unemployed total,143.29
2020-08-01,2020,8,35-44,Males,Unemployed total,72.06
2020-08-01,2020,8,35-44,Females,Unemployed total,71.24
2020-08-01,2020,8,35-44,Persons,Unemployment rate,4.89
2020-08-01,2020,8,35-44,Males,Unemployment rate,4.66
2020-08-01,2020,8,35-44,Females,Unemployment rate,5.16
2020-08-01,2020,8,35-44,Persons,Labour force total,2927.82
2020-08-01,2020,8,35-44,Males,Labour force total,1546.95
2020-08-01,2020,8,35-44,Females,Labour force total,1380.87
2020-08-01,2020,8,35-44,Persons,Participation rate,84.71
2020-08-01,2020,8,35-44,Males,Participation rate,90.54
2020-08-01,2020,8,35-44,Females,Participation rate,79.02
2020-08-01,2020,8,45-54,Persons,Employed total,2592.59
2020-08-01,2020,8,45-54,Males,Employed total,1347.52
2020-08-01,2020,8,45-54,Females,Employed total,1245.07
2020-08-01,2020,8,45-54,Persons,Employment to population ratio,79.93
2020-08-01,2020,8,45-54,Males,Employment to population ratio,84.4
2020-08-01,2020,8,45-54,Females,Employment to population ratio,75.61
2020-08-01,2020,8,45-54,Persons,Unemployed total,135.79
2020-08-01,2020,8,45-54,Males,Unemployed total,67.86
2020-08-01,2020,8,45-54,Females,Unemployed total,67.92
2020-08-01,2020,8,45-54,Persons,Unemployment rate,4.98
2020-08-01,2020,8,45-54,Males,Unemployment rate,4.79
2020-08-01,2020,8,45-54,Females,Unemployment rate,5.17
2020-08-01,2020,8,45-54,Persons,Labour force total,2728.38
2020-08-01,2020,8,45-54,Males,Labour force total,1415.38
2020-08-01,2020,8,45-54,Females,Labour force total,1312.99
2020-08-01,2020,8,45-54,Persons,Participation rate,84.12
2020-08-01,2020,8,45-54,Males,Participation rate,88.65
2020-08-01,2020,8,45-54,Females,Participation rate,79.73
2020-09-01,2020,9,35-44,Persons,Employed total,2779.59
2020-09-01,2020,9,35-44,Males,Employed total,1475.17
2020-09-01,2020,9,35-44,Females,Employed total,1304.42
2020-09-01,2020,9,35-44,Persons,Employment to population ratio,80.33
2020-09-01,2020,9,35-44,Males,Employment to population ratio,86.25
2020-09-01,2020,9,35-44,Females,Employment to population ratio,74.55
2020-09-01,2020,9,35-44,Persons,Unemployed total,135.75
2020-09-01,2020,9,35-44,Males,Unemployed total,70.89
2020-09-01,2020,9,35-44,Females,Unemployed total,64.86
2020-09-01,2020,9,35-44,Persons,Unemployment rate,4.66
2020-09-01,2020,9,35-44,Males,Unemployment rate,4.59
2020-09-01,2020,9,35-44,Females,Unemployment rate,4.74
2020-09-01,2020,9,35-44,Persons,Labour force total,2915.34
2020-09-01,2020,9,35-44,Males,Labour force total,1546.06
2020-09-01,2020,9,35-44,Females,Labour force total,1369.28
2020-09-01,2020,9,35-44,Persons,Participation rate,84.26
2020-09-01,2020,9,35-44,Males,Participation rate,90.4
2020-09-01,2020,9,35-44,Females,Participation rate,78.25
2020-09-01,2020,9,45-54,Persons,Employed total,2595.15
2020-09-01,2020,9,45-54,Males,Employed total,1340.56
2020-09-01,2020,9,45-54,Females,Employed total,1254.6
2020-09-01,2020,9,45-54,Persons,Employment to population ratio,80.0
2020-09-01,2020,9,45-54,Males,Employment to population ratio,83.94
2020-09-01,2020,9,45-54,Females,Employment to population ratio,76.18
2020-09-01,2020,9,45-54,Persons,Unemployed total,132.64
2020-09-01,2020,9,45-54,Males,Unemployed total,65.55
2020-09-01,2020,9,45-54,Females,Unemployed total,67.09
2020-09-01,2020,9,45-54,Persons,Unemployment rate,4.86
2020-09-01,2020,9,45-54,Males,Unemployment rate,4.66
2020-09-01,2020,9,45-54,Females,Unemployment rate,5.08
2020-09-01,2020,9,45-54,Persons,Labour force total,2727.8
2020-09-01,2020,9,45-54,Males,Labour force total,1406.11
2020-09-01,2020,9,45-54,Females,Labour force total,1321.69
2020-09-01,2020,9,45-54,Persons,Participation rate,84.09
2020-09-01,2020,9,45-54,Males,Participation rate,88.04
2020-09-01,2020,9,45-54,Females,Participation rate,80.26
2020-10-01,2020,10,35-44,Persons,Employed total,2820.03
2020-10-01,2020,10,35-44,Males,Employed total,1495.6
2020-10-01,2020,10,35-44,Females,Employed total,1324.43
2020-10-01,2020,10,35-44,Persons,Employment to population ratio,81.38
2020-10-01,2020,10,35-44,Males,Employment to population ratio,87.33
2020-10-01,2020,10,35-44,Females,Employment to population ratio,75.57
2020-10-01,2020,10,35-44,Persons,Unemployed total,126.28
2020-10-01,2020,10,35-44,Males,Unemployed total,63.66
2020-10-01,2020,10,35-44,Females,Unemployed total,62.62
2020-10-01,2020,10,35-44,Persons,Unemployment rate,4.29
2020-10-01,2020,10,35-44,Males,Unemployment rate,4.08
2020-10-01,2020,10,35-44,Females,Unemployment rate,4.51
2020-10-01,2020,10,35-44,Persons,Labour force total,2946.31
2020-10-01,2020,10,35-44,Males,Labour force total,1559.26
2020-10-01,2020,10,35-44,Females,Labour force total,1387.04
2020-10-01,2020,10,35-44,Persons,Participation rate,85.03
2020-10-01,2020,10,35-44,Males,Participation rate,91.05
2020-10-01,2020,10,35-44,Females,Participation rate,79.15
2020-10-01,2020,10,45-54,Persons,Employed total,2608.85
2020-10-01,2020,10,45-54,Males,Employed total,1354.11
2020-10-01,2020,10,45-54,Females,Employed total,1254.74
2020-10-01,2020,10,45-54,Persons,Employment to population ratio,80.4
2020-10-01,2020,10,45-54,Males,Employment to population ratio,84.74
2020-10-01,2020,10,45-54,Females,Employment to population ratio,76.19
2020-10-01,2020,10,45-54,Persons,Unemployed total,129.63
2020-10-01,2020,10,45-54,Males,Unemployed total,59.6
2020-10-01,2020,10,45-54,Females,Unemployed total,70.02
2020-10-01,2020,10,45-54,Persons,Unemployment rate,4.73
2020-10-01,2020,10,45-54,Males,Unemployment rate,4.22
2020-10-01,2020,10,45-54,Females,Unemployment rate,5.29
2020-10-01,2020,10,45-54,Persons,Labour force total,2738.48
2020-10-01,2020,10,45-54,Males,Labour force total,1413.71
2020-10-01,2020,10,45-54,Females,Labour force total,1324.76
2020-10-01,2020,10,45-54,Persons,Participation rate,84.4
2020-10-01,2020,10,45-54,Males,Participation rate,88.47
2020-10-01,2020,10,45-54,Females,Participation rate,80.44
2020-11-01,2020,11,35-44,Persons,Employed total,2840.43
2020-11-01,2020,11,35-44,Males,Employed total,1508.4
2020-11-01,2020,11,35-44,Females,Employed total,1332.03
2020-11-01,2020,11,35-44,Persons,Employment to population ratio,81.86
2020-11-01,2020,11,35-44,Males,Employment to population ratio,87.96
2020-11-01,2020,11,35-44,Females,Employment to population ratio,75.89
2020-11-01,2020,11,35-44,Persons,Unemployed total,132.63
2020-11-01,2020,11,35-44,Males,Unemployed total,60.44
2020-11-01,2020,11,35-44,Females,Unemployed total,72.19
2020-11-01,2020,11,35-44,Persons,Unemployment rate,4.46
2020-11-01,2020,11,35-44,Males,Unemployment rate,3.85
2020-11-01,2020,11,35-44,Females,Unemployment rate,5.14
2020-11-01,2020,11,35-44,Persons,Labour force total,2973.06
2020-11-01,2020,11,35-44,Males,Labour force total,1568.84
2020-11-01,2020,11,35-44,Females,Labour force total,1404.22
2020-11-01,2020,11,35-44,Persons,Participation rate,85.68
2020-11-01,2020,11,35-44,Males,Participation rate,91.48
2020-11-01,2020,11,35-44,Females,Participation rate,80.0
2020-11-01,2020,11,45-54,Persons,Employed total,2628.89
2020-11-01,2020,11,45-54,Males,Employed total,1362.19
2020-11-01,2020,11,45-54,Females,Employed total,1266.7
2020-11-01,2020,11,45-54,Persons,Employment to population ratio,81.0
2020-11-01,2020,11,45-54,Males,Employment to population ratio,85.21
2020-11-01,2020,11,45-54,Females,Employment to population ratio,76.91
2020-11-01,2020,11,45-54,Persons,Unemployed total,120.6
2020-11-01,2020,11,45-54,Males,Unemployed total,59.27
2020-11-01,2020,11,45-54,Females,Unemployed total,61.33
2020-11-01,2020,11,45-54,Persons,Unemployment rate,4.39
2020-11-01,2020,11,45-54,Males,Unemployment rate,4.17
2020-11-01,2020,11,45-54,Females,Unemployment rate,4.62
2020-11-01,2020,11,45-54,Persons,Labour force total,2749.49
2020-11-01,2020,11,45-54,Males,Labour force total,1421.46
2020-11-01,2020,11,45-54,Females,Labour force total,1328.03
2020-11-01,2020,11,45-54,Persons,Participation rate,84.71
2020-11-01,2020,11,45-54,Males,Participation rate,88.92
2020-11-01,2020,11,45-54,Females,Participation rate,80.63
2020-12-01,2020,12,35-44,Persons,Employed total,2868.48
2020-12-01,2020,12,35-44,Males,Employed total,1513.98
2020-12-01,2020,12,35-44,Females,Employed total,1354.5
2020-12-01,2020,12,35-44,Persons,Employment to population ratio,82.55
2020-12-01,2020,12,35-44,Males,Employment to population ratio,88.17
2020-12-01,2020,12,35-44,Females,Employment to population ratio,77.05
2020-12-01,2020,12,35-44,Persons,Unemployed total,115.57
2020-12-01,2020,12,35-44,Males,Unemployed total,56.68
2020-12-01,2020,12,35-44,Females,Unemployed total,58.89
2020-12-01,2020,12,35-44,Persons,Unemployment rate,3.87
2020-12-01,2020,12,35-44,Males,Unemployment rate,3.61
2020-12-01,2020,12,35-44,Females,Unemployment rate,4.17
2020-12-01,2020,12,35-44,Persons,Labour force total,2984.04
2020-12-01,2020,12,35-44,Males,Labour force total,1570.65
2020-12-01,2020,12,35-44,Females,Labour force total,1413.39
2020-12-01,2020,12,35-44,Persons,Participation rate,85.87
2020-12-01,2020,12,35-44,Males,Participation rate,91.47
2020-12-01,2020,12,35-44,Females,Participation rate,80.4
2020-12-01,2020,12,45-54,Persons,Employed total,2622.79
2020-12-01,2020,12,45-54,Males,Employed total,1347.62
2020-12-01,2020,12,45-54,Females,Employed total,1275.17
2020-12-01,2020,12,45-54,Persons,Employment to population ratio,80.79
2020-12-01,2020,12,45-54,Males,Employment to population ratio,84.26
2020-12-01,2020,12,45-54,Females,Employment to population ratio,77.42
2020-12-01,2020,12,45-54,Persons,Unemployed total,129.48
2020-12-01,2020,12,45-54,Males,Unemployed total,66.0
2020-12-01,2020,12,45-54,Females,Unemployed total,63.47
2020-12-01,2020,12,45-54,Persons,Unemployment rate,4.7
2020-12-01,2020,12,45-54,Males,Unemployment rate,4.67
2020-12-01,2020,12,45-54,Females,Unemployment rate,4.74
2020-12-01,2020,12,45-54,Persons,Labour force total,2752.27
2020-12-01,2020,12,45-54,Males,Labour force total,1413.63
2020-12-01,2020,12,45-54,Females,Labour force total,1338.64
2020-12-01,2020,12,45-54,Persons,Participation rate,84.78
2020-12-01,2020,12,45-54,Males,Participation rate,88.39
2020-12-01,2020,12,45-54,Females,Participation rate,81.27
2021-01-01,2021,1,35-44,Persons,Employed total,2823.36
2021-01-01,2021,1,35-44,Males,Employed total,1502.16
2021-01-01,2021,1,35-44,Females,Employed total,1321.2
2021-01-01,2021,1,35-44,Persons,Employment to population ratio,81.13
2021-01-01,2021,1,35-44,Males,Employment to population ratio,87.36
2021-01-01,2021,1,35-44,Females,Employment to population ratio,75.04
2021-01-01,2021,1,35-44,Persons,Unemployed total,128.49
2021-01-01,2021,1,35-44,Males,Unemployed total,59.46
2021-01-01,2021,1,35-44,Females,Unemployed total,69.03
2021-01-01,2021,1,35-44,Persons,Unemployment rate,4.35
2021-01-01,2021,1,35-44,Males,Unemployment rate,3.81
2021-01-01,2021,1,35-44,Females,Unemployment rate,4.97
2021-01-01,2021,1,35-44,Persons,Labour force total,2951.85
2021-01-01,2021,1,35-44,Males,Labour force total,1561.62
2021-01-01,2021,1,35-44,Females,Labour force total,1390.23
2021-01-01,2021,1,35-44,Persons,Participation rate,84.82
2021-01-01,2021,1,35-44,Males,Participation rate,90.82
2021-01-01,2021,1,35-44,Females,Participation rate,78.96
2021-01-01,2021,1,45-54,Persons,Employed total,2573.24
2021-01-01,2021,1,45-54,Males,Employed total,1336.17
2021-01-01,2021,1,45-54,Females,Employed total,1237.07
2021-01-01,2021,1,45-54,Persons,Employment to population ratio,79.24
2021-01-01,2021,1,45-54,Males,Employment to population ratio,83.5
2021-01-01,2021,1,45-54,Females,Employment to population ratio,75.1
2021-01-01,2021,1,45-54,Persons,Unemployed total,126.85
2021-01-01,2021,1,45-54,Males,Unemployed total,63.23
2021-01-01,2021,1,45-54,Females,Unemployed total,63.61
2021-01-01,2021,1,45-54,Persons,Unemployment rate,4.7
2021-01-01,2021,1,45-54,Males,Unemployment rate,4.52
2021-01-01,2021,1,45-54,Females,Unemployment rate,4.89
2021-01-01,2021,1,45-54,Persons,Labour force total,2700.09
2021-01-01,2021,1,45-54,Males,Labour force total,1399.4
2021-01-01,2021,1,45-54,Females,Labour force total,1300.69
2021-01-01,2021,1,45-54,Persons,Participation rate,83.15
2021-01-01,2021,1,45-54,Males,Participation rate,87.46
2021-01-01,2021,1,45-54,Females,Participation rate,78.96
2021-02-01,2021,2,35-44,Persons,Employed total,2881.27
2021-02-01,2021,2,35-44,Males,Employed total,1523.95
2021-02-01,2021,2,35-44,Females,Employed total,1357.32
2021-02-01,2021,2,35-44,Persons,Employment to population ratio,82.67
2021-02-01,2021,2,35-44,Males,Employment to population ratio,88.51
2021-02-01,2021,2,35-44,Females,Employment to population ratio,76.97
2021-02-01,2021,2,35-44,Persons,Unemployed total,129.54
2021-02-01,2021,2,35-44,Males,Unemployed total,61.31
2021-02-01,2021,2,35-44,Females,Unemployed total,68.23
2021-02-01,2021,2,35-44,Persons,Unemployment rate,4.3
2021-02-01,2021,2,35-44,Males,Unemployment rate,3.87
2021-02-01,2021,2,35-44,Females,Unemployment rate,4.79
2021-02-01,2021,2,35-44,Persons,Labour force total,3010.81
2021-02-01,2021,2,35-44,Males,Labour force total,1585.26
2021-02-01,2021,2,35-44,Females,Labour force total,1425.54
2021-02-01,2021,2,35-44,Persons,Participation rate,86.39
2021-02-01,2021,2,35-44,Males,Participation rate,92.07
2021-02-01,2021,2,35-44,Females,Participation rate,80.84
2021-02-01,2021,2,45-54,Persons,Employed total,2642.14
2021-02-01,2021,2,45-54,Males,Employed total,1360.44
2021-02-01,2021,2,45-54,Females,Employed total,1281.69
2021-02-01,2021,2,45-54,Persons,Employment to population ratio,81.34
2021-02-01,2021,2,45-54,Males,Employment to population ratio,84.98
2021-02-01,2021,2,45-54,Females,Employment to population ratio,77.8
2021-02-01,2021,2,45-54,Persons,Unemployed total,127.2
2021-02-01,2021,2,45-54,Males,Unemployed total,63.73
2021-02-01,2021,2,45-54,Females,Unemployed total,63.46
2021-02-01,2021,2,45-54,Persons,Unemployment rate,4.59
2021-02-01,2021,2,45-54,Males,Unemployment rate,4.48
2021-02-01,2021,2,45-54,Females,Unemployment rate,4.72
2021-02-01,2021,2,45-54,Persons,Labour force total,2769.33
2021-02-01,2021,2,45-54,Males,Labour force total,1424.18
2021-02-01,2021,2,45-54,Females,Labour force total,1345.16
2021-02-01,2021,2,45-54,Persons,Participation rate,85.26
2021-02-01,2021,2,45-54,Males,Participation rate,88.96
2021-02-01,2021,2,45-54,Females,Participation rate,81.65
2021-03-01,2021,3,35-44,Persons,Employed total,2884.27
2021-03-01,2021,3,35-44,Males,Employed total,1521.67
2021-03-01,2021,3,35-44,Females,Employed total,1362.6
2021-03-01,2021,3,35-44,Persons,Employment to population ratio,82.64
2021-03-01,2021,3,35-44,Males,Employment to population ratio,88.26
2021-03-01,2021,3,35-44,Females,Employment to population ratio,77.15
2021-03-01,2021,3,35-44,Persons,Unemployed total,135.5
2021-03-01,2021,3,35-44,Males,Unemployed total,68.8
2021-03-01,2021,3,35-44,Females,Unemployed total,66.7
2021-03-01,2021,3,35-44,Persons,Unemployment rate,4.49
2021-03-01,2021,3,35-44,Males,Unemployment rate,4.33
2021-03-01,2021,3,35-44,Females,Unemployment rate,4.67
2021-03-01,2021,3,35-44,Persons,Labour force total,3019.77
2021-03-01,2021,3,35-44,Males,Labour force total,1590.47
2021-03-01,2021,3,35-44,Females,Labour force total,1429.3
2021-03-01,2021,3,35-44,Persons,Participation rate,86.52
2021-03-01,2021,3,35-44,Males,Participation rate,92.25
2021-03-01,2021,3,35-44,Females,Participation rate,80.93
2021-03-01,2021,3,45-54,Persons,Employed total,2645.94
2021-03-01,2021,3,45-54,Males,Employed total,1360.29
2021-03-01,2021,3,45-54,Females,Employed total,1285.66
2021-03-01,2021,3,45-54,Persons,Employment to population ratio,81.43
2021-03-01,2021,3,45-54,Males,Employment to population ratio,84.93
2021-03-01,2021,3,45-54,Females,Employment to population ratio,78.04
2021-03-01,2021,3,45-54,Persons,Unemployed total,114.54
2021-03-01,2021,3,45-54,Males,Unemployed total,60.82
2021-03-01,2021,3,45-54,Females,Unemployed total,53.72
2021-03-01,2021,3,45-54,Persons,Unemployment rate,4.15
2021-03-01,2021,3,45-54,Males,Unemployment rate,4.28
2021-03-01,2021,3,45-54,Females,Unemployment rate,4.01
2021-03-01,2021,3,45-54,Persons,Labour force total,2760.49
2021-03-01,2021,3,45-54,Males,Labour force total,1421.1
2021-03-01,2021,3,45-54,Females,Labour force total,1339.38
2021-03-01,2021,3,45-54,Persons,Participation rate,84.96
2021-03-01,2021,3,45-54,Males,Participation rate,88.73
2021-03-01,2021,3,45-54,Females,Participation rate,81.3
2021-04-01,2021,4,35-44,Persons,Employed total,2886.48
2021-04-01,2021,4,35-44,Males,Employed total,1527.7
2021-04-01,2021,4,35-44,Females,Employed total,1358.78
2021-04-01,2021,4,35-44,Persons,Employment to population ratio,82.56
2021-04-01,2021,4,35-44,Males,Employment to population ratio,88.46
2021-04-01,2021,4,35-44,Females,Employment to population ratio,76.81
2021-04-01,2021,4,35-44,Persons,Unemployed total,119.65
2021-04-01,2021,4,35-44,Males,Unemployed total,56.98
2021-04-01,2021,4,35-44,Females,Unemployed total,62.67
2021-04-01,2021,4,35-44,Persons,Unemployment rate,3.98
2021-04-01,2021,4,35-44,Males,Unemployment rate,3.6
2021-04-01,2021,4,35-44,Females,Unemployment rate,4.41
2021-04-01,2021,4,35-44,Persons,Labour force total,3006.13
2021-04-01,2021,4,35-44,Males,Labour force total,1584.68
2021-04-01,2021,4,35-44,Females,Labour force total,1421.45
2021-04-01,2021,4,35-44,Persons,Participation rate,85.99
2021-04-01,2021,4,35-44,Males,Participation rate,91.76
2021-04-01,2021,4,35-44,Females,Participation rate,80.35
2021-04-01,2021,4,45-54,Persons,Employed total,2623.09
2021-04-01,2021,4,45-54,Males,Employed total,1362.49
2021-04-01,2021,4,45-54,Females,Employed total,1260.6
2021-04-01,2021,4,45-54,Persons,Employment to population ratio,80.7
2021-04-01,2021,4,45-54,Males,Employment to population ratio,85.02
2021-04-01,2021,4,45-54,Females,Employment to population ratio,76.5
2021-04-01,2021,4,45-54,Persons,Unemployed total,116.43
2021-04-01,2021,4,45-54,Males,Unemployed total,60.25
2021-04-01,2021,4,45-54,Females,Unemployed total,56.18
2021-04-01,2021,4,45-54,Persons,Unemployment rate,4.25
2021-04-01,2021,4,45-54,Males,Unemployment rate,4.23
2021-04-01,2021,4,45-54,Females,Unemployment rate,4.27
2021-04-01,2021,4,45-54,Persons,Labour force total,2739.52
2021-04-01,2021,4,45-54,Males,Labour force total,1422.74
2021-04-01,2021,4,45-54,Females,Labour force total,1316.79
2021-04-01,2021,4,45-54,Persons,Participation rate,84.28
2021-04-01,2021,4,45-54,Males,Participation rate,88.78
2021-04-01,2021,4,45-54,Females,Participation rate,79.91
2021-05-01,2021,5,35-44,Persons,Employed total,2925.94
2021-05-01,2021,5,35-44,Males,Employed total,1541.1
2021-05-01,2021,5,35-44,Females,Employed total,1384.84
2021-05-01,2021,5,35-44,Persons,Employment to population ratio,83.55
2021-05-01,2021,5,35-44,Males,Employment to population ratio,89.09
2021-05-01,2021,5,35-44,Females,Employment to population ratio,78.15
2021-05-01,2021,5,35-44,Persons,Unemployed total,110.84
2021-05-01,2021,5,35-44,Males,Unemployed total,54.33
2021-05-01,2021,5,35-44,Females,Unemployed total,56.51
2021-05-01,2021,5,35-44,Persons,Unemployment rate,3.65
2021-05-01,2021,5,35-44,Males,Unemployment rate,3.41
2021-05-01,2021,5,35-44,Females,Unemployment rate,3.92
2021-05-01,2021,5,35-44,Persons,Labour force total,3036.78
2021-05-01,2021,5,35-44,Males,Labour force total,1595.42
2021-05-01,2021,5,35-44,Females,Labour force total,1441.35
2021-05-01,2021,5,35-44,Persons,Participation rate,86.72
2021-05-01,2021,5,35-44,Males,Participation rate,92.23
2021-05-01,2021,5,35-44,Females,Participation rate,81.34
2021-05-01,2021,5,45-54,Persons,Employed total,2642.45
2021-05-01,2021,5,45-54,Males,Employed total,1362.09
2021-05-01,2021,5,45-54,Females,Employed total,1280.36
2021-05-01,2021,5,45-54,Persons,Employment to population ratio,81.26
2021-05-01,2021,5,45-54,Males,Employment to population ratio,84.95
2021-05-01,2021,5,45-54,Females,Employment to population ratio,77.68
2021-05-01,2021,5,45-54,Persons,Unemployed total,109.08
2021-05-01,2021,5,45-54,Males,Unemployed total,50.72
2021-05-01,2021,5,45-54,Females,Unemployed total,58.36
2021-05-01,2021,5,45-54,Persons,Unemployment rate,3.96
2021-05-01,2021,5,45-54,Males,Unemployment rate,3.59
2021-05-01,2021,5,45-54,Females,Unemployment rate,4.36
2021-05-01,2021,5,45-54,Persons,Labour force total,2751.53
2021-05-01,2021,5,45-54,Males,Labour force total,1412.8
2021-05-01,2021,5,45-54,Females,Labour force total,1338.72
2021-05-01,2021,5,45-54,Persons,Participation rate,84.62
2021-05-01,2021,5,45-54,Males,Participation rate,88.11
2021-05-01,2021,5,45-54,Females,Participation rate,81.22
2021-06-01,2021,6,35-44,Persons,Employed total,2924.44
2021-06-01,2021,6,35-44,Males,Employed total,1538.55
2021-06-01,2021,6,35-44,Females,Employed total,1385.88
2021-06-01,2021,6,35-44,Persons,Employment to population ratio,83.37
2021-06-01,2021,6,35-44,Males,Employment to population ratio,88.79
2021-06-01,2021,6,35-44,Females,Employment to population ratio,78.08
2021-06-01,2021,6,35-44,Persons,Unemployed total,115.63
2021-06-01,2021,6,35-44,Males,Unemployed total,52.7
2021-06-01,2021,6,35-44,Females,Unemployed total,62.92
2021-06-01,2021,6,35-44,Persons,Unemployment rate,3.8
2021-06-01,2021,6,35-44,Males,Unemployment rate,3.31
2021-06-01,2021,6,35-44,Females,Unemployment rate,4.34
2021-06-01,2021,6,35-44,Persons,Labour force total,3040.06
2021-06-01,2021,6,35-44,Males,Labour force total,1591.26
2021-06-01,2021,6,35-44,Females,Labour force total,1448.81
2021-06-01,2021,6,35-44,Persons,Participation rate,86.67
2021-06-01,2021,6,35-44,Males,Participation rate,91.84
2021-06-01,2021,6,35-44,Females,Participation rate,81.63
2021-06-01,2021,6,45-54,Persons,Employed total,2646.69
2021-06-01,2021,6,45-54,Males,Employed total,1364.26
2021-06-01,2021,6,45-54,Females,Employed total,1282.44
2021-06-01,2021,6,45-54,Persons,Employment to population ratio,81.36
2021-06-01,2021,6,45-54,Males,Employment to population ratio,85.04
2021-06-01,2021,6,45-54,Females,Employment to population ratio,77.79
2021-06-01,2021,6,45-54,Persons,Unemployed total,96.65
2021-06-01,2021,6,45-54,Males,Unemployed total,47.92
2021-06-01,2021,6,45-54,Females,Unemployed total,48.73
2021-06-01,2021,6,45-54,Persons,Unemployment rate,3.52
2021-06-01,2021,6,45-54,Males,Unemployment rate,3.39
2021-06-01,2021,6,45-54,Females,Unemployment rate,3.66
2021-06-01,2021,6,45-54,Persons,Labour force total,2743.34
2021-06-01,2021,6,45-54,Males,Labour force total,1412.17
2021-06-01,2021,6,45-54,Females,Labour force total,1331.17
2021-06-01,2021,6,45-54,Persons,Participation rate,84.33
2021-06-01,2021,6,45-54,Males,Participation rate,88.03
2021-06-01,2021,6,45-54,Females,Participation rate,80.74
2021-07-01,2021,7,35-44,Persons,Employed total,2927.15
2021-07-01,2021,7,35-44,Males,Employed total,1546.23
2021-07-01,2021,7,35-44,Females,Employed total,1380.92
2021-07-01,2021,7,35-44,Persons,Employment to population ratio,83.34
2021-07-01,2021,7,35-44,Males,Employment to population ratio,89.11
2021-07-01,2021,7,35-44,Females,Employment to population ratio,77.7
2021-07-01,2021,7,35-44,Persons,Unemployed total,98.88
2021-07-01,2021,7,35-44,Males,Unemployed total,46.4
2021-07-01,2021,7,35-44,Females,Unemployed total,52.48
2021-07-01,2021,7,35-44,Persons,Unemployment rate,3.27
2021-07-01,2021,7,35-44,Males,Unemployment rate,2.91
2021-07-01,2021,7,35-44,Females,Unemployment rate,3.66
2021-07-01,2021,7,35-44,Persons,Labour force total,3026.04
2021-07-01,2021,7,35-44,Males,Labour force total,1592.63
2021-07-01,2021,7,35-44,Females,Labour force total,1433.41
2021-07-01,2021,7,35-44,Persons,Participation rate,86.15
2021-07-01,2021,7,35-44,Males,Participation rate,91.79
2021-07-01,2021,7,35-44,Females,Participation rate,80.65
2021-07-01,2021,7,45-54,Persons,Employed total,2653.81
2021-07-01,2021,7,45-54,Males,Employed total,1369.02
2021-07-01,2021,7,45-54,Females,Employed total,1284.79
2021-07-01,2021,7,45-54,Persons,Employment to population ratio,81.57
2021-07-01,2021,7,45-54,Males,Employment to population ratio,85.32
2021-07-01,2021,7,45-54,Females,Employment to population ratio,77.91
2021-07-01,2021,7,45-54,Persons,Unemployed total,96.98
2021-07-01,2021,7,45-54,Males,Unemployed total,44.96
2021-07-01,2021,7,45-54,Females,Unemployed total,52.02
2021-07-01,2021,7,45-54,Persons,Unemployment rate,3.53
2021-07-01,2021,7,45-54,Males,Unemployment rate,3.18
2021-07-01,2021,7,45-54,Females,Unemployment rate,3.89
2021-07-01,2021,7,45-54,Persons,Labour force total,2750.79
2021-07-01,2021,7,45-54,Males,Labour force total,1413.97
2021-07-01,2021,7,45-54,Females,Labour force total,1336.81
2021-07-01,2021,7,45-54,Persons,Participation rate,84.55
2021-07-01,2021,7,45-54,Males,Participation rate,88.12
2021-07-01,2021,7,45-54,Females,Participation rate,81.07
2021-08-01,2021,8,35-44,Persons,Employed total,2893.37
2021-08-01,2021,8,35-44,Males,Employed total,1526.69
2021-08-01,2021,8,35-44,Females,Employed total,1366.68
2021-08-01,2021,8,35-44,Persons,Employment to population ratio,82.26
2021-08-01,2021,8,35-44,Males,Employment to population ratio,87.86
2021-08-01,2021,8,35-44,Females,Employment to population ratio,76.79
2021-08-01,2021,8,35-44,Persons,Unemployed total,109.37
2021-08-01,2021,8,35-44,Males,Unemployed total,55.44
2021-08-01,2021,8,35-44,Females,Unemployed total,53.93
2021-08-01,2021,8,35-44,Persons,Unemployment rate,3.64
2021-08-01,2021,8,35-44,Males,Unemployment rate,3.5
2021-08-01,2021,8,35-44,Females,Unemployment rate,3.8
2021-08-01,2021,8,35-44,Persons,Labour force total,3002.74
2021-08-01,2021,8,35-44,Males,Labour force total,1582.13
2021-08-01,2021,8,35-44,Females,Labour force total,1420.61
2021-08-01,2021,8,35-44,Persons,Participation rate,85.37
2021-08-01,2021,8,35-44,Males,Participation rate,91.05
2021-08-01,2021,8,35-44,Females,Participation rate,79.83
2021-08-01,2021,8,45-54,Persons,Employed total,2652.98
2021-08-01,2021,8,45-54,Males,Employed total,1374.56
2021-08-01,2021,8,45-54,Females,Employed total,1278.42
2021-08-01,2021,8,45-54,Persons,Employment to population ratio,81.53
2021-08-01,2021,8,45-54,Males,Employment to population ratio,85.65
2021-08-01,2021,8,45-54,Females,Employment to population ratio,77.51
2021-08-01,2021,8,45-54,Persons,Unemployed total,86.56
2021-08-01,2021,8,45-54,Males,Unemployed total,45.16
2021-08-01,2021,8,45-54,Females,Unemployed total,41.4
2021-08-01,2021,8,45-54,Persons,Unemployment rate,3.16
2021-08-01,2021,8,45-54,Males,Unemployment rate,3.18
2021-08-01,2021,8,45-54,Females,Unemployment rate,3.14
2021-08-01,2021,8,45-54,Persons,Labour force total,2739.53
2021-08-01,2021,8,45-54,Males,Labour force total,1419.72
2021-08-01,2021,8,45-54,Females,Labour force total,1319.82
2021-08-01,2021,8,45-54,Persons,Participation rate,84.19
2021-08-01,2021,8,45-54,Males,Participation rate,88.47
2021-08-01,2021,8,45-54,Females,Participation rate,80.02
2021-09-01,2021,9,35-44,Persons,Employed total,2899.7
2021-09-01,2021,9,35-44,Males,Employed total,1527.81
2021-09-01,2021,9,35-44,Females,Employed total,1371.89
2021-09-01,2021,9,35-44,Persons,Employment to population ratio,82.33
2021-09-01,2021,9,35-44,Males,Employment to population ratio,87.8
2021-09-01,2021,9,35-44,Females,Employment to population ratio,76.98
2021-09-01,2021,9,35-44,Persons,Unemployed total,97.23
2021-09-01,2021,9,35-44,Males,Unemployed total,46.61
2021-09-01,2021,9,35-44,Females,Unemployed total,50.61
2021-09-01,2021,9,35-44,Persons,Unemployment rate,3.24
2021-09-01,2021,9,35-44,Males,Unemployment rate,2.96
2021-09-01,2021,9,35-44,Females,Unemployment rate,3.56
2021-09-01,2021,9,35-44,Persons,Labour force total,2996.92
2021-09-01,2021,9,35-44,Males,Labour force total,1574.42
2021-09-01,2021,9,35-44,Females,Labour force total,1422.5
2021-09-01,2021,9,35-44,Persons,Participation rate,85.09
2021-09-01,2021,9,35-44,Males,Participation rate,90.48
2021-09-01,2021,9,35-44,Females,Participation rate,79.82
2021-09-01,2021,9,45-54,Persons,Employed total,2640.52
2021-09-01,2021,9,45-54,Males,Employed total,1369.97
2021-09-01,2021,9,45-54,Females,Employed total,1270.55
2021-09-01,2021,9,45-54,Persons,Employment to population ratio,81.13
2021-09-01,2021,9,45-54,Males,Employment to population ratio,85.35
2021-09-01,2021,9,45-54,Females,Employment to population ratio,77.02
2021-09-01,2021,9,45-54,Persons,Unemployed total,87.15
2021-09-01,2021,9,45-54,Males,Unemployed total,44.72
2021-09-01,2021,9,45-54,Females,Unemployed total,42.43
2021-09-01,2021,9,45-54,Persons,Unemployment rate,3.19
2021-09-01,2021,9,45-54,Males,Unemployment rate,3.16
2021-09-01,2021,9,45-54,Females,Unemployment rate,3.23
2021-09-01,2021,9,45-54,Persons,Labour force total,2727.67
2021-09-01,2021,9,45-54,Males,Labour force total,1414.69
2021-09-01,2021,9,45-54,Females,Labour force total,1312.98
2021-09-01,2021,9,45-54,Persons,Participation rate,83.81
2021-09-01,2021,9,45-54,Males,Participation rate,88.14
2021-09-01,2021,9,45-54,Females,Participation rate,79.59
2021-10-01,2021,10,35-44,Persons,Employed total,2904.45
2021-10-01,2021,10,35-44,Males,Employed total,1540.27
2021-10-01,2021,10,35-44,Females,Employed total,1364.18
2021-10-01,2021,10,35-44,Persons,Employment to population ratio,82.32
2021-10-01,2021,10,35-44,Males,Employment to population ratio,88.37
2021-10-01,2021,10,35-44,Females,Employment to population ratio,76.42
2021-10-01,2021,10,35-44,Persons,Unemployed total,101.49
2021-10-01,2021,10,35-44,Males,Unemployed total,43.83
2021-10-01,2021,10,35-44,Females,Unemployed total,57.66
2021-10-01,2021,10,35-44,Persons,Unemployment rate,3.38
2021-10-01,2021,10,35-44,Males,Unemployment rate,2.77
2021-10-01,2021,10,35-44,Females,Unemployment rate,4.06
2021-10-01,2021,10,35-44,Persons,Labour force total,3005.94
2021-10-01,2021,10,35-44,Males,Labour force total,1584.09
2021-10-01,2021,10,35-44,Females,Labour force total,1421.84
2021-10-01,2021,10,35-44,Persons,Participation rate,85.2
2021-10-01,2021,10,35-44,Males,Participation rate,90.88
2021-10-01,2021,10,35-44,Females,Participation rate,79.65
2021-10-01,2021,10,45-54,Persons,Employed total,2631.03
2021-10-01,2021,10,45-54,Males,Employed total,1357.98
2021-10-01,2021,10,45-54,Females,Employed total,1273.05
2021-10-01,2021,10,45-54,Persons,Employment to population ratio,80.81
2021-10-01,2021,10,45-54,Males,Employment to population ratio,84.58
2021-10-01,2021,10,45-54,Females,Employment to population ratio,77.14
2021-10-01,2021,10,45-54,Persons,Unemployed total,90.81
2021-10-01,2021,10,45-54,Males,Unemployed total,42.99
2021-10-01,2021,10,45-54,Females,Unemployed total,47.82
2021-10-01,2021,10,45-54,Persons,Unemployment rate,3.34
2021-10-01,2021,10,45-54,Males,Unemployment rate,3.07
2021-10-01,2021,10,45-54,Females,Unemployment rate,3.62
2021-10-01,2021,10,45-54,Persons,Labour force total,2721.84
2021-10-01,2021,10,45-54,Males,Labour force total,1400.97
2021-10-01,2021,10,45-54,Females,Labour force total,1320.87
2021-10-01,2021,10,45-54,Persons,Participation rate,83.6
2021-10-01,2021,10,45-54,Males,Participation rate,87.26
2021-10-01,2021,10,45-54,Females,Participation rate,80.03
2021-11-01,2021,11,35-44,Persons,Employed total,2961.13
2021-11-01,2021,11,35-44,Males,Employed total,1567.43
2021-11-01,2021,11,35-44,Females,Employed total,1393.71
2021-11-01,2021,11,35-44,Persons,Employment to population ratio,83.78
2021-11-01,2021,11,35-44,Males,Employment to population ratio,89.77
2021-11-01,2021,11,35-44,Females,Employment to population ratio,77.94
2021-11-01,2021,11,35-44,Persons,Unemployed total,90.76
2021-11-01,2021,11,35-44,Males,Unemployed total,36.76
2021-11-01,2021,11,35-44,Females,Unemployed total,54.0
2021-11-01,2021,11,35-44,Persons,Unemployment rate,2.97
2021-11-01,2021,11,35-44,Males,Unemployment rate,2.29
2021-11-01,2021,11,35-44,Females,Unemployment rate,3.73
2021-11-01,2021,11,35-44,Persons,Labour force total,3051.9
2021-11-01,2021,11,35-44,Males,Labour force total,1604.19
2021-11-01,2021,11,35-44,Females,Labour force total,1447.71
2021-11-01,2021,11,35-44,Persons,Participation rate,86.35
2021-11-01,2021,11,35-44,Males,Participation rate,91.88
2021-11-01,2021,11,35-44,Females,Participation rate,80.96
2021-11-01,2021,11,45-54,Persons,Employed total,2691.77
2021-11-01,2021,11,45-54,Males,Employed total,1375.87
2021-11-01,2021,11,45-54,Females,Employed total,1315.9
2021-11-01,2021,11,45-54,Persons,Employment to population ratio,82.64
2021-11-01,2021,11,45-54,Males,Employment to population ratio,85.67
2021-11-01,2021,11,45-54,Females,Employment to population ratio,79.7
2021-11-01,2021,11,45-54,Persons,Unemployed total,74.33
2021-11-01,2021,11,45-54,Males,Unemployed total,38.1
2021-11-01,2021,11,45-54,Females,Unemployed total,36.22
2021-11-01,2021,11,45-54,Persons,Unemployment rate,2.69
2021-11-01,2021,11,45-54,Males,Unemployment rate,2.69
2021-11-01,2021,11,45-54,Females,Unemployment rate,2.68
2021-11-01,2021,11,45-54,Persons,Labour force total,2766.1
2021-11-01,2021,11,45-54,Males,Labour force total,1413.98
2021-11-01,2021,11,45-54,Females,Labour force total,1352.12
2021-11-01,2021,11,45-54,Persons,Participation rate,84.93
2021-11-01,2021,11,45-54,Males,Participation rate,88.04
2021-11-01,2021,11,45-54,Females,Participation rate,81.9
2021-12-01,2021,12,35-44,Persons,Employed total,2963.67
2021-12-01,2021,12,35-44,Males,Employed total,1568.25
2021-12-01,2021,12,35-44,Females,Employed total,1395.42
2021-12-01,2021,12,35-44,Persons,Employment to population ratio,83.71
2021-12-01,2021,12,35-44,Males,Employment to population ratio,89.66
2021-12-01,2021,12,35-44,Females,Employment to population ratio,77.9
2021-12-01,2021,12,35-44,Persons,Unemployed total,85.06
2021-12-01,2021,12,35-44,Males,Unemployed total,33.6
2021-12-01,2021,12,35-44,Females,Unemployed total,51.46
2021-12-01,2021,12,35-44,Persons,Unemployment rate,2.79
2021-12-01,2021,12,35-44,Males,Unemployment rate,2.1
2021-12-01,2021,12,35-44,Females,Unemployment rate,3.56
2021-12-01,2021,12,35-44,Persons,Labour force total,3048.73
2021-12-01,2021,12,35-44,Males,Labour force total,1601.86
2021-12-01,2021,12,35-44,Females,Labour force total,1446.88
2021-12-01,2021,12,35-44,Persons,Participation rate,86.11
2021-12-01,2021,12,35-44,Males,Participation rate,91.59
2021-12-01,2021,12,35-44,Females,Participation rate,80.77
2021-12-01,2021,12,45-54,Persons,Employed total,2690.17
2021-12-01,2021,12,45-54,Males,Employed total,1378.7
2021-12-01,2021,12,45-54,Females,Employed total,1311.48
2021-12-01,2021,12,45-54,Persons,Employment to population ratio,82.57
2021-12-01,2021,12,45-54,Males,Employment to population ratio,85.82
2021-12-01,2021,12,45-54,Females,Employment to population ratio,79.4
2021-12-01,2021,12,45-54,Persons,Unemployed total,75.3
2021-12-01,2021,12,45-54,Males,Unemployed total,38.24
2021-12-01,2021,12,45-54,Females,Unemployed total,37.06
2021-12-01,2021,12,45-54,Persons,Unemployment rate,2.72
2021-12-01,2021,12,45-54,Males,Unemployment rate,2.7
2021-12-01,2021,12,45-54,Females,Unemployment rate,2.75
2021-12-01,2021,12,45-54,Persons,Labour force total,2765.47
2021-12-01,2021,12,45-54,Males,Labour force total,1416.93
2021-12-01,2021,12,45-54,Females,Labour force total,1348.54
2021-12-01,2021,12,45-54,Persons,Participation rate,84.88
2021-12-01,2021,12,45-54,Males,Participation rate,88.2
2021-12-01,2021,12,45-54,Females,Participation rate,81.65
2022-01-01,2022,1,35-44,Persons,Employed total,2910.0
2022-01-01,2022,1,35-44,Males,Employed total,1539.84
2022-01-01,2022,1,35-44,Females,Employed total,1370.17
2022-01-01,2022,1,35-44,Persons,Employment to population ratio,82.02
2022-01-01,2022,1,35-44,Males,Employment to population ratio,87.86
2022-01-01,2022,1,35-44,Females,Employment to population ratio,76.32
2022-01-01,2022,1,35-44,Persons,Unemployed total,97.6
2022-01-01,2022,1,35-44,Males,Unemployed total,40.44
2022-01-01,2022,1,35-44,Females,Unemployed total,57.16
2022-01-01,2022,1,35-44,Persons,Unemployment rate,3.25
2022-01-01,2022,1,35-44,Males,Unemployment rate,2.56
2022-01-01,2022,1,35-44,Females,Unemployment rate,4.0
2022-01-01,2022,1,35-44,Persons,Labour force total,3007.6
2022-01-01,2022,1,35-44,Males,Labour force total,1580.27
2022-01-01,2022,1,35-44,Females,Labour force total,1427.33
2022-01-01,2022,1,35-44,Persons,Participation rate,84.77
2022-01-01,2022,1,35-44,Males,Participation rate,90.16
2022-01-01,2022,1,35-44,Females,Participation rate,79.51
2022-01-01,2022,1,45-54,Persons,Employed total,2634.76
2022-01-01,2022,1,45-54,Males,Employed total,1350.29
2022-01-01,2022,1,45-54,Females,Employed total,1284.47
2022-01-01,2022,1,45-54,Persons,Employment to population ratio,80.83
2022-01-01,2022,1,45-54,Males,Employment to population ratio,84.02
2022-01-01,2022,1,45-54,Females,Employment to population ratio,77.72
2022-01-01,2022,1,45-54,Persons,Unemployed total,90.34
2022-01-01,2022,1,45-54,Males,Unemployed total,49.53
2022-01-01,2022,1,45-54,Females,Unemployed total,40.81
2022-01-01,2022,1,45-54,Persons,Unemployment rate,3.32
2022-01-01,2022,1,45-54,Males,Unemployment rate,3.54
2022-01-01,2022,1,45-54,Females,Unemployment rate,3.08
2022-01-01,2022,1,45-54,Persons,Labour force total,2725.1
2022-01-01,2022,1,45-54,Males,Labour force total,1399.82
2022-01-01,2022,1,45-54,Females,Labour force total,1325.28
2022-01-01,2022,1,45-54,Persons,Participation rate,83.6
2022-01-01,2022,1,45-54,Males,Participation rate,87.1
2022-01-01,2022,1,45-54,Females,Participation rate,80.19
2022-02-01,2022,2,35-44,Persons,Employed total,2989.7
2022-02-01,2022,2,35-44,Males,Employed total,1565.7
2022-02-01,2022,2,35-44,Females,Employed total,1424.01
2022-02-01,2022,2,35-44,Persons,Employment to population ratio,84.09
2022-02-01,2022,2,35-44,Males,Employment to population ratio,89.14
2022-02-01,2022,2,35-44,Females,Employment to population ratio,79.15
2022-02-01,2022,2,35-44,Persons,Unemployed total,84.03
2022-02-01,2022,2,35-44,Males,Unemployed total,35.21
2022-02-01,2022,2,35-44,Females,Unemployed total,48.82
2022-02-01,2022,2,35-44,Persons,Unemployment rate,2.73
2022-02-01,2022,2,35-44,Males,Unemployment rate,2.2
2022-02-01,2022,2,35-44,Females,Unemployment rate,3.32
2022-02-01,2022,2,35-44,Persons,Labour force total,3073.74
2022-02-01,2022,2,35-44,Males,Labour force total,1600.9
2022-02-01,2022,2,35-44,Females,Labour force total,1472.83
2022-02-01,2022,2,35-44,Persons,Participation rate,86.45
2022-02-01,2022,2,35-44,Males,Participation rate,91.15
2022-02-01,2022,2,35-44,Females,Participation rate,81.86
2022-02-01,2022,2,45-54,Persons,Employed total,2705.05
2022-02-01,2022,2,45-54,Males,Employed total,1390.08
2022-02-01,2022,2,45-54,Females,Employed total,1314.97
2022-02-01,2022,2,45-54,Persons,Employment to population ratio,82.94
2022-02-01,2022,2,45-54,Males,Employment to population ratio,86.46
2022-02-01,2022,2,45-54,Females,Employment to population ratio,79.52
2022-02-01,2022,2,45-54,Persons,Unemployed total,85.64
2022-02-01,2022,2,45-54,Males,Unemployed total,39.5
2022-02-01,2022,2,45-54,Females,Unemployed total,46.14
2022-02-01,2022,2,45-54,Persons,Unemployment rate,3.07
2022-02-01,2022,2,45-54,Males,Unemployment rate,2.76
2022-02-01,2022,2,45-54,Females,Unemployment rate,3.39
2022-02-01,2022,2,45-54,Persons,Labour force total,2790.69
2022-02-01,2022,2,45-54,Males,Labour force total,1429.58
2022-02-01,2022,2,45-54,Females,Labour force total,1361.1
2022-02-01,2022,2,45-54,Persons,Participation rate,85.57
2022-02-01,2022,2,45-54,Males,Participation rate,88.92
2022-02-01,2022,2,45-54,Females,Participation rate,82.31
2022-03-01,2022,3,35-44,Persons,Employed total,2979.43
2022-03-01,2022,3,35-44,Males,Employed total,1552.31
2022-03-01,2022,3,35-44,Females,Employed total,1427.12
2022-03-01,2022,3,35-44,Persons,Employment to population ratio,83.62
2022-03-01,2022,3,35-44,Males,Employment to population ratio,88.2
2022-03-01,2022,3,35-44,Females,Employment to population ratio,79.15
2022-03-01,2022,3,35-44,Persons,Unemployed total,91.5
2022-03-01,2022,3,35-44,Males,Unemployed total,47.85
2022-03-01,2022,3,35-44,Females,Unemployed total,43.65
2022-03-01,2022,3,35-44,Persons,Unemployment rate,2.98
2022-03-01,2022,3,35-44,Males,Unemployment rate,2.99
2022-03-01,2022,3,35-44,Females,Unemployment rate,2.97
2022-03-01,2022,3,35-44,Persons,Labour force total,3070.94
2022-03-01,2022,3,35-44,Males,Labour force total,1600.16
2022-03-01,2022,3,35-44,Females,Labour force total,1470.78
2022-03-01,2022,3,35-44,Persons,Participation rate,86.19
2022-03-01,2022,3,35-44,Males,Participation rate,90.92
2022-03-01,2022,3,35-44,Females,Participation rate,81.57
2022-03-01,2022,3,45-54,Persons,Employed total,2686.81
2022-03-01,2022,3,45-54,Males,Employed total,1382.35
2022-03-01,2022,3,45-54,Females,Employed total,1304.46
2022-03-01,2022,3,45-54,Persons,Employment to population ratio,82.34
2022-03-01,2022,3,45-54,Males,Employment to population ratio,85.95
2022-03-01,2022,3,45-54,Females,Employment to population ratio,78.84
2022-03-01,2022,3,45-54,Persons,Unemployed total,90.71
2022-03-01,2022,3,45-54,Males,Unemployed total,46.21
2022-03-01,2022,3,45-54,Females,Unemployed total,44.5
2022-03-01,2022,3,45-54,Persons,Unemployment rate,3.27
2022-03-01,2022,3,45-54,Males,Unemployment rate,3.23
2022-03-01,2022,3,45-54,Females,Unemployment rate,3.3
2022-03-01,2022,3,45-54,Persons,Labour force total,2777.52
2022-03-01,2022,3,45-54,Males,Labour force total,1428.55
2022-03-01,2022,3,45-54,Females,Labour force total,1348.96
2022-03-01,2022,3,45-54,Persons,Participation rate,85.12
2022-03-01,2022,3,45-54,Males,Participation rate,88.82
2022-03-01,2022,3,45-54,Females,Participation rate,81.53
2022-04-01,2022,4,35-44,Persons,Employed total,2996.52
2022-04-01,2022,4,35-44,Males,Employed total,1564.49
2022-04-01,2022,4,35-44,Females,Employed total,1432.03
2022-04-01,2022,4,35-44,Persons,Employment to population ratio,83.91
2022-04-01,2022,4,35-44,Males,Employment to population ratio,88.69
2022-04-01,2022,4,35-44,Females,Employment to population ratio,79.25
2022-04-01,2022,4,35-44,Persons,Unemployed total,80.29
2022-04-01,2022,4,35-44,Males,Unemployed total,33.52
2022-04-01,2022,4,35-44,Females,Unemployed total,46.77
2022-04-01,2022,4,35-44,Persons,Unemployment rate,2.61
2022-04-01,2022,4,35-44,Males,Unemployment rate,2.1
2022-04-01,2022,4,35-44,Females,Unemployment rate,3.16
2022-04-01,2022,4,35-44,Persons,Labour force total,3076.82
2022-04-01,2022,4,35-44,Males,Labour force total,1598.01
2022-04-01,2022,4,35-44,Females,Labour force total,1478.8
2022-04-01,2022,4,35-44,Persons,Participation rate,86.16
2022-04-01,2022,4,35-44,Males,Participation rate,90.59
2022-04-01,2022,4,35-44,Females,Participation rate,81.84
2022-04-01,2022,4,45-54,Persons,Employed total,2678.92
2022-04-01,2022,4,45-54,Males,Employed total,1377.82
2022-04-01,2022,4,45-54,Females,Employed total,1301.1
2022-04-01,2022,4,45-54,Persons,Employment to population ratio,82.06
2022-04-01,2022,4,45-54,Males,Employment to population ratio,85.64
2022-04-01,2022,4,45-54,Females,Employment to population ratio,78.58
2022-04-01,2022,4,45-54,Persons,Unemployed total,86.91
2022-04-01,2022,4,45-54,Males,Unemployed total,43.13
2022-04-01,2022,4,45-54,Females,Unemployed total,43.78
2022-04-01,2022,4,45-54,Persons,Unemployment rate,3.14
2022-04-01,2022,4,45-54,Males,Unemployment rate,3.04
2022-04-01,2022,4,45-54,Females,Unemployment rate,3.26
2022-04-01,2022,4,45-54,Persons,Labour force total,2765.83
2022-04-01,2022,4,45-54,Males,Labour force total,1420.95
2022-04-01,2022,4,45-54,Females,Labour force total,1344.88
2022-04-01,2022,4,45-54,Persons,Participation rate,84.72
2022-04-01,2022,4,45-54,Males,Participation rate,88.32
2022-04-01,2022,4,45-54,Females,Participation rate,81.23
2022-05-01,2022,5,35-44,Persons,Employed total,3035.94
2022-05-01,2022,5,35-44,Males,Employed total,1584.77
2022-05-01,2022,5,35-44,Females,Employed total,1451.17
2022-05-01,2022,5,35-44,Persons,Employment to population ratio,84.83
2022-05-01,2022,5,35-44,Males,Employment to population ratio,89.64
2022-05-01,2022,5,35-44,Females,Employment to population ratio,80.14
2022-05-01,2022,5,35-44,Persons,Unemployed total,71.02
2022-05-01,2022,5,35-44,Males,Unemployed total,32.9
2022-05-01,2022,5,35-44,Females,Unemployed total,38.12
2022-05-01,2022,5,35-44,Persons,Unemployment rate,2.29
2022-05-01,2022,5,35-44,Males,Unemployment rate,2.03
2022-05-01,2022,5,35-44,Females,Unemployment rate,2.56
2022-05-01,2022,5,35-44,Persons,Labour force total,3106.97
2022-05-01,2022,5,35-44,Males,Labour force total,1617.67
2022-05-01,2022,5,35-44,Females,Labour force total,1489.3
2022-05-01,2022,5,35-44,Persons,Participation rate,86.82
2022-05-01,2022,5,35-44,Males,Participation rate,91.5
2022-05-01,2022,5,35-44,Females,Participation rate,82.24
2022-05-01,2022,5,45-54,Persons,Employed total,2710.28
2022-05-01,2022,5,45-54,Males,Employed total,1386.71
2022-05-01,2022,5,45-54,Females,Employed total,1323.57
2022-05-01,2022,5,45-54,Persons,Employment to population ratio,82.98
2022-05-01,2022,5,45-54,Males,Employment to population ratio,86.16
2022-05-01,2022,5,45-54,Females,Employment to population ratio,79.89
2022-05-01,2022,5,45-54,Persons,Unemployed total,86.38
2022-05-01,2022,5,45-54,Males,Unemployed total,43.63
2022-05-01,2022,5,45-54,Females,Unemployed total,42.75
2022-05-01,2022,5,45-54,Persons,Unemployment rate,3.09
2022-05-01,2022,5,45-54,Males,Unemployment rate,3.05
2022-05-01,2022,5,45-54,Females,Unemployment rate,3.13
2022-05-01,2022,5,45-54,Persons,Labour force total,2796.66
2022-05-01,2022,5,45-54,Males,Labour force total,1430.35
2022-05-01,2022,5,45-54,Females,Labour force total,1366.32
2022-05-01,2022,5,45-54,Persons,Participation rate,85.62
2022-05-01,2022,5,45-54,Males,Participation rate,88.87
2022-05-01,2022,5,45-54,Females,Participation rate,82.47
2022-06-01,2022,6,35-44,Persons,Employed total,3032.52
2022-06-01,2022,6,35-44,Males,Employed total,1577.88
2022-06-01,2022,6,35-44,Females,Employed total,1454.64
2022-06-01,2022,6,35-44,Persons,Employment to population ratio,84.55
2022-06-01,2022,6,35-44,Males,Employment to population ratio,89.05
2022-06-01,2022,6,35-44,Females,Employment to population ratio,80.16
2022-06-01,2022,6,35-44,Persons,Unemployed total,79.98
2022-06-01,2022,6,35-44,Males,Unemployed total,36.91
2022-06-01,2022,6,35-44,Females,Unemployed total,43.06
2022-06-01,2022,6,35-44,Persons,Unemployment rate,2.57
2022-06-01,2022,6,35-44,Males,Unemployment rate,2.29
2022-06-01,2022,6,35-44,Females,Unemployment rate,2.88
2022-06-01,2022,6,35-44,Persons,Labour force total,3112.5
2022-06-01,2022,6,35-44,Males,Labour force total,1614.79
2022-06-01,2022,6,35-44,Females,Labour force total,1497.7
2022-06-01,2022,6,35-44,Persons,Participation rate,86.78
2022-06-01,2022,6,35-44,Males,Participation rate,91.14
2022-06-01,2022,6,35-44,Females,Participation rate,82.53
2022-06-01,2022,6,45-54,Persons,Employed total,2720.65
2022-06-01,2022,6,45-54,Males,Employed total,1392.39
2022-06-01,2022,6,45-54,Females,Employed total,1328.26
2022-06-01,2022,6,45-54,Persons,Employment to population ratio,83.26
2022-06-01,2022,6,45-54,Males,Employment to population ratio,86.48
2022-06-01,2022,6,45-54,Females,Employment to population ratio,80.13
2022-06-01,2022,6,45-54,Persons,Unemployed total,76.06
2022-06-01,2022,6,45-54,Males,Unemployed total,39.25
2022-06-01,2022,6,45-54,Females,Unemployed total,36.81
2022-06-01,2022,6,45-54,Persons,Unemployment rate,2.72
2022-06-01,2022,6,45-54,Males,Unemployment rate,2.74
2022-06-01,2022,6,45-54,Females,Unemployment rate,2.7
2022-06-01,2022,6,45-54,Persons,Labour force total,2796.71
2022-06-01,2022,6,45-54,Males,Labour force total,1431.63
2022-06-01,2022,6,45-54,Females,Labour force total,1365.08
2022-06-01,2022,6,45-54,Persons,Participation rate,85.58
2022-06-01,2022,6,45-54,Males,Participation rate,88.92
2022-06-01,2022,6,45-54,Females,Participation rate,82.35
2022-07-01,2022,7,35-44,Persons,Employed total,3018.32
2022-07-01,2022,7,35-44,Males,Employed total,1568.67
2022-07-01,2022,7,35-44,Females,Employed total,1449.65
2022-07-01,2022,7,35-44,Persons,Employment to population ratio,83.94
2022-07-01,2022,7,35-44,Males,Employment to population ratio,88.3
2022-07-01,2022,7,35-44,Females,Employment to population ratio,79.69
2022-07-01,2022,7,35-44,Persons,Unemployed total,84.21
2022-07-01,2022,7,35-44,Males,Unemployed total,43.28
2022-07-01,2022,7,35-44,Females,Unemployed total,40.94
2022-07-01,2022,7,35-44,Persons,Unemployment rate,2.71
2022-07-01,2022,7,35-44,Males,Unemployment rate,2.68
2022-07-01,2022,7,35-44,Females,Unemployment rate,2.75
2022-07-01,2022,7,35-44,Persons,Labour force total,3102.53
2022-07-01,2022,7,35-44,Males,Labour force total,1611.94
2022-07-01,2022,7,35-44,Females,Labour force total,1490.59
2022-07-01,2022,7,35-44,Persons,Participation rate,86.29
2022-07-01,2022,7,35-44,Males,Participation rate,90.74
2022-07-01,2022,7,35-44,Females,Participation rate,81.94
2022-07-01,2022,7,45-54,Persons,Employed total,2706.93
2022-07-01,2022,7,45-54,Males,Employed total,1384.0
2022-07-01,2022,7,45-54,Females,Employed total,1322.93
2022-07-01,2022,7,45-54,Persons,Employment to population ratio,82.8
2022-07-01,2022,7,45-54,Males,Employment to population ratio,85.92
2022-07-01,2022,7,45-54,Females,Employment to population ratio,79.76
2022-07-01,2022,7,45-54,Persons,Unemployed total,73.86
2022-07-01,2022,7,45-54,Males,Unemployed total,35.13
2022-07-01,2022,7,45-54,Females,Unemployed total,38.73
2022-07-01,2022,7,45-54,Persons,Unemployment rate,2.66
2022-07-01,2022,7,45-54,Males,Unemployment rate,2.48
2022-07-01,2022,7,45-54,Females,Unemployment rate,2.84
2022-07-01,2022,7,45-54,Persons,Labour force total,2780.79
2022-07-01,2022,7,45-54,Males,Labour force total,1419.14
2022-07-01,2022,7,45-54,Females,Labour force total,1361.66
2022-07-01,2022,7,45-54,Persons,Participation rate,85.05
2022-07-01,2022,7,45-54,Males,Participation rate,88.1
2022-07-01,2022,7,45-54,Females,Participation rate,82.09
2022-08-01,2022,8,35-44,Persons,Employed total,3053.19
2022-08-01,2022,8,35-44,Males,Employed total,1590.26
2022-08-01,2022,8,35-44,Females,Employed total,1462.94
2022-08-01,2022,8,35-44,Persons,Employment to population ratio,84.7
2022-08-01,2022,8,35-44,Males,Employment to population ratio,89.28
2022-08-01,2022,8,35-44,Females,Employment to population ratio,80.22
2022-08-01,2022,8,35-44,Persons,Unemployed total,75.85
2022-08-01,2022,8,35-44,Males,Unemployed total,37.29
2022-08-01,2022,8,35-44,Females,Unemployed total,38.56
2022-08-01,2022,8,35-44,Persons,Unemployment rate,2.42
2022-08-01,2022,8,35-44,Males,Unemployment rate,2.29
2022-08-01,2022,8,35-44,Females,Unemployment rate,2.57
2022-08-01,2022,8,35-44,Persons,Labour force total,3129.04
2022-08-01,2022,8,35-44,Males,Labour force total,1627.55
2022-08-01,2022,8,35-44,Females,Labour force total,1501.49
2022-08-01,2022,8,35-44,Persons,Participation rate,86.8
2022-08-01,2022,8,35-44,Males,Participation rate,91.37
2022-08-01,2022,8,35-44,Females,Participation rate,82.34
2022-08-01,2022,8,45-54,Persons,Employed total,2714.63
2022-08-01,2022,8,45-54,Males,Employed total,1387.18
2022-08-01,2022,8,45-54,Females,Employed total,1327.45
2022-08-01,2022,8,45-54,Persons,Employment to population ratio,82.99
2022-08-01,2022,8,45-54,Males,Employment to population ratio,86.08
2022-08-01,2022,8,45-54,Females,Employment to population ratio,79.99
2022-08-01,2022,8,45-54,Persons,Unemployed total,72.62
2022-08-01,2022,8,45-54,Males,Unemployed total,34.38
2022-08-01,2022,8,45-54,Females,Unemployed total,38.24
2022-08-01,2022,8,45-54,Persons,Unemployment rate,2.61
2022-08-01,2022,8,45-54,Males,Unemployment rate,2.42
2022-08-01,2022,8,45-54,Females,Unemployment rate,2.8
2022-08-01,2022,8,45-54,Persons,Labour force total,2787.25
2022-08-01,2022,8,45-54,Males,Labour force total,1421.56
2022-08-01,2022,8,45-54,Females,Labour force total,1365.68
2022-08-01,2022,8,45-54,Persons,Participation rate,85.21
2022-08-01,2022,8,45-54,Males,Participation rate,88.22
2022-08-01,2022,8,45-54,Females,Participation rate,82.29
2022-09-01,2022,9,35-44,Persons,Employed total,3041.45
2022-09-01,2022,9,35-44,Males,Employed total,1581.33
2022-09-01,2022,9,35-44,Females,Employed total,1460.12
2022-09-01,2022,9,35-44,Persons,Employment to population ratio,84.16
2022-09-01,2022,9,35-44,Males,Employment to population ratio,88.55
2022-09-01,2022,9,35-44,Females,Employment to population ratio,79.88
2022-09-01,2022,9,35-44,Persons,Unemployed total,82.71
2022-09-01,2022,9,35-44,Males,Unemployed total,41.67
2022-09-01,2022,9,35-44,Females,Unemployed total,41.04
2022-09-01,2022,9,35-44,Persons,Unemployment rate,2.65
2022-09-01,2022,9,35-44,Males,Unemployment rate,2.57
2022-09-01,2022,9,35-44,Females,Unemployment rate,2.73
2022-09-01,2022,9,35-44,Persons,Labour force total,3124.16
2022-09-01,2022,9,35-44,Males,Labour force total,1623.0
2022-09-01,2022,9,35-44,Females,Labour force total,1501.16
2022-09-01,2022,9,35-44,Persons,Participation rate,86.45
2022-09-01,2022,9,35-44,Males,Participation rate,90.88
2022-09-01,2022,9,35-44,Females,Participation rate,82.12
2022-09-01,2022,9,45-54,Persons,Employed total,2701.41
2022-09-01,2022,9,45-54,Males,Employed total,1377.08
2022-09-01,2022,9,45-54,Females,Employed total,1324.34
2022-09-01,2022,9,45-54,Persons,Employment to population ratio,82.55
2022-09-01,2022,9,45-54,Males,Employment to population ratio,85.42
2022-09-01,2022,9,45-54,Females,Employment to population ratio,79.75
2022-09-01,2022,9,45-54,Persons,Unemployed total,65.8
2022-09-01,2022,9,45-54,Males,Unemployed total,32.55
2022-09-01,2022,9,45-54,Females,Unemployed total,33.24
2022-09-01,2022,9,45-54,Persons,Unemployment rate,2.38
2022-09-01,2022,9,45-54,Males,Unemployment rate,2.31
2022-09-01,2022,9,45-54,Females,Unemployment rate,2.45
2022-09-01,2022,9,45-54,Persons,Labour force total,2767.21
2022-09-01,2022,9,45-54,Males,Labour force total,1409.63
2022-09-01,2022,9,45-54,Females,Labour force total,1357.58
2022-09-01,2022,9,45-54,Persons,Participation rate,84.56
2022-09-01,2022,9,45-54,Males,Participation rate,87.44
2022-09-01,2022,9,45-54,Females,Participation rate,81.75
2022-10-01,2022,10,35-44,Persons,Employed total,3059.58
2022-10-01,2022,10,35-44,Males,Employed total,1599.98
2022-10-01,2022,10,35-44,Females,Employed total,1459.6
2022-10-01,2022,10,35-44,Persons,Employment to population ratio,84.43
2022-10-01,2022,10,35-44,Males,Employment to population ratio,89.34
2022-10-01,2022,10,35-44,Females,Employment to population ratio,79.63
2022-10-01,2022,10,35-44,Persons,Unemployed total,76.89
2022-10-01,2022,10,35-44,Males,Unemployed total,33.7
2022-10-01,2022,10,35-44,Females,Unemployed total,43.19
2022-10-01,2022,10,35-44,Persons,Unemployment rate,2.45
2022-10-01,2022,10,35-44,Males,Unemployment rate,2.06
2022-10-01,2022,10,35-44,Females,Unemployment rate,2.87
2022-10-01,2022,10,35-44,Persons,Labour force total,3136.47
2022-10-01,2022,10,35-44,Males,Labour force total,1633.68
2022-10-01,2022,10,35-44,Females,Labour force total,1502.79
2022-10-01,2022,10,35-44,Persons,Participation rate,86.55
2022-10-01,2022,10,35-44,Males,Participation rate,91.22
2022-10-01,2022,10,35-44,Females,Participation rate,81.99
2022-10-01,2022,10,45-54,Persons,Employed total,2716.01
2022-10-01,2022,10,45-54,Males,Employed total,1385.48
2022-10-01,2022,10,45-54,Females,Employed total,1330.54
2022-10-01,2022,10,45-54,Persons,Employment to population ratio,82.94
2022-10-01,2022,10,45-54,Males,Employment to population ratio,85.9
2022-10-01,2022,10,45-54,Females,Employment to population ratio,80.07
2022-10-01,2022,10,45-54,Persons,Unemployed total,64.15
2022-10-01,2022,10,45-54,Males,Unemployed total,28.59
2022-10-01,2022,10,45-54,Females,Unemployed total,35.56
2022-10-01,2022,10,45-54,Persons,Unemployment rate,2.31
2022-10-01,2022,10,45-54,Males,Unemployment rate,2.02
2022-10-01,2022,10,45-54,Females,Unemployment rate,2.6
2022-10-01,2022,10,45-54,Persons,Labour force total,2780.16
2022-10-01,2022,10,45-54,Males,Labour force total,1414.06
2022-10-01,2022,10,45-54,Females,Labour force total,1366.1
2022-10-01,2022,10,45-54,Persons,Participation rate,84.9
2022-10-01,2022,10,45-54,Males,Participation rate,87.67
2022-10-01,2022,10,45-54,Females,Participation rate,82.21
2022-11-01,2022,11,35-44,Persons,Employed total,3076.76
2022-11-01,2022,11,35-44,Males,Employed total,1613.41
2022-11-01,2022,11,35-44,Females,Employed total,1463.35
2022-11-01,2022,11,35-44,Persons,Employment to population ratio,84.67
2022-11-01,2022,11,35-44,Males,Employment to population ratio,89.84
2022-11-01,2022,11,35-44,Females,Employment to population ratio,79.62
2022-11-01,2022,11,35-44,Persons,Unemployed total,72.35
2022-11-01,2022,11,35-44,Males,Unemployed total,31.54
2022-11-01,2022,11,35-44,Females,Unemployed total,40.82
2022-11-01,2022,11,35-44,Persons,Unemployment rate,2.3
2022-11-01,2022,11,35-44,Males,Unemployment rate,1.92
2022-11-01,2022,11,35-44,Females,Unemployment rate,2.71
2022-11-01,2022,11,35-44,Persons,Labour force total,3149.11
2022-11-01,2022,11,35-44,Males,Labour force total,1644.95
2022-11-01,2022,11,35-44,Females,Labour force total,1504.17
2022-11-01,2022,11,35-44,Persons,Participation rate,86.66
2022-11-01,2022,11,35-44,Males,Participation rate,91.59
2022-11-01,2022,11,35-44,Females,Participation rate,81.84
2022-11-01,2022,11,45-54,Persons,Employed total,2742.22
2022-11-01,2022,11,45-54,Males,Employed total,1392.5
2022-11-01,2022,11,45-54,Females,Employed total,1349.72
2022-11-01,2022,11,45-54,Persons,Employment to population ratio,83.69
2022-11-01,2022,11,45-54,Males,Employment to population ratio,86.29
2022-11-01,2022,11,45-54,Females,Employment to population ratio,81.17
2022-11-01,2022,11,45-54,Persons,Unemployed total,61.58
2022-11-01,2022,11,45-54,Males,Unemployed total,30.47
2022-11-01,2022,11,45-54,Females,Unemployed total,31.11
2022-11-01,2022,11,45-54,Persons,Unemployment rate,2.2
2022-11-01,2022,11,45-54,Males,Unemployment rate,2.14
2022-11-01,2022,11,45-54,Females,Unemployment rate,2.25
2022-11-01,2022,11,45-54,Persons,Labour force total,2803.8
2022-11-01,2022,11,45-54,Males,Labour force total,1422.97
2022-11-01,2022,11,45-54,Females,Labour force total,1380.82
2022-11-01,2022,11,45-54,Persons,Participation rate,85.57
2022-11-01,2022,11,45-54,Males,Participation rate,88.18
2022-11-01,2022,11,45-54,Females,Participation rate,83.04
2022-12-01,2022,12,35-44,Persons,Employed total,3065.35
2022-12-01,2022,12,35-44,Males,Employed total,1612.22
2022-12-01,2022,12,35-44,Females,Employed total,1453.13
2022-12-01,2022,12,35-44,Persons,Employment to population ratio,84.12
2022-12-01,2022,12,35-44,Males,Employment to population ratio,89.52
2022-12-01,2022,12,35-44,Females,Employment to population ratio,78.85
2022-12-01,2022,12,35-44,Persons,Unemployed total,70.29
2022-12-01,2022,12,35-44,Males,Unemployed total,33.83
2022-12-01,2022,12,35-44,Females,Unemployed total,36.46
2022-12-01,2022,12,35-44,Persons,Unemployment rate,2.24
2022-12-01,2022,12,35-44,Males,Unemployment rate,2.06
2022-12-01,2022,12,35-44,Females,Unemployment rate,2.45
2022-12-01,2022,12,35-44,Persons,Labour force total,3135.64
2022-12-01,2022,12,35-44,Males,Labour force total,1646.05
2022-12-01,2022,12,35-44,Females,Labour force total,1489.59
2022-12-01,2022,12,35-44,Persons,Participation rate,86.05
2022-12-01,2022,12,35-44,Males,Participation rate,91.4
2022-12-01,2022,12,35-44,Females,Participation rate,80.83
2022-12-01,2022,12,45-54,Persons,Employed total,2728.51
2022-12-01,2022,12,45-54,Males,Employed total,1384.37
2022-12-01,2022,12,45-54,Females,Employed total,1344.15
2022-12-01,2022,12,45-54,Persons,Employment to population ratio,83.23
2022-12-01,2022,12,45-54,Males,Employment to population ratio,85.75
2022-12-01,2022,12,45-54,Females,Employment to population ratio,80.78
2022-12-01,2022,12,45-54,Persons,Unemployed total,61.76
2022-12-01,2022,12,45-54,Males,Unemployed total,29.01
2022-12-01,2022,12,45-54,Females,Unemployed total,32.76
2022-12-01,2022,12,45-54,Persons,Unemployment rate,2.21
2022-12-01,2022,12,45-54,Males,Unemployment rate,2.05
2022-12-01,2022,12,45-54,Females,Unemployment rate,2.38
2022-12-01,2022,12,45-54,Persons,Labour force total,2790.28
2022-12-01,2022,12,45-54,Males,Labour force total,1413.37
2022-12-01,2022,12,45-54,Females,Labour force total,1376.91
2022-12-01,2022,12,45-54,Persons,Participation rate,85.11
2022-12-01,2022,12,45-54,Males,Participation rate,87.55
2022-12-01,2022,12,45-54,Females,Participation rate,82.75
2023-01-01,2023,1,35-44,Persons,Employed total,3017.75
2023-01-01,2023,1,35-44,Males,Employed total,1590.34
2023-01-01,2023,1,35-44,Females,Employed total,1427.42
2023-01-01,2023,1,35-44,Persons,Employment to population ratio,82.57
2023-01-01,2023,1,35-44,Males,Employment to population ratio,88.02
2023-01-01,2023,1,35-44,Females,Employment to population ratio,77.23
2023-01-01,2023,1,35-44,Persons,Unemployed total,79.35
2023-01-01,2023,1,35-44,Males,Unemployed total,41.87
2023-01-01,2023,1,35-44,Females,Unemployed total,37.48
2023-01-01,2023,1,35-44,Persons,Unemployment rate,2.56
2023-01-01,2023,1,35-44,Males,Unemployment rate,2.57
2023-01-01,2023,1,35-44,Females,Unemployment rate,2.56
2023-01-01,2023,1,35-44,Persons,Labour force total,3097.1
2023-01-01,2023,1,35-44,Males,Labour force total,1632.21
2023-01-01,2023,1,35-44,Females,Labour force total,1464.89
2023-01-01,2023,1,35-44,Persons,Participation rate,84.74
2023-01-01,2023,1,35-44,Males,Participation rate,90.34
2023-01-01,2023,1,35-44,Females,Participation rate,79.26
2023-01-01,2023,1,45-54,Persons,Employed total,2659.58
2023-01-01,2023,1,45-54,Males,Employed total,1350.7
2023-01-01,2023,1,45-54,Females,Employed total,1308.88
2023-01-01,2023,1,45-54,Persons,Employment to population ratio,81.08
2023-01-01,2023,1,45-54,Males,Employment to population ratio,83.62
2023-01-01,2023,1,45-54,Females,Employment to population ratio,78.61
2023-01-01,2023,1,45-54,Persons,Unemployed total,74.51
2023-01-01,2023,1,45-54,Males,Unemployed total,37.61
2023-01-01,2023,1,45-54,Females,Unemployed total,36.9
2023-01-01,2023,1,45-54,Persons,Unemployment rate,2.73
2023-01-01,2023,1,45-54,Males,Unemployment rate,2.71
2023-01-01,2023,1,45-54,Females,Unemployment rate,2.74
2023-01-01,2023,1,45-54,Persons,Labour force total,2734.09
2023-01-01,2023,1,45-54,Males,Labour force total,1388.31
2023-01-01,2023,1,45-54,Females,Labour force total,1345.79
2023-01-01,2023,1,45-54,Persons,Participation rate,83.35
2023-01-01,2023,1,45-54,Males,Participation rate,85.95
2023-01-01,2023,1,45-54,Females,Participation rate,80.83
2023-02-01,2023,2,35-44,Persons,Employed total,3074.77
2023-02-01,2023,2,35-44,Males,Employed total,1618.17
2023-02-01,2023,2,35-44,Females,Employed total,1456.6
2023-02-01,2023,2,35-44,Persons,Employment to population ratio,83.88
2023-02-01,2023,2,35-44,Males,Employment to population ratio,89.28
2023-02-01,2023,2,35-44,Females,Employment to population ratio,78.59
2023-02-01,2023,2,35-44,Persons,Unemployed total,81.92
2023-02-01,2023,2,35-44,Males,Unemployed total,36.45
2023-02-01,2023,2,35-44,Females,Unemployed total,45.48
2023-02-01,2023,2,35-44,Persons,Unemployment rate,2.6
2023-02-01,2023,2,35-44,Males,Unemployment rate,2.2
2023-02-01,2023,2,35-44,Females,Unemployment rate,3.03
2023-02-01,2023,2,35-44,Persons,Labour force total,3156.69
2023-02-01,2023,2,35-44,Males,Labour force total,1654.61
2023-02-01,2023,2,35-44,Females,Labour force total,1502.08
2023-02-01,2023,2,35-44,Persons,Participation rate,86.11
2023-02-01,2023,2,35-44,Males,Participation rate,91.29
2023-02-01,2023,2,35-44,Females,Participation rate,81.05
2023-02-01,2023,2,45-54,Persons,Employed total,2728.83
2023-02-01,2023,2,45-54,Males,Employed total,1390.46
2023-02-01,2023,2,45-54,Females,Employed total,1338.37
2023-02-01,2023,2,45-54,Persons,Employment to population ratio,83.14
2023-02-01,2023,2,45-54,Males,Employment to population ratio,86.04
2023-02-01,2023,2,45-54,Females,Employment to population ratio,80.33
2023-02-01,2023,2,45-54,Persons,Unemployed total,84.33
2023-02-01,2023,2,45-54,Males,Unemployed total,41.57
2023-02-01,2023,2,45-54,Females,Unemployed total,42.76
2023-02-01,2023,2,45-54,Persons,Unemployment rate,3.0
2023-02-01,2023,2,45-54,Males,Unemployment rate,2.9
2023-02-01,2023,2,45-54,Females,Unemployment rate,3.1
2023-02-01,2023,2,45-54,Persons,Labour force total,2813.16
2023-02-01,2023,2,45-54,Males,Labour force total,1432.02
2023-02-01,2023,2,45-54,Females,Labour force total,1381.13
2023-02-01,2023,2,45-54,Persons,Participation rate,85.71
2023-02-01,2023,2,45-54,Males,Participation rate,88.61
2023-02-01,2023,2,45-54,Females,Participation rate,82.9
2023-03-01,2023,3,35-44,Persons,Employed total,3108.6
2023-03-01,2023,3,35-44,Males,Employed total,1626.9
2023-03-01,2023,3,35-44,Females,Employed total,1481.71
2023-03-01,2023,3,35-44,Persons,Employment to population ratio,84.55
2023-03-01,2023,3,35-44,Males,Employment to population ratio,89.47
2023-03-01,2023,3,35-44,Females,Employment to population ratio,79.72
2023-03-01,2023,3,35-44,Persons,Unemployed total,87.3
2023-03-01,2023,3,35-44,Males,Unemployed total,36.98
2023-03-01,2023,3,35-44,Females,Unemployed total,50.32
2023-03-01,2023,3,35-44,Persons,Unemployment rate,2.73
2023-03-01,2023,3,35-44,Males,Unemployment rate,2.22
2023-03-01,2023,3,35-44,Females,Unemployment rate,3.28
2023-03-01,2023,3,35-44,Persons,Labour force total,3195.9
2023-03-01,2023,3,35-44,Males,Labour force total,1663.88
2023-03-01,2023,3,35-44,Females,Labour force total,1532.02
2023-03-01,2023,3,35-44,Persons,Participation rate,86.92
2023-03-01,2023,3,35-44,Males,Participation rate,91.51
2023-03-01,2023,3,35-44,Females,Participation rate,82.43
2023-03-01,2023,3,45-54,Persons,Employed total,2723.19
2023-03-01,2023,3,45-54,Males,Employed total,1392.2
2023-03-01,2023,3,45-54,Females,Employed total,1331.0
2023-03-01,2023,3,45-54,Persons,Employment to population ratio,82.93
2023-03-01,2023,3,45-54,Males,Employment to population ratio,86.11
2023-03-01,2023,3,45-54,Females,Employment to population ratio,79.84
2023-03-01,2023,3,45-54,Persons,Unemployed total,80.12
2023-03-01,2023,3,45-54,Males,Unemployed total,41.9
2023-03-01,2023,3,45-54,Females,Unemployed total,38.22
2023-03-01,2023,3,45-54,Persons,Unemployment rate,2.86
2023-03-01,2023,3,45-54,Males,Unemployment rate,2.92
2023-03-01,2023,3,45-54,Females,Unemployment rate,2.79
2023-03-01,2023,3,45-54,Persons,Labour force total,2803.31
2023-03-01,2023,3,45-54,Males,Labour force total,1434.09
2023-03-01,2023,3,45-54,Females,Labour force total,1369.22
2023-03-01,2023,3,45-54,Persons,Participation rate,85.37
2023-03-01,2023,3,45-54,Males,Participation rate,88.7
2023-03-01,2023,3,45-54,Females,Participation rate,82.13
2023-04-01,2023,4,35-44,Persons,Employed total,3107.69
2023-04-01,2023,4,35-44,Males,Employed total,1618.97
2023-04-01,2023,4,35-44,Females,Employed total,1488.72
2023-04-01,2023,4,35-44,Persons,Employment to population ratio,84.27
2023-04-01,2023,4,35-44,Males,Employment to population ratio,88.77
2023-04-01,2023,4,35-44,Females,Employment to population ratio,79.88
2023-04-01,2023,4,35-44,Persons,Unemployed total,88.27
2023-04-01,2023,4,35-44,Males,Unemployed total,45.46
2023-04-01,2023,4,35-44,Females,Unemployed total,42.81
2023-04-01,2023,4,35-44,Persons,Unemployment rate,2.76
2023-04-01,2023,4,35-44,Males,Unemployment rate,2.73
2023-04-01,2023,4,35-44,Females,Unemployment rate,2.8
2023-04-01,2023,4,35-44,Persons,Labour force total,3195.96
2023-04-01,2023,4,35-44,Males,Labour force total,1664.43
2023-04-01,2023,4,35-44,Females,Labour force total,1531.53
2023-04-01,2023,4,35-44,Persons,Participation rate,86.67
2023-04-01,2023,4,35-44,Males,Participation rate,91.26
2023-04-01,2023,4,35-44,Females,Participation rate,82.18
2023-04-01,2023,4,45-54,Persons,Employed total,2724.5
2023-04-01,2023,4,45-54,Males,Employed total,1387.05
2023-04-01,2023,4,45-54,Females,Employed total,1337.44
2023-04-01,2023,4,45-54,Persons,Employment to population ratio,82.91
2023-04-01,2023,4,45-54,Males,Employment to population ratio,85.74
2023-04-01,2023,4,45-54,Females,Employment to population ratio,80.18
2023-04-01,2023,4,45-54,Persons,Unemployed total,70.44
2023-04-01,2023,4,45-54,Males,Unemployed total,39.98
2023-04-01,2023,4,45-54,Females,Unemployed total,30.46
2023-04-01,2023,4,45-54,Persons,Unemployment rate,2.52
2023-04-01,2023,4,45-54,Males,Unemployment rate,2.8
2023-04-01,2023,4,45-54,Females,Unemployment rate,2.23
2023-04-01,2023,4,45-54,Persons,Labour force total,2794.93
2023-04-01,2023,4,45-54,Males,Labour force total,1427.03
2023-04-01,2023,4,45-54,Females,Labour force total,1367.9
2023-04-01,2023,4,45-54,Persons,Participation rate,85.06
2023-04-01,2023,4,45-54,Males,Participation rate,88.21
2023-04-01,2023,4,45-54,Females,Participation rate,82.0
2023-05-01,2023,5,35-44,Persons,Employed total,3148.79
2023-05-01,2023,5,35-44,Males,Employed total,1644.92
2023-05-01,2023,5,35-44,Females,Employed total,1503.87
2023-05-01,2023,5,35-44,Persons,Employment to population ratio,85.14
2023-05-01,2023,5,35-44,Males,Employment to population ratio,89.91
2023-05-01,2023,5,35-44,Females,Employment to population ratio,80.47
2023-05-01,2023,5,35-44,Persons,Unemployed total,79.96
2023-05-01,2023,5,35-44,Males,Unemployed total,36.05
2023-05-01,2023,5,35-44,Females,Unemployed total,43.92
2023-05-01,2023,5,35-44,Persons,Unemployment rate,2.48
2023-05-01,2023,5,35-44,Males,Unemployment rate,2.14
2023-05-01,2023,5,35-44,Females,Unemployment rate,2.84
2023-05-01,2023,5,35-44,Persons,Labour force total,3228.75
2023-05-01,2023,5,35-44,Males,Labour force total,1680.97
2023-05-01,2023,5,35-44,Females,Labour force total,1547.78
2023-05-01,2023,5,35-44,Persons,Participation rate,87.3
2023-05-01,2023,5,35-44,Males,Participation rate,91.88
2023-05-01,2023,5,35-44,Females,Participation rate,82.82
2023-05-01,2023,5,45-54,Persons,Employed total,2735.98
2023-05-01,2023,5,45-54,Males,Employed total,1396.99
2023-05-01,2023,5,45-54,Females,Employed total,1338.99
2023-05-01,2023,5,45-54,Persons,Employment to population ratio,83.21
2023-05-01,2023,5,45-54,Males,Employment to population ratio,86.3
2023-05-01,2023,5,45-54,Females,Employment to population ratio,80.22
2023-05-01,2023,5,45-54,Persons,Unemployed total,71.97
2023-05-01,2023,5,45-54,Males,Unemployed total,35.09
2023-05-01,2023,5,45-54,Females,Unemployed total,36.87
2023-05-01,2023,5,45-54,Persons,Unemployment rate,2.56
2023-05-01,2023,5,45-54,Males,Unemployment rate,2.45
2023-05-01,2023,5,45-54,Females,Unemployment rate,2.68
2023-05-01,2023,5,45-54,Persons,Labour force total,2807.95
2023-05-01,2023,5,45-54,Males,Labour force total,1432.09
2023-05-01,2023,5,45-54,Females,Labour force total,1375.87
2023-05-01,2023,5,45-54,Persons,Participation rate,85.4
2023-05-01,2023,5,45-54,Males,Participation rate,88.47
2023-05-01,2023,5,45-54,Females,Participation rate,82.43
2023-06-01,2023,6,35-44,Persons,Employed total,3161.38
2023-06-01,2023,6,35-44,Males,Employed total,1641.83
2023-06-01,2023,6,35-44,Females,Employed total,1519.55
2023-06-01,2023,6,35-44,Persons,Employment to population ratio,85.23
2023-06-01,2023,6,35-44,Males,Employment to population ratio,89.47
2023-06-01,2023,6,35-44,Females,Employment to population ratio,81.08
2023-06-01,2023,6,35-44,Persons,Unemployed total,73.14
2023-06-01,2023,6,35-44,Males,Unemployed total,35.15
2023-06-01,2023,6,35-44,Females,Unemployed total,38.0
2023-06-01,2023,6,35-44,Persons,Unemployment rate,2.26
2023-06-01,2023,6,35-44,Males,Unemployment rate,2.1
2023-06-01,2023,6,35-44,Females,Unemployment rate,2.44
2023-06-01,2023,6,35-44,Persons,Labour force total,3234.52
2023-06-01,2023,6,35-44,Males,Labour force total,1676.98
2023-06-01,2023,6,35-44,Females,Labour force total,1557.54
2023-06-01,2023,6,35-44,Persons,Participation rate,87.21
2023-06-01,2023,6,35-44,Males,Participation rate,91.39
2023-06-01,2023,6,35-44,Females,Participation rate,83.11
2023-06-01,2023,6,45-54,Persons,Employed total,2734.66
2023-06-01,2023,6,45-54,Males,Employed total,1392.16
2023-06-01,2023,6,45-54,Females,Employed total,1342.5
2023-06-01,2023,6,45-54,Persons,Employment to population ratio,83.12
2023-06-01,2023,6,45-54,Males,Employment to population ratio,85.96
2023-06-01,2023,6,45-54,Females,Employment to population ratio,80.37
2023-06-01,2023,6,45-54,Persons,Unemployed total,66.19
2023-06-01,2023,6,45-54,Males,Unemployed total,32.44
2023-06-01,2023,6,45-54,Females,Unemployed total,33.75
2023-06-01,2023,6,45-54,Persons,Unemployment rate,2.36
2023-06-01,2023,6,45-54,Males,Unemployment rate,2.28
2023-06-01,2023,6,45-54,Females,Unemployment rate,2.45
2023-06-01,2023,6,45-54,Persons,Labour force total,2800.85
2023-06-01,2023,6,45-54,Males,Labour force total,1424.61
2023-06-01,2023,6,45-54,Females,Labour force total,1376.25
2023-06-01,2023,6,45-54,Persons,Participation rate,85.13
2023-06-01,2023,6,45-54,Males,Participation rate,87.96
2023-06-01,2023,6,45-54,Females,Participation rate,82.39
2023-07-01,2023,7,35-44,Persons,Employed total,3150.96
2023-07-01,2023,7,35-44,Males,Employed total,1637.37
2023-07-01,2023,7,35-44,Females,Employed total,1513.59
2023-07-01,2023,7,35-44,Persons,Employment to population ratio,84.71
2023-07-01,2023,7,35-44,Males,Employment to population ratio,88.96
2023-07-01,2023,7,35-44,Females,Employment to population ratio,80.55
2023-07-01,2023,7,35-44,Persons,Unemployed total,73.95
2023-07-01,2023,7,35-44,Males,Unemployed total,37.05
2023-07-01,2023,7,35-44,Females,Unemployed total,36.9
2023-07-01,2023,7,35-44,Persons,Unemployment rate,2.29
2023-07-01,2023,7,35-44,Males,Unemployment rate,2.21
2023-07-01,2023,7,35-44,Females,Unemployment rate,2.38
2023-07-01,2023,7,35-44,Persons,Labour force total,3224.91
2023-07-01,2023,7,35-44,Males,Labour force total,1674.42
2023-07-01,2023,7,35-44,Females,Labour force total,1550.49
2023-07-01,2023,7,35-44,Persons,Participation rate,86.7
2023-07-01,2023,7,35-44,Males,Participation rate,90.97
2023-07-01,2023,7,35-44,Females,Participation rate,82.52
2023-07-01,2023,7,45-54,Persons,Employed total,2724.04
2023-07-01,2023,7,45-54,Males,Employed total,1392.94
2023-07-01,2023,7,45-54,Females,Employed total,1331.1
2023-07-01,2023,7,45-54,Persons,Employment to population ratio,82.75
2023-07-01,2023,7,45-54,Males,Employment to population ratio,85.96
2023-07-01,2023,7,45-54,Females,Employment to population ratio,79.64
2023-07-01,2023,7,45-54,Persons,Unemployed total,72.33
2023-07-01,2023,7,45-54,Males,Unemployed total,35.04
2023-07-01,2023,7,45-54,Females,Unemployed total,37.29
2023-07-01,2023,7,45-54,Persons,Unemployment rate,2.59
2023-07-01,2023,7,45-54,Males,Unemployment rate,2.45
2023-07-01,2023,7,45-54,Females,Unemployment rate,2.73
2023-07-01,2023,7,45-54,Persons,Labour force total,2796.38
2023-07-01,2023,7,45-54,Males,Labour force total,1427.98
2023-07-01,2023,7,45-54,Females,Labour force total,1368.4
2023-07-01,2023,7,45-54,Persons,Participation rate,84.95
2023-07-01,2023,7,45-54,Males,Participation rate,88.12
2023-07-01,2023,7,45-54,Females,Participation rate,81.88
2023-08-01,2023,8,35-44,Persons,Employed total,3165.4
2023-08-01,2023,8,35-44,Males,Employed total,1642.78
2023-08-01,2023,8,35-44,Females,Employed total,1522.62
2023-08-01,2023,8,35-44,Persons,Employment to population ratio,84.86
2023-08-01,2023,8,35-44,Males,Employment to population ratio,88.99
2023-08-01,2023,8,35-44,Females,Employment to population ratio,80.82
2023-08-01,2023,8,35-44,Persons,Unemployed total,81.82
2023-08-01,2023,8,35-44,Males,Unemployed total,40.55
2023-08-01,2023,8,35-44,Females,Unemployed total,41.26
2023-08-01,2023,8,35-44,Persons,Unemployment rate,2.52
2023-08-01,2023,8,35-44,Males,Unemployment rate,2.41
2023-08-01,2023,8,35-44,Females,Unemployment rate,2.64
2023-08-01,2023,8,35-44,Persons,Labour force total,3247.21
2023-08-01,2023,8,35-44,Males,Labour force total,1683.33
2023-08-01,2023,8,35-44,Females,Labour force total,1563.89
2023-08-01,2023,8,35-44,Persons,Participation rate,87.06
2023-08-01,2023,8,35-44,Males,Participation rate,91.18
2023-08-01,2023,8,35-44,Females,Participation rate,83.01
2023-08-01,2023,8,45-54,Persons,Employed total,2728.74
2023-08-01,2023,8,45-54,Males,Employed total,1392.69
2023-08-01,2023,8,45-54,Females,Employed total,1336.05
2023-08-01,2023,8,45-54,Persons,Employment to population ratio,82.85
2023-08-01,2023,8,45-54,Males,Employment to population ratio,85.9
2023-08-01,2023,8,45-54,Females,Employment to population ratio,79.89
2023-08-01,2023,8,45-54,Persons,Unemployed total,72.77
2023-08-01,2023,8,45-54,Males,Unemployed total,38.31
2023-08-01,2023,8,45-54,Females,Unemployed total,34.45
2023-08-01,2023,8,45-54,Persons,Unemployment rate,2.6
2023-08-01,2023,8,45-54,Males,Unemployment rate,2.68
2023-08-01,2023,8,45-54,Females,Unemployment rate,2.51
2023-08-01,2023,8,45-54,Persons,Labour force total,2801.51
2023-08-01,2023,8,45-54,Males,Labour force total,1431.01
2023-08-01,2023,8,45-54,Females,Labour force total,1370.5
2023-08-01,2023,8,45-54,Persons,Participation rate,85.06
2023-08-01,2023,8,45-54,Males,Participation rate,88.26
2023-08-01,2023,8,45-54,Females,Participation rate,81.95
2023-09-01,2023,9,35-44,Persons,Employed total,3174.39
2023-09-01,2023,9,35-44,Males,Employed total,1639.75
2023-09-01,2023,9,35-44,Females,Employed total,1534.64
2023-09-01,2023,9,35-44,Persons,Employment to population ratio,84.86
2023-09-01,2023,9,35-44,Males,Employment to population ratio,88.56
2023-09-01,2023,9,35-44,Females,Employment to population ratio,81.24
2023-09-01,2023,9,35-44,Persons,Unemployed total,74.05
2023-09-01,2023,9,35-44,Males,Unemployed total,37.39
2023-09-01,2023,9,35-44,Females,Unemployed total,36.65
2023-09-01,2023,9,35-44,Persons,Unemployment rate,2.28
2023-09-01,2023,9,35-44,Males,Unemployment rate,2.23
2023-09-01,2023,9,35-44,Females,Unemployment rate,2.33
2023-09-01,2023,9,35-44,Persons,Labour force total,3248.44
2023-09-01,2023,9,35-44,Males,Labour force total,1677.14
2023-09-01,2023,9,35-44,Females,Labour force total,1571.3
2023-09-01,2023,9,35-44,Persons,Participation rate,86.84
2023-09-01,2023,9,35-44,Males,Participation rate,90.58
2023-09-01,2023,9,35-44,Females,Participation rate,83.18
2023-09-01,2023,9,45-54,Persons,Employed total,2722.77
2023-09-01,2023,9,45-54,Males,Employed total,1393.56
2023-09-01,2023,9,45-54,Females,Employed total,1329.21
2023-09-01,2023,9,45-54,Persons,Employment to population ratio,82.62
2023-09-01,2023,9,45-54,Males,Employment to population ratio,85.91
2023-09-01,2023,9,45-54,Females,Employment to population ratio,79.44
2023-09-01,2023,9,45-54,Persons,Unemployed total,69.77
2023-09-01,2023,9,45-54,Males,Unemployed total,30.41
2023-09-01,2023,9,45-54,Females,Unemployed total,39.36
2023-09-01,2023,9,45-54,Persons,Unemployment rate,2.5
2023-09-01,2023,9,45-54,Males,Unemployment rate,2.14
2023-09-01,2023,9,45-54,Females,Unemployment rate,2.88
2023-09-01,2023,9,45-54,Persons,Labour force total,2792.54
2023-09-01,2023,9,45-54,Males,Labour force total,1423.97
2023-09-01,2023,9,45-54,Females,Labour force total,1368.57
2023-09-01,2023,9,45-54,Persons,Participation rate,84.74
2023-09-01,2023,9,45-54,Males,Participation rate,87.78
2023-09-01,2023,9,45-54,Females,Participation rate,81.79
2023-10-01,2023,10,35-44,Persons,Employed total,3177.89
2023-10-01,2023,10,35-44,Males,Employed total,1654.57
2023-10-01,2023,10,35-44,Females,Employed total,1523.32
2023-10-01,2023,10,35-44,Persons,Employment to population ratio,84.74
2023-10-01,2023,10,35-44,Males,Employment to population ratio,89.12
2023-10-01,2023,10,35-44,Females,Employment to population ratio,80.44
2023-10-01,2023,10,35-44,Persons,Unemployed total,72.93
2023-10-01,2023,10,35-44,Males,Unemployed total,37.36
2023-10-01,2023,10,35-44,Females,Unemployed total,35.57
2023-10-01,2023,10,35-44,Persons,Unemployment rate,2.24
2023-10-01,2023,10,35-44,Males,Unemployment rate,2.21
2023-10-01,2023,10,35-44,Females,Unemployment rate,2.28
2023-10-01,2023,10,35-44,Persons,Labour force total,3250.82
2023-10-01,2023,10,35-44,Males,Labour force total,1691.93
2023-10-01,2023,10,35-44,Females,Labour force total,1558.89
2023-10-01,2023,10,35-44,Persons,Participation rate,86.68
2023-10-01,2023,10,35-44,Males,Participation rate,91.13
2023-10-01,2023,10,35-44,Females,Participation rate,82.32
2023-10-01,2023,10,45-54,Persons,Employed total,2745.24
2023-10-01,2023,10,45-54,Males,Employed total,1403.87
2023-10-01,2023,10,45-54,Females,Employed total,1341.37
2023-10-01,2023,10,45-54,Persons,Employment to population ratio,83.26
2023-10-01,2023,10,45-54,Males,Employment to population ratio,86.5
2023-10-01,2023,10,45-54,Females,Employment to population ratio,80.11
2023-10-01,2023,10,45-54,Persons,Unemployed total,61.22
2023-10-01,2023,10,45-54,Males,Unemployed total,28.66
2023-10-01,2023,10,45-54,Females,Unemployed total,32.55
2023-10-01,2023,10,45-54,Persons,Unemployment rate,2.18
2023-10-01,2023,10,45-54,Males,Unemployment rate,2.0
2023-10-01,2023,10,45-54,Females,Unemployment rate,2.37
2023-10-01,2023,10,45-54,Persons,Labour force total,2806.46
2023-10-01,2023,10,45-54,Males,Labour force total,1432.54
2023-10-01,2023,10,45-54,Females,Labour force total,1373.93
2023-10-01,2023,10,45-54,Persons,Participation rate,85.12
2023-10-01,2023,10,45-54,Males,Participation rate,88.27
2023-10-01,2023,10,45-54,Females,Participation rate,82.06
2023-11-01,2023,11,35-44,Persons,Employed total,3204.54
2023-11-01,2023,11,35-44,Males,Employed total,1663.46
2023-11-01,2023,11,35-44,Females,Employed total,1541.08
2023-11-01,2023,11,35-44,Persons,Employment to population ratio,85.23
2023-11-01,2023,11,35-44,Males,Employment to population ratio,89.37
2023-11-01,2023,11,35-44,Females,Employment to population ratio,81.17
2023-11-01,2023,11,35-44,Persons,Unemployed total,78.64
2023-11-01,2023,11,35-44,Males,Unemployed total,40.07
2023-11-01,2023,11,35-44,Females,Unemployed total,38.57
2023-11-01,2023,11,35-44,Persons,Unemployment rate,2.4
2023-11-01,2023,11,35-44,Males,Unemployment rate,2.35
2023-11-01,2023,11,35-44,Females,Unemployment rate,2.44
2023-11-01,2023,11,35-44,Persons,Labour force total,3283.18
2023-11-01,2023,11,35-44,Males,Labour force total,1703.53
2023-11-01,2023,11,35-44,Females,Labour force total,1579.65
2023-11-01,2023,11,35-44,Persons,Participation rate,87.32
2023-11-01,2023,11,35-44,Males,Participation rate,91.52
2023-11-01,2023,11,35-44,Females,Participation rate,83.2
2023-11-01,2023,11,45-54,Persons,Employed total,2756.67
2023-11-01,2023,11,45-54,Males,Employed total,1412.55
2023-11-01,2023,11,45-54,Females,Employed total,1344.13
2023-11-01,2023,11,45-54,Persons,Employment to population ratio,83.56
2023-11-01,2023,11,45-54,Males,Employment to population ratio,87.0
2023-11-01,2023,11,45-54,Females,Employment to population ratio,80.23
2023-11-01,2023,11,45-54,Persons,Unemployed total,63.98
2023-11-01,2023,11,45-54,Males,Unemployed total,26.1
2023-11-01,2023,11,45-54,Females,Unemployed total,37.88
2023-11-01,2023,11,45-54,Persons,Unemployment rate,2.27
2023-11-01,2023,11,45-54,Males,Unemployment rate,1.81
2023-11-01,2023,11,45-54,Females,Unemployment rate,2.74
2023-11-01,2023,11,45-54,Persons,Labour force total,2820.66
2023-11-01,2023,11,45-54,Males,Labour force total,1438.65
2023-11-01,2023,11,45-54,Females,Labour force total,1382.01
2023-11-01,2023,11,45-54,Persons,Participation rate,85.5
2023-11-01,2023,11,45-54,Males,Participation rate,88.61
2023-11-01,2023,11,45-54,Females,Participation rate,82.49
2023-12-01,2023,12,35-44,Persons,Employed total,3213.52
2023-12-01,2023,12,35-44,Males,Employed total,1666.05
2023-12-01,2023,12,35-44,Females,Employed total,1547.46
2023-12-01,2023,12,35-44,Persons,Employment to population ratio,85.25
2023-12-01,2023,12,35-44,Males,Employment to population ratio,89.27
2023-12-01,2023,12,35-44,Females,Employment to population ratio,81.3
2023-12-01,2023,12,35-44,Persons,Unemployed total,77.65
2023-12-01,2023,12,35-44,Males,Unemployed total,37.33
2023-12-01,2023,12,35-44,Females,Unemployed total,40.32
2023-12-01,2023,12,35-44,Persons,Unemployment rate,2.36
2023-12-01,2023,12,35-44,Males,Unemployment rate,2.19
2023-12-01,2023,12,35-44,Females,Unemployment rate,2.54
2023-12-01,2023,12,35-44,Persons,Labour force total,3291.17
2023-12-01,2023,12,35-44,Males,Labour force total,1703.38
2023-12-01,2023,12,35-44,Females,Labour force total,1587.78
2023-12-01,2023,12,35-44,Persons,Participation rate,87.31
2023-12-01,2023,12,35-44,Males,Participation rate,91.27
2023-12-01,2023,12,35-44,Females,Participation rate,83.42
2023-12-01,2023,12,45-54,Persons,Employed total,2732.56
2023-12-01,2023,12,45-54,Males,Employed total,1393.41
2023-12-01,2023,12,45-54,Females,Employed total,1339.15
2023-12-01,2023,12,45-54,Persons,Employment to population ratio,82.79
2023-12-01,2023,12,45-54,Males,Employment to population ratio,85.78
2023-12-01,2023,12,45-54,Females,Employment to population ratio,79.89
2023-12-01,2023,12,45-54,Persons,Unemployed total,67.58
2023-12-01,2023,12,45-54,Males,Unemployed total,37.68
2023-12-01,2023,12,45-54,Females,Unemployed total,29.9
2023-12-01,2023,12,45-54,Persons,Unemployment rate,2.41
2023-12-01,2023,12,45-54,Males,Unemployment rate,2.63
2023-12-01,2023,12,45-54,Females,Unemployment rate,2.18
2023-12-01,2023,12,45-54,Persons,Labour force total,2800.14
2023-12-01,2023,12,45-54,Males,Labour force total,1431.08
2023-12-01,2023,12,45-54,Females,Labour force total,1369.05
2023-12-01,2023,12,45-54,Persons,Participation rate,84.84
2023-12-01,2023,12,45-54,Males,Participation rate,88.1
2023-12-01,2023,12,45-54,Females,Participation rate,81.67
2024-01-01,2024,1,35-44,Persons,Employed total,3136.26
2024-01-01,2024,1,35-44,Males,Employed total,1637.34
2024-01-01,2024,1,35-44,Females,Employed total,1498.91
2024-01-01,2024,1,35-44,Persons,Employment to population ratio,82.99
2024-01-01,2024,1,35-44,Males,Employment to population ratio,87.51
2024-01-01,2024,1,35-44,Females,Employment to population ratio,78.56
2024-01-01,2024,1,35-44,Persons,Unemployed total,88.64
2024-01-01,2024,1,35-44,Males,Unemployed total,45.88
2024-01-01,2024,1,35-44,Females,Unemployed total,42.75
2024-01-01,2024,1,35-44,Persons,Unemployment rate,2.75
2024-01-01,2024,1,35-44,Males,Unemployment rate,2.73
2024-01-01,2024,1,35-44,Females,Unemployment rate,2.77
2024-01-01,2024,1,35-44,Persons,Labour force total,3224.89
2024-01-01,2024,1,35-44,Males,Labour force total,1683.22
2024-01-01,2024,1,35-44,Females,Labour force total,1541.67
2024-01-01,2024,1,35-44,Persons,Participation rate,85.33
2024-01-01,2024,1,35-44,Males,Participation rate,89.96
2024-01-01,2024,1,35-44,Females,Participation rate,80.8
2024-01-01,2024,1,45-54,Persons,Employed total,2682.16
2024-01-01,2024,1,45-54,Males,Employed total,1377.51
2024-01-01,2024,1,45-54,Females,Employed total,1304.65
2024-01-01,2024,1,45-54,Persons,Employment to population ratio,81.22
2024-01-01,2024,1,45-54,Males,Employment to population ratio,84.77
2024-01-01,2024,1,45-54,Females,Employment to population ratio,77.78
2024-01-01,2024,1,45-54,Persons,Unemployed total,76.97
2024-01-01,2024,1,45-54,Males,Unemployed total,35.68
2024-01-01,2024,1,45-54,Females,Unemployed total,41.29
2024-01-01,2024,1,45-54,Persons,Unemployment rate,2.79
2024-01-01,2024,1,45-54,Males,Unemployment rate,2.52
2024-01-01,2024,1,45-54,Females,Unemployment rate,3.07
2024-01-01,2024,1,45-54,Persons,Labour force total,2759.13
2024-01-01,2024,1,45-54,Males,Labour force total,1413.19
2024-01-01,2024,1,45-54,Females,Labour force total,1345.94
2024-01-01,2024,1,45-54,Persons,Participation rate,83.55
2024-01-01,2024,1,45-54,Males,Participation rate,86.97
2024-01-01,2024,1,45-54,Females,Participation rate,80.24
2024-02-01,2024,2,35-44,Persons,Employed total,3210.75
2024-02-01,2024,2,35-44,Males,Employed total,1674.26
2024-02-01,2024,2,35-44,Females,Employed total,1536.5
2024-02-01,2024,2,35-44,Persons,Employment to population ratio,84.75
2024-02-01,2024,2,35-44,Males,Employment to population ratio,89.25
2024-02-01,2024,2,35-44,Females,Employment to population ratio,80.33
2024-02-01,2024,2,35-44,Persons,Unemployed total,80.92
2024-02-01,2024,2,35-44,Males,Unemployed total,33.52
2024-02-01,2024,2,35-44,Females,Unemployed total,47.39
2024-02-01,2024,2,35-44,Persons,Unemployment rate,2.46
2024-02-01,2024,2,35-44,Males,Unemployment rate,1.96
2024-02-01,2024,2,35-44,Females,Unemployment rate,2.99
2024-02-01,2024,2,35-44,Persons,Labour force total,3291.67
2024-02-01,2024,2,35-44,Males,Labour force total,1707.78
2024-02-01,2024,2,35-44,Females,Labour force total,1583.89
2024-02-01,2024,2,35-44,Persons,Participation rate,86.89
2024-02-01,2024,2,35-44,Males,Participation rate,91.04
2024-02-01,2024,2,35-44,Females,Participation rate,82.81
2024-02-01,2024,2,45-54,Persons,Employed total,2755.66
2024-02-01,2024,2,45-54,Males,Employed total,1409.73
2024-02-01,2024,2,45-54,Females,Employed total,1345.92
2024-02-01,2024,2,45-54,Persons,Employment to population ratio,83.41
2024-02-01,2024,2,45-54,Males,Employment to population ratio,86.72
2024-02-01,2024,2,45-54,Females,Employment to population ratio,80.2
2024-02-01,2024,2,45-54,Persons,Unemployed total,77.38
2024-02-01,2024,2,45-54,Males,Unemployed total,37.88
2024-02-01,2024,2,45-54,Females,Unemployed total,39.5
2024-02-01,2024,2,45-54,Persons,Unemployment rate,2.73
2024-02-01,2024,2,45-54,Males,Unemployment rate,2.62
2024-02-01,2024,2,45-54,Females,Unemployment rate,2.85
2024-02-01,2024,2,45-54,Persons,Labour force total,2833.04
2024-02-01,2024,2,45-54,Males,Labour force total,1447.62
2024-02-01,2024,2,45-54,Females,Labour force total,1385.42
2024-02-01,2024,2,45-54,Persons,Participation rate,85.75
2024-02-01,2024,2,45-54,Males,Participation rate,89.05
2024-02-01,2024,2,45-54,Females,Participation rate,82.55
2024-03-01,2024,3,35-44,Persons,Employed total,3210.91
2024-03-01,2024,3,35-44,Males,Employed total,1678.06
2024-03-01,2024,3,35-44,Females,Employed total,1532.85
2024-03-01,2024,3,35-44,Persons,Employment to population ratio,84.54
2024-03-01,2024,3,35-44,Males,Employment to population ratio,89.23
2024-03-01,2024,3,35-44,Females,Employment to population ratio,79.95
2024-03-01,2024,3,35-44,Persons,Unemployed total,87.45
2024-03-01,2024,3,35-44,Males,Unemployed total,35.0
2024-03-01,2024,3,35-44,Females,Unemployed total,52.45
2024-03-01,2024,3,35-44,Persons,Unemployment rate,2.65
2024-03-01,2024,3,35-44,Males,Unemployment rate,2.04
2024-03-01,2024,3,35-44,Females,Unemployment rate,3.31
2024-03-01,2024,3,35-44,Persons,Labour force total,3298.36
2024-03-01,2024,3,35-44,Males,Labour force total,1713.06
2024-03-01,2024,3,35-44,Females,Labour force total,1585.29
2024-03-01,2024,3,35-44,Persons,Participation rate,86.85
2024-03-01,2024,3,35-44,Males,Participation rate,91.09
2024-03-01,2024,3,35-44,Females,Participation rate,82.68
2024-03-01,2024,3,45-54,Persons,Employed total,2750.53
2024-03-01,2024,3,45-54,Males,Employed total,1406.14
2024-03-01,2024,3,45-54,Females,Employed total,1344.4
2024-03-01,2024,3,45-54,Persons,Employment to population ratio,83.21
2024-03-01,2024,3,45-54,Males,Employment to population ratio,86.46
2024-03-01,2024,3,45-54,Females,Employment to population ratio,80.06
2024-03-01,2024,3,45-54,Persons,Unemployed total,64.33
2024-03-01,2024,3,45-54,Males,Unemployed total,26.04
2024-03-01,2024,3,45-54,Females,Unemployed total,38.29
2024-03-01,2024,3,45-54,Persons,Unemployment rate,2.29
2024-03-01,2024,3,45-54,Males,Unemployment rate,1.82
2024-03-01,2024,3,45-54,Females,Unemployment rate,2.77
2024-03-01,2024,3,45-54,Persons,Labour force total,2814.86
2024-03-01,2024,3,45-54,Males,Labour force total,1432.18
2024-03-01,2024,3,45-54,Females,Labour force total,1382.69
2024-03-01,2024,3,45-54,Persons,Participation rate,85.16
2024-03-01,2024,3,45-54,Males,Participation rate,88.07
2024-03-01,2024,3,45-54,Females,Participation rate,82.34
2024-04-01,2024,4,35-44,Persons,Employed total,3198.46
2024-04-01,2024,4,35-44,Males,Employed total,1667.27
2024-04-01,2024,4,35-44,Females,Employed total,1531.19
2024-04-01,2024,4,35-44,Persons,Employment to population ratio,84.03
2024-04-01,2024,4,35-44,Males,Employment to population ratio,88.46
2024-04-01,2024,4,35-44,Females,Employment to population ratio,79.69
2024-04-01,2024,4,35-44,Persons,Unemployed total,90.86
2024-04-01,2024,4,35-44,Males,Unemployed total,44.43
2024-04-01,2024,4,35-44,Females,Unemployed total,46.43
2024-04-01,2024,4,35-44,Persons,Unemployment rate,2.76
2024-04-01,2024,4,35-44,Males,Unemployment rate,2.6
2024-04-01,2024,4,35-44,Females,Unemployment rate,2.94
2024-04-01,2024,4,35-44,Persons,Labour force total,3289.32
2024-04-01,2024,4,35-44,Males,Labour force total,1711.7
2024-04-01,2024,4,35-44,Females,Labour force total,1577.62
2024-04-01,2024,4,35-44,Persons,Participation rate,86.42
2024-04-01,2024,4,35-44,Males,Participation rate,90.82
2024-04-01,2024,4,35-44,Females,Participation rate,82.11
2024-04-01,2024,4,45-54,Persons,Employed total,2738.2
2024-04-01,2024,4,45-54,Males,Employed total,1400.22
2024-04-01,2024,4,45-54,Females,Employed total,1337.98
2024-04-01,2024,4,45-54,Persons,Employment to population ratio,82.8
2024-04-01,2024,4,45-54,Males,Employment to population ratio,86.07
2024-04-01,2024,4,45-54,Females,Employment to population ratio,79.64
2024-04-01,2024,4,45-54,Persons,Unemployed total,70.79
2024-04-01,2024,4,45-54,Males,Unemployed total,33.79
2024-04-01,2024,4,45-54,Females,Unemployed total,37.0
2024-04-01,2024,4,45-54,Persons,Unemployment rate,2.52
2024-04-01,2024,4,45-54,Males,Unemployment rate,2.36
2024-04-01,2024,4,45-54,Females,Unemployment rate,2.69
2024-04-01,2024,4,45-54,Persons,Labour force total,2808.99
2024-04-01,2024,4,45-54,Males,Labour force total,1434.02
2024-04-01,2024,4,45-54,Females,Labour force total,1374.98
2024-04-01,2024,4,45-54,Persons,Participation rate,84.95
2024-04-01,2024,4,45-54,Males,Participation rate,88.15
2024-04-01,2024,4,45-54,Females,Participation rate,81.84
2024-05-01,2024,5,35-44,Persons,Employed total,3245.47
2024-05-01,2024,5,35-44,Males,Employed total,1690.89
2024-05-01,2024,5,35-44,Females,Employed total,1554.58
2024-05-01,2024,5,35-44,Persons,Employment to population ratio,85.09
2024-05-01,2024,5,35-44,Males,Employment to population ratio,89.51
2024-05-01,2024,5,35-44,Females,Employment to population ratio,80.74
2024-05-01,2024,5,35-44,Persons,Unemployed total,84.06
2024-05-01,2024,5,35-44,Males,Unemployed total,36.14
2024-05-01,2024,5,35-44,Females,Unemployed total,47.93
2024-05-01,2024,5,35-44,Persons,Unemployment rate,2.52
2024-05-01,2024,5,35-44,Males,Unemployment rate,2.09
2024-05-01,2024,5,35-44,Females,Unemployment rate,2.99
2024-05-01,2024,5,35-44,Persons,Labour force total,3329.54
2024-05-01,2024,5,35-44,Males,Labour force total,1727.03
2024-05-01,2024,5,35-44,Females,Labour force total,1602.51
2024-05-01,2024,5,35-44,Persons,Participation rate,87.29
2024-05-01,2024,5,35-44,Males,Participation rate,91.43
2024-05-01,2024,5,35-44,Females,Participation rate,83.23
2024-05-01,2024,5,45-54,Persons,Employed total,2760.05
2024-05-01,2024,5,45-54,Males,Employed total,1411.56
2024-05-01,2024,5,45-54,Females,Employed total,1348.49
2024-05-01,2024,5,45-54,Persons,Employment to population ratio,83.43
2024-05-01,2024,5,45-54,Males,Employment to population ratio,86.74
2024-05-01,2024,5,45-54,Females,Employment to population ratio,80.23
2024-05-01,2024,5,45-54,Persons,Unemployed total,62.16
2024-05-01,2024,5,45-54,Males,Unemployed total,32.37
2024-05-01,2024,5,45-54,Females,Unemployed total,29.8
2024-05-01,2024,5,45-54,Persons,Unemployment rate,2.2
2024-05-01,2024,5,45-54,Males,Unemployment rate,2.24
2024-05-01,2024,5,45-54,Females,Unemployment rate,2.16
2024-05-01,2024,5,45-54,Persons,Labour force total,2822.22
2024-05-01,2024,5,45-54,Males,Labour force total,1443.93
2024-05-01,2024,5,45-54,Females,Labour force total,1378.29
2024-05-01,2024,5,45-54,Persons,Participation rate,85.31
2024-05-01,2024,5,45-54,Males,Participation rate,88.73
2024-05-01,2024,5,45-54,Females,Participation rate,82.01
2024-06-01,2024,6,35-44,Persons,Employed total,3245.14
2024-06-01,2024,6,35-44,Males,Employed total,1682.63
2024-06-01,2024,6,35-44,Females,Employed total,1562.52
2024-06-01,2024,6,35-44,Persons,Employment to population ratio,84.9
2024-06-01,2024,6,35-44,Males,Employment to population ratio,88.88
2024-06-01,2024,6,35-44,Females,Employment to population ratio,80.99
2024-06-01,2024,6,35-44,Persons,Unemployed total,86.44
2024-06-01,2024,6,35-44,Males,Unemployed total,35.39
2024-06-01,2024,6,35-44,Females,Unemployed total,51.04
2024-06-01,2024,6,35-44,Persons,Unemployment rate,2.59
2024-06-01,2024,6,35-44,Males,Unemployment rate,2.06
2024-06-01,2024,6,35-44,Females,Unemployment rate,3.16
2024-06-01,2024,6,35-44,Persons,Labour force total,3331.58
2024-06-01,2024,6,35-44,Males,Labour force total,1718.02
2024-06-01,2024,6,35-44,Females,Labour force total,1613.56
2024-06-01,2024,6,35-44,Persons,Participation rate,87.16
2024-06-01,2024,6,35-44,Males,Participation rate,90.75
2024-06-01,2024,6,35-44,Females,Participation rate,83.63
2024-06-01,2024,6,45-54,Persons,Employed total,2739.71
2024-06-01,2024,6,45-54,Males,Employed total,1403.73
2024-06-01,2024,6,45-54,Females,Employed total,1335.98
2024-06-01,2024,6,45-54,Persons,Employment to population ratio,82.79
2024-06-01,2024,6,45-54,Males,Employment to population ratio,86.23
2024-06-01,2024,6,45-54,Females,Employment to population ratio,79.46
2024-06-01,2024,6,45-54,Persons,Unemployed total,78.99
2024-06-01,2024,6,45-54,Males,Unemployed total,37.09
2024-06-01,2024,6,45-54,Females,Unemployed total,41.9
2024-06-01,2024,6,45-54,Persons,Unemployment rate,2.8
2024-06-01,2024,6,45-54,Males,Unemployment rate,2.57
2024-06-01,2024,6,45-54,Females,Unemployment rate,3.04
2024-06-01,2024,6,45-54,Persons,Labour force total,2818.7
2024-06-01,2024,6,45-54,Males,Labour force total,1440.82
2024-06-01,2024,6,45-54,Females,Labour force total,1377.88
2024-06-01,2024,6,45-54,Persons,Participation rate,85.18
2024-06-01,2024,6,45-54,Males,Participation rate,88.51
2024-06-01,2024,6,45-54,Females,Participation rate,81.95
2024-07-01,2024,7,35-44,Persons,Employed total,3260.35
2024-07-01,2024,7,35-44,Males,Employed total,1694.12
2024-07-01,2024,7,35-44,Females,Employed total,1566.24
2024-07-01,2024,7,35-44,Persons,Employment to population ratio,85.12
2024-07-01,2024,7,35-44,Males,Employment to population ratio,89.3
2024-07-01,2024,7,35-44,Females,Employment to population ratio,81.02
2024-07-01,2024,7,35-44,Persons,Unemployed total,93.33
2024-07-01,2024,7,35-44,Males,Unemployed total,46.93
2024-07-01,2024,7,35-44,Females,Unemployed total,46.4
2024-07-01,2024,7,35-44,Persons,Unemployment rate,2.78
2024-07-01,2024,7,35-44,Males,Unemployment rate,2.7
2024-07-01,2024,7,35-44,Females,Unemployment rate,2.88
2024-07-01,2024,7,35-44,Persons,Labour force total,3353.69
2024-07-01,2024,7,35-44,Males,Labour force total,1741.05
2024-07-01,2024,7,35-44,Females,Labour force total,1612.64
2024-07-01,2024,7,35-44,Persons,Participation rate,87.56
2024-07-01,2024,7,35-44,Males,Participation rate,91.78
2024-07-01,2024,7,35-44,Females,Participation rate,83.42
2024-07-01,2024,7,45-54,Persons,Employed total,2742.25
2024-07-01,2024,7,45-54,Males,Employed total,1402.33
2024-07-01,2024,7,45-54,Females,Employed total,1339.91
2024-07-01,2024,7,45-54,Persons,Employment to population ratio,82.83
2024-07-01,2024,7,45-54,Males,Employment to population ratio,86.11
2024-07-01,2024,7,45-54,Females,Employment to population ratio,79.65
2024-07-01,2024,7,45-54,Persons,Unemployed total,76.35
2024-07-01,2024,7,45-54,Males,Unemployed total,36.83
2024-07-01,2024,7,45-54,Females,Unemployed total,39.52
2024-07-01,2024,7,45-54,Persons,Unemployment rate,2.71
2024-07-01,2024,7,45-54,Males,Unemployment rate,2.56
2024-07-01,2024,7,45-54,Females,Unemployment rate,2.87
2024-07-01,2024,7,45-54,Persons,Labour force total,2818.59
2024-07-01,2024,7,45-54,Males,Labour force total,1439.16
2024-07-01,2024,7,45-54,Females,Labour force total,1379.43
2024-07-01,2024,7,45-54,Persons,Participation rate,85.13
2024-07-01,2024,7,45-54,Males,Participation rate,88.37
2024-07-01,2024,7,45-54,Females,Participation rate,82.0
2024-08-01,2024,8,35-44,Persons,Employed total,3263.67
2024-08-01,2024,8,35-44,Males,Employed total,1696.43
2024-08-01,2024,8,35-44,Females,Employed total,1567.24
2024-08-01,2024,8,35-44,Persons,Employment to population ratio,85.04
2024-08-01,2024,8,35-44,Males,Employment to population ratio,89.25
2024-08-01,2024,8,35-44,Females,Employment to population ratio,80.91
2024-08-01,2024,8,35-44,Persons,Unemployed total,92.66
2024-08-01,2024,8,35-44,Males,Unemployed total,43.21
2024-08-01,2024,8,35-44,Females,Unemployed total,49.45
2024-08-01,2024,8,35-44,Persons,Unemployment rate,2.76
2024-08-01,2024,8,35-44,Males,Unemployment rate,2.48
2024-08-01,2024,8,35-44,Females,Unemployment rate,3.06
2024-08-01,2024,8,35-44,Persons,Labour force total,3356.33
2024-08-01,2024,8,35-44,Males,Labour force total,1739.64
2024-08-01,2024,8,35-44,Females,Labour force total,1616.69
2024-08-01,2024,8,35-44,Persons,Participation rate,87.45
2024-08-01,2024,8,35-44,Males,Participation rate,91.52
2024-08-01,2024,8,35-44,Females,Participation rate,83.46
2024-08-01,2024,8,45-54,Persons,Employed total,2743.11
2024-08-01,2024,8,45-54,Males,Employed total,1401.48
2024-08-01,2024,8,45-54,Females,Employed total,1341.64
2024-08-01,2024,8,45-54,Persons,Employment to population ratio,82.82
2024-08-01,2024,8,45-54,Males,Employment to population ratio,86.03
2024-08-01,2024,8,45-54,Females,Employment to population ratio,79.71
2024-08-01,2024,8,45-54,Persons,Unemployed total,78.16
2024-08-01,2024,8,45-54,Males,Unemployed total,38.74
2024-08-01,2024,8,45-54,Females,Unemployed total,39.42
2024-08-01,2024,8,45-54,Persons,Unemployment rate,2.77
2024-08-01,2024,8,45-54,Males,Unemployment rate,2.69
2024-08-01,2024,8,45-54,Females,Unemployment rate,2.85
2024-08-01,2024,8,45-54,Persons,Labour force total,2821.28
2024-08-01,2024,8,45-54,Males,Labour force total,1440.22
2024-08-01,2024,8,45-54,Females,Labour force total,1381.06
2024-08-01,2024,8,45-54,Persons,Participation rate,85.18
2024-08-01,2024,8,45-54,Males,Participation rate,88.4
2024-08-01,2024,8,45-54,Females,Participation rate,82.05
2024-09-01,2024,9,35-44,Persons,Employed total,3287.98
2024-09-01,2024,9,35-44,Males,Employed total,1712.21
2024-09-01,2024,9,35-44,Females,Employed total,1575.77
2024-09-01,2024,9,35-44,Persons,Employment to population ratio,85.5
2024-09-01,2024,9,35-44,Males,Employment to population ratio,89.9
2024-09-01,2024,9,35-44,Females,Employment to population ratio,81.18
2024-09-01,2024,9,35-44,Persons,Unemployed total,86.79
2024-09-01,2024,9,35-44,Males,Unemployed total,38.93
2024-09-01,2024,9,35-44,Females,Unemployed total,47.86
2024-09-01,2024,9,35-44,Persons,Unemployment rate,2.57
2024-09-01,2024,9,35-44,Males,Unemployment rate,2.22
2024-09-01,2024,9,35-44,Females,Unemployment rate,2.95
2024-09-01,2024,9,35-44,Persons,Labour force total,3374.77
2024-09-01,2024,9,35-44,Males,Labour force total,1751.14
2024-09-01,2024,9,35-44,Females,Labour force total,1623.63
2024-09-01,2024,9,35-44,Persons,Participation rate,87.76
2024-09-01,2024,9,35-44,Males,Participation rate,91.94
2024-09-01,2024,9,35-44,Females,Participation rate,83.65
2024-09-01,2024,9,45-54,Persons,Employed total,2738.41
2024-09-01,2024,9,45-54,Males,Employed total,1401.27
2024-09-01,2024,9,45-54,Females,Employed total,1337.14
2024-09-01,2024,9,45-54,Persons,Employment to population ratio,82.64
2024-09-01,2024,9,45-54,Males,Employment to population ratio,85.98
2024-09-01,2024,9,45-54,Females,Employment to population ratio,79.4
2024-09-01,2024,9,45-54,Persons,Unemployed total,69.94
2024-09-01,2024,9,45-54,Males,Unemployed total,36.82
2024-09-01,2024,9,45-54,Females,Unemployed total,33.11
2024-09-01,2024,9,45-54,Persons,Unemployment rate,2.49
2024-09-01,2024,9,45-54,Males,Unemployment rate,2.56
2024-09-01,2024,9,45-54,Females,Unemployment rate,2.42
2024-09-01,2024,9,45-54,Persons,Labour force total,2808.34
2024-09-01,2024,9,45-54,Males,Labour force total,1438.09
2024-09-01,2024,9,45-54,Females,Labour force total,1370.25
2024-09-01,2024,9,45-54,Persons,Participation rate,84.75
2024-09-01,2024,9,45-54,Males,Participation rate,88.24
2024-09-01,2024,9,45-54,Females,Participation rate,81.37
2024-10-01,2024,10,35-44,Persons,Employed total,3273.81
2024-10-01,2024,10,35-44,Males,Employed total,1703.72
2024-10-01,2024,10,35-44,Females,Employed total,1570.1
2024-10-01,2024,10,35-44,Persons,Employment to population ratio,84.95
2024-10-01,2024,10,35-44,Males,Employment to population ratio,89.26
2024-10-01,2024,10,35-44,Females,Employment to population ratio,80.72
2024-10-01,2024,10,35-44,Persons,Unemployed total,93.23
2024-10-01,2024,10,35-44,Males,Unemployed total,44.97
2024-10-01,2024,10,35-44,Females,Unemployed total,48.26
2024-10-01,2024,10,35-44,Persons,Unemployment rate,2.77
2024-10-01,2024,10,35-44,Males,Unemployment rate,2.57
2024-10-01,2024,10,35-44,Females,Unemployment rate,2.98
2024-10-01,2024,10,35-44,Persons,Labour force total,3367.04
2024-10-01,2024,10,35-44,Males,Labour force total,1748.69
2024-10-01,2024,10,35-44,Females,Labour force total,1618.35
2024-10-01,2024,10,35-44,Persons,Participation rate,87.37
2024-10-01,2024,10,35-44,Males,Participation rate,91.62
2024-10-01,2024,10,35-44,Females,Participation rate,83.2
2024-10-01,2024,10,45-54,Persons,Employed total,2760.16
2024-10-01,2024,10,45-54,Males,Employed total,1413.45
2024-10-01,2024,10,45-54,Females,Employed total,1346.71
2024-10-01,2024,10,45-54,Persons,Employment to population ratio,83.25
2024-10-01,2024,10,45-54,Males,Employment to population ratio,86.68
2024-10-01,2024,10,45-54,Females,Employment to population ratio,79.92
2024-10-01,2024,10,45-54,Persons,Unemployed total,70.05
2024-10-01,2024,10,45-54,Males,Unemployed total,32.93
2024-10-01,2024,10,45-54,Females,Unemployed total,37.12
2024-10-01,2024,10,45-54,Persons,Unemployment rate,2.48
2024-10-01,2024,10,45-54,Males,Unemployment rate,2.28
2024-10-01,2024,10,45-54,Females,Unemployment rate,2.68
2024-10-01,2024,10,45-54,Persons,Labour force total,2830.21
2024-10-01,2024,10,45-54,Males,Labour force total,1446.38
2024-10-01,2024,10,45-54,Females,Labour force total,1383.83
2024-10-01,2024,10,45-54,Persons,Participation rate,85.36
2024-10-01,2024,10,45-54,Males,Participation rate,88.7
2024-10-01,2024,10,45-54,Females,Participation rate,82.13
2024-11-01,2024,11,35-44,Persons,Employed total,3309.17
2024-11-01,2024,11,35-44,Males,Employed total,1722.32
2024-11-01,2024,11,35-44,Females,Employed total,1586.85
2024-11-01,2024,11,35-44,Persons,Employment to population ratio,85.68
2024-11-01,2024,11,35-44,Males,Employment to population ratio,90.05
2024-11-01,2024,11,35-44,Females,Employment to population ratio,81.4
2024-11-01,2024,11,35-44,Persons,Unemployed total,90.06
2024-11-01,2024,11,35-44,Males,Unemployed total,44.18
2024-11-01,2024,11,35-44,Females,Unemployed total,45.88
2024-11-01,2024,11,35-44,Persons,Unemployment rate,2.65
2024-11-01,2024,11,35-44,Males,Unemployment rate,2.5
2024-11-01,2024,11,35-44,Females,Unemployment rate,2.81
2024-11-01,2024,11,35-44,Persons,Labour force total,3399.23
2024-11-01,2024,11,35-44,Males,Labour force total,1766.5
2024-11-01,2024,11,35-44,Females,Labour force total,1632.73
2024-11-01,2024,11,35-44,Persons,Participation rate,88.02
2024-11-01,2024,11,35-44,Males,Participation rate,92.36
2024-11-01,2024,11,35-44,Females,Participation rate,83.75
2024-11-01,2024,11,45-54,Persons,Employed total,2772.71
2024-11-01,2024,11,45-54,Males,Employed total,1421.3
2024-11-01,2024,11,45-54,Females,Employed total,1351.41
2024-11-01,2024,11,45-54,Persons,Employment to population ratio,83.58
2024-11-01,2024,11,45-54,Males,Employment to population ratio,87.12
2024-11-01,2024,11,45-54,Females,Employment to population ratio,80.16
2024-11-01,2024,11,45-54,Persons,Unemployed total,74.98
2024-11-01,2024,11,45-54,Males,Unemployed total,33.78
2024-11-01,2024,11,45-54,Females,Unemployed total,41.19
2024-11-01,2024,11,45-54,Persons,Unemployment rate,2.63
2024-11-01,2024,11,45-54,Males,Unemployment rate,2.32
2024-11-01,2024,11,45-54,Females,Unemployment rate,2.96
2024-11-01,2024,11,45-54,Persons,Labour force total,2847.68
2024-11-01,2024,11,45-54,Males,Labour force total,1455.08
2024-11-01,2024,11,45-54,Females,Labour force total,1392.6
2024-11-01,2024,11,45-54,Persons,Participation rate,85.84
2024-11-01,2024,11,45-54,Males,Participation rate,89.19
2024-11-01,2024,11,45-54,Females,Participation rate,82.6
2024-12-01,2024,12,35-44,Persons,Employed total,3337.12
2024-12-01,2024,12,35-44,Males,Employed total,1731.9
2024-12-01,2024,12,35-44,Females,Employed total,1605.23
2024-12-01,2024,12,35-44,Persons,Employment to population ratio,86.22
2024-12-01,2024,12,35-44,Males,Employment to population ratio,90.36
2024-12-01,2024,12,35-44,Females,Employment to population ratio,82.17
2024-12-01,2024,12,35-44,Persons,Unemployed total,87.77
2024-12-01,2024,12,35-44,Males,Unemployed total,42.44
2024-12-01,2024,12,35-44,Females,Unemployed total,45.33
2024-12-01,2024,12,35-44,Persons,Unemployment rate,2.56
2024-12-01,2024,12,35-44,Males,Unemployment rate,2.39
2024-12-01,2024,12,35-44,Females,Unemployment rate,2.75
2024-12-01,2024,12,35-44,Persons,Labour force total,3424.89
2024-12-01,2024,12,35-44,Males,Labour force total,1774.33
2024-12-01,2024,12,35-44,Females,Labour force total,1650.56
2024-12-01,2024,12,35-44,Persons,Participation rate,88.49
2024-12-01,2024,12,35-44,Males,Participation rate,92.58
2024-12-01,2024,12,35-44,Females,Participation rate,84.49
2024-12-01,2024,12,45-54,Persons,Employed total,2777.76
2024-12-01,2024,12,45-54,Males,Employed total,1418.45
2024-12-01,2024,12,45-54,Females,Employed total,1359.31
2024-12-01,2024,12,45-54,Persons,Employment to population ratio,83.69
2024-12-01,2024,12,45-54,Males,Employment to population ratio,86.9
2024-12-01,2024,12,45-54,Females,Employment to population ratio,80.58
2024-12-01,2024,12,45-54,Persons,Unemployed total,69.05
2024-12-01,2024,12,45-54,Males,Unemployed total,36.84
2024-12-01,2024,12,45-54,Females,Unemployed total,32.2
2024-12-01,2024,12,45-54,Persons,Unemployment rate,2.43
2024-12-01,2024,12,45-54,Males,Unemployment rate,2.53
2024-12-01,2024,12,45-54,Females,Unemployment rate,2.31
2024-12-01,2024,12,45-54,Persons,Labour force total,2846.8
2024-12-01,2024,12,45-54,Males,Labour force total,1455.29
2024-12-01,2024,12,45-54,Females,Labour force total,1391.51
2024-12-01,2024,12,45-54,Persons,Participation rate,85.77
2024-12-01,2024,12,45-54,Males,Participation rate,89.16
2024-12-01,2024,12,45-54,Females,Participation rate,82.49
2025-01-01,2025,1,35-44,Persons,Employed total,3264.97
2025-01-01,2025,1,35-44,Males,Employed total,1699.2
2025-01-01,2025,1,35-44,Females,Employed total,1565.77
2025-01-01,2025,1,35-44,Persons,Employment to population ratio,84.18
2025-01-01,2025,1,35-44,Males,Employment to population ratio,88.47
2025-01-01,2025,1,35-44,Females,Employment to population ratio,79.98
2025-01-01,2025,1,35-44,Persons,Unemployed total,103.72
2025-01-01,2025,1,35-44,Males,Unemployed total,52.52
2025-01-01,2025,1,35-44,Females,Unemployed total,51.2
2025-01-01,2025,1,35-44,Persons,Unemployment rate,3.08
2025-01-01,2025,1,35-44,Males,Unemployment rate,3.0
2025-01-01,2025,1,35-44,Females,Unemployment rate,3.17
2025-01-01,2025,1,35-44,Persons,Labour force total,3368.69
2025-01-01,2025,1,35-44,Males,Labour force total,1751.72
2025-01-01,2025,1,35-44,Females,Labour force total,1616.97
2025-01-01,2025,1,35-44,Persons,Participation rate,86.86
2025-01-01,2025,1,35-44,Males,Participation rate,91.21
2025-01-01,2025,1,35-44,Females,Participation rate,82.59
2025-01-01,2025,1,45-54,Persons,Employed total,2742.37
2025-01-01,2025,1,45-54,Males,Employed total,1405.61
2025-01-01,2025,1,45-54,Females,Employed total,1336.77
2025-01-01,2025,1,45-54,Persons,Employment to population ratio,82.58
2025-01-01,2025,1,45-54,Males,Employment to population ratio,86.07
2025-01-01,2025,1,45-54,Females,Employment to population ratio,79.2
2025-01-01,2025,1,45-54,Persons,Unemployed total,86.12
2025-01-01,2025,1,45-54,Males,Unemployed total,40.46
2025-01-01,2025,1,45-54,Females,Unemployed total,45.66
2025-01-01,2025,1,45-54,Persons,Unemployment rate,3.04
2025-01-01,2025,1,45-54,Males,Unemployment rate,2.8
2025-01-01,2025,1,45-54,Females,Unemployment rate,3.3
2025-01-01,2025,1,45-54,Persons,Labour force total,2828.5
2025-01-01,2025,1,45-54,Males,Labour force total,1446.07
2025-01-01,2025,1,45-54,Females,Labour force total,1382.43
2025-01-01,2025,1,45-54,Persons,Participation rate,85.17
2025-01-01,2025,1,45-54,Males,Participation rate,88.55
2025-01-01,2025,1,45-54,Females,Participation rate,81.9
2025-02-01,2025,2,35-44,Persons,Employed total,3325.87
2025-02-01,2025,2,35-44,Males,Employed total,1730.87
2025-02-01,2025,2,35-44,Females,Employed total,1595.0
2025-02-01,2025,2,35-44,Persons,Employment to population ratio,85.57
2025-02-01,2025,2,35-44,Males,Employment to population ratio,89.94
2025-02-01,2025,2,35-44,Females,Employment to population ratio,81.3
2025-02-01,2025,2,35-44,Persons,Unemployed total,96.62
2025-02-01,2025,2,35-44,Males,Unemployed total,47.4
2025-02-01,2025,2,35-44,Females,Unemployed total,49.23
2025-02-01,2025,2,35-44,Persons,Unemployment rate,2.82
2025-02-01,2025,2,35-44,Males,Unemployment rate,2.67
2025-02-01,2025,2,35-44,Females,Unemployment rate,2.99
2025-02-01,2025,2,35-44,Persons,Labour force total,3422.49
2025-02-01,2025,2,35-44,Males,Labour force total,1778.26
2025-02-01,2025,2,35-44,Females,Labour force total,1644.23
2025-02-01,2025,2,35-44,Persons,Participation rate,88.06
2025-02-01,2025,2,35-44,Males,Participation rate,92.4
2025-02-01,2025,2,35-44,Females,Participation rate,83.8
2025-02-01,2025,2,45-54,Persons,Employed total,2769.09
2025-02-01,2025,2,45-54,Males,Employed total,1415.32
2025-02-01,2025,2,45-54,Females,Employed total,1353.77
2025-02-01,2025,2,45-54,Persons,Employment to population ratio,83.34
2025-02-01,2025,2,45-54,Males,Employment to population ratio,86.63
2025-02-01,2025,2,45-54,Females,Employment to population ratio,80.15
2025-02-01,2025,2,45-54,Persons,Unemployed total,90.92
2025-02-01,2025,2,45-54,Males,Unemployed total,46.95
2025-02-01,2025,2,45-54,Females,Unemployed total,43.97
2025-02-01,2025,2,45-54,Persons,Unemployment rate,3.18
2025-02-01,2025,2,45-54,Males,Unemployment rate,3.21
2025-02-01,2025,2,45-54,Females,Unemployment rate,3.15
2025-02-01,2025,2,45-54,Persons,Labour force total,2860.01
2025-02-01,2025,2,45-54,Males,Labour force total,1462.28
2025-02-01,2025,2,45-54,Females,Labour force total,1397.73
2025-02-01,2025,2,45-54,Persons,Participation rate,86.07
2025-02-01,2025,2,45-54,Males,Participation rate,89.5
2025-02-01,2025,2,45-54,Females,Participation rate,82.76
2025-03-01,2025,3,35-44,Persons,Employed total,3321.54
2025-03-01,2025,3,35-44,Males,Employed total,1733.37
2025-03-01,2025,3,35-44,Females,Employed total,1588.16
2025-03-01,2025,3,35-44,Persons,Employment to population ratio,85.29
2025-03-01,2025,3,35-44,Males,Employment to population ratio,89.88
2025-03-01,2025,3,35-44,Females,Employment to population ratio,80.78
2025-03-01,2025,3,35-44,Persons,Unemployed total,109.93
2025-03-01,2025,3,35-44,Males,Unemployed total,46.74
2025-03-01,2025,3,35-44,Females,Unemployed total,63.19
2025-03-01,2025,3,35-44,Persons,Unemployment rate,3.2
2025-03-01,2025,3,35-44,Males,Unemployment rate,2.63
2025-03-01,2025,3,35-44,Females,Unemployment rate,3.83
2025-03-01,2025,3,35-44,Persons,Labour force total,3431.47
2025-03-01,2025,3,35-44,Males,Labour force total,1780.11
2025-03-01,2025,3,35-44,Females,Labour force total,1651.36
2025-03-01,2025,3,35-44,Persons,Participation rate,88.11
2025-03-01,2025,3,35-44,Males,Participation rate,92.31
2025-03-01,2025,3,35-44,Females,Participation rate,83.99
2025-03-01,2025,3,45-54,Persons,Employed total,2757.71
2025-03-01,2025,3,45-54,Males,Employed total,1414.04
2025-03-01,2025,3,45-54,Females,Employed total,1343.68
2025-03-01,2025,3,45-54,Persons,Employment to population ratio,82.95
2025-03-01,2025,3,45-54,Males,Employment to population ratio,86.51
2025-03-01,2025,3,45-54,Females,Employment to population ratio,79.51
2025-03-01,2025,3,45-54,Persons,Unemployed total,84.27
2025-03-01,2025,3,45-54,Males,Unemployed total,39.41
2025-03-01,2025,3,45-54,Females,Unemployed total,44.86
2025-03-01,2025,3,45-54,Persons,Unemployment rate,2.97
2025-03-01,2025,3,45-54,Males,Unemployment rate,2.71
2025-03-01,2025,3,45-54,Females,Unemployment rate,3.23
2025-03-01,2025,3,45-54,Persons,Labour force total,2841.99
2025-03-01,2025,3,45-54,Males,Labour force total,1453.45
2025-03-01,2025,3,45-54,Females,Labour force total,1388.54
2025-03-01,2025,3,45-54,Persons,Participation rate,85.49
2025-03-01,2025,3,45-54,Males,Participation rate,88.92
2025-03-01,2025,3,45-54,Females,Participation rate,82.16
2025-04-01,2025,4,35-44,Persons,Employed total,3335.98
2025-04-01,2025,4,35-44,Males,Employed total,1727.32
2025-04-01,2025,4,35-44,Females,Employed total,1608.66
2025-04-01,2025,4,35-44,Persons,Employment to population ratio,85.49
2025-04-01,2025,4,35-44,Males,Employment to population ratio,89.39
2025-04-01,2025,4,35-44,Females,Employment to population ratio,81.66
2025-04-01,2025,4,35-44,Persons,Unemployed total,108.63
2025-04-01,2025,4,35-44,Males,Unemployed total,45.59
2025-04-01,2025,4,35-44,Females,Unemployed total,63.04
2025-04-01,2025,4,35-44,Persons,Unemployment rate,3.15
2025-04-01,2025,4,35-44,Males,Unemployment rate,2.57
2025-04-01,2025,4,35-44,Females,Unemployment rate,3.77
2025-04-01,2025,4,35-44,Persons,Labour force total,3444.61
2025-04-01,2025,4,35-44,Males,Labour force total,1772.91
2025-04-01,2025,4,35-44,Females,Labour force total,1671.7
2025-04-01,2025,4,35-44,Persons,Participation rate,88.27
2025-04-01,2025,4,35-44,Males,Participation rate,91.75
2025-04-01,2025,4,35-44,Females,Participation rate,84.86
2025-04-01,2025,4,45-54,Persons,Employed total,2776.56
2025-04-01,2025,4,45-54,Males,Employed total,1419.31
2025-04-01,2025,4,45-54,Females,Employed total,1357.26
2025-04-01,2025,4,45-54,Persons,Employment to population ratio,83.47
2025-04-01,2025,4,45-54,Males,Employment to population ratio,86.79
2025-04-01,2025,4,45-54,Females,Employment to population ratio,80.27
2025-04-01,2025,4,45-54,Persons,Unemployed total,79.83
2025-04-01,2025,4,45-54,Males,Unemployed total,43.53
2025-04-01,2025,4,45-54,Females,Unemployed total,36.3
2025-04-01,2025,4,45-54,Persons,Unemployment rate,2.79
2025-04-01,2025,4,45-54,Males,Unemployment rate,2.98
2025-04-01,2025,4,45-54,Females,Unemployment rate,2.6
2025-04-01,2025,4,45-54,Persons,Labour force total,2856.39
2025-04-01,2025,4,45-54,Males,Labour force total,1462.83
2025-04-01,2025,4,45-54,Females,Labour force total,1393.56
2025-04-01,2025,4,45-54,Persons,Participation rate,85.87
2025-04-01,2025,4,45-54,Males,Participation rate,89.45
2025-04-01,2025,4,45-54,Females,Participation rate,82.41
2025-05-01,2025,5,35-44,Persons,Employed total,3374.16
2025-05-01,2025,5,35-44,Males,Employed total,1732.98
2025-05-01,2025,5,35-44,Females,Employed total,1641.18
2025-05-01,2025,5,35-44,Persons,Employment to population ratio,86.3
2025-05-01,2025,5,35-44,Males,Employment to population ratio,89.5
2025-05-01,2025,5,35-44,Females,Employment to population ratio,83.15
2025-05-01,2025,5,35-44,Persons,Unemployed total,95.62
2025-05-01,2025,5,35-44,Males,Unemployed total,51.79
2025-05-01,2025,5,35-44,Females,Unemployed total,43.82
2025-05-01,2025,5,35-44,Persons,Unemployment rate,2.76
2025-05-01,2025,5,35-44,Males,Unemployment rate,2.9
2025-05-01,2025,5,35-44,Females,Unemployment rate,2.6
2025-05-01,2025,5,35-44,Persons,Labour force total,3469.78
2025-05-01,2025,5,35-44,Males,Labour force total,1784.78
2025-05-01,2025,5,35-44,Females,Labour force total,1685.0
2025-05-01,2025,5,35-44,Persons,Participation rate,88.74
2025-05-01,2025,5,35-44,Males,Participation rate,92.18
2025-05-01,2025,5,35-44,Females,Participation rate,85.37
2025-05-01,2025,5,45-54,Persons,Employed total,2779.32
2025-05-01,2025,5,45-54,Males,Employed total,1416.3
2025-05-01,2025,5,45-54,Females,Employed total,1363.02
2025-05-01,2025,5,45-54,Persons,Employment to population ratio,83.51
2025-05-01,2025,5,45-54,Males,Employment to population ratio,86.56
2025-05-01,2025,5,45-54,Females,Employment to population ratio,80.56
2025-05-01,2025,5,45-54,Persons,Unemployed total,70.1
2025-05-01,2025,5,45-54,Males,Unemployed total,34.65
2025-05-01,2025,5,45-54,Females,Unemployed total,35.45
2025-05-01,2025,5,45-54,Persons,Unemployment rate,2.46
2025-05-01,2025,5,45-54,Males,Unemployment rate,2.39
2025-05-01,2025,5,45-54,Females,Unemployment rate,2.53
2025-05-01,2025,5,45-54,Persons,Labour force total,2849.42
2025-05-01,2025,5,45-54,Males,Labour force total,1450.95
2025-05-01,2025,5,45-54,Females,Labour force total,1398.47
2025-05-01,2025,5,45-54,Persons,Participation rate,85.62
2025-05-01,2025,5,45-54,Males,Participation rate,88.68
2025-05-01,2025,5,45-54,Females,Participation rate,82.66
2025-06-01,2025,6,35-44,Persons,Employed total,3362.81
2025-06-01,2025,6,35-44,Males,Employed total,1730.12
2025-06-01,2025,6,35-44,Females,Employed total,1632.69
2025-06-01,2025,6,35-44,Persons,Employment to population ratio,85.84
2025-06-01,2025,6,35-44,Males,Employment to population ratio,89.18
2025-06-01,2025,6,35-44,Females,Employment to population ratio,82.56
2025-06-01,2025,6,35-44,Persons,Unemployed total,102.28
2025-06-01,2025,6,35-44,Males,Unemployed total,53.91
2025-06-01,2025,6,35-44,Females,Unemployed total,48.37
2025-06-01,2025,6,35-44,Persons,Unemployment rate,2.95
2025-06-01,2025,6,35-44,Males,Unemployment rate,3.02
2025-06-01,2025,6,35-44,Females,Unemployment rate,2.88
2025-06-01,2025,6,35-44,Persons,Labour force total,3465.09
2025-06-01,2025,6,35-44,Males,Labour force total,1784.03
2025-06-01,2025,6,35-44,Females,Labour force total,1681.06
2025-06-01,2025,6,35-44,Persons,Participation rate,88.45
2025-06-01,2025,6,35-44,Males,Participation rate,91.96
2025-06-01,2025,6,35-44,Females,Participation rate,85.01
2025-06-01,2025,6,45-54,Persons,Employed total,2781.99
2025-06-01,2025,6,45-54,Males,Employed total,1415.29
2025-06-01,2025,6,45-54,Females,Employed total,1366.69
2025-06-01,2025,6,45-54,Persons,Employment to population ratio,83.55
2025-06-01,2025,6,45-54,Males,Employment to population ratio,86.46
2025-06-01,2025,6,45-54,Females,Employment to population ratio,80.73
2025-06-01,2025,6,45-54,Persons,Unemployed total,77.61
2025-06-01,2025,6,45-54,Males,Unemployed total,40.05
2025-06-01,2025,6,45-54,Females,Unemployed total,37.55
2025-06-01,2025,6,45-54,Persons,Unemployment rate,2.71
2025-06-01,2025,6,45-54,Males,Unemployment rate,2.75
2025-06-01,2025,6,45-54,Females,Unemployment rate,2.67
2025-06-01,2025,6,45-54,Persons,Labour force total,2859.59
2025-06-01,2025,6,45-54,Males,Labour force total,1455.34
2025-06-01,2025,6,45-54,Females,Labour force total,1404.25
2025-06-01,2025,6,45-54,Persons,Participation rate,85.88
2025-06-01,2025,6,45-54,Males,Participation rate,88.91
2025-06-01,2025,6,45-54,Females,Participation rate,82.95
2025-07-01,2025,7,35-44,Persons,Employed total,3342.78
2025-07-01,2025,7,35-44,Males,Employed total,1724.34
2025-07-01,2025,7,35-44,Females,Employed total,1618.44
2025-07-01,2025,7,35-44,Persons,Employment to population ratio,85.19
2025-07-01,2025,7,35-44,Males,Employment to population ratio,88.73
2025-07-01,2025,7,35-44,Females,Employment to population ratio,81.7
2025-07-01,2025,7,35-44,Persons,Unemployed total,99.22
2025-07-01,2025,7,35-44,Males,Unemployed total,48.4
2025-07-01,2025,7,35-44,Females,Unemployed total,50.82
2025-07-01,2025,7,35-44,Persons,Unemployment rate,2.88
2025-07-01,2025,7,35-44,Males,Unemployment rate,2.73
2025-07-01,2025,7,35-44,Females,Unemployment rate,3.04
2025-07-01,2025,7,35-44,Persons,Labour force total,3442.0
2025-07-01,2025,7,35-44,Males,Labour force total,1772.73
2025-07-01,2025,7,35-44,Females,Labour force total,1669.27
2025-07-01,2025,7,35-44,Persons,Participation rate,87.71
2025-07-01,2025,7,35-44,Males,Participation rate,91.23
2025-07-01,2025,7,35-44,Females,Participation rate,84.27
2025-07-01,2025,7,45-54,Persons,Employed total,2784.8
2025-07-01,2025,7,45-54,Males,Employed total,1421.65
2025-07-01,2025,7,45-54,Females,Employed total,1363.14
2025-07-01,2025,7,45-54,Persons,Employment to population ratio,83.6
2025-07-01,2025,7,45-54,Males,Employment to population ratio,86.81
2025-07-01,2025,7,45-54,Females,Employment to population ratio,80.49
2025-07-01,2025,7,45-54,Persons,Unemployed total,80.86
2025-07-01,2025,7,45-54,Males,Unemployed total,42.43
2025-07-01,2025,7,45-54,Females,Unemployed total,38.43
2025-07-01,2025,7,45-54,Persons,Unemployment rate,2.82
2025-07-01,2025,7,45-54,Males,Unemployment rate,2.9
2025-07-01,2025,7,45-54,Females,Unemployment rate,2.74
2025-07-01,2025,7,45-54,Persons,Labour force total,2865.66
2025-07-01,2025,7,45-54,Males,Labour force total,1464.09
2025-07-01,2025,7,45-54,Females,Labour force total,1401.57
2025-07-01,2025,7,45-54,Persons,Participation rate,86.03
2025-07-01,2025,7,45-54,Males,Participation rate,89.4
2025-07-01,2025,7,45-54,Females,Participation rate,82.76
2025-08-01,2025,8,35-44,Persons,Employed total,3340.44
2025-08-01,2025,8,35-44,Males,Employed total,1719.95
2025-08-01,2025,8,35-44,Females,Employed total,1620.48
2025-08-01,2025,8,35-44,Persons,Employment to population ratio,84.99
2025-08-01,2025,8,35-44,Males,Employment to population ratio,88.36
2025-08-01,2025,8,35-44,Females,Employment to population ratio,81.67
2025-08-01,2025,8,35-44,Persons,Unemployed total,101.82
2025-08-01,2025,8,35-44,Males,Unemployed total,49.04
2025-08-01,2025,8,35-44,Females,Unemployed total,52.78
2025-08-01,2025,8,35-44,Persons,Unemployment rate,2.96
2025-08-01,2025,8,35-44,Males,Unemployment rate,2.77
2025-08-01,2025,8,35-44,Females,Unemployment rate,3.15
2025-08-01,2025,8,35-44,Persons,Labour force total,3442.26
2025-08-01,2025,8,35-44,Males,Labour force total,1769.0
2025-08-01,2025,8,35-44,Females,Labour force total,1673.26
2025-08-01,2025,8,35-44,Persons,Participation rate,87.58
2025-08-01,2025,8,35-44,Males,Participation rate,90.88
2025-08-01,2025,8,35-44,Females,Participation rate,84.33
2025-08-01,2025,8,45-54,Persons,Employed total,2777.51
2025-08-01,2025,8,45-54,Males,Employed total,1416.59
2025-08-01,2025,8,45-54,Females,Employed total,1360.92
2025-08-01,2025,8,45-54,Persons,Employment to population ratio,83.35
2025-08-01,2025,8,45-54,Males,Employment to population ratio,86.47
2025-08-01,2025,8,45-54,Females,Employment to population ratio,80.33
2025-08-01,2025,8,45-54,Persons,Unemployed total,88.95
2025-08-01,2025,8,45-54,Males,Unemployed total,43.01
2025-08-01,2025,8,45-54,Females,Unemployed total,45.95
2025-08-01,2025,8,45-54,Persons,Unemployment rate,3.1
2025-08-01,2025,8,45-54,Males,Unemployment rate,2.95
2025-08-01,2025,8,45-54,Females,Unemployment rate,3.27
2025-08-01,2025,8,45-54,Persons,Labour force total,2866.47
2025-08-01,2025,8,45-54,Males,Labour force total,1459.6
2025-08-01,2025,8,45-54,Females,Labour force total,1406.87
2025-08-01,2025,8,45-54,Persons,Participation rate,86.01
2025-08-01,2025,8,45-54,Males,Participation rate,89.09
2025-08-01,2025,8,45-54,Females,Participation rate,83.04
2025-09-01,2025,9,35-44,Persons,Employed total,3354.39
2025-09-01,2025,9,35-44,Males,Employed total,1732.8
2025-09-01,2025,9,35-44,Females,Employed total,1621.58
2025-09-01,2025,9,35-44,Persons,Employment to population ratio,85.2
2025-09-01,2025,9,35-44,Males,Employment to population ratio,88.88
2025-09-01,2025,9,35-44,Females,Employment to population ratio,81.59
2025-09-01,2025,9,35-44,Persons,Unemployed total,98.21
2025-09-01,2025,9,35-44,Males,Unemployed total,46.19
2025-09-01,2025,9,35-44,Females,Unemployed total,52.02
2025-09-01,2025,9,35-44,Persons,Unemployment rate,2.84
2025-09-01,2025,9,35-44,Males,Unemployment rate,2.6
2025-09-01,2025,9,35-44,Females,Unemployment rate,3.11
2025-09-01,2025,9,35-44,Persons,Labour force total,3452.6
2025-09-01,2025,9,35-44,Males,Labour force total,1779.0
2025-09-01,2025,9,35-44,Females,Labour force total,1673.6
2025-09-01,2025,9,35-44,Persons,Participation rate,87.69
2025-09-01,2025,9,35-44,Males,Participation rate,91.25
2025-09-01,2025,9,35-44,Females,Participation rate,84.21
2025-09-01,2025,9,45-54,Persons,Employed total,2783.44
2025-09-01,2025,9,45-54,Males,Employed total,1415.65
2025-09-01,2025,9,45-54,Females,Employed total,1367.79
2025-09-01,2025,9,45-54,Persons,Employment to population ratio,83.49
2025-09-01,2025,9,45-54,Males,Employment to population ratio,86.37
2025-09-01,2025,9,45-54,Females,Employment to population ratio,80.7
2025-09-01,2025,9,45-54,Persons,Unemployed total,83.75
2025-09-01,2025,9,45-54,Males,Unemployed total,47.96
2025-09-01,2025,9,45-54,Females,Unemployed total,35.8
2025-09-01,2025,9,45-54,Persons,Unemployment rate,2.92
2025-09-01,2025,9,45-54,Males,Unemployment rate,3.28
2025-09-01,2025,9,45-54,Females,Unemployment rate,2.55
2025-09-01,2025,9,45-54,Persons,Labour force total,2867.19
2025-09-01,2025,9,45-54,Males,Labour force total,1463.6
2025-09-01,2025,9,45-54,Females,Labour force total,1403.59
2025-09-01,2025,9,45-54,Persons,Participation rate,86.0
2025-09-01,2025,9,45-54,Males,Participation rate,89.3
2025-09-01,2025,9,45-54,Females,Participation rate,82.81
2025-10-01,2025,10,35-44,Persons,Employed total,3365.29
2025-10-01,2025,10,35-44,Males,Employed total,1742.07
2025-10-01,2025,10,35-44,Females,Employed total,1623.22
2025-10-01,2025,10,35-44,Persons,Employment to population ratio,85.34
2025-10-01,2025,10,35-44,Males,Employment to population ratio,89.21
2025-10-01,2025,10,35-44,Females,Employment to population ratio,81.54
2025-10-01,2025,10,35-44,Persons,Unemployed total,104.36
2025-10-01,2025,10,35-44,Males,Unemployed total,48.77
2025-10-01,2025,10,35-44,Females,Unemployed total,55.6
2025-10-01,2025,10,35-44,Persons,Unemployment rate,3.01
2025-10-01,2025,10,35-44,Males,Unemployment rate,2.72
2025-10-01,2025,10,35-44,Females,Unemployment rate,3.31
2025-10-01,2025,10,35-44,Persons,Labour force total,3469.65
2025-10-01,2025,10,35-44,Males,Labour force total,1790.83
2025-10-01,2025,10,35-44,Females,Labour force total,1678.82
2025-10-01,2025,10,35-44,Persons,Participation rate,87.98
2025-10-01,2025,10,35-44,Males,Participation rate,91.71
2025-10-01,2025,10,35-44,Females,Participation rate,84.33
2025-10-01,2025,10,45-54,Persons,Employed total,2777.99
2025-10-01,2025,10,45-54,Males,Employed total,1421.41
2025-10-01,2025,10,45-54,Females,Employed total,1356.57
2025-10-01,2025,10,45-54,Persons,Employment to population ratio,83.29
2025-10-01,2025,10,45-54,Males,Employment to population ratio,86.69
2025-10-01,2025,10,45-54,Females,Employment to population ratio,80.01
2025-10-01,2025,10,45-54,Persons,Unemployed total,86.66
2025-10-01,2025,10,45-54,Males,Unemployed total,47.25
2025-10-01,2025,10,45-54,Females,Unemployed total,39.41
2025-10-01,2025,10,45-54,Persons,Unemployment rate,3.03
2025-10-01,2025,10,45-54,Males,Unemployment rate,3.22
2025-10-01,2025,10,45-54,Females,Unemployment rate,2.82
2025-10-01,2025,10,45-54,Persons,Labour force total,2864.65
2025-10-01,2025,10,45-54,Males,Labour force total,1468.66
2025-10-01,2025,10,45-54,Females,Labour force total,1395.99
2025-10-01,2025,10,45-54,Persons,Participation rate,85.89
2025-10-01,2025,10,45-54,Males,Participation rate,89.57
2025-10-01,2025,10,45-54,Females,Participation rate,82.33
2025-11-01,2025,11,35-44,Persons,Employed total,3387.87
2025-11-01,2025,11,35-44,Males,Employed total,1753.31
2025-11-01,2025,11,35-44,Females,Employed total,1634.56
2025-11-01,2025,11,35-44,Persons,Employment to population ratio,85.77
2025-11-01,2025,11,35-44,Males,Employment to population ratio,89.65
2025-11-01,2025,11,35-44,Females,Employment to population ratio,81.97
2025-11-01,2025,11,35-44,Persons,Unemployed total,87.65
2025-11-01,2025,11,35-44,Males,Unemployed total,41.37
2025-11-01,2025,11,35-44,Females,Unemployed total,46.28
2025-11-01,2025,11,35-44,Persons,Unemployment rate,2.52
2025-11-01,2025,11,35-44,Males,Unemployment rate,2.31
2025-11-01,2025,11,35-44,Females,Unemployment rate,2.75
2025-11-01,2025,11,35-44,Persons,Labour force total,3475.52
2025-11-01,2025,11,35-44,Males,Labour force total,1794.68
2025-11-01,2025,11,35-44,Females,Labour force total,1680.84
2025-11-01,2025,11,35-44,Persons,Participation rate,87.99
2025-11-01,2025,11,35-44,Males,Participation rate,91.76
2025-11-01,2025,11,35-44,Females,Participation rate,84.29
2025-11-01,2025,11,45-54,Persons,Employed total,2781.45
2025-11-01,2025,11,45-54,Males,Employed total,1434.18
2025-11-01,2025,11,45-54,Females,Employed total,1347.27
2025-11-01,2025,11,45-54,Persons,Employment to population ratio,83.36
2025-11-01,2025,11,45-54,Males,Employment to population ratio,87.43
2025-11-01,2025,11,45-54,Females,Employment to population ratio,79.42
2025-11-01,2025,11,45-54,Persons,Unemployed total,75.0
2025-11-01,2025,11,45-54,Males,Unemployed total,34.68
2025-11-01,2025,11,45-54,Females,Unemployed total,40.33
2025-11-01,2025,11,45-54,Persons,Unemployment rate,2.63
2025-11-01,2025,11,45-54,Males,Unemployment rate,2.36
2025-11-01,2025,11,45-54,Females,Unemployment rate,2.91
2025-11-01,2025,11,45-54,Persons,Labour force total,2856.45
2025-11-01,2025,11,45-54,Males,Labour force total,1468.86
2025-11-01,2025,11,45-54,Females,Labour force total,1387.59
2025-11-01,2025,11,45-54,Persons,Participation rate,85.61
2025-11-01,2025,11,45-54,Males,Participation rate,89.54
2025-11-01,2025,11,45-54,Females,Participation rate,81.8
2025-12-01,2025,12,35-44,Persons,Employed total,3385.78
2025-12-01,2025,12,35-44,Males,Employed total,1753.55
2025-12-01,2025,12,35-44,Females,Employed total,1632.23
2025-12-01,2025,12,35-44,Persons,Employment to population ratio,85.58
2025-12-01,2025,12,35-44,Males,Employment to population ratio,89.52
2025-12-01,2025,12,35-44,Females,Employment to population ratio,81.71
2025-12-01,2025,12,35-44,Persons,Unemployed total,90.01
2025-12-01,2025,12,35-44,Males,Unemployed total,43.85
2025-12-01,2025,12,35-44,Females,Unemployed total,46.16
2025-12-01,2025,12,35-44,Persons,Unemployment rate,2.59
2025-12-01,2025,12,35-44,Males,Unemployment rate,2.44
2025-12-01,2025,12,35-44,Females,Unemployment rate,2.75
2025-12-01,2025,12,35-44,Persons,Labour force total,3475.79
2025-12-01,2025,12,35-44,Males,Labour force total,1797.4
2025-12-01,2025,12,35-44,Females,Labour force total,1678.39
2025-12-01,2025,12,35-44,Persons,Participation rate,87.85
2025-12-01,2025,12,35-44,Males,Participation rate,91.76
2025-12-01,2025,12,35-44,Females,Participation rate,84.02
2025-12-01,2025,12,45-54,Persons,Employed total,2801.94
2025-12-01,2025,12,45-54,Males,Employed total,1439.37
2025-12-01,2025,12,45-54,Females,Employed total,1362.57
2025-12-01,2025,12,45-54,Persons,Employment to population ratio,83.94
2025-12-01,2025,12,45-54,Males,Employment to population ratio,87.71
2025-12-01,2025,12,45-54,Females,Employment to population ratio,80.29
2025-12-01,2025,12,45-54,Persons,Unemployed total,68.19
2025-12-01,2025,12,45-54,Males,Unemployed total,33.84
2025-12-01,2025,12,45-54,Females,Unemployed total,34.35
2025-12-01,2025,12,45-54,Persons,Unemployment rate,2.38
2025-12-01,2025,12,45-54,Males,Unemployment rate,2.3
2025-12-01,2025,12,45-54,Females,Unemployment rate,2.46
2025-12-01,2025,12,45-54,Persons,Labour force total,2870.13
2025-12-01,2025,12,45-54,Males,Labour force total,1473.21
2025-12-01,2025,12,45-54,Females,Labour force total,1396.92
2025-12-01,2025,12,45-54,Persons,Participation rate,85.98
2025-12-01,2025,12,45-54,Males,Participation rate,89.77
2025-12-01,2025,12,45-54,Females,Participation rate,82.32
2026-01-01,2026,1,35-44,Persons,Employed total,3344.82
2026-01-01,2026,1,35-44,Males,Employed total,1739.95
2026-01-01,2026,1,35-44,Females,Employed total,1604.88
2026-01-01,2026,1,35-44,Persons,Employment to population ratio,84.4
2026-01-01,2026,1,35-44,Males,Employment to population ratio,88.68
2026-01-01,2026,1,35-44,Females,Employment to population ratio,80.2
2026-01-01,2026,1,35-44,Persons,Unemployed total,97.61
2026-01-01,2026,1,35-44,Males,Unemployed total,43.37
2026-01-01,2026,1,35-44,Females,Unemployed total,54.24
2026-01-01,2026,1,35-44,Persons,Unemployment rate,2.84
2026-01-01,2026,1,35-44,Males,Unemployment rate,2.43
2026-01-01,2026,1,35-44,Females,Unemployment rate,3.27
2026-01-01,2026,1,35-44,Persons,Labour force total,3442.44
2026-01-01,2026,1,35-44,Males,Labour force total,1783.31
2026-01-01,2026,1,35-44,Females,Labour force total,1659.12
2026-01-01,2026,1,35-44,Persons,Participation rate,86.86
2026-01-01,2026,1,35-44,Males,Participation rate,90.89
2026-01-01,2026,1,35-44,Females,Participation rate,82.92
2026-01-01,2026,1,45-54,Persons,Employed total,2735.38
2026-01-01,2026,1,45-54,Males,Employed total,1407.76
2026-01-01,2026,1,45-54,Females,Employed total,1327.62
2026-01-01,2026,1,45-54,Persons,Employment to population ratio,81.91
2026-01-01,2026,1,45-54,Males,Employment to population ratio,85.75
2026-01-01,2026,1,45-54,Females,Employment to population ratio,78.2
2026-01-01,2026,1,45-54,Persons,Unemployed total,74.35
2026-01-01,2026,1,45-54,Males,Unemployed total,37.98
2026-01-01,2026,1,45-54,Females,Unemployed total,36.36
2026-01-01,2026,1,45-54,Persons,Unemployment rate,2.65
2026-01-01,2026,1,45-54,Males,Unemployment rate,2.63
2026-01-01,2026,1,45-54,Females,Unemployment rate,2.67
2026-01-01,2026,1,45-54,Persons,Labour force total,2809.72
2026-01-01,2026,1,45-54,Males,Labour force total,1445.74
2026-01-01,2026,1,45-54,Females,Labour force total,1363.98
2026-01-01,2026,1,45-54,Persons,Participation rate,84.14
2026-01-01,2026,1,45-54,Males,Participation rate,88.06
2026-01-01,2026,1,45-54,Females,Participation rate,80.35
2026-02-01,2026,2,35-44,Persons,Employed total,3398.77
2026-02-01,2026,2,35-44,Males,Employed total,1757.89
2026-02-01,2026,2,35-44,Females,Employed total,1640.88
2026-02-01,2026,2,35-44,Persons,Employment to population ratio,85.62
2026-02-01,2026,2,35-44,Males,Employment to population ratio,89.46
2026-02-01,2026,2,35-44,Females,Employment to population ratio,81.86
2026-02-01,2026,2,35-44,Persons,Unemployed total,106.48
2026-02-01,2026,2,35-44,Males,Unemployed total,53.07
2026-02-01,2026,2,35-44,Females,Unemployed total,53.41
2026-02-01,2026,2,35-44,Persons,Unemployment rate,3.04
2026-02-01,2026,2,35-44,Males,Unemployment rate,2.93
2026-02-01,2026,2,35-44,Females,Unemployment rate,3.15
2026-02-01,2026,2,35-44,Persons,Labour force total,3505.25
2026-02-01,2026,2,35-44,Males,Labour force total,1810.96
2026-02-01,2026,2,35-44,Females,Labour force total,1694.29
2026-02-01,2026,2,35-44,Persons,Participation rate,88.3
2026-02-01,2026,2,35-44,Males,Participation rate,92.16
2026-02-01,2026,2,35-44,Females,Participation rate,84.53
2026-02-01,2026,2,45-54,Persons,Employed total,2787.08
2026-02-01,2026,2,45-54,Males,Employed total,1423.03
2026-02-01,2026,2,45-54,Females,Employed total,1364.05
2026-02-01,2026,2,45-54,Persons,Employment to population ratio,83.43
2026-02-01,2026,2,45-54,Males,Employment to population ratio,86.64
2026-02-01,2026,2,45-54,Females,Employment to population ratio,80.32
2026-02-01,2026,2,45-54,Persons,Unemployed total,89.28
2026-02-01,2026,2,45-54,Males,Unemployed total,43.71
2026-02-01,2026,2,45-54,Females,Unemployed total,45.57
2026-02-01,2026,2,45-54,Persons,Unemployment rate,3.1
2026-02-01,2026,2,45-54,Males,Unemployment rate,2.98
2026-02-01,2026,2,45-54,Females,Unemployment rate,3.23
2026-02-01,2026,2,45-54,Persons,Labour force total,2876.36
2026-02-01,2026,2,45-54,Males,Labour force total,1466.74
2026-02-01,2026,2,45-54,Females,Labour force total,1409.62
2026-02-01,2026,2,45-54,Persons,Participation rate,86.1
2026-02-01,2026,2,45-54,Males,Participation rate,89.3
2026-02-01,2026,2,45-54,Females,Participation rate,83.0
2026-03-01,2026,3,35-44,Persons,Employed total,3383.25
2026-03-01,2026,3,35-44,Males,Employed total,1755.52
2026-03-01,2026,3,35-44,Females,Employed total,1627.73
2026-03-01,2026,3,35-44,Persons,Employment to population ratio,85.09
2026-03-01,2026,3,35-44,Males,Employment to population ratio,89.2
2026-03-01,2026,3,35-44,Females,Employment to population ratio,81.07
2026-03-01,2026,3,35-44,Persons,Unemployed total,103.71
2026-03-01,2026,3,35-44,Males,Unemployed total,48.29
2026-03-01,2026,3,35-44,Females,Unemployed total,55.42
2026-03-01,2026,3,35-44,Persons,Unemployment rate,2.97
2026-03-01,2026,3,35-44,Males,Unemployment rate,2.68
2026-03-01,2026,3,35-44,Females,Unemployment rate,3.29
2026-03-01,2026,3,35-44,Persons,Labour force total,3486.96
2026-03-01,2026,3,35-44,Males,Labour force total,1803.81
2026-03-01,2026,3,35-44,Females,Labour force total,1683.15
2026-03-01,2026,3,35-44,Persons,Participation rate,87.7
2026-03-01,2026,3,35-44,Males,Participation rate,91.65
2026-03-01,2026,3,35-44,Females,Participation rate,83.83
2026-03-01,2026,3,45-54,Persons,Employed total,2791.26
2026-03-01,2026,3,45-54,Males,Employed total,1426.3
2026-03-01,2026,3,45-54,Females,Employed total,1364.96
2026-03-01,2026,3,45-54,Persons,Employment to population ratio,83.52
2026-03-01,2026,3,45-54,Males,Employment to population ratio,86.8
2026-03-01,2026,3,45-54,Females,Employment to population ratio,80.34
2026-03-01,2026,3,45-54,Persons,Unemployed total,81.89
2026-03-01,2026,3,45-54,Males,Unemployed total,45.64
2026-03-01,2026,3,45-54,Females,Unemployed total,36.26
2026-03-01,2026,3,45-54,Persons,Unemployment rate,2.85
2026-03-01,2026,3,45-54,Males,Unemployment rate,3.1
2026-03-01,2026,3,45-54,Females,Unemployment rate,2.59
2026-03-01,2026,3,45-54,Persons,Labour force total,2873.16
2026-03-01,2026,3,45-54,Males,Labour force total,1471.94
2026-03-01,2026,3,45-54,Females,Labour force total,1401.22
2026-03-01,2026,3,45-54,Persons,Participation rate,85.97
2026-03-01,2026,3,45-54,Males,Participation rate,89.58
2026-03-01,2026,3,45-54,Females,Participation rate,82.48
2026-04-01,2026,4,35-44,Persons,Employed total,3377.16
2026-04-01,2026,4,35-44,Males,Employed total,1752.5
2026-04-01,2026,4,35-44,Females,Employed total,1624.66
2026-04-01,2026,4,35-44,Persons,Employment to population ratio,84.79
2026-04-01,2026,4,35-44,Males,Employment to population ratio,88.89
2026-04-01,2026,4,35-44,Females,Employment to population ratio,80.77
2026-04-01,2026,4,35-44,Persons,Unemployed total,112.14
2026-04-01,2026,4,35-44,Males,Unemployed total,50.82
2026-04-01,2026,4,35-44,Females,Unemployed total,61.32
2026-04-01,2026,4,35-44,Persons,Unemployment rate,3.21
2026-04-01,2026,4,35-44,Males,Unemployment rate,2.82
2026-04-01,2026,4,35-44,Females,Unemployment rate,3.64
2026-04-01,2026,4,35-44,Persons,Labour force total,3489.3
2026-04-01,2026,4,35-44,Males,Labour force total,1803.32
2026-04-01,2026,4,35-44,Females,Labour force total,1685.98
2026-04-01,2026,4,35-44,Persons,Participation rate,87.61
2026-04-01,2026,4,35-44,Males,Participation rate,91.47
2026-04-01,2026,4,35-44,Females,Participation rate,83.82
2026-04-01,2026,4,45-54,Persons,Employed total,2781.66
2026-04-01,2026,4,45-54,Males,Employed total,1424.46
2026-04-01,2026,4,45-54,Females,Employed total,1357.2
2026-04-01,2026,4,45-54,Persons,Employment to population ratio,83.19
2026-04-01,2026,4,45-54,Males,Employment to population ratio,86.65
2026-04-01,2026,4,45-54,Females,Employment to population ratio,79.85
2026-04-01,2026,4,45-54,Persons,Unemployed total,79.99
2026-04-01,2026,4,45-54,Males,Unemployed total,43.57
2026-04-01,2026,4,45-54,Females,Unemployed total,36.43
2026-04-01,2026,4,45-54,Persons,Unemployment rate,2.8
2026-04-01,2026,4,45-54,Males,Unemployment rate,2.97
2026-04-01,2026,4,45-54,Females,Unemployment rate,2.61
2026-04-01,2026,4,45-54,Persons,Labour force total,2861.66
2026-04-01,2026,4,45-54,Males,Labour force total,1468.03
2026-04-01,2026,4,45-54,Females,Labour force total,1393.63
2026-04-01,2026,4,45-54,Persons,Participation rate,85.58
2026-04-01,2026,4,45-54,Males,Participation rate,89.3
2026-04-01,2026,4,45-54,Females,Participation rate,81.99
2026-05-01,2026,5,35-44,Persons,Employed total,3388.38
2026-05-01,2026,5,35-44,Males,Employed total,1755.94
2026-05-01,2026,5,35-44,Females,Employed total,1632.44
2026-05-01,2026,5,35-44,Persons,Employment to population ratio,84.93
2026-05-01,2026,5,35-44,Males,Employment to population ratio,88.91
2026-05-01,2026,5,35-44,Females,Employment to population ratio,81.02
2026-05-01,2026,5,35-44,Persons,Unemployed total,104.24
2026-05-01,2026,5,35-44,Males,Unemployed total,49.54
2026-05-01,2026,5,35-44,Females,Unemployed total,54.7
2026-05-01,2026,5,35-44,Persons,Unemployment rate,2.98
2026-05-01,2026,5,35-44,Males,Unemployment rate,2.74
2026-05-01,2026,5,35-44,Females,Unemployment rate,3.24
2026-05-01,2026,5,35-44,Persons,Labour force total,3492.62
2026-05-01,2026,5,35-44,Males,Labour force total,1805.48
2026-05-01,2026,5,35-44,Females,Labour force total,1687.14
2026-05-01,2026,5,35-44,Persons,Participation rate,87.54
2026-05-01,2026,5,35-44,Males,Participation rate,91.42
2026-05-01,2026,5,35-44,Females,Participation rate,83.73
2026-05-01,2026,5,45-54,Persons,Employed total,2810.53
2026-05-01,2026,5,45-54,Males,Employed total,1436.51
2026-05-01,2026,5,45-54,Females,Employed total,1374.02
2026-05-01,2026,5,45-54,Persons,Employment to population ratio,84.02
2026-05-01,2026,5,45-54,Males,Employment to population ratio,87.34
2026-05-01,2026,5,45-54,Females,Employment to population ratio,80.8
2026-05-01,2026,5,45-54,Persons,Unemployed total,80.46
2026-05-01,2026,5,45-54,Males,Unemployed total,41.01
2026-05-01,2026,5,45-54,Females,Unemployed total,39.45
2026-05-01,2026,5,45-54,Persons,Unemployment rate,2.78
2026-05-01,2026,5,45-54,Males,Unemployment rate,2.78
2026-05-01,2026,5,45-54,Females,Unemployment rate,2.79
2026-05-01,2026,5,45-54,Persons,Labour force total,2890.99
2026-05-01,2026,5,45-54,Males,Labour force total,1477.53
2026-05-01,2026,5,45-54,Females,Labour force total,1413.47
2026-05-01,2026,5,45-54,Persons,Participation rate,86.42
2026-05-01,2026,5,45-54,Males,Participation rate,89.83
2026-05-01,2026,5,45-54,Females,Participation rate,83.12
2026-06-01,2026,6,35-44,Persons,Employed total,3408.03
2026-06-01,2026,6,35-44,Males,Employed total,1771.1
2026-06-01,2026,6,35-44,Females,Employed total,1636.92
2026-06-01,2026,6,35-44,Persons,Employment to population ratio,85.27
2026-06-01,2026,6,35-44,Males,Employment to population ratio,89.53
2026-06-01,2026,6,35-44,Females,Employment to population ratio,81.1
2026-06-01,2026,6,35-44,Persons,Unemployed total,94.44
2026-06-01,2026,6,35-44,Males,Unemployed total,46.64
2026-06-01,2026,6,35-44,Females,Unemployed total,47.8
2026-06-01,2026,6,35-44,Persons,Unemployment rate,2.7
2026-06-01,2026,6,35-44,Males,Unemployment rate,2.57
2026-06-01,2026,6,35-44,Females,Unemployment rate,2.84
2026-06-01,2026,6,35-44,Persons,Labour force total,3502.47
2026-06-01,2026,6,35-44,Males,Labour force total,1817.74
2026-06-01,2026,6,35-44,Females,Labour force total,1684.72
2026-06-01,2026,6,35-44,Persons,Participation rate,87.63
2026-06-01,2026,6,35-44,Males,Participation rate,91.88
2026-06-01,2026,6,35-44,Females,Participation rate,83.47
2026-06-01,2026,6,45-54,Persons,Employed total,2794.01
2026-06-01,2026,6,45-54,Males,Employed total,1425.83
2026-06-01,2026,6,45-54,Females,Employed total,1368.18
2026-06-01,2026,6,45-54,Persons,Employment to population ratio,83.48
2026-06-01,2026,6,45-54,Males,Employment to population ratio,86.65
2026-06-01,2026,6,45-54,Females,Employment to population ratio,80.42
2026-06-01,2026,6,45-54,Persons,Unemployed total,88.6
2026-06-01,2026,6,45-54,Males,Unemployed total,46.2
2026-06-01,2026,6,45-54,Females,Unemployed total,42.4
2026-06-01,2026,6,45-54,Persons,Unemployment rate,3.07
2026-06-01,2026,6,45-54,Males,Unemployment rate,3.14
2026-06-01,2026,6,45-54,Females,Unemployment rate,3.01
2026-06-01,2026,6,45-54,Persons,Labour force total,2882.61
2026-06-01,2026,6,45-54,Males,Labour force total,1472.03
2026-06-01,2026,6,45-54,Females,Labour force total,1410.58
2026-06-01,2026,6,45-54,Persons,Participation rate,86.13
2026-06-01,2026,6,45-54,Males,Participation rate,89.46
2026-06-01,2026,6,45-54,Females,Participation rate,82.91
2026-07-01,2026,7,35-44,Persons,Employed total,3394.19
2026-07-01,2026,7,35-44,Males,Employed total,1763.52
2026-07-01,2026,7,35-44,Females,Employed total,1630.67
2026-07-01,2026,7,35-44,Persons,Employment to population ratio,84.82
2026-07-01,2026,7,35-44,Males,Employment to population ratio,89.03
2026-07-01,2026,7,35-44,Females,Employment to population ratio,80.68
2026-07-01,2026,7,35-44,Persons,Unemployed total,105.35
2026-07-01,2026,7,35-44,Males,Unemployed total,46.97
2026-07-01,2026,7,35-44,Females,Unemployed total,58.39
2026-07-01,2026,7,35-44,Persons,Unemployment rate,3.01
2026-07-01,2026,7,35-44,Males,Unemployment rate,2.59
2026-07-01,2026,7,35-44,Females,Unemployment rate,3.46
2026-07-01,2026,7,35-44,Persons,Labour force total,3499.54
2026-07-01,2026,7,35-44,Males,Labour force total,1810.49
2026-07-01,2026,7,35-44,Females,Labour force total,1689.05
2026-07-01,2026,7,35-44,Persons,Participation rate,87.45
2026-07-01,2026,7,35-44,Males,Participation rate,91.4
2026-07-01,2026,7,35-44,Females,Participation rate,83.57
2026-07-01,2026,7,45-54,Persons,Employed total,2789.74
2026-07-01,2026,7,45-54,Males,Employed total,1429.42
2026-07-01,2026,7,45-54,Females,Employed total,1360.32
2026-07-01,2026,7,45-54,Persons,Employment to population ratio,83.29
2026-07-01,2026,7,45-54,Males,Employment to population ratio,86.79
2026-07-01,2026,7,45-54,Females,Employment to population ratio,79.9
2026-07-01,2026,7,45-54,Persons,Unemployed total,87.43
2026-07-01,2026,7,45-54,Males,Unemployed total,41.58
2026-07-01,2026,7,45-54,Females,Unemployed total,45.85
2026-07-01,2026,7,45-54,Persons,Unemployment rate,3.04
2026-07-01,2026,7,45-54,Males,Unemployment rate,2.83
2026-07-01,2026,7,45-54,Females,Unemployment rate,3.26
2026-07-01,2026,7,45-54,Persons,Labour force total,2877.17
2026-07-01,2026,7,45-54,Males,Labour force total,1471.0
2026-07-01,2026,7,45-54,Females,Labour force total,1406.17
2026-07-01,2026,7,45-54,Persons,Participation rate,85.9
2026-07-01,2026,7,45-54,Males,Participation rate,89.32
2026-07-01,2026,7,45-54,Females,Participation rate,82.59
2016-01-01,2016,1,55-64,Persons,Employed total,1702.75
2016-01-01,2016,1,55-64,Males,Employed total,924.3
2016-01-01,2016,1,55-64,Females,Employed total,778.45
2016-01-01,2016,1,55-64,Persons,Employment to population ratio,61.78
2016-01-01,2016,1,55-64,Males,Employment to population ratio,68.47
2016-01-01,2016,1,55-64,Females,Employment to population ratio,55.35
2016-01-01,2016,1,55-64,Persons,Unemployed total,85.24
2016-01-01,2016,1,55-64,Males,Unemployed total,51.8
2016-01-01,2016,1,55-64,Females,Unemployed total,33.44
2016-01-01,2016,1,55-64,Persons,Unemployment rate,4.77
2016-01-01,2016,1,55-64,Males,Unemployment rate,5.31
2016-01-01,2016,1,55-64,Females,Unemployment rate,4.12
2016-01-01,2016,1,55-64,Persons,Labour force total,1787.99
2016-01-01,2016,1,55-64,Males,Labour force total,976.1
2016-01-01,2016,1,55-64,Females,Labour force total,811.89
2016-01-01,2016,1,55-64,Persons,Participation rate,64.87
2016-01-01,2016,1,55-64,Males,Participation rate,72.31
2016-01-01,2016,1,55-64,Females,Participation rate,57.73
2016-01-01,2016,1,65+,Persons,Employed total,433.28
2016-01-01,2016,1,65+,Males,Employed total,267.08
2016-01-01,2016,1,65+,Females,Employed total,166.2
2016-01-01,2016,1,65+,Persons,Employment to population ratio,11.97
2016-01-01,2016,1,65+,Males,Employment to population ratio,15.8
2016-01-01,2016,1,65+,Females,Employment to population ratio,8.61
2016-01-01,2016,1,65+,Persons,Unemployed total,5.79
2016-01-01,2016,1,65+,Males,Unemployed total,3.59
2016-01-01,2016,1,65+,Females,Unemployed total,2.2
2016-01-01,2016,1,65+,Persons,Unemployment rate,1.32
2016-01-01,2016,1,65+,Males,Unemployment rate,1.33
2016-01-01,2016,1,65+,Females,Unemployment rate,1.31
2016-01-01,2016,1,65+,Persons,Labour force total,439.07
2016-01-01,2016,1,65+,Males,Labour force total,270.67
2016-01-01,2016,1,65+,Females,Labour force total,168.41
2016-01-01,2016,1,65+,Persons,Participation rate,12.13
2016-01-01,2016,1,65+,Males,Participation rate,16.01
2016-01-01,2016,1,65+,Females,Participation rate,8.72
2016-01-01,2016,1,65+,Persons,Employed total,11759.62
2016-01-01,2016,1,65+,Males,Employed total,6328.45
2016-01-01,2016,1,65+,Females,Employed total,5431.16
2016-01-01,2016,1,65+,Persons,Employment to population ratio,60.54
2016-01-01,2016,1,65+,Males,Employment to population ratio,66.32
2016-01-01,2016,1,65+,Females,Employment to population ratio,54.96
2016-01-01,2016,1,65+,Persons,Unemployed total,816.08
2016-01-01,2016,1,65+,Males,Unemployed total,443.7
2016-01-01,2016,1,65+,Females,Unemployed total,372.38
2016-01-01,2016,1,65+,Persons,Unemployment rate,6.49
2016-01-01,2016,1,65+,Males,Unemployment rate,6.55
2016-01-01,2016,1,65+,Females,Unemployment rate,6.42
2016-01-01,2016,1,65+,Persons,Labour force total,12575.7
2016-01-01,2016,1,65+,Males,Labour force total,6772.15
2016-01-01,2016,1,65+,Females,Labour force total,5803.54
2016-01-01,2016,1,65+,Persons,Participation rate,64.74
2016-01-01,2016,1,65+,Males,Participation rate,70.97
2016-01-01,2016,1,65+,Females,Participation rate,58.73
2016-02-01,2016,2,55-64,Persons,Employed total,1738.86
2016-02-01,2016,2,55-64,Males,Employed total,940.58
2016-02-01,2016,2,55-64,Females,Employed total,798.28
2016-02-01,2016,2,55-64,Persons,Employment to population ratio,62.99
2016-02-01,2016,2,55-64,Males,Employment to population ratio,69.58
2016-02-01,2016,2,55-64,Females,Employment to population ratio,56.66
2016-02-01,2016,2,55-64,Persons,Unemployed total,83.6
2016-02-01,2016,2,55-64,Males,Unemployed total,50.43
2016-02-01,2016,2,55-64,Females,Unemployed total,33.17
2016-02-01,2016,2,55-64,Persons,Unemployment rate,4.59
2016-02-01,2016,2,55-64,Males,Unemployment rate,5.09
2016-02-01,2016,2,55-64,Females,Unemployment rate,3.99
2016-02-01,2016,2,55-64,Persons,Labour force total,1822.46
2016-02-01,2016,2,55-64,Males,Labour force total,991.01
2016-02-01,2016,2,55-64,Females,Labour force total,831.45
2016-02-01,2016,2,55-64,Persons,Participation rate,66.02
2016-02-01,2016,2,55-64,Males,Participation rate,73.31
2016-02-01,2016,2,55-64,Females,Participation rate,59.02
2016-02-01,2016,2,65+,Persons,Employed total,449.03
2016-02-01,2016,2,65+,Males,Employed total,276.06
2016-02-01,2016,2,65+,Females,Employed total,172.97
2016-02-01,2016,2,65+,Persons,Employment to population ratio,12.36
2016-02-01,2016,2,65+,Males,Employment to population ratio,16.28
2016-02-01,2016,2,65+,Females,Employment to population ratio,8.94
2016-02-01,2016,2,65+,Persons,Unemployed total,8.87
2016-02-01,2016,2,65+,Males,Unemployed total,4.4
2016-02-01,2016,2,65+,Females,Unemployed total,4.47
2016-02-01,2016,2,65+,Persons,Unemployment rate,1.94
2016-02-01,2016,2,65+,Males,Unemployment rate,1.57
2016-02-01,2016,2,65+,Females,Unemployment rate,2.52
2016-02-01,2016,2,65+,Persons,Labour force total,457.9
2016-02-01,2016,2,65+,Males,Labour force total,280.46
2016-02-01,2016,2,65+,Females,Labour force total,177.44
2016-02-01,2016,2,65+,Persons,Participation rate,12.61
2016-02-01,2016,2,65+,Males,Participation rate,16.54
2016-02-01,2016,2,65+,Females,Participation rate,9.17
2016-02-01,2016,2,65+,Persons,Employed total,11975.89
2016-02-01,2016,2,65+,Males,Employed total,6418.33
2016-02-01,2016,2,65+,Females,Employed total,5557.56
2016-02-01,2016,2,65+,Persons,Employment to population ratio,61.55
2016-02-01,2016,2,65+,Males,Employment to population ratio,67.15
2016-02-01,2016,2,65+,Females,Employment to population ratio,56.14
2016-02-01,2016,2,65+,Persons,Unemployed total,787.84
2016-02-01,2016,2,65+,Males,Unemployed total,406.29
2016-02-01,2016,2,65+,Females,Unemployed total,381.54
2016-02-01,2016,2,65+,Persons,Unemployment rate,6.17
2016-02-01,2016,2,65+,Males,Unemployment rate,5.95
2016-02-01,2016,2,65+,Females,Unemployment rate,6.42
2016-02-01,2016,2,65+,Persons,Labour force total,12763.73
2016-02-01,2016,2,65+,Males,Labour force total,6824.63
2016-02-01,2016,2,65+,Females,Labour force total,5939.1
2016-02-01,2016,2,65+,Persons,Participation rate,65.6
2016-02-01,2016,2,65+,Males,Participation rate,71.4
2016-02-01,2016,2,65+,Females,Participation rate,60.0
2016-03-01,2016,3,55-64,Persons,Employed total,1745.07
2016-03-01,2016,3,55-64,Males,Employed total,937.54
2016-03-01,2016,3,55-64,Females,Employed total,807.52
2016-03-01,2016,3,55-64,Persons,Employment to population ratio,63.12
2016-03-01,2016,3,55-64,Males,Employment to population ratio,69.27
2016-03-01,2016,3,55-64,Females,Employment to population ratio,57.22
2016-03-01,2016,3,55-64,Persons,Unemployed total,80.94
2016-03-01,2016,3,55-64,Males,Unemployed total,50.15
2016-03-01,2016,3,55-64,Females,Unemployed total,30.79
2016-03-01,2016,3,55-64,Persons,Unemployment rate,4.43
2016-03-01,2016,3,55-64,Males,Unemployment rate,5.08
2016-03-01,2016,3,55-64,Females,Unemployment rate,3.67
2016-03-01,2016,3,55-64,Persons,Labour force total,1826.01
2016-03-01,2016,3,55-64,Males,Labour force total,987.69
2016-03-01,2016,3,55-64,Females,Labour force total,838.32
2016-03-01,2016,3,55-64,Persons,Participation rate,66.04
2016-03-01,2016,3,55-64,Males,Participation rate,72.97
2016-03-01,2016,3,55-64,Females,Participation rate,59.4
2016-03-01,2016,3,65+,Persons,Employed total,457.02
2016-03-01,2016,3,65+,Males,Employed total,283.75
2016-03-01,2016,3,65+,Females,Employed total,173.27
2016-03-01,2016,3,65+,Persons,Employment to population ratio,12.55
2016-03-01,2016,3,65+,Males,Employment to population ratio,16.68
2016-03-01,2016,3,65+,Females,Employment to population ratio,8.93
2016-03-01,2016,3,65+,Persons,Unemployed total,9.83
2016-03-01,2016,3,65+,Males,Unemployed total,7.12
2016-03-01,2016,3,65+,Females,Unemployed total,2.71
2016-03-01,2016,3,65+,Persons,Unemployment rate,2.11
2016-03-01,2016,3,65+,Males,Unemployment rate,2.45
2016-03-01,2016,3,65+,Females,Unemployment rate,1.54
2016-03-01,2016,3,65+,Persons,Labour force total,466.86
2016-03-01,2016,3,65+,Males,Labour force total,290.87
2016-03-01,2016,3,65+,Females,Labour force total,175.98
2016-03-01,2016,3,65+,Persons,Participation rate,12.82
2016-03-01,2016,3,65+,Males,Participation rate,17.1
2016-03-01,2016,3,65+,Females,Participation rate,9.07
2016-03-01,2016,3,65+,Persons,Employed total,11945.5
2016-03-01,2016,3,65+,Males,Employed total,6399.32
2016-03-01,2016,3,65+,Females,Employed total,5546.18
2016-03-01,2016,3,65+,Persons,Employment to population ratio,61.29
2016-03-01,2016,3,65+,Males,Employment to population ratio,66.84
2016-03-01,2016,3,65+,Females,Employment to population ratio,55.93
2016-03-01,2016,3,65+,Persons,Unemployed total,762.27
2016-03-01,2016,3,65+,Males,Unemployed total,400.06
2016-03-01,2016,3,65+,Females,Unemployed total,362.21
2016-03-01,2016,3,65+,Persons,Unemployment rate,6.0
2016-03-01,2016,3,65+,Males,Unemployment rate,5.88
2016-03-01,2016,3,65+,Females,Unemployment rate,6.13
2016-03-01,2016,3,65+,Persons,Labour force total,12707.77
2016-03-01,2016,3,65+,Males,Labour force total,6799.38
2016-03-01,2016,3,65+,Females,Labour force total,5908.38
2016-03-01,2016,3,65+,Persons,Participation rate,65.2
2016-03-01,2016,3,65+,Males,Participation rate,71.02
2016-03-01,2016,3,65+,Females,Participation rate,59.59
2016-04-01,2016,4,55-64,Persons,Employed total,1741.23
2016-04-01,2016,4,55-64,Males,Employed total,934.06
2016-04-01,2016,4,55-64,Females,Employed total,807.17
2016-04-01,2016,4,55-64,Persons,Employment to population ratio,62.87
2016-04-01,2016,4,55-64,Males,Employment to population ratio,68.91
2016-04-01,2016,4,55-64,Females,Employment to population ratio,57.09
2016-04-01,2016,4,55-64,Persons,Unemployed total,75.07
2016-04-01,2016,4,55-64,Males,Unemployed total,47.67
2016-04-01,2016,4,55-64,Females,Unemployed total,27.39
2016-04-01,2016,4,55-64,Persons,Unemployment rate,4.13
2016-04-01,2016,4,55-64,Males,Unemployment rate,4.86
2016-04-01,2016,4,55-64,Females,Unemployment rate,3.28
2016-04-01,2016,4,55-64,Persons,Labour force total,1816.29
2016-04-01,2016,4,55-64,Males,Labour force total,981.74
2016-04-01,2016,4,55-64,Females,Labour force total,834.56
2016-04-01,2016,4,55-64,Persons,Participation rate,65.59
2016-04-01,2016,4,55-64,Males,Participation rate,72.43
2016-04-01,2016,4,55-64,Females,Participation rate,59.02
2016-04-01,2016,4,65+,Persons,Employed total,455.85
2016-04-01,2016,4,65+,Males,Employed total,278.84
2016-04-01,2016,4,65+,Females,Employed total,177.02
2016-04-01,2016,4,65+,Persons,Employment to population ratio,12.48
2016-04-01,2016,4,65+,Males,Employment to population ratio,16.34
2016-04-01,2016,4,65+,Females,Employment to population ratio,9.1
2016-04-01,2016,4,65+,Persons,Unemployed total,9.51
2016-04-01,2016,4,65+,Males,Unemployed total,6.83
2016-04-01,2016,4,65+,Females,Unemployed total,2.67
2016-04-01,2016,4,65+,Persons,Unemployment rate,2.04
2016-04-01,2016,4,65+,Males,Unemployment rate,2.39
2016-04-01,2016,4,65+,Females,Unemployment rate,1.49
2016-04-01,2016,4,65+,Persons,Labour force total,465.36
2016-04-01,2016,4,65+,Males,Labour force total,285.67
2016-04-01,2016,4,65+,Females,Labour force total,179.69
2016-04-01,2016,4,65+,Persons,Participation rate,12.74
2016-04-01,2016,4,65+,Males,Participation rate,16.75
2016-04-01,2016,4,65+,Females,Participation rate,9.23
2016-04-01,2016,4,65+,Persons,Employed total,11968.51
2016-04-01,2016,4,65+,Males,Employed total,6400.95
2016-04-01,2016,4,65+,Females,Employed total,5567.56
2016-04-01,2016,4,65+,Persons,Employment to population ratio,61.34
2016-04-01,2016,4,65+,Males,Employment to population ratio,66.79
2016-04-01,2016,4,65+,Females,Employment to population ratio,56.08
2016-04-01,2016,4,65+,Persons,Unemployed total,719.36
2016-04-01,2016,4,65+,Males,Unemployed total,371.73
2016-04-01,2016,4,65+,Females,Unemployed total,347.63
2016-04-01,2016,4,65+,Persons,Unemployment rate,5.67
2016-04-01,2016,4,65+,Males,Unemployment rate,5.49
2016-04-01,2016,4,65+,Females,Unemployment rate,5.88
2016-04-01,2016,4,65+,Persons,Labour force total,12687.88
2016-04-01,2016,4,65+,Males,Labour force total,6772.68
2016-04-01,2016,4,65+,Females,Labour force total,5915.19
2016-04-01,2016,4,65+,Persons,Participation rate,65.03
2016-04-01,2016,4,65+,Males,Participation rate,70.67
2016-04-01,2016,4,65+,Females,Participation rate,59.58
2016-05-01,2016,5,55-64,Persons,Employed total,1744.83
2016-05-01,2016,5,55-64,Males,Employed total,938.82
2016-05-01,2016,5,55-64,Females,Employed total,806.0
2016-05-01,2016,5,55-64,Persons,Employment to population ratio,62.9
2016-05-01,2016,5,55-64,Males,Employment to population ratio,69.16
2016-05-01,2016,5,55-64,Females,Employment to population ratio,56.9
2016-05-01,2016,5,55-64,Persons,Unemployed total,80.14
2016-05-01,2016,5,55-64,Males,Unemployed total,49.46
2016-05-01,2016,5,55-64,Females,Unemployed total,30.68
2016-05-01,2016,5,55-64,Persons,Unemployment rate,4.39
2016-05-01,2016,5,55-64,Males,Unemployment rate,5.0
2016-05-01,2016,5,55-64,Females,Unemployment rate,3.67
2016-05-01,2016,5,55-64,Persons,Labour force total,1824.97
2016-05-01,2016,5,55-64,Males,Labour force total,988.28
2016-05-01,2016,5,55-64,Females,Labour force total,836.68
2016-05-01,2016,5,55-64,Persons,Participation rate,65.79
2016-05-01,2016,5,55-64,Males,Participation rate,72.81
2016-05-01,2016,5,55-64,Females,Participation rate,59.07
2016-05-01,2016,5,65+,Persons,Employed total,458.81
2016-05-01,2016,5,65+,Males,Employed total,282.33
2016-05-01,2016,5,65+,Females,Employed total,176.49
2016-05-01,2016,5,65+,Persons,Employment to population ratio,12.53
2016-05-01,2016,5,65+,Males,Employment to population ratio,16.5
2016-05-01,2016,5,65+,Females,Employment to population ratio,9.05
2016-05-01,2016,5,65+,Persons,Unemployed total,6.19
2016-05-01,2016,5,65+,Males,Unemployed total,4.05
2016-05-01,2016,5,65+,Females,Unemployed total,2.14
2016-05-01,2016,5,65+,Persons,Unemployment rate,1.33
2016-05-01,2016,5,65+,Males,Unemployment rate,1.41
2016-05-01,2016,5,65+,Females,Unemployment rate,1.2
2016-05-01,2016,5,65+,Persons,Labour force total,465.0
2016-05-01,2016,5,65+,Males,Labour force total,286.37
2016-05-01,2016,5,65+,Females,Labour force total,178.63
2016-05-01,2016,5,65+,Persons,Participation rate,12.7
2016-05-01,2016,5,65+,Males,Participation rate,16.74
2016-05-01,2016,5,65+,Females,Participation rate,9.16
2016-05-01,2016,5,65+,Persons,Employed total,11999.95
2016-05-01,2016,5,65+,Males,Employed total,6420.8
2016-05-01,2016,5,65+,Females,Employed total,5579.15
2016-05-01,2016,5,65+,Persons,Employment to population ratio,61.43
2016-05-01,2016,5,65+,Males,Employment to population ratio,66.93
2016-05-01,2016,5,65+,Females,Employment to population ratio,56.13
2016-05-01,2016,5,65+,Persons,Unemployed total,715.14
2016-05-01,2016,5,65+,Males,Unemployed total,373.23
2016-05-01,2016,5,65+,Females,Unemployed total,341.91
2016-05-01,2016,5,65+,Persons,Unemployment rate,5.62
2016-05-01,2016,5,65+,Males,Unemployment rate,5.49
2016-05-01,2016,5,65+,Females,Unemployment rate,5.77
2016-05-01,2016,5,65+,Persons,Labour force total,12715.09
2016-05-01,2016,5,65+,Males,Labour force total,6794.03
2016-05-01,2016,5,65+,Females,Labour force total,5921.06
2016-05-01,2016,5,65+,Persons,Participation rate,65.09
2016-05-01,2016,5,65+,Males,Participation rate,70.82
2016-05-01,2016,5,65+,Females,Participation rate,59.57
2016-06-01,2016,6,55-64,Persons,Employed total,1739.5
2016-06-01,2016,6,55-64,Males,Employed total,935.72
2016-06-01,2016,6,55-64,Females,Employed total,803.77
2016-06-01,2016,6,55-64,Persons,Employment to population ratio,62.61
2016-06-01,2016,6,55-64,Males,Employment to population ratio,68.84
2016-06-01,2016,6,55-64,Females,Employment to population ratio,56.64
2016-06-01,2016,6,55-64,Persons,Unemployed total,75.78
2016-06-01,2016,6,55-64,Males,Unemployed total,44.04
2016-06-01,2016,6,55-64,Females,Unemployed total,31.74
2016-06-01,2016,6,55-64,Persons,Unemployment rate,4.17
2016-06-01,2016,6,55-64,Males,Unemployment rate,4.49
2016-06-01,2016,6,55-64,Females,Unemployment rate,3.8
2016-06-01,2016,6,55-64,Persons,Labour force total,1815.28
2016-06-01,2016,6,55-64,Males,Labour force total,979.76
2016-06-01,2016,6,55-64,Females,Labour force total,835.52
2016-06-01,2016,6,55-64,Persons,Participation rate,65.34
2016-06-01,2016,6,55-64,Males,Participation rate,72.08
2016-06-01,2016,6,55-64,Females,Participation rate,58.88
2016-06-01,2016,6,65+,Persons,Employed total,464.37
2016-06-01,2016,6,65+,Males,Employed total,286.4
2016-06-01,2016,6,65+,Females,Employed total,177.97
2016-06-01,2016,6,65+,Persons,Employment to population ratio,12.65
2016-06-01,2016,6,65+,Males,Employment to population ratio,16.7
2016-06-01,2016,6,65+,Females,Employment to population ratio,9.1
2016-06-01,2016,6,65+,Persons,Unemployed total,6.81
2016-06-01,2016,6,65+,Males,Unemployed total,4.78
2016-06-01,2016,6,65+,Females,Unemployed total,2.03
2016-06-01,2016,6,65+,Persons,Unemployment rate,1.45
2016-06-01,2016,6,65+,Males,Unemployment rate,1.64
2016-06-01,2016,6,65+,Females,Unemployment rate,1.13
2016-06-01,2016,6,65+,Persons,Labour force total,471.18
2016-06-01,2016,6,65+,Males,Labour force total,291.18
2016-06-01,2016,6,65+,Females,Labour force total,180.01
2016-06-01,2016,6,65+,Persons,Participation rate,12.83
2016-06-01,2016,6,65+,Males,Participation rate,16.97
2016-06-01,2016,6,65+,Females,Participation rate,9.2
2016-06-01,2016,6,65+,Persons,Employed total,11991.26
2016-06-01,2016,6,65+,Males,Employed total,6406.05
2016-06-01,2016,6,65+,Females,Employed total,5585.21
2016-06-01,2016,6,65+,Persons,Employment to population ratio,61.32
2016-06-01,2016,6,65+,Males,Employment to population ratio,66.7
2016-06-01,2016,6,65+,Females,Employment to population ratio,56.12
2016-06-01,2016,6,65+,Persons,Unemployed total,703.54
2016-06-01,2016,6,65+,Males,Unemployed total,356.68
2016-06-01,2016,6,65+,Females,Unemployed total,346.86
2016-06-01,2016,6,65+,Persons,Unemployment rate,5.54
2016-06-01,2016,6,65+,Males,Unemployment rate,5.27
2016-06-01,2016,6,65+,Females,Unemployment rate,5.85
2016-06-01,2016,6,65+,Persons,Labour force total,12694.8
2016-06-01,2016,6,65+,Males,Labour force total,6762.73
2016-06-01,2016,6,65+,Females,Labour force total,5932.06
2016-06-01,2016,6,65+,Persons,Participation rate,64.92
2016-06-01,2016,6,65+,Males,Participation rate,70.42
2016-06-01,2016,6,65+,Females,Participation rate,59.61
2016-07-01,2016,7,55-64,Persons,Employed total,1721.77
2016-07-01,2016,7,55-64,Males,Employed total,922.28
2016-07-01,2016,7,55-64,Females,Employed total,799.49
2016-07-01,2016,7,55-64,Persons,Employment to population ratio,61.86
2016-07-01,2016,7,55-64,Males,Employment to population ratio,67.73
2016-07-01,2016,7,55-64,Females,Employment to population ratio,56.23
2016-07-01,2016,7,55-64,Persons,Unemployed total,79.32
2016-07-01,2016,7,55-64,Males,Unemployed total,46.98
2016-07-01,2016,7,55-64,Females,Unemployed total,32.35
2016-07-01,2016,7,55-64,Persons,Unemployment rate,4.4
2016-07-01,2016,7,55-64,Males,Unemployment rate,4.85
2016-07-01,2016,7,55-64,Females,Unemployment rate,3.89
2016-07-01,2016,7,55-64,Persons,Labour force total,1801.09
2016-07-01,2016,7,55-64,Males,Labour force total,969.26
2016-07-01,2016,7,55-64,Females,Labour force total,831.84
2016-07-01,2016,7,55-64,Persons,Participation rate,64.71
2016-07-01,2016,7,55-64,Males,Participation rate,71.18
2016-07-01,2016,7,55-64,Females,Participation rate,58.51
2016-07-01,2016,7,65+,Persons,Employed total,471.17
2016-07-01,2016,7,65+,Males,Employed total,287.61
2016-07-01,2016,7,65+,Females,Employed total,183.56
2016-07-01,2016,7,65+,Persons,Employment to population ratio,12.8
2016-07-01,2016,7,65+,Males,Employment to population ratio,16.72
2016-07-01,2016,7,65+,Females,Employment to population ratio,9.36
2016-07-01,2016,7,65+,Persons,Unemployed total,9.43
2016-07-01,2016,7,65+,Males,Unemployed total,7.5
2016-07-01,2016,7,65+,Females,Unemployed total,1.93
2016-07-01,2016,7,65+,Persons,Unemployment rate,1.96
2016-07-01,2016,7,65+,Males,Unemployment rate,2.54
2016-07-01,2016,7,65+,Females,Unemployment rate,1.04
2016-07-01,2016,7,65+,Persons,Labour force total,480.6
2016-07-01,2016,7,65+,Males,Labour force total,295.11
2016-07-01,2016,7,65+,Females,Labour force total,185.49
2016-07-01,2016,7,65+,Persons,Participation rate,13.06
2016-07-01,2016,7,65+,Males,Participation rate,17.16
2016-07-01,2016,7,65+,Females,Participation rate,9.46
2016-07-01,2016,7,65+,Persons,Employed total,11995.33
2016-07-01,2016,7,65+,Males,Employed total,6412.67
2016-07-01,2016,7,65+,Females,Employed total,5582.66
2016-07-01,2016,7,65+,Persons,Employment to population ratio,61.25
2016-07-01,2016,7,65+,Males,Employment to population ratio,66.67
2016-07-01,2016,7,65+,Females,Employment to population ratio,56.01
2016-07-01,2016,7,65+,Persons,Unemployed total,708.84
2016-07-01,2016,7,65+,Males,Unemployed total,373.53
2016-07-01,2016,7,65+,Females,Unemployed total,335.31
2016-07-01,2016,7,65+,Persons,Unemployment rate,5.58
2016-07-01,2016,7,65+,Males,Unemployment rate,5.5
2016-07-01,2016,7,65+,Females,Unemployment rate,5.67
2016-07-01,2016,7,65+,Persons,Labour force total,12704.17
2016-07-01,2016,7,65+,Males,Labour force total,6786.2
2016-07-01,2016,7,65+,Females,Labour force total,5917.97
2016-07-01,2016,7,65+,Persons,Participation rate,64.87
2016-07-01,2016,7,65+,Males,Participation rate,70.56
2016-07-01,2016,7,65+,Females,Participation rate,59.37
2016-08-01,2016,8,55-64,Persons,Employed total,1728.84
2016-08-01,2016,8,55-64,Males,Employed total,924.08
2016-08-01,2016,8,55-64,Females,Employed total,804.76
2016-08-01,2016,8,55-64,Persons,Employment to population ratio,62.0
2016-08-01,2016,8,55-64,Males,Employment to population ratio,67.75
2016-08-01,2016,8,55-64,Females,Employment to population ratio,56.5
2016-08-01,2016,8,55-64,Persons,Unemployed total,82.02
2016-08-01,2016,8,55-64,Males,Unemployed total,50.38
2016-08-01,2016,8,55-64,Females,Unemployed total,31.64
2016-08-01,2016,8,55-64,Persons,Unemployment rate,4.53
2016-08-01,2016,8,55-64,Males,Unemployment rate,5.17
2016-08-01,2016,8,55-64,Females,Unemployment rate,3.78
2016-08-01,2016,8,55-64,Persons,Labour force total,1810.86
2016-08-01,2016,8,55-64,Males,Labour force total,974.46
2016-08-01,2016,8,55-64,Females,Labour force total,836.4
2016-08-01,2016,8,55-64,Persons,Participation rate,64.94
2016-08-01,2016,8,55-64,Males,Participation rate,71.44
2016-08-01,2016,8,55-64,Females,Participation rate,58.72
2016-08-01,2016,8,65+,Persons,Employed total,457.0
2016-08-01,2016,8,65+,Males,Employed total,281.24
2016-08-01,2016,8,65+,Females,Employed total,175.76
2016-08-01,2016,8,65+,Persons,Employment to population ratio,12.39
2016-08-01,2016,8,65+,Males,Employment to population ratio,16.31
2016-08-01,2016,8,65+,Females,Employment to population ratio,8.94
2016-08-01,2016,8,65+,Persons,Unemployed total,4.66
2016-08-01,2016,8,65+,Males,Unemployed total,3.65
2016-08-01,2016,8,65+,Females,Unemployed total,1.01
2016-08-01,2016,8,65+,Persons,Unemployment rate,1.01
2016-08-01,2016,8,65+,Males,Unemployment rate,1.28
2016-08-01,2016,8,65+,Females,Unemployment rate,0.57
2016-08-01,2016,8,65+,Persons,Labour force total,461.66
2016-08-01,2016,8,65+,Males,Labour force total,284.89
2016-08-01,2016,8,65+,Females,Labour force total,176.77
2016-08-01,2016,8,65+,Persons,Participation rate,12.51
2016-08-01,2016,8,65+,Males,Participation rate,16.52
2016-08-01,2016,8,65+,Females,Participation rate,9.0
2016-08-01,2016,8,65+,Persons,Employed total,11895.61
2016-08-01,2016,8,65+,Males,Employed total,6358.45
2016-08-01,2016,8,65+,Females,Employed total,5537.16
2016-08-01,2016,8,65+,Persons,Employment to population ratio,60.65
2016-08-01,2016,8,65+,Males,Employment to population ratio,66.01
2016-08-01,2016,8,65+,Females,Employment to population ratio,55.47
2016-08-01,2016,8,65+,Persons,Unemployed total,708.12
2016-08-01,2016,8,65+,Males,Unemployed total,380.26
2016-08-01,2016,8,65+,Females,Unemployed total,327.85
2016-08-01,2016,8,65+,Persons,Unemployment rate,5.62
2016-08-01,2016,8,65+,Males,Unemployment rate,5.64
2016-08-01,2016,8,65+,Females,Unemployment rate,5.59
2016-08-01,2016,8,65+,Persons,Labour force total,12603.73
2016-08-01,2016,8,65+,Males,Labour force total,6738.71
2016-08-01,2016,8,65+,Females,Labour force total,5865.01
2016-08-01,2016,8,65+,Persons,Participation rate,64.26
2016-08-01,2016,8,65+,Males,Participation rate,69.96
2016-08-01,2016,8,65+,Females,Participation rate,58.75
2016-09-01,2016,9,55-64,Persons,Employed total,1722.86
2016-09-01,2016,9,55-64,Males,Employed total,915.6
2016-09-01,2016,9,55-64,Females,Employed total,807.27
2016-09-01,2016,9,55-64,Persons,Employment to population ratio,61.67
2016-09-01,2016,9,55-64,Males,Employment to population ratio,67.01
2016-09-01,2016,9,55-64,Females,Employment to population ratio,56.56
2016-09-01,2016,9,55-64,Persons,Unemployed total,74.13
2016-09-01,2016,9,55-64,Males,Unemployed total,46.73
2016-09-01,2016,9,55-64,Females,Unemployed total,27.4
2016-09-01,2016,9,55-64,Persons,Unemployment rate,4.13
2016-09-01,2016,9,55-64,Males,Unemployment rate,4.86
2016-09-01,2016,9,55-64,Females,Unemployment rate,3.28
2016-09-01,2016,9,55-64,Persons,Labour force total,1796.99
2016-09-01,2016,9,55-64,Males,Labour force total,962.32
2016-09-01,2016,9,55-64,Females,Labour force total,834.67
2016-09-01,2016,9,55-64,Persons,Participation rate,64.33
2016-09-01,2016,9,55-64,Males,Participation rate,70.43
2016-09-01,2016,9,55-64,Females,Participation rate,58.48
2016-09-01,2016,9,65+,Persons,Employed total,447.79
2016-09-01,2016,9,65+,Males,Employed total,278.33
2016-09-01,2016,9,65+,Females,Employed total,169.46
2016-09-01,2016,9,65+,Persons,Employment to population ratio,12.11
2016-09-01,2016,9,65+,Males,Employment to population ratio,16.1
2016-09-01,2016,9,65+,Females,Employment to population ratio,8.6
2016-09-01,2016,9,65+,Persons,Unemployed total,6.58
2016-09-01,2016,9,65+,Males,Unemployed total,5.32
2016-09-01,2016,9,65+,Females,Unemployed total,1.26
2016-09-01,2016,9,65+,Persons,Unemployment rate,1.45
2016-09-01,2016,9,65+,Males,Unemployment rate,1.88
2016-09-01,2016,9,65+,Females,Unemployment rate,0.74
2016-09-01,2016,9,65+,Persons,Labour force total,454.37
2016-09-01,2016,9,65+,Males,Labour force total,283.65
2016-09-01,2016,9,65+,Females,Labour force total,170.72
2016-09-01,2016,9,65+,Persons,Participation rate,12.29
2016-09-01,2016,9,65+,Males,Participation rate,16.41
2016-09-01,2016,9,65+,Females,Participation rate,8.67
2016-09-01,2016,9,65+,Persons,Employed total,11932.42
2016-09-01,2016,9,65+,Males,Employed total,6362.44
2016-09-01,2016,9,65+,Females,Employed total,5569.98
2016-09-01,2016,9,65+,Persons,Employment to population ratio,60.74
2016-09-01,2016,9,65+,Males,Employment to population ratio,65.96
2016-09-01,2016,9,65+,Females,Employment to population ratio,55.71
2016-09-01,2016,9,65+,Persons,Unemployed total,696.22
2016-09-01,2016,9,65+,Males,Unemployed total,376.19
2016-09-01,2016,9,65+,Females,Unemployed total,320.03
2016-09-01,2016,9,65+,Persons,Unemployment rate,5.51
2016-09-01,2016,9,65+,Males,Unemployment rate,5.58
2016-09-01,2016,9,65+,Females,Unemployment rate,5.43
2016-09-01,2016,9,65+,Persons,Labour force total,12628.64
2016-09-01,2016,9,65+,Males,Labour force total,6738.63
2016-09-01,2016,9,65+,Females,Labour force total,5890.01
2016-09-01,2016,9,65+,Persons,Participation rate,64.29
2016-09-01,2016,9,65+,Males,Participation rate,69.86
2016-09-01,2016,9,65+,Females,Participation rate,58.91
2016-10-01,2016,10,55-64,Persons,Employed total,1738.57
2016-10-01,2016,10,55-64,Males,Employed total,929.92
2016-10-01,2016,10,55-64,Females,Employed total,808.65
2016-10-01,2016,10,55-64,Persons,Employment to population ratio,62.12
2016-10-01,2016,10,55-64,Males,Employment to population ratio,67.94
2016-10-01,2016,10,55-64,Females,Employment to population ratio,56.55
2016-10-01,2016,10,55-64,Persons,Unemployed total,72.16
2016-10-01,2016,10,55-64,Males,Unemployed total,43.58
2016-10-01,2016,10,55-64,Females,Unemployed total,28.58
2016-10-01,2016,10,55-64,Persons,Unemployment rate,3.99
2016-10-01,2016,10,55-64,Males,Unemployment rate,4.48
2016-10-01,2016,10,55-64,Females,Unemployment rate,3.41
2016-10-01,2016,10,55-64,Persons,Labour force total,1810.73
2016-10-01,2016,10,55-64,Males,Labour force total,973.5
2016-10-01,2016,10,55-64,Females,Labour force total,837.23
2016-10-01,2016,10,55-64,Persons,Participation rate,64.7
2016-10-01,2016,10,55-64,Males,Participation rate,71.13
2016-10-01,2016,10,55-64,Females,Participation rate,58.55
2016-10-01,2016,10,65+,Persons,Employed total,457.43
2016-10-01,2016,10,65+,Males,Employed total,282.64
2016-10-01,2016,10,65+,Females,Employed total,174.79
2016-10-01,2016,10,65+,Persons,Employment to population ratio,12.34
2016-10-01,2016,10,65+,Males,Employment to population ratio,16.31
2016-10-01,2016,10,65+,Females,Employment to population ratio,8.85
2016-10-01,2016,10,65+,Persons,Unemployed total,5.07
2016-10-01,2016,10,65+,Males,Unemployed total,3.76
2016-10-01,2016,10,65+,Females,Unemployed total,1.3
2016-10-01,2016,10,65+,Persons,Unemployment rate,1.1
2016-10-01,2016,10,65+,Males,Unemployment rate,1.31
2016-10-01,2016,10,65+,Females,Unemployment rate,0.74
2016-10-01,2016,10,65+,Persons,Labour force total,462.5
2016-10-01,2016,10,65+,Males,Labour force total,286.4
2016-10-01,2016,10,65+,Females,Labour force total,176.1
2016-10-01,2016,10,65+,Persons,Participation rate,12.47
2016-10-01,2016,10,65+,Males,Participation rate,16.52
2016-10-01,2016,10,65+,Females,Participation rate,8.92
2016-10-01,2016,10,65+,Persons,Employed total,11964.19
2016-10-01,2016,10,65+,Males,Employed total,6387.24
2016-10-01,2016,10,65+,Females,Employed total,5576.95
2016-10-01,2016,10,65+,Persons,Employment to population ratio,60.83
2016-10-01,2016,10,65+,Males,Employment to population ratio,66.14
2016-10-01,2016,10,65+,Females,Employment to population ratio,55.71
2016-10-01,2016,10,65+,Persons,Unemployed total,677.95
2016-10-01,2016,10,65+,Males,Unemployed total,363.34
2016-10-01,2016,10,65+,Females,Unemployed total,314.61
2016-10-01,2016,10,65+,Persons,Unemployment rate,5.36
2016-10-01,2016,10,65+,Males,Unemployment rate,5.38
2016-10-01,2016,10,65+,Females,Unemployment rate,5.34
2016-10-01,2016,10,65+,Persons,Labour force total,12642.14
2016-10-01,2016,10,65+,Males,Labour force total,6750.58
2016-10-01,2016,10,65+,Females,Labour force total,5891.56
2016-10-01,2016,10,65+,Persons,Participation rate,64.28
2016-10-01,2016,10,65+,Males,Participation rate,69.9
2016-10-01,2016,10,65+,Females,Participation rate,58.85
2016-11-01,2016,11,55-64,Persons,Employed total,1761.29
2016-11-01,2016,11,55-64,Males,Employed total,938.57
2016-11-01,2016,11,55-64,Females,Employed total,822.72
2016-11-01,2016,11,55-64,Persons,Employment to population ratio,62.82
2016-11-01,2016,11,55-64,Males,Employment to population ratio,68.46
2016-11-01,2016,11,55-64,Females,Employment to population ratio,57.42
2016-11-01,2016,11,55-64,Persons,Unemployed total,68.16
2016-11-01,2016,11,55-64,Males,Unemployed total,42.49
2016-11-01,2016,11,55-64,Females,Unemployed total,25.67
2016-11-01,2016,11,55-64,Persons,Unemployment rate,3.73
2016-11-01,2016,11,55-64,Males,Unemployment rate,4.33
2016-11-01,2016,11,55-64,Females,Unemployment rate,3.03
2016-11-01,2016,11,55-64,Persons,Labour force total,1829.45
2016-11-01,2016,11,55-64,Males,Labour force total,981.06
2016-11-01,2016,11,55-64,Females,Labour force total,848.38
2016-11-01,2016,11,55-64,Persons,Participation rate,65.25
2016-11-01,2016,11,55-64,Males,Participation rate,71.55
2016-11-01,2016,11,55-64,Females,Participation rate,59.21
2016-11-01,2016,11,65+,Persons,Employed total,467.13
2016-11-01,2016,11,65+,Males,Employed total,287.15
2016-11-01,2016,11,65+,Females,Employed total,179.98
2016-11-01,2016,11,65+,Persons,Employment to population ratio,12.56
2016-11-01,2016,11,65+,Males,Employment to population ratio,16.52
2016-11-01,2016,11,65+,Females,Employment to population ratio,9.09
2016-11-01,2016,11,65+,Persons,Unemployed total,7.71
2016-11-01,2016,11,65+,Males,Unemployed total,5.17
2016-11-01,2016,11,65+,Females,Unemployed total,2.54
2016-11-01,2016,11,65+,Persons,Unemployment rate,1.62
2016-11-01,2016,11,65+,Males,Unemployment rate,1.77
2016-11-01,2016,11,65+,Females,Unemployment rate,1.39
2016-11-01,2016,11,65+,Persons,Labour force total,474.83
2016-11-01,2016,11,65+,Males,Labour force total,292.32
2016-11-01,2016,11,65+,Females,Labour force total,182.52
2016-11-01,2016,11,65+,Persons,Participation rate,12.77
2016-11-01,2016,11,65+,Males,Participation rate,16.82
2016-11-01,2016,11,65+,Females,Participation rate,9.22
2016-11-01,2016,11,65+,Persons,Employed total,12032.8
2016-11-01,2016,11,65+,Males,Employed total,6413.0
2016-11-01,2016,11,65+,Females,Employed total,5619.8
2016-11-01,2016,11,65+,Persons,Employment to population ratio,61.1
2016-11-01,2016,11,65+,Males,Employment to population ratio,66.32
2016-11-01,2016,11,65+,Females,Employment to population ratio,56.07
2016-11-01,2016,11,65+,Persons,Unemployed total,683.95
2016-11-01,2016,11,65+,Males,Unemployed total,363.24
2016-11-01,2016,11,65+,Females,Unemployed total,320.71
2016-11-01,2016,11,65+,Persons,Unemployment rate,5.38
2016-11-01,2016,11,65+,Males,Unemployment rate,5.36
2016-11-01,2016,11,65+,Females,Unemployment rate,5.4
2016-11-01,2016,11,65+,Persons,Labour force total,12716.75
2016-11-01,2016,11,65+,Males,Labour force total,6776.24
2016-11-01,2016,11,65+,Females,Labour force total,5940.51
2016-11-01,2016,11,65+,Persons,Participation rate,64.58
2016-11-01,2016,11,65+,Males,Participation rate,70.08
2016-11-01,2016,11,65+,Females,Participation rate,59.27
2016-12-01,2016,12,55-64,Persons,Employed total,1763.46
2016-12-01,2016,12,55-64,Males,Employed total,942.4
2016-12-01,2016,12,55-64,Females,Employed total,821.05
2016-12-01,2016,12,55-64,Persons,Employment to population ratio,62.78
2016-12-01,2016,12,55-64,Males,Employment to population ratio,68.61
2016-12-01,2016,12,55-64,Females,Employment to population ratio,57.19
2016-12-01,2016,12,55-64,Persons,Unemployed total,69.97
2016-12-01,2016,12,55-64,Males,Unemployed total,41.39
2016-12-01,2016,12,55-64,Females,Unemployed total,28.57
2016-12-01,2016,12,55-64,Persons,Unemployment rate,3.82
2016-12-01,2016,12,55-64,Males,Unemployment rate,4.21
2016-12-01,2016,12,55-64,Females,Unemployment rate,3.36
2016-12-01,2016,12,55-64,Persons,Labour force total,1833.42
2016-12-01,2016,12,55-64,Males,Labour force total,983.8
2016-12-01,2016,12,55-64,Females,Labour force total,849.62
2016-12-01,2016,12,55-64,Persons,Participation rate,65.27
2016-12-01,2016,12,55-64,Males,Participation rate,71.63
2016-12-01,2016,12,55-64,Females,Participation rate,59.18
2016-12-01,2016,12,65+,Persons,Employed total,466.74
2016-12-01,2016,12,65+,Males,Employed total,288.95
2016-12-01,2016,12,65+,Females,Employed total,177.8
2016-12-01,2016,12,65+,Persons,Employment to population ratio,12.52
2016-12-01,2016,12,65+,Males,Employment to population ratio,16.58
2016-12-01,2016,12,65+,Females,Employment to population ratio,8.96
2016-12-01,2016,12,65+,Persons,Unemployed total,5.62
2016-12-01,2016,12,65+,Males,Unemployed total,4.6
2016-12-01,2016,12,65+,Females,Unemployed total,1.01
2016-12-01,2016,12,65+,Persons,Unemployment rate,1.19
2016-12-01,2016,12,65+,Males,Unemployment rate,1.57
2016-12-01,2016,12,65+,Females,Unemployment rate,0.57
2016-12-01,2016,12,65+,Persons,Labour force total,472.36
2016-12-01,2016,12,65+,Males,Labour force total,293.55
2016-12-01,2016,12,65+,Females,Labour force total,178.81
2016-12-01,2016,12,65+,Persons,Participation rate,12.67
2016-12-01,2016,12,65+,Males,Participation rate,16.84
2016-12-01,2016,12,65+,Females,Participation rate,9.01
2016-12-01,2016,12,65+,Persons,Employed total,12128.27
2016-12-01,2016,12,65+,Males,Employed total,6467.47
2016-12-01,2016,12,65+,Females,Employed total,5660.81
2016-12-01,2016,12,65+,Persons,Employment to population ratio,61.51
2016-12-01,2016,12,65+,Males,Employment to population ratio,66.81
2016-12-01,2016,12,65+,Females,Employment to population ratio,56.41
2016-12-01,2016,12,65+,Persons,Unemployed total,722.42
2016-12-01,2016,12,65+,Males,Unemployed total,390.98
2016-12-01,2016,12,65+,Females,Unemployed total,331.44
2016-12-01,2016,12,65+,Persons,Unemployment rate,5.62
2016-12-01,2016,12,65+,Males,Unemployment rate,5.7
2016-12-01,2016,12,65+,Females,Unemployment rate,5.53
2016-12-01,2016,12,65+,Persons,Labour force total,12850.69
2016-12-01,2016,12,65+,Males,Labour force total,6858.44
2016-12-01,2016,12,65+,Females,Labour force total,5992.25
2016-12-01,2016,12,65+,Persons,Participation rate,65.18
2016-12-01,2016,12,65+,Males,Participation rate,70.84
2016-12-01,2016,12,65+,Females,Participation rate,59.71
2017-01-01,2017,1,55-64,Persons,Employed total,1731.1
2017-01-01,2017,1,55-64,Males,Employed total,925.15
2017-01-01,2017,1,55-64,Females,Employed total,805.94
2017-01-01,2017,1,55-64,Persons,Employment to population ratio,61.52
2017-01-01,2017,1,55-64,Males,Employment to population ratio,67.25
2017-01-01,2017,1,55-64,Females,Employment to population ratio,56.04
2017-01-01,2017,1,55-64,Persons,Unemployed total,72.97
2017-01-01,2017,1,55-64,Males,Unemployed total,41.0
2017-01-01,2017,1,55-64,Females,Unemployed total,31.97
2017-01-01,2017,1,55-64,Persons,Unemployment rate,4.04
2017-01-01,2017,1,55-64,Males,Unemployment rate,4.24
2017-01-01,2017,1,55-64,Females,Unemployment rate,3.82
2017-01-01,2017,1,55-64,Persons,Labour force total,1804.07
2017-01-01,2017,1,55-64,Males,Labour force total,966.15
2017-01-01,2017,1,55-64,Females,Labour force total,837.91
2017-01-01,2017,1,55-64,Persons,Participation rate,64.11
2017-01-01,2017,1,55-64,Males,Participation rate,70.23
2017-01-01,2017,1,55-64,Females,Participation rate,58.27
2017-01-01,2017,1,65+,Persons,Employed total,444.0
2017-01-01,2017,1,65+,Males,Employed total,273.44
2017-01-01,2017,1,65+,Females,Employed total,170.56
2017-01-01,2017,1,65+,Persons,Employment to population ratio,11.88
2017-01-01,2017,1,65+,Males,Employment to population ratio,15.64
2017-01-01,2017,1,65+,Females,Employment to population ratio,8.57
2017-01-01,2017,1,65+,Persons,Unemployed total,8.69
2017-01-01,2017,1,65+,Males,Unemployed total,4.87
2017-01-01,2017,1,65+,Females,Unemployed total,3.82
2017-01-01,2017,1,65+,Persons,Unemployment rate,1.92
2017-01-01,2017,1,65+,Males,Unemployment rate,1.75
2017-01-01,2017,1,65+,Females,Unemployment rate,2.19
2017-01-01,2017,1,65+,Persons,Labour force total,452.69
2017-01-01,2017,1,65+,Males,Labour force total,278.31
2017-01-01,2017,1,65+,Females,Labour force total,174.38
2017-01-01,2017,1,65+,Persons,Participation rate,12.11
2017-01-01,2017,1,65+,Males,Participation rate,15.92
2017-01-01,2017,1,65+,Females,Participation rate,8.76
2017-01-01,2017,1,65+,Persons,Employed total,11864.31
2017-01-01,2017,1,65+,Males,Employed total,6339.99
2017-01-01,2017,1,65+,Females,Employed total,5524.31
2017-01-01,2017,1,65+,Persons,Employment to population ratio,60.06
2017-01-01,2017,1,65+,Males,Employment to population ratio,65.36
2017-01-01,2017,1,65+,Females,Employment to population ratio,54.95
2017-01-01,2017,1,65+,Persons,Unemployed total,773.15
2017-01-01,2017,1,65+,Males,Unemployed total,403.8
2017-01-01,2017,1,65+,Females,Unemployed total,369.35
2017-01-01,2017,1,65+,Persons,Unemployment rate,6.12
2017-01-01,2017,1,65+,Males,Unemployment rate,5.99
2017-01-01,2017,1,65+,Females,Unemployment rate,6.27
2017-01-01,2017,1,65+,Persons,Labour force total,12637.46
2017-01-01,2017,1,65+,Males,Labour force total,6743.79
2017-01-01,2017,1,65+,Females,Labour force total,5893.67
2017-01-01,2017,1,65+,Persons,Participation rate,63.98
2017-01-01,2017,1,65+,Males,Participation rate,69.53
2017-01-01,2017,1,65+,Females,Participation rate,58.62
2017-02-01,2017,2,55-64,Persons,Employed total,1762.92
2017-02-01,2017,2,55-64,Males,Employed total,943.76
2017-02-01,2017,2,55-64,Females,Employed total,819.17
2017-02-01,2017,2,55-64,Persons,Employment to population ratio,62.55
2017-02-01,2017,2,55-64,Males,Employment to population ratio,68.49
2017-02-01,2017,2,55-64,Females,Employment to population ratio,56.86
2017-02-01,2017,2,55-64,Persons,Unemployed total,85.1
2017-02-01,2017,2,55-64,Males,Unemployed total,47.12
2017-02-01,2017,2,55-64,Females,Unemployed total,37.97
2017-02-01,2017,2,55-64,Persons,Unemployment rate,4.6
2017-02-01,2017,2,55-64,Males,Unemployment rate,4.76
2017-02-01,2017,2,55-64,Females,Unemployment rate,4.43
2017-02-01,2017,2,55-64,Persons,Labour force total,1848.02
2017-02-01,2017,2,55-64,Males,Labour force total,990.88
2017-02-01,2017,2,55-64,Females,Labour force total,857.14
2017-02-01,2017,2,55-64,Persons,Participation rate,65.56
2017-02-01,2017,2,55-64,Males,Participation rate,71.91
2017-02-01,2017,2,55-64,Females,Participation rate,59.5
2017-02-01,2017,2,65+,Persons,Employed total,470.56
2017-02-01,2017,2,65+,Males,Employed total,283.47
2017-02-01,2017,2,65+,Females,Employed total,187.09
2017-02-01,2017,2,65+,Persons,Employment to population ratio,12.55
2017-02-01,2017,2,65+,Males,Employment to population ratio,16.17
2017-02-01,2017,2,65+,Females,Employment to population ratio,9.37
2017-02-01,2017,2,65+,Persons,Unemployed total,8.67
2017-02-01,2017,2,65+,Males,Unemployed total,5.24
2017-02-01,2017,2,65+,Females,Unemployed total,3.43
2017-02-01,2017,2,65+,Persons,Unemployment rate,1.81
2017-02-01,2017,2,65+,Males,Unemployment rate,1.81
2017-02-01,2017,2,65+,Females,Unemployment rate,1.8
2017-02-01,2017,2,65+,Persons,Labour force total,479.23
2017-02-01,2017,2,65+,Males,Labour force total,288.7
2017-02-01,2017,2,65+,Females,Labour force total,190.53
2017-02-01,2017,2,65+,Persons,Participation rate,12.78
2017-02-01,2017,2,65+,Males,Participation rate,16.47
2017-02-01,2017,2,65+,Females,Participation rate,9.55
2017-02-01,2017,2,65+,Persons,Employed total,12062.09
2017-02-01,2017,2,65+,Males,Employed total,6448.91
2017-02-01,2017,2,65+,Females,Employed total,5613.18
2017-02-01,2017,2,65+,Persons,Employment to population ratio,60.95
2017-02-01,2017,2,65+,Males,Employment to population ratio,66.36
2017-02-01,2017,2,65+,Females,Employment to population ratio,55.73
2017-02-01,2017,2,65+,Persons,Unemployed total,824.13
2017-02-01,2017,2,65+,Males,Unemployed total,424.7
2017-02-01,2017,2,65+,Females,Unemployed total,399.43
2017-02-01,2017,2,65+,Persons,Unemployment rate,6.4
2017-02-01,2017,2,65+,Males,Unemployment rate,6.18
2017-02-01,2017,2,65+,Females,Unemployment rate,6.64
2017-02-01,2017,2,65+,Persons,Labour force total,12886.22
2017-02-01,2017,2,65+,Males,Labour force total,6873.61
2017-02-01,2017,2,65+,Females,Labour force total,6012.61
2017-02-01,2017,2,65+,Persons,Participation rate,65.12
2017-02-01,2017,2,65+,Males,Participation rate,70.73
2017-02-01,2017,2,65+,Females,Participation rate,59.7
2017-03-01,2017,3,55-64,Persons,Employed total,1780.56
2017-03-01,2017,3,55-64,Males,Employed total,950.27
2017-03-01,2017,3,55-64,Females,Employed total,830.29
2017-03-01,2017,3,55-64,Persons,Employment to population ratio,63.06
2017-03-01,2017,3,55-64,Males,Employment to population ratio,68.85
2017-03-01,2017,3,55-64,Females,Employment to population ratio,57.53
2017-03-01,2017,3,55-64,Persons,Unemployed total,75.27
2017-03-01,2017,3,55-64,Males,Unemployed total,41.93
2017-03-01,2017,3,55-64,Females,Unemployed total,33.35
2017-03-01,2017,3,55-64,Persons,Unemployment rate,4.06
2017-03-01,2017,3,55-64,Males,Unemployment rate,4.23
2017-03-01,2017,3,55-64,Females,Unemployment rate,3.86
2017-03-01,2017,3,55-64,Persons,Labour force total,1855.84
2017-03-01,2017,3,55-64,Males,Labour force total,992.2
2017-03-01,2017,3,55-64,Females,Labour force total,863.64
2017-03-01,2017,3,55-64,Persons,Participation rate,65.73
2017-03-01,2017,3,55-64,Males,Participation rate,71.89
2017-03-01,2017,3,55-64,Females,Participation rate,59.84
2017-03-01,2017,3,65+,Persons,Employed total,470.09
2017-03-01,2017,3,65+,Males,Employed total,282.73
2017-03-01,2017,3,65+,Females,Employed total,187.36
2017-03-01,2017,3,65+,Persons,Employment to population ratio,12.51
2017-03-01,2017,3,65+,Males,Employment to population ratio,16.08
2017-03-01,2017,3,65+,Females,Employment to population ratio,9.36
2017-03-01,2017,3,65+,Persons,Unemployed total,6.53
2017-03-01,2017,3,65+,Males,Unemployed total,4.27
2017-03-01,2017,3,65+,Females,Unemployed total,2.26
2017-03-01,2017,3,65+,Persons,Unemployment rate,1.37
2017-03-01,2017,3,65+,Males,Unemployment rate,1.49
2017-03-01,2017,3,65+,Females,Unemployment rate,1.19
2017-03-01,2017,3,65+,Persons,Labour force total,476.63
2017-03-01,2017,3,65+,Males,Labour force total,287.0
2017-03-01,2017,3,65+,Females,Labour force total,189.62
2017-03-01,2017,3,65+,Persons,Participation rate,12.68
2017-03-01,2017,3,65+,Males,Participation rate,16.32
2017-03-01,2017,3,65+,Females,Participation rate,9.48
2017-03-01,2017,3,65+,Persons,Employed total,12079.57
2017-03-01,2017,3,65+,Males,Employed total,6443.7
2017-03-01,2017,3,65+,Females,Employed total,5635.88
2017-03-01,2017,3,65+,Persons,Employment to population ratio,60.93
2017-03-01,2017,3,65+,Males,Employment to population ratio,66.18
2017-03-01,2017,3,65+,Females,Employment to population ratio,55.86
2017-03-01,2017,3,65+,Persons,Unemployed total,799.58
2017-03-01,2017,3,65+,Males,Unemployed total,404.51
2017-03-01,2017,3,65+,Females,Unemployed total,395.07
2017-03-01,2017,3,65+,Persons,Unemployment rate,6.21
2017-03-01,2017,3,65+,Males,Unemployment rate,5.91
2017-03-01,2017,3,65+,Females,Unemployment rate,6.55
2017-03-01,2017,3,65+,Persons,Labour force total,12879.15
2017-03-01,2017,3,65+,Males,Labour force total,6848.2
2017-03-01,2017,3,65+,Females,Labour force total,6030.95
2017-03-01,2017,3,65+,Persons,Participation rate,64.96
2017-03-01,2017,3,65+,Males,Participation rate,70.34
2017-03-01,2017,3,65+,Females,Participation rate,59.77
2017-04-01,2017,4,55-64,Persons,Employed total,1791.54
2017-04-01,2017,4,55-64,Males,Employed total,960.77
2017-04-01,2017,4,55-64,Females,Employed total,830.78
2017-04-01,2017,4,55-64,Persons,Employment to population ratio,63.35
2017-04-01,2017,4,55-64,Males,Employment to population ratio,69.5
2017-04-01,2017,4,55-64,Females,Employment to population ratio,57.46
2017-04-01,2017,4,55-64,Persons,Unemployed total,73.03
2017-04-01,2017,4,55-64,Males,Unemployed total,40.88
2017-04-01,2017,4,55-64,Females,Unemployed total,32.15
2017-04-01,2017,4,55-64,Persons,Unemployment rate,3.92
2017-04-01,2017,4,55-64,Males,Unemployment rate,4.08
2017-04-01,2017,4,55-64,Females,Unemployment rate,3.73
2017-04-01,2017,4,55-64,Persons,Labour force total,1864.57
2017-04-01,2017,4,55-64,Males,Labour force total,1001.64
2017-04-01,2017,4,55-64,Females,Labour force total,862.93
2017-04-01,2017,4,55-64,Persons,Participation rate,65.93
2017-04-01,2017,4,55-64,Males,Participation rate,72.46
2017-04-01,2017,4,55-64,Females,Participation rate,59.68
2017-04-01,2017,4,65+,Persons,Employed total,472.31
2017-04-01,2017,4,65+,Males,Employed total,294.09
2017-04-01,2017,4,65+,Females,Employed total,178.22
2017-04-01,2017,4,65+,Persons,Employment to population ratio,12.53
2017-04-01,2017,4,65+,Males,Employment to population ratio,16.68
2017-04-01,2017,4,65+,Females,Employment to population ratio,8.88
2017-04-01,2017,4,65+,Persons,Unemployed total,6.61
2017-04-01,2017,4,65+,Males,Unemployed total,3.58
2017-04-01,2017,4,65+,Females,Unemployed total,3.02
2017-04-01,2017,4,65+,Persons,Unemployment rate,1.38
2017-04-01,2017,4,65+,Males,Unemployment rate,1.2
2017-04-01,2017,4,65+,Females,Unemployment rate,1.67
2017-04-01,2017,4,65+,Persons,Labour force total,478.91
2017-04-01,2017,4,65+,Males,Labour force total,297.68
2017-04-01,2017,4,65+,Females,Labour force total,181.24
2017-04-01,2017,4,65+,Persons,Participation rate,12.71
2017-04-01,2017,4,65+,Males,Participation rate,16.89
2017-04-01,2017,4,65+,Females,Participation rate,9.04
2017-04-01,2017,4,65+,Persons,Employed total,12151.19
2017-04-01,2017,4,65+,Males,Employed total,6504.36
2017-04-01,2017,4,65+,Females,Employed total,5646.83
2017-04-01,2017,4,65+,Persons,Employment to population ratio,61.22
2017-04-01,2017,4,65+,Males,Employment to population ratio,66.73
2017-04-01,2017,4,65+,Females,Employment to population ratio,55.9
2017-04-01,2017,4,65+,Persons,Unemployed total,727.34
2017-04-01,2017,4,65+,Males,Unemployed total,360.22
2017-04-01,2017,4,65+,Females,Unemployed total,367.12
2017-04-01,2017,4,65+,Persons,Unemployment rate,5.65
2017-04-01,2017,4,65+,Males,Unemployment rate,5.25
2017-04-01,2017,4,65+,Females,Unemployment rate,6.1
2017-04-01,2017,4,65+,Persons,Labour force total,12878.53
2017-04-01,2017,4,65+,Males,Labour force total,6864.58
2017-04-01,2017,4,65+,Females,Labour force total,6013.94
2017-04-01,2017,4,65+,Persons,Participation rate,64.88
2017-04-01,2017,4,65+,Males,Participation rate,70.42
2017-04-01,2017,4,65+,Females,Participation rate,59.54
2017-05-01,2017,5,55-64,Persons,Employed total,1820.66
2017-05-01,2017,5,55-64,Males,Employed total,966.53
2017-05-01,2017,5,55-64,Females,Employed total,854.14
2017-05-01,2017,5,55-64,Persons,Employment to population ratio,64.27
2017-05-01,2017,5,55-64,Males,Employment to population ratio,69.81
2017-05-01,2017,5,55-64,Females,Employment to population ratio,58.97
2017-05-01,2017,5,55-64,Persons,Unemployed total,73.61
2017-05-01,2017,5,55-64,Males,Unemployed total,43.94
2017-05-01,2017,5,55-64,Females,Unemployed total,29.67
2017-05-01,2017,5,55-64,Persons,Unemployment rate,3.89
2017-05-01,2017,5,55-64,Males,Unemployment rate,4.35
2017-05-01,2017,5,55-64,Females,Unemployment rate,3.36
2017-05-01,2017,5,55-64,Persons,Labour force total,1894.27
2017-05-01,2017,5,55-64,Males,Labour force total,1010.46
2017-05-01,2017,5,55-64,Females,Labour force total,883.81
2017-05-01,2017,5,55-64,Persons,Participation rate,66.86
2017-05-01,2017,5,55-64,Males,Participation rate,72.98
2017-05-01,2017,5,55-64,Females,Participation rate,61.02
2017-05-01,2017,5,65+,Persons,Employed total,491.56
2017-05-01,2017,5,65+,Males,Employed total,302.41
2017-05-01,2017,5,65+,Females,Employed total,189.15
2017-05-01,2017,5,65+,Persons,Employment to population ratio,13.01
2017-05-01,2017,5,65+,Males,Employment to population ratio,17.11
2017-05-01,2017,5,65+,Females,Employment to population ratio,9.41
2017-05-01,2017,5,65+,Persons,Unemployed total,7.15
2017-05-01,2017,5,65+,Males,Unemployed total,4.35
2017-05-01,2017,5,65+,Females,Unemployed total,2.8
2017-05-01,2017,5,65+,Persons,Unemployment rate,1.43
2017-05-01,2017,5,65+,Males,Unemployment rate,1.42
2017-05-01,2017,5,65+,Females,Unemployment rate,1.46
2017-05-01,2017,5,65+,Persons,Labour force total,498.7
2017-05-01,2017,5,65+,Males,Labour force total,306.76
2017-05-01,2017,5,65+,Females,Labour force total,191.95
2017-05-01,2017,5,65+,Persons,Participation rate,13.2
2017-05-01,2017,5,65+,Males,Participation rate,17.36
2017-05-01,2017,5,65+,Females,Participation rate,9.55
2017-05-01,2017,5,65+,Persons,Employed total,12230.12
2017-05-01,2017,5,65+,Males,Employed total,6510.15
2017-05-01,2017,5,65+,Females,Employed total,5719.97
2017-05-01,2017,5,65+,Persons,Employment to population ratio,61.54
2017-05-01,2017,5,65+,Males,Employment to population ratio,66.7
2017-05-01,2017,5,65+,Females,Employment to population ratio,56.56
2017-05-01,2017,5,65+,Persons,Unemployed total,703.77
2017-05-01,2017,5,65+,Males,Unemployed total,363.23
2017-05-01,2017,5,65+,Females,Unemployed total,340.54
2017-05-01,2017,5,65+,Persons,Unemployment rate,5.44
2017-05-01,2017,5,65+,Males,Unemployment rate,5.28
2017-05-01,2017,5,65+,Females,Unemployment rate,5.62
2017-05-01,2017,5,65+,Persons,Labour force total,12933.89
2017-05-01,2017,5,65+,Males,Labour force total,6873.38
2017-05-01,2017,5,65+,Females,Labour force total,6060.51
2017-05-01,2017,5,65+,Persons,Participation rate,65.09
2017-05-01,2017,5,65+,Males,Participation rate,70.43
2017-05-01,2017,5,65+,Females,Participation rate,59.93
2017-06-01,2017,6,55-64,Persons,Employed total,1824.97
2017-06-01,2017,6,55-64,Males,Employed total,964.91
2017-06-01,2017,6,55-64,Females,Employed total,860.07
2017-06-01,2017,6,55-64,Persons,Employment to population ratio,64.31
2017-06-01,2017,6,55-64,Males,Employment to population ratio,69.58
2017-06-01,2017,6,55-64,Females,Employment to population ratio,59.27
2017-06-01,2017,6,55-64,Persons,Unemployed total,75.88
2017-06-01,2017,6,55-64,Males,Unemployed total,47.11
2017-06-01,2017,6,55-64,Females,Unemployed total,28.76
2017-06-01,2017,6,55-64,Persons,Unemployment rate,3.99
2017-06-01,2017,6,55-64,Males,Unemployment rate,4.66
2017-06-01,2017,6,55-64,Females,Unemployment rate,3.24
2017-06-01,2017,6,55-64,Persons,Labour force total,1900.85
2017-06-01,2017,6,55-64,Males,Labour force total,1012.02
2017-06-01,2017,6,55-64,Females,Labour force total,888.83
2017-06-01,2017,6,55-64,Persons,Participation rate,66.98
2017-06-01,2017,6,55-64,Males,Participation rate,72.98
2017-06-01,2017,6,55-64,Females,Participation rate,61.25
2017-06-01,2017,6,65+,Persons,Employed total,496.56
2017-06-01,2017,6,65+,Males,Employed total,305.42
2017-06-01,2017,6,65+,Females,Employed total,191.14
2017-06-01,2017,6,65+,Persons,Employment to population ratio,13.11
2017-06-01,2017,6,65+,Males,Employment to population ratio,17.24
2017-06-01,2017,6,65+,Females,Employment to population ratio,9.48
2017-06-01,2017,6,65+,Persons,Unemployed total,4.45
2017-06-01,2017,6,65+,Males,Unemployed total,4.17
2017-06-01,2017,6,65+,Females,Unemployed total,0.28
2017-06-01,2017,6,65+,Persons,Unemployment rate,0.89
2017-06-01,2017,6,65+,Males,Unemployment rate,1.35
2017-06-01,2017,6,65+,Females,Unemployment rate,0.15
2017-06-01,2017,6,65+,Persons,Labour force total,501.0
2017-06-01,2017,6,65+,Males,Labour force total,309.58
2017-06-01,2017,6,65+,Females,Labour force total,191.42
2017-06-01,2017,6,65+,Persons,Participation rate,13.23
2017-06-01,2017,6,65+,Males,Participation rate,17.47
2017-06-01,2017,6,65+,Females,Participation rate,9.5
2017-06-01,2017,6,65+,Persons,Employed total,12227.73
2017-06-01,2017,6,65+,Males,Employed total,6496.43
2017-06-01,2017,6,65+,Females,Employed total,5731.29
2017-06-01,2017,6,65+,Persons,Employment to population ratio,61.46
2017-06-01,2017,6,65+,Males,Employment to population ratio,66.48
2017-06-01,2017,6,65+,Females,Employment to population ratio,56.61
2017-06-01,2017,6,65+,Persons,Unemployed total,707.46
2017-06-01,2017,6,65+,Males,Unemployed total,369.3
2017-06-01,2017,6,65+,Females,Unemployed total,338.17
2017-06-01,2017,6,65+,Persons,Unemployment rate,5.47
2017-06-01,2017,6,65+,Males,Unemployment rate,5.38
2017-06-01,2017,6,65+,Females,Unemployment rate,5.57
2017-06-01,2017,6,65+,Persons,Labour force total,12935.19
2017-06-01,2017,6,65+,Males,Labour force total,6865.73
2017-06-01,2017,6,65+,Females,Labour force total,6069.46
2017-06-01,2017,6,65+,Persons,Participation rate,65.02
2017-06-01,2017,6,65+,Males,Participation rate,70.26
2017-06-01,2017,6,65+,Females,Participation rate,59.96
2017-07-01,2017,7,55-64,Persons,Employed total,1805.43
2017-07-01,2017,7,55-64,Males,Employed total,970.65
2017-07-01,2017,7,55-64,Females,Employed total,834.78
2017-07-01,2017,7,55-64,Persons,Employment to population ratio,63.52
2017-07-01,2017,7,55-64,Males,Employment to population ratio,69.89
2017-07-01,2017,7,55-64,Females,Employment to population ratio,57.43
2017-07-01,2017,7,55-64,Persons,Unemployed total,80.5
2017-07-01,2017,7,55-64,Males,Unemployed total,44.45
2017-07-01,2017,7,55-64,Females,Unemployed total,36.05
2017-07-01,2017,7,55-64,Persons,Unemployment rate,4.27
2017-07-01,2017,7,55-64,Males,Unemployment rate,4.38
2017-07-01,2017,7,55-64,Females,Unemployment rate,4.14
2017-07-01,2017,7,55-64,Persons,Labour force total,1885.93
2017-07-01,2017,7,55-64,Males,Labour force total,1015.1
2017-07-01,2017,7,55-64,Females,Labour force total,870.83
2017-07-01,2017,7,55-64,Persons,Participation rate,66.35
2017-07-01,2017,7,55-64,Males,Participation rate,73.09
2017-07-01,2017,7,55-64,Females,Participation rate,59.91
2017-07-01,2017,7,65+,Persons,Employed total,503.54
2017-07-01,2017,7,65+,Males,Employed total,309.01
2017-07-01,2017,7,65+,Females,Employed total,194.54
2017-07-01,2017,7,65+,Persons,Employment to population ratio,13.27
2017-07-01,2017,7,65+,Males,Employment to population ratio,17.4
2017-07-01,2017,7,65+,Females,Employment to population ratio,9.63
2017-07-01,2017,7,65+,Persons,Unemployed total,9.2
2017-07-01,2017,7,65+,Males,Unemployed total,6.18
2017-07-01,2017,7,65+,Females,Unemployed total,3.02
2017-07-01,2017,7,65+,Persons,Unemployment rate,1.79
2017-07-01,2017,7,65+,Males,Unemployment rate,1.96
2017-07-01,2017,7,65+,Females,Unemployment rate,1.53
2017-07-01,2017,7,65+,Persons,Labour force total,512.74
2017-07-01,2017,7,65+,Males,Labour force total,315.18
2017-07-01,2017,7,65+,Females,Labour force total,197.56
2017-07-01,2017,7,65+,Persons,Participation rate,13.51
2017-07-01,2017,7,65+,Males,Participation rate,17.75
2017-07-01,2017,7,65+,Females,Participation rate,9.78
2017-07-01,2017,7,65+,Persons,Employed total,12234.11
2017-07-01,2017,7,65+,Males,Employed total,6512.7
2017-07-01,2017,7,65+,Females,Employed total,5721.41
2017-07-01,2017,7,65+,Persons,Employment to population ratio,61.41
2017-07-01,2017,7,65+,Males,Employment to population ratio,66.56
2017-07-01,2017,7,65+,Females,Employment to population ratio,56.44
2017-07-01,2017,7,65+,Persons,Unemployed total,712.41
2017-07-01,2017,7,65+,Males,Unemployed total,382.79
2017-07-01,2017,7,65+,Females,Unemployed total,329.62
2017-07-01,2017,7,65+,Persons,Unemployment rate,5.5
2017-07-01,2017,7,65+,Males,Unemployment rate,5.55
2017-07-01,2017,7,65+,Females,Unemployment rate,5.45
2017-07-01,2017,7,65+,Persons,Labour force total,12946.51
2017-07-01,2017,7,65+,Males,Labour force total,6895.48
2017-07-01,2017,7,65+,Females,Labour force total,6051.03
2017-07-01,2017,7,65+,Persons,Participation rate,64.98
2017-07-01,2017,7,65+,Males,Participation rate,70.47
2017-07-01,2017,7,65+,Females,Participation rate,59.69
2017-08-01,2017,8,55-64,Persons,Employed total,1818.56
2017-08-01,2017,8,55-64,Males,Employed total,971.83
2017-08-01,2017,8,55-64,Females,Employed total,846.73
2017-08-01,2017,8,55-64,Persons,Employment to population ratio,63.88
2017-08-01,2017,8,55-64,Males,Employment to population ratio,69.87
2017-08-01,2017,8,55-64,Females,Employment to population ratio,58.16
2017-08-01,2017,8,55-64,Persons,Unemployed total,77.88
2017-08-01,2017,8,55-64,Males,Unemployed total,42.78
2017-08-01,2017,8,55-64,Females,Unemployed total,35.1
2017-08-01,2017,8,55-64,Persons,Unemployment rate,4.11
2017-08-01,2017,8,55-64,Males,Unemployment rate,4.22
2017-08-01,2017,8,55-64,Females,Unemployment rate,3.98
2017-08-01,2017,8,55-64,Persons,Labour force total,1896.44
2017-08-01,2017,8,55-64,Males,Labour force total,1014.61
2017-08-01,2017,8,55-64,Females,Labour force total,881.82
2017-08-01,2017,8,55-64,Persons,Participation rate,66.62
2017-08-01,2017,8,55-64,Males,Participation rate,72.95
2017-08-01,2017,8,55-64,Females,Participation rate,60.57
2017-08-01,2017,8,65+,Persons,Employed total,499.91
2017-08-01,2017,8,65+,Males,Employed total,306.48
2017-08-01,2017,8,65+,Females,Employed total,193.43
2017-08-01,2017,8,65+,Persons,Employment to population ratio,13.14
2017-08-01,2017,8,65+,Males,Employment to population ratio,17.22
2017-08-01,2017,8,65+,Females,Employment to population ratio,9.56
2017-08-01,2017,8,65+,Persons,Unemployed total,7.74
2017-08-01,2017,8,65+,Males,Unemployed total,6.11
2017-08-01,2017,8,65+,Females,Unemployed total,1.64
2017-08-01,2017,8,65+,Persons,Unemployment rate,1.53
2017-08-01,2017,8,65+,Males,Unemployment rate,1.95
2017-08-01,2017,8,65+,Females,Unemployment rate,0.84
2017-08-01,2017,8,65+,Persons,Labour force total,507.65
2017-08-01,2017,8,65+,Males,Labour force total,312.59
2017-08-01,2017,8,65+,Females,Labour force total,195.06
2017-08-01,2017,8,65+,Persons,Participation rate,13.35
2017-08-01,2017,8,65+,Males,Participation rate,17.57
2017-08-01,2017,8,65+,Females,Participation rate,9.64
2017-08-01,2017,8,65+,Persons,Employed total,12221.56
2017-08-01,2017,8,65+,Males,Employed total,6488.92
2017-08-01,2017,8,65+,Females,Employed total,5732.65
2017-08-01,2017,8,65+,Persons,Employment to population ratio,61.26
2017-08-01,2017,8,65+,Males,Employment to population ratio,66.23
2017-08-01,2017,8,65+,Females,Employment to population ratio,56.47
2017-08-01,2017,8,65+,Persons,Unemployed total,714.86
2017-08-01,2017,8,65+,Males,Unemployed total,380.08
2017-08-01,2017,8,65+,Females,Unemployed total,334.79
2017-08-01,2017,8,65+,Persons,Unemployment rate,5.53
2017-08-01,2017,8,65+,Males,Unemployment rate,5.53
2017-08-01,2017,8,65+,Females,Unemployment rate,5.52
2017-08-01,2017,8,65+,Persons,Labour force total,12936.43
2017-08-01,2017,8,65+,Males,Labour force total,6868.99
2017-08-01,2017,8,65+,Females,Labour force total,6067.43
2017-08-01,2017,8,65+,Persons,Participation rate,64.84
2017-08-01,2017,8,65+,Males,Participation rate,70.11
2017-08-01,2017,8,65+,Females,Participation rate,59.76
2017-09-01,2017,9,55-64,Persons,Employed total,1829.51
2017-09-01,2017,9,55-64,Males,Employed total,977.35
2017-09-01,2017,9,55-64,Females,Employed total,852.16
2017-09-01,2017,9,55-64,Persons,Employment to population ratio,64.17
2017-09-01,2017,9,55-64,Males,Employment to population ratio,70.17
2017-09-01,2017,9,55-64,Females,Employment to population ratio,58.44
2017-09-01,2017,9,55-64,Persons,Unemployed total,76.22
2017-09-01,2017,9,55-64,Males,Unemployed total,47.1
2017-09-01,2017,9,55-64,Females,Unemployed total,29.13
2017-09-01,2017,9,55-64,Persons,Unemployment rate,4.0
2017-09-01,2017,9,55-64,Males,Unemployment rate,4.6
2017-09-01,2017,9,55-64,Females,Unemployment rate,3.31
2017-09-01,2017,9,55-64,Persons,Labour force total,1905.73
2017-09-01,2017,9,55-64,Males,Labour force total,1024.45
2017-09-01,2017,9,55-64,Females,Labour force total,881.29
2017-09-01,2017,9,55-64,Persons,Participation rate,66.84
2017-09-01,2017,9,55-64,Males,Participation rate,73.55
2017-09-01,2017,9,55-64,Females,Participation rate,60.44
2017-09-01,2017,9,65+,Persons,Employed total,495.38
2017-09-01,2017,9,65+,Males,Employed total,303.02
2017-09-01,2017,9,65+,Females,Employed total,192.37
2017-09-01,2017,9,65+,Persons,Employment to population ratio,13.0
2017-09-01,2017,9,65+,Males,Employment to population ratio,16.99
2017-09-01,2017,9,65+,Females,Employment to population ratio,9.48
2017-09-01,2017,9,65+,Persons,Unemployed total,5.31
2017-09-01,2017,9,65+,Males,Unemployed total,4.27
2017-09-01,2017,9,65+,Females,Unemployed total,1.04
2017-09-01,2017,9,65+,Persons,Unemployment rate,1.06
2017-09-01,2017,9,65+,Males,Unemployment rate,1.39
2017-09-01,2017,9,65+,Females,Unemployment rate,0.54
2017-09-01,2017,9,65+,Persons,Labour force total,500.69
2017-09-01,2017,9,65+,Males,Labour force total,307.29
2017-09-01,2017,9,65+,Females,Labour force total,193.4
2017-09-01,2017,9,65+,Persons,Participation rate,13.14
2017-09-01,2017,9,65+,Males,Participation rate,17.23
2017-09-01,2017,9,65+,Females,Participation rate,9.54
2017-09-01,2017,9,65+,Persons,Employed total,12308.58
2017-09-01,2017,9,65+,Males,Employed total,6525.02
2017-09-01,2017,9,65+,Females,Employed total,5783.56
2017-09-01,2017,9,65+,Persons,Employment to population ratio,61.61
2017-09-01,2017,9,65+,Males,Employment to population ratio,66.51
2017-09-01,2017,9,65+,Females,Employment to population ratio,56.89
2017-09-01,2017,9,65+,Persons,Unemployed total,691.33
2017-09-01,2017,9,65+,Males,Unemployed total,370.87
2017-09-01,2017,9,65+,Females,Unemployed total,320.46
2017-09-01,2017,9,65+,Persons,Unemployment rate,5.32
2017-09-01,2017,9,65+,Males,Unemployment rate,5.38
2017-09-01,2017,9,65+,Females,Unemployment rate,5.25
2017-09-01,2017,9,65+,Persons,Labour force total,12999.91
2017-09-01,2017,9,65+,Males,Labour force total,6895.88
2017-09-01,2017,9,65+,Females,Labour force total,6104.02
2017-09-01,2017,9,65+,Persons,Participation rate,65.07
2017-09-01,2017,9,65+,Males,Participation rate,70.29
2017-09-01,2017,9,65+,Females,Participation rate,60.04
2017-10-01,2017,10,55-64,Persons,Employed total,1824.42
2017-10-01,2017,10,55-64,Males,Employed total,979.61
2017-10-01,2017,10,55-64,Females,Employed total,844.81
2017-10-01,2017,10,55-64,Persons,Employment to population ratio,63.89
2017-10-01,2017,10,55-64,Males,Employment to population ratio,70.23
2017-10-01,2017,10,55-64,Females,Employment to population ratio,57.85
2017-10-01,2017,10,55-64,Persons,Unemployed total,75.97
2017-10-01,2017,10,55-64,Males,Unemployed total,44.55
2017-10-01,2017,10,55-64,Females,Unemployed total,31.42
2017-10-01,2017,10,55-64,Persons,Unemployment rate,4.0
2017-10-01,2017,10,55-64,Males,Unemployment rate,4.35
2017-10-01,2017,10,55-64,Females,Unemployment rate,3.59
2017-10-01,2017,10,55-64,Persons,Labour force total,1900.39
2017-10-01,2017,10,55-64,Males,Labour force total,1024.16
2017-10-01,2017,10,55-64,Females,Labour force total,876.23
2017-10-01,2017,10,55-64,Persons,Participation rate,66.56
2017-10-01,2017,10,55-64,Males,Participation rate,73.42
2017-10-01,2017,10,55-64,Females,Participation rate,60.0
2017-10-01,2017,10,65+,Persons,Employed total,505.99
2017-10-01,2017,10,65+,Males,Employed total,310.42
2017-10-01,2017,10,65+,Females,Employed total,195.56
2017-10-01,2017,10,65+,Persons,Employment to population ratio,13.24
2017-10-01,2017,10,65+,Males,Employment to population ratio,17.36
2017-10-01,2017,10,65+,Females,Employment to population ratio,9.62
2017-10-01,2017,10,65+,Persons,Unemployed total,6.7
2017-10-01,2017,10,65+,Males,Unemployed total,4.46
2017-10-01,2017,10,65+,Females,Unemployed total,2.24
2017-10-01,2017,10,65+,Persons,Unemployment rate,1.31
2017-10-01,2017,10,65+,Males,Unemployment rate,1.42
2017-10-01,2017,10,65+,Females,Unemployment rate,1.13
2017-10-01,2017,10,65+,Persons,Labour force total,512.68
2017-10-01,2017,10,65+,Males,Labour force total,314.88
2017-10-01,2017,10,65+,Females,Labour force total,197.8
2017-10-01,2017,10,65+,Persons,Participation rate,13.41
2017-10-01,2017,10,65+,Males,Participation rate,17.61
2017-10-01,2017,10,65+,Females,Participation rate,9.73
2017-10-01,2017,10,65+,Persons,Employed total,12321.88
2017-10-01,2017,10,65+,Males,Employed total,6535.13
2017-10-01,2017,10,65+,Females,Employed total,5786.75
2017-10-01,2017,10,65+,Persons,Employment to population ratio,61.62
2017-10-01,2017,10,65+,Males,Employment to population ratio,66.54
2017-10-01,2017,10,65+,Females,Employment to population ratio,56.86
2017-10-01,2017,10,65+,Persons,Unemployed total,671.76
2017-10-01,2017,10,65+,Males,Unemployed total,350.96
2017-10-01,2017,10,65+,Females,Unemployed total,320.8
2017-10-01,2017,10,65+,Persons,Unemployment rate,5.17
2017-10-01,2017,10,65+,Males,Unemployment rate,5.1
2017-10-01,2017,10,65+,Females,Unemployment rate,5.25
2017-10-01,2017,10,65+,Persons,Labour force total,12993.64
2017-10-01,2017,10,65+,Males,Labour force total,6886.09
2017-10-01,2017,10,65+,Females,Labour force total,6107.55
2017-10-01,2017,10,65+,Persons,Participation rate,64.98
2017-10-01,2017,10,65+,Males,Participation rate,70.12
2017-10-01,2017,10,65+,Females,Participation rate,60.01
2017-11-01,2017,11,55-64,Persons,Employed total,1846.17
2017-11-01,2017,11,55-64,Males,Employed total,992.8
2017-11-01,2017,11,55-64,Females,Employed total,853.36
2017-11-01,2017,11,55-64,Persons,Employment to population ratio,64.56
2017-11-01,2017,11,55-64,Males,Employment to population ratio,71.07
2017-11-01,2017,11,55-64,Females,Employment to population ratio,58.35
2017-11-01,2017,11,55-64,Persons,Unemployed total,73.99
2017-11-01,2017,11,55-64,Males,Unemployed total,41.15
2017-11-01,2017,11,55-64,Females,Unemployed total,32.84
2017-11-01,2017,11,55-64,Persons,Unemployment rate,3.85
2017-11-01,2017,11,55-64,Males,Unemployment rate,3.98
2017-11-01,2017,11,55-64,Females,Unemployment rate,3.71
2017-11-01,2017,11,55-64,Persons,Labour force total,1920.16
2017-11-01,2017,11,55-64,Males,Labour force total,1033.95
2017-11-01,2017,11,55-64,Females,Labour force total,886.21
2017-11-01,2017,11,55-64,Persons,Participation rate,67.15
2017-11-01,2017,11,55-64,Males,Participation rate,74.01
2017-11-01,2017,11,55-64,Females,Participation rate,60.59
2017-11-01,2017,11,65+,Persons,Employed total,514.55
2017-11-01,2017,11,65+,Males,Employed total,313.18
2017-11-01,2017,11,65+,Females,Employed total,201.37
2017-11-01,2017,11,65+,Persons,Employment to population ratio,13.43
2017-11-01,2017,11,65+,Males,Employment to population ratio,17.46
2017-11-01,2017,11,65+,Females,Employment to population ratio,9.87
2017-11-01,2017,11,65+,Persons,Unemployed total,5.3
2017-11-01,2017,11,65+,Males,Unemployed total,4.34
2017-11-01,2017,11,65+,Females,Unemployed total,0.96
2017-11-01,2017,11,65+,Persons,Unemployment rate,1.02
2017-11-01,2017,11,65+,Males,Unemployment rate,1.37
2017-11-01,2017,11,65+,Females,Unemployment rate,0.47
2017-11-01,2017,11,65+,Persons,Labour force total,519.85
2017-11-01,2017,11,65+,Males,Labour force total,317.52
2017-11-01,2017,11,65+,Females,Labour force total,202.33
2017-11-01,2017,11,65+,Persons,Participation rate,13.56
2017-11-01,2017,11,65+,Males,Participation rate,17.71
2017-11-01,2017,11,65+,Females,Participation rate,9.92
2017-11-01,2017,11,65+,Persons,Employed total,12418.74
2017-11-01,2017,11,65+,Males,Employed total,6575.1
2017-11-01,2017,11,65+,Females,Employed total,5843.64
2017-11-01,2017,11,65+,Persons,Employment to population ratio,62.04
2017-11-01,2017,11,65+,Males,Employment to population ratio,66.89
2017-11-01,2017,11,65+,Females,Employment to population ratio,57.36
2017-11-01,2017,11,65+,Persons,Unemployed total,664.55
2017-11-01,2017,11,65+,Males,Unemployed total,353.22
2017-11-01,2017,11,65+,Females,Unemployed total,311.34
2017-11-01,2017,11,65+,Persons,Unemployment rate,5.08
2017-11-01,2017,11,65+,Males,Unemployment rate,5.1
2017-11-01,2017,11,65+,Females,Unemployment rate,5.06
2017-11-01,2017,11,65+,Persons,Labour force total,13083.29
2017-11-01,2017,11,65+,Males,Labour force total,6928.32
2017-11-01,2017,11,65+,Females,Labour force total,6154.97
2017-11-01,2017,11,65+,Persons,Participation rate,65.36
2017-11-01,2017,11,65+,Males,Participation rate,70.48
2017-11-01,2017,11,65+,Females,Participation rate,60.42
2017-12-01,2017,12,55-64,Persons,Employed total,1833.25
2017-12-01,2017,12,55-64,Males,Employed total,990.64
2017-12-01,2017,12,55-64,Females,Employed total,842.61
2017-12-01,2017,12,55-64,Persons,Employment to population ratio,64.02
2017-12-01,2017,12,55-64,Males,Employment to population ratio,70.81
2017-12-01,2017,12,55-64,Females,Employment to population ratio,57.53
2017-12-01,2017,12,55-64,Persons,Unemployed total,79.67
2017-12-01,2017,12,55-64,Males,Unemployed total,44.85
2017-12-01,2017,12,55-64,Females,Unemployed total,34.82
2017-12-01,2017,12,55-64,Persons,Unemployment rate,4.16
2017-12-01,2017,12,55-64,Males,Unemployment rate,4.33
2017-12-01,2017,12,55-64,Females,Unemployment rate,3.97
2017-12-01,2017,12,55-64,Persons,Labour force total,1912.92
2017-12-01,2017,12,55-64,Males,Labour force total,1035.48
2017-12-01,2017,12,55-64,Females,Labour force total,877.43
2017-12-01,2017,12,55-64,Persons,Participation rate,66.8
2017-12-01,2017,12,55-64,Males,Participation rate,74.02
2017-12-01,2017,12,55-64,Females,Participation rate,59.9
2017-12-01,2017,12,65+,Persons,Employed total,525.07
2017-12-01,2017,12,65+,Males,Employed total,314.95
2017-12-01,2017,12,65+,Females,Employed total,210.12
2017-12-01,2017,12,65+,Persons,Employment to population ratio,13.66
2017-12-01,2017,12,65+,Males,Employment to population ratio,17.51
2017-12-01,2017,12,65+,Females,Employment to population ratio,10.28
2017-12-01,2017,12,65+,Persons,Unemployed total,8.75
2017-12-01,2017,12,65+,Males,Unemployed total,7.26
2017-12-01,2017,12,65+,Females,Unemployed total,1.49
2017-12-01,2017,12,65+,Persons,Unemployment rate,1.64
2017-12-01,2017,12,65+,Males,Unemployment rate,2.25
2017-12-01,2017,12,65+,Females,Unemployment rate,0.7
2017-12-01,2017,12,65+,Persons,Labour force total,533.82
2017-12-01,2017,12,65+,Males,Labour force total,322.21
2017-12-01,2017,12,65+,Females,Labour force total,211.61
2017-12-01,2017,12,65+,Persons,Participation rate,13.89
2017-12-01,2017,12,65+,Males,Participation rate,17.92
2017-12-01,2017,12,65+,Females,Participation rate,10.35
2017-12-01,2017,12,65+,Persons,Employed total,12511.91
2017-12-01,2017,12,65+,Males,Employed total,6610.76
2017-12-01,2017,12,65+,Females,Employed total,5901.15
2017-12-01,2017,12,65+,Persons,Employment to population ratio,62.44
2017-12-01,2017,12,65+,Males,Employment to population ratio,67.18
2017-12-01,2017,12,65+,Females,Employment to population ratio,57.87
2017-12-01,2017,12,65+,Persons,Unemployed total,714.21
2017-12-01,2017,12,65+,Males,Unemployed total,390.82
2017-12-01,2017,12,65+,Females,Unemployed total,323.39
2017-12-01,2017,12,65+,Persons,Unemployment rate,5.4
2017-12-01,2017,12,65+,Males,Unemployment rate,5.58
2017-12-01,2017,12,65+,Females,Unemployment rate,5.2
2017-12-01,2017,12,65+,Persons,Labour force total,13226.13
2017-12-01,2017,12,65+,Males,Labour force total,7001.58
2017-12-01,2017,12,65+,Females,Labour force total,6224.55
2017-12-01,2017,12,65+,Persons,Participation rate,66.01
2017-12-01,2017,12,65+,Males,Participation rate,71.15
2017-12-01,2017,12,65+,Females,Participation rate,61.04
2018-01-01,2018,1,55-64,Persons,Employed total,1790.45
2018-01-01,2018,1,55-64,Males,Employed total,976.35
2018-01-01,2018,1,55-64,Females,Employed total,814.1
2018-01-01,2018,1,55-64,Persons,Employment to population ratio,62.43
2018-01-01,2018,1,55-64,Males,Employment to population ratio,69.69
2018-01-01,2018,1,55-64,Females,Employment to population ratio,55.49
2018-01-01,2018,1,55-64,Persons,Unemployed total,81.77
2018-01-01,2018,1,55-64,Males,Unemployed total,46.21
2018-01-01,2018,1,55-64,Females,Unemployed total,35.56
2018-01-01,2018,1,55-64,Persons,Unemployment rate,4.37
2018-01-01,2018,1,55-64,Males,Unemployment rate,4.52
2018-01-01,2018,1,55-64,Females,Unemployment rate,4.19
2018-01-01,2018,1,55-64,Persons,Labour force total,1872.21
2018-01-01,2018,1,55-64,Males,Labour force total,1022.56
2018-01-01,2018,1,55-64,Females,Labour force total,849.66
2018-01-01,2018,1,55-64,Persons,Participation rate,65.28
2018-01-01,2018,1,55-64,Males,Participation rate,72.99
2018-01-01,2018,1,55-64,Females,Participation rate,57.92
2018-01-01,2018,1,65+,Persons,Employed total,501.8
2018-01-01,2018,1,65+,Males,Employed total,305.45
2018-01-01,2018,1,65+,Females,Employed total,196.35
2018-01-01,2018,1,65+,Persons,Employment to population ratio,13.02
2018-01-01,2018,1,65+,Males,Employment to population ratio,16.93
2018-01-01,2018,1,65+,Females,Employment to population ratio,9.57
2018-01-01,2018,1,65+,Persons,Unemployed total,7.45
2018-01-01,2018,1,65+,Males,Unemployed total,5.17
2018-01-01,2018,1,65+,Females,Unemployed total,2.28
2018-01-01,2018,1,65+,Persons,Unemployment rate,1.46
2018-01-01,2018,1,65+,Males,Unemployment rate,1.66
2018-01-01,2018,1,65+,Females,Unemployment rate,1.15
2018-01-01,2018,1,65+,Persons,Labour force total,509.25
2018-01-01,2018,1,65+,Males,Labour force total,310.62
2018-01-01,2018,1,65+,Females,Labour force total,198.63
2018-01-01,2018,1,65+,Persons,Participation rate,13.21
2018-01-01,2018,1,65+,Males,Participation rate,17.22
2018-01-01,2018,1,65+,Females,Participation rate,9.69
2018-01-01,2018,1,65+,Persons,Employed total,12247.38
2018-01-01,2018,1,65+,Males,Employed total,6517.7
2018-01-01,2018,1,65+,Females,Employed total,5729.68
2018-01-01,2018,1,65+,Persons,Employment to population ratio,61.01
2018-01-01,2018,1,65+,Males,Employment to population ratio,66.11
2018-01-01,2018,1,65+,Females,Employment to population ratio,56.09
2018-01-01,2018,1,65+,Persons,Unemployed total,776.86
2018-01-01,2018,1,65+,Males,Unemployed total,407.39
2018-01-01,2018,1,65+,Females,Unemployed total,369.47
2018-01-01,2018,1,65+,Persons,Unemployment rate,5.96
2018-01-01,2018,1,65+,Males,Unemployment rate,5.88
2018-01-01,2018,1,65+,Females,Unemployment rate,6.06
2018-01-01,2018,1,65+,Persons,Labour force total,13024.24
2018-01-01,2018,1,65+,Males,Labour force total,6925.09
2018-01-01,2018,1,65+,Females,Labour force total,6099.15
2018-01-01,2018,1,65+,Persons,Participation rate,64.88
2018-01-01,2018,1,65+,Males,Participation rate,70.25
2018-01-01,2018,1,65+,Females,Participation rate,59.71
2018-02-01,2018,2,55-64,Persons,Employed total,1837.56
2018-02-01,2018,2,55-64,Males,Employed total,987.03
2018-02-01,2018,2,55-64,Females,Employed total,850.54
2018-02-01,2018,2,55-64,Persons,Employment to population ratio,63.98
2018-02-01,2018,2,55-64,Males,Employment to population ratio,70.35
2018-02-01,2018,2,55-64,Females,Employment to population ratio,57.89
2018-02-01,2018,2,55-64,Persons,Unemployed total,90.39
2018-02-01,2018,2,55-64,Males,Unemployed total,52.78
2018-02-01,2018,2,55-64,Females,Unemployed total,37.61
2018-02-01,2018,2,55-64,Persons,Unemployment rate,4.69
2018-02-01,2018,2,55-64,Males,Unemployment rate,5.08
2018-02-01,2018,2,55-64,Females,Unemployment rate,4.23
2018-02-01,2018,2,55-64,Persons,Labour force total,1927.96
2018-02-01,2018,2,55-64,Males,Labour force total,1039.81
2018-02-01,2018,2,55-64,Females,Labour force total,888.15
2018-02-01,2018,2,55-64,Persons,Participation rate,67.12
2018-02-01,2018,2,55-64,Males,Participation rate,74.12
2018-02-01,2018,2,55-64,Females,Participation rate,60.45
2018-02-01,2018,2,65+,Persons,Employed total,532.09
2018-02-01,2018,2,65+,Males,Employed total,321.73
2018-02-01,2018,2,65+,Females,Employed total,210.36
2018-02-01,2018,2,65+,Persons,Employment to population ratio,13.76
2018-02-01,2018,2,65+,Males,Employment to population ratio,17.78
2018-02-01,2018,2,65+,Females,Employment to population ratio,10.23
2018-02-01,2018,2,65+,Persons,Unemployed total,8.51
2018-02-01,2018,2,65+,Males,Unemployed total,6.26
2018-02-01,2018,2,65+,Females,Unemployed total,2.25
2018-02-01,2018,2,65+,Persons,Unemployment rate,1.57
2018-02-01,2018,2,65+,Males,Unemployment rate,1.91
2018-02-01,2018,2,65+,Females,Unemployment rate,1.06
2018-02-01,2018,2,65+,Persons,Labour force total,540.6
2018-02-01,2018,2,65+,Males,Labour force total,327.99
2018-02-01,2018,2,65+,Females,Labour force total,212.61
2018-02-01,2018,2,65+,Persons,Participation rate,13.99
2018-02-01,2018,2,65+,Males,Participation rate,18.13
2018-02-01,2018,2,65+,Females,Participation rate,10.34
2018-02-01,2018,2,65+,Persons,Employed total,12471.07
2018-02-01,2018,2,65+,Males,Employed total,6619.85
2018-02-01,2018,2,65+,Females,Employed total,5851.23
2018-02-01,2018,2,65+,Persons,Employment to population ratio,62.02
2018-02-01,2018,2,65+,Males,Employment to population ratio,67.02
2018-02-01,2018,2,65+,Females,Employment to population ratio,57.18
2018-02-01,2018,2,65+,Persons,Unemployed total,804.5
2018-02-01,2018,2,65+,Males,Unemployed total,412.01
2018-02-01,2018,2,65+,Females,Unemployed total,392.5
2018-02-01,2018,2,65+,Persons,Unemployment rate,6.06
2018-02-01,2018,2,65+,Males,Unemployment rate,5.86
2018-02-01,2018,2,65+,Females,Unemployment rate,6.29
2018-02-01,2018,2,65+,Persons,Labour force total,13275.57
2018-02-01,2018,2,65+,Males,Labour force total,7031.85
2018-02-01,2018,2,65+,Females,Labour force total,6243.72
2018-02-01,2018,2,65+,Persons,Participation rate,66.02
2018-02-01,2018,2,65+,Males,Participation rate,71.2
2018-02-01,2018,2,65+,Females,Participation rate,61.02
2018-03-01,2018,3,55-64,Persons,Employed total,1821.86
2018-03-01,2018,3,55-64,Males,Employed total,976.87
2018-03-01,2018,3,55-64,Females,Employed total,844.99
2018-03-01,2018,3,55-64,Persons,Employment to population ratio,63.34
2018-03-01,2018,3,55-64,Males,Employment to population ratio,69.53
2018-03-01,2018,3,55-64,Females,Employment to population ratio,57.42
2018-03-01,2018,3,55-64,Persons,Unemployed total,91.25
2018-03-01,2018,3,55-64,Males,Unemployed total,53.62
2018-03-01,2018,3,55-64,Females,Unemployed total,37.64
2018-03-01,2018,3,55-64,Persons,Unemployment rate,4.77
2018-03-01,2018,3,55-64,Males,Unemployment rate,5.2
2018-03-01,2018,3,55-64,Females,Unemployment rate,4.26
2018-03-01,2018,3,55-64,Persons,Labour force total,1913.12
2018-03-01,2018,3,55-64,Males,Labour force total,1030.49
2018-03-01,2018,3,55-64,Females,Labour force total,882.63
2018-03-01,2018,3,55-64,Persons,Participation rate,66.51
2018-03-01,2018,3,55-64,Males,Participation rate,73.35
2018-03-01,2018,3,55-64,Females,Participation rate,59.98
2018-03-01,2018,3,65+,Persons,Employed total,527.94
2018-03-01,2018,3,65+,Males,Employed total,316.03
2018-03-01,2018,3,65+,Females,Employed total,211.91
2018-03-01,2018,3,65+,Persons,Employment to population ratio,13.62
2018-03-01,2018,3,65+,Males,Employment to population ratio,17.42
2018-03-01,2018,3,65+,Females,Employment to population ratio,10.27
2018-03-01,2018,3,65+,Persons,Unemployed total,8.15
2018-03-01,2018,3,65+,Males,Unemployed total,6.16
2018-03-01,2018,3,65+,Females,Unemployed total,1.98
2018-03-01,2018,3,65+,Persons,Unemployment rate,1.52
2018-03-01,2018,3,65+,Males,Unemployment rate,1.91
2018-03-01,2018,3,65+,Females,Unemployment rate,0.93
2018-03-01,2018,3,65+,Persons,Labour force total,536.09
2018-03-01,2018,3,65+,Males,Labour force total,322.19
2018-03-01,2018,3,65+,Females,Labour force total,213.89
2018-03-01,2018,3,65+,Persons,Participation rate,13.83
2018-03-01,2018,3,65+,Males,Participation rate,17.76
2018-03-01,2018,3,65+,Females,Participation rate,10.37
2018-03-01,2018,3,65+,Persons,Employed total,12446.04
2018-03-01,2018,3,65+,Males,Employed total,6594.49
2018-03-01,2018,3,65+,Females,Employed total,5851.56
2018-03-01,2018,3,65+,Persons,Employment to population ratio,61.78
2018-03-01,2018,3,65+,Males,Employment to population ratio,66.64
2018-03-01,2018,3,65+,Females,Employment to population ratio,57.09
2018-03-01,2018,3,65+,Persons,Unemployed total,777.96
2018-03-01,2018,3,65+,Males,Unemployed total,402.41
2018-03-01,2018,3,65+,Females,Unemployed total,375.54
2018-03-01,2018,3,65+,Persons,Unemployment rate,5.88
2018-03-01,2018,3,65+,Males,Unemployment rate,5.75
2018-03-01,2018,3,65+,Females,Unemployment rate,6.03
2018-03-01,2018,3,65+,Persons,Labour force total,13224.0
2018-03-01,2018,3,65+,Males,Labour force total,6996.9
2018-03-01,2018,3,65+,Females,Labour force total,6227.1
2018-03-01,2018,3,65+,Persons,Participation rate,65.64
2018-03-01,2018,3,65+,Males,Participation rate,70.71
2018-03-01,2018,3,65+,Females,Participation rate,60.75
2018-04-01,2018,4,55-64,Persons,Employed total,1816.15
2018-04-01,2018,4,55-64,Males,Employed total,966.7
2018-04-01,2018,4,55-64,Females,Employed total,849.44
2018-04-01,2018,4,55-64,Persons,Employment to population ratio,63.04
2018-04-01,2018,4,55-64,Males,Employment to population ratio,68.7
2018-04-01,2018,4,55-64,Females,Employment to population ratio,57.63
2018-04-01,2018,4,55-64,Persons,Unemployed total,79.88
2018-04-01,2018,4,55-64,Males,Unemployed total,49.27
2018-04-01,2018,4,55-64,Females,Unemployed total,30.61
2018-04-01,2018,4,55-64,Persons,Unemployment rate,4.21
2018-04-01,2018,4,55-64,Males,Unemployment rate,4.85
2018-04-01,2018,4,55-64,Females,Unemployment rate,3.48
2018-04-01,2018,4,55-64,Persons,Labour force total,1896.03
2018-04-01,2018,4,55-64,Males,Labour force total,1015.97
2018-04-01,2018,4,55-64,Females,Labour force total,880.05
2018-04-01,2018,4,55-64,Persons,Participation rate,65.81
2018-04-01,2018,4,55-64,Males,Participation rate,72.2
2018-04-01,2018,4,55-64,Females,Participation rate,59.71
2018-04-01,2018,4,65+,Persons,Employed total,533.5
2018-04-01,2018,4,65+,Males,Employed total,322.32
2018-04-01,2018,4,65+,Females,Employed total,211.18
2018-04-01,2018,4,65+,Persons,Employment to population ratio,13.73
2018-04-01,2018,4,65+,Males,Employment to population ratio,17.72
2018-04-01,2018,4,65+,Females,Employment to population ratio,10.21
2018-04-01,2018,4,65+,Persons,Unemployed total,8.78
2018-04-01,2018,4,65+,Males,Unemployed total,5.89
2018-04-01,2018,4,65+,Females,Unemployed total,2.89
2018-04-01,2018,4,65+,Persons,Unemployment rate,1.62
2018-04-01,2018,4,65+,Males,Unemployment rate,1.79
2018-04-01,2018,4,65+,Females,Unemployment rate,1.35
2018-04-01,2018,4,65+,Persons,Labour force total,542.28
2018-04-01,2018,4,65+,Males,Labour force total,328.21
2018-04-01,2018,4,65+,Females,Labour force total,214.07
2018-04-01,2018,4,65+,Persons,Participation rate,13.95
2018-04-01,2018,4,65+,Males,Participation rate,18.04
2018-04-01,2018,4,65+,Females,Participation rate,10.35
2018-04-01,2018,4,65+,Persons,Employed total,12475.53
2018-04-01,2018,4,65+,Males,Employed total,6616.09
2018-04-01,2018,4,65+,Females,Employed total,5859.44
2018-04-01,2018,4,65+,Persons,Employment to population ratio,61.85
2018-04-01,2018,4,65+,Males,Employment to population ratio,66.78
2018-04-01,2018,4,65+,Females,Employment to population ratio,57.1
2018-04-01,2018,4,65+,Persons,Unemployed total,738.81
2018-04-01,2018,4,65+,Males,Unemployed total,385.12
2018-04-01,2018,4,65+,Females,Unemployed total,353.69
2018-04-01,2018,4,65+,Persons,Unemployment rate,5.59
2018-04-01,2018,4,65+,Males,Unemployment rate,5.5
2018-04-01,2018,4,65+,Females,Unemployment rate,5.69
2018-04-01,2018,4,65+,Persons,Labour force total,13214.34
2018-04-01,2018,4,65+,Males,Labour force total,7001.2
2018-04-01,2018,4,65+,Females,Labour force total,6213.14
2018-04-01,2018,4,65+,Persons,Participation rate,65.52
2018-04-01,2018,4,65+,Males,Participation rate,70.67
2018-04-01,2018,4,65+,Females,Participation rate,60.55
2018-05-01,2018,5,55-64,Persons,Employed total,1840.44
2018-05-01,2018,5,55-64,Males,Employed total,982.95
2018-05-01,2018,5,55-64,Females,Employed total,857.49
2018-05-01,2018,5,55-64,Persons,Employment to population ratio,63.78
2018-05-01,2018,5,55-64,Males,Employment to population ratio,69.74
2018-05-01,2018,5,55-64,Females,Employment to population ratio,58.08
2018-05-01,2018,5,55-64,Persons,Unemployed total,82.91
2018-05-01,2018,5,55-64,Males,Unemployed total,45.08
2018-05-01,2018,5,55-64,Females,Unemployed total,37.83
2018-05-01,2018,5,55-64,Persons,Unemployment rate,4.31
2018-05-01,2018,5,55-64,Males,Unemployment rate,4.39
2018-05-01,2018,5,55-64,Females,Unemployment rate,4.22
2018-05-01,2018,5,55-64,Persons,Labour force total,1923.35
2018-05-01,2018,5,55-64,Males,Labour force total,1028.03
2018-05-01,2018,5,55-64,Females,Labour force total,895.31
2018-05-01,2018,5,55-64,Persons,Participation rate,66.65
2018-05-01,2018,5,55-64,Males,Participation rate,72.94
2018-05-01,2018,5,55-64,Females,Participation rate,60.64
2018-05-01,2018,5,65+,Persons,Employed total,536.9
2018-05-01,2018,5,65+,Males,Employed total,327.85
2018-05-01,2018,5,65+,Females,Employed total,209.05
2018-05-01,2018,5,65+,Persons,Employment to population ratio,13.78
2018-05-01,2018,5,65+,Males,Employment to population ratio,17.97
2018-05-01,2018,5,65+,Females,Employment to population ratio,10.08
2018-05-01,2018,5,65+,Persons,Unemployed total,8.87
2018-05-01,2018,5,65+,Males,Unemployed total,5.74
2018-05-01,2018,5,65+,Females,Unemployed total,3.13
2018-05-01,2018,5,65+,Persons,Unemployment rate,1.62
2018-05-01,2018,5,65+,Males,Unemployment rate,1.72
2018-05-01,2018,5,65+,Females,Unemployment rate,1.47
2018-05-01,2018,5,65+,Persons,Labour force total,545.77
2018-05-01,2018,5,65+,Males,Labour force total,333.59
2018-05-01,2018,5,65+,Females,Labour force total,212.18
2018-05-01,2018,5,65+,Persons,Participation rate,14.0
2018-05-01,2018,5,65+,Males,Participation rate,18.29
2018-05-01,2018,5,65+,Females,Participation rate,10.23
2018-05-01,2018,5,65+,Persons,Employed total,12526.13
2018-05-01,2018,5,65+,Males,Employed total,6636.57
2018-05-01,2018,5,65+,Females,Employed total,5889.56
2018-05-01,2018,5,65+,Persons,Employment to population ratio,62.03
2018-05-01,2018,5,65+,Males,Employment to population ratio,66.9
2018-05-01,2018,5,65+,Females,Employment to population ratio,57.33
2018-05-01,2018,5,65+,Persons,Unemployed total,705.5
2018-05-01,2018,5,65+,Males,Unemployed total,367.85
2018-05-01,2018,5,65+,Females,Unemployed total,337.64
2018-05-01,2018,5,65+,Persons,Unemployment rate,5.33
2018-05-01,2018,5,65+,Males,Unemployment rate,5.25
2018-05-01,2018,5,65+,Females,Unemployment rate,5.42
2018-05-01,2018,5,65+,Persons,Labour force total,13231.62
2018-05-01,2018,5,65+,Males,Labour force total,7004.43
2018-05-01,2018,5,65+,Females,Labour force total,6227.2
2018-05-01,2018,5,65+,Persons,Participation rate,65.53
2018-05-01,2018,5,65+,Males,Participation rate,70.61
2018-05-01,2018,5,65+,Females,Participation rate,60.62
2018-06-01,2018,6,55-64,Persons,Employed total,1848.71
2018-06-01,2018,6,55-64,Males,Employed total,987.06
2018-06-01,2018,6,55-64,Females,Employed total,861.65
2018-06-01,2018,6,55-64,Persons,Employment to population ratio,63.96
2018-06-01,2018,6,55-64,Males,Employment to population ratio,69.93
2018-06-01,2018,6,55-64,Females,Employment to population ratio,58.27
2018-06-01,2018,6,55-64,Persons,Unemployed total,92.21
2018-06-01,2018,6,55-64,Males,Unemployed total,55.03
2018-06-01,2018,6,55-64,Females,Unemployed total,37.18
2018-06-01,2018,6,55-64,Persons,Unemployment rate,4.75
2018-06-01,2018,6,55-64,Males,Unemployment rate,5.28
2018-06-01,2018,6,55-64,Females,Unemployment rate,4.14
2018-06-01,2018,6,55-64,Persons,Labour force total,1940.92
2018-06-01,2018,6,55-64,Males,Labour force total,1042.09
2018-06-01,2018,6,55-64,Females,Labour force total,898.83
2018-06-01,2018,6,55-64,Persons,Participation rate,67.15
2018-06-01,2018,6,55-64,Males,Participation rate,73.82
2018-06-01,2018,6,55-64,Females,Participation rate,60.78
2018-06-01,2018,6,65+,Persons,Employed total,550.44
2018-06-01,2018,6,65+,Males,Employed total,334.36
2018-06-01,2018,6,65+,Females,Employed total,216.08
2018-06-01,2018,6,65+,Persons,Employment to population ratio,14.09
2018-06-01,2018,6,65+,Males,Employment to population ratio,18.28
2018-06-01,2018,6,65+,Females,Employment to population ratio,10.4
2018-06-01,2018,6,65+,Persons,Unemployed total,6.96
2018-06-01,2018,6,65+,Males,Unemployed total,4.89
2018-06-01,2018,6,65+,Females,Unemployed total,2.07
2018-06-01,2018,6,65+,Persons,Unemployment rate,1.25
2018-06-01,2018,6,65+,Males,Unemployment rate,1.44
2018-06-01,2018,6,65+,Females,Unemployment rate,0.95
2018-06-01,2018,6,65+,Persons,Labour force total,557.4
2018-06-01,2018,6,65+,Males,Labour force total,339.25
2018-06-01,2018,6,65+,Females,Labour force total,218.15
2018-06-01,2018,6,65+,Persons,Participation rate,14.27
2018-06-01,2018,6,65+,Males,Participation rate,18.55
2018-06-01,2018,6,65+,Females,Participation rate,10.5
2018-06-01,2018,6,65+,Persons,Employed total,12558.31
2018-06-01,2018,6,65+,Males,Employed total,6641.17
2018-06-01,2018,6,65+,Females,Employed total,5917.14
2018-06-01,2018,6,65+,Persons,Employment to population ratio,62.12
2018-06-01,2018,6,65+,Males,Employment to population ratio,66.87
2018-06-01,2018,6,65+,Females,Employment to population ratio,57.54
2018-06-01,2018,6,65+,Persons,Unemployed total,687.49
2018-06-01,2018,6,65+,Males,Unemployed total,375.09
2018-06-01,2018,6,65+,Females,Unemployed total,312.4
2018-06-01,2018,6,65+,Persons,Unemployment rate,5.19
2018-06-01,2018,6,65+,Males,Unemployment rate,5.35
2018-06-01,2018,6,65+,Females,Unemployment rate,5.01
2018-06-01,2018,6,65+,Persons,Labour force total,13245.8
2018-06-01,2018,6,65+,Males,Labour force total,7016.27
2018-06-01,2018,6,65+,Females,Labour force total,6229.53
2018-06-01,2018,6,65+,Persons,Participation rate,65.52
2018-06-01,2018,6,65+,Males,Participation rate,70.64
2018-06-01,2018,6,65+,Females,Participation rate,60.57
2018-07-01,2018,7,55-64,Persons,Employed total,1843.03
2018-07-01,2018,7,55-64,Males,Employed total,985.37
2018-07-01,2018,7,55-64,Females,Employed total,857.66
2018-07-01,2018,7,55-64,Persons,Employment to population ratio,63.67
2018-07-01,2018,7,55-64,Males,Employment to population ratio,69.71
2018-07-01,2018,7,55-64,Females,Employment to population ratio,57.91
2018-07-01,2018,7,55-64,Persons,Unemployed total,88.48
2018-07-01,2018,7,55-64,Males,Unemployed total,50.3
2018-07-01,2018,7,55-64,Females,Unemployed total,38.17
2018-07-01,2018,7,55-64,Persons,Unemployment rate,4.58
2018-07-01,2018,7,55-64,Males,Unemployment rate,4.86
2018-07-01,2018,7,55-64,Females,Unemployment rate,4.26
2018-07-01,2018,7,55-64,Persons,Labour force total,1931.5
2018-07-01,2018,7,55-64,Males,Labour force total,1035.67
2018-07-01,2018,7,55-64,Females,Labour force total,895.83
2018-07-01,2018,7,55-64,Persons,Participation rate,66.73
2018-07-01,2018,7,55-64,Males,Participation rate,73.26
2018-07-01,2018,7,55-64,Females,Participation rate,60.49
2018-07-01,2018,7,65+,Persons,Employed total,549.21
2018-07-01,2018,7,65+,Males,Employed total,337.86
2018-07-01,2018,7,65+,Females,Employed total,211.35
2018-07-01,2018,7,65+,Persons,Employment to population ratio,14.02
2018-07-01,2018,7,65+,Males,Employment to population ratio,18.43
2018-07-01,2018,7,65+,Females,Employment to population ratio,10.14
2018-07-01,2018,7,65+,Persons,Unemployed total,11.26
2018-07-01,2018,7,65+,Males,Unemployed total,9.29
2018-07-01,2018,7,65+,Females,Unemployed total,1.97
2018-07-01,2018,7,65+,Persons,Unemployment rate,2.01
2018-07-01,2018,7,65+,Males,Unemployment rate,2.68
2018-07-01,2018,7,65+,Females,Unemployment rate,0.92
2018-07-01,2018,7,65+,Persons,Labour force total,560.47
2018-07-01,2018,7,65+,Males,Labour force total,347.15
2018-07-01,2018,7,65+,Females,Labour force total,213.32
2018-07-01,2018,7,65+,Persons,Participation rate,14.31
2018-07-01,2018,7,65+,Males,Participation rate,18.94
2018-07-01,2018,7,65+,Females,Participation rate,10.24
2018-07-01,2018,7,65+,Persons,Employed total,12524.5
2018-07-01,2018,7,65+,Males,Employed total,6651.25
2018-07-01,2018,7,65+,Females,Employed total,5873.25
2018-07-01,2018,7,65+,Persons,Employment to population ratio,61.86
2018-07-01,2018,7,65+,Males,Employment to population ratio,66.87
2018-07-01,2018,7,65+,Females,Employment to population ratio,57.02
2018-07-01,2018,7,65+,Persons,Unemployed total,688.15
2018-07-01,2018,7,65+,Males,Unemployed total,373.76
2018-07-01,2018,7,65+,Females,Unemployed total,314.39
2018-07-01,2018,7,65+,Persons,Unemployment rate,5.21
2018-07-01,2018,7,65+,Males,Unemployment rate,5.32
2018-07-01,2018,7,65+,Females,Unemployment rate,5.08
2018-07-01,2018,7,65+,Persons,Labour force total,13212.65
2018-07-01,2018,7,65+,Males,Labour force total,7025.01
2018-07-01,2018,7,65+,Females,Labour force total,6187.64
2018-07-01,2018,7,65+,Persons,Participation rate,65.26
2018-07-01,2018,7,65+,Males,Participation rate,70.62
2018-07-01,2018,7,65+,Females,Participation rate,60.08
2018-08-01,2018,8,55-64,Persons,Employed total,1866.42
2018-08-01,2018,8,55-64,Males,Employed total,993.03
2018-08-01,2018,8,55-64,Females,Employed total,873.39
2018-08-01,2018,8,55-64,Persons,Employment to population ratio,64.39
2018-08-01,2018,8,55-64,Males,Employment to population ratio,70.15
2018-08-01,2018,8,55-64,Females,Employment to population ratio,58.89
2018-08-01,2018,8,55-64,Persons,Unemployed total,84.42
2018-08-01,2018,8,55-64,Males,Unemployed total,47.37
2018-08-01,2018,8,55-64,Females,Unemployed total,37.05
2018-08-01,2018,8,55-64,Persons,Unemployment rate,4.33
2018-08-01,2018,8,55-64,Males,Unemployment rate,4.55
2018-08-01,2018,8,55-64,Females,Unemployment rate,4.07
2018-08-01,2018,8,55-64,Persons,Labour force total,1950.84
2018-08-01,2018,8,55-64,Males,Labour force total,1040.4
2018-08-01,2018,8,55-64,Females,Labour force total,910.44
2018-08-01,2018,8,55-64,Persons,Participation rate,67.3
2018-08-01,2018,8,55-64,Males,Participation rate,73.49
2018-08-01,2018,8,55-64,Females,Participation rate,61.39
2018-08-01,2018,8,65+,Persons,Employed total,551.26
2018-08-01,2018,8,65+,Males,Employed total,345.92
2018-08-01,2018,8,65+,Females,Employed total,205.34
2018-08-01,2018,8,65+,Persons,Employment to population ratio,14.04
2018-08-01,2018,8,65+,Males,Employment to population ratio,18.82
2018-08-01,2018,8,65+,Females,Employment to population ratio,9.83
2018-08-01,2018,8,65+,Persons,Unemployed total,6.91
2018-08-01,2018,8,65+,Males,Unemployed total,5.33
2018-08-01,2018,8,65+,Females,Unemployed total,1.59
2018-08-01,2018,8,65+,Persons,Unemployment rate,1.24
2018-08-01,2018,8,65+,Males,Unemployment rate,1.52
2018-08-01,2018,8,65+,Females,Unemployment rate,0.77
2018-08-01,2018,8,65+,Persons,Labour force total,558.17
2018-08-01,2018,8,65+,Males,Labour force total,351.25
2018-08-01,2018,8,65+,Females,Labour force total,206.92
2018-08-01,2018,8,65+,Persons,Participation rate,14.22
2018-08-01,2018,8,65+,Males,Participation rate,19.11
2018-08-01,2018,8,65+,Females,Participation rate,9.91
2018-08-01,2018,8,65+,Persons,Employed total,12524.48
2018-08-01,2018,8,65+,Males,Employed total,6653.74
2018-08-01,2018,8,65+,Females,Employed total,5870.74
2018-08-01,2018,8,65+,Persons,Employment to population ratio,61.77
2018-08-01,2018,8,65+,Males,Employment to population ratio,66.79
2018-08-01,2018,8,65+,Females,Employment to population ratio,56.92
2018-08-01,2018,8,65+,Persons,Unemployed total,693.22
2018-08-01,2018,8,65+,Males,Unemployed total,366.0
2018-08-01,2018,8,65+,Females,Unemployed total,327.22
2018-08-01,2018,8,65+,Persons,Unemployment rate,5.24
2018-08-01,2018,8,65+,Males,Unemployment rate,5.21
2018-08-01,2018,8,65+,Females,Unemployment rate,5.28
2018-08-01,2018,8,65+,Persons,Labour force total,13217.7
2018-08-01,2018,8,65+,Males,Labour force total,7019.74
2018-08-01,2018,8,65+,Females,Labour force total,6197.96
2018-08-01,2018,8,65+,Persons,Participation rate,65.19
2018-08-01,2018,8,65+,Males,Participation rate,70.46
2018-08-01,2018,8,65+,Females,Participation rate,60.09
2018-09-01,2018,9,55-64,Persons,Employed total,1870.65
2018-09-01,2018,9,55-64,Males,Employed total,994.58
2018-09-01,2018,9,55-64,Females,Employed total,876.07
2018-09-01,2018,9,55-64,Persons,Employment to population ratio,64.44
2018-09-01,2018,9,55-64,Males,Employment to population ratio,70.15
2018-09-01,2018,9,55-64,Females,Employment to population ratio,58.98
2018-09-01,2018,9,55-64,Persons,Unemployed total,73.07
2018-09-01,2018,9,55-64,Males,Unemployed total,44.89
2018-09-01,2018,9,55-64,Females,Unemployed total,28.18
2018-09-01,2018,9,55-64,Persons,Unemployment rate,3.76
2018-09-01,2018,9,55-64,Males,Unemployment rate,4.32
2018-09-01,2018,9,55-64,Females,Unemployment rate,3.12
2018-09-01,2018,9,55-64,Persons,Labour force total,1943.72
2018-09-01,2018,9,55-64,Males,Labour force total,1039.47
2018-09-01,2018,9,55-64,Females,Labour force total,904.25
2018-09-01,2018,9,55-64,Persons,Participation rate,66.96
2018-09-01,2018,9,55-64,Males,Participation rate,73.32
2018-09-01,2018,9,55-64,Females,Participation rate,60.88
2018-09-01,2018,9,65+,Persons,Employed total,553.56
2018-09-01,2018,9,65+,Males,Employed total,340.47
2018-09-01,2018,9,65+,Females,Employed total,213.1
2018-09-01,2018,9,65+,Persons,Employment to population ratio,14.07
2018-09-01,2018,9,65+,Males,Employment to population ratio,18.48
2018-09-01,2018,9,65+,Females,Employment to population ratio,10.18
2018-09-01,2018,9,65+,Persons,Unemployed total,7.08
2018-09-01,2018,9,65+,Males,Unemployed total,4.35
2018-09-01,2018,9,65+,Females,Unemployed total,2.73
2018-09-01,2018,9,65+,Persons,Unemployment rate,1.26
2018-09-01,2018,9,65+,Males,Unemployment rate,1.26
2018-09-01,2018,9,65+,Females,Unemployment rate,1.27
2018-09-01,2018,9,65+,Persons,Labour force total,560.65
2018-09-01,2018,9,65+,Males,Labour force total,344.82
2018-09-01,2018,9,65+,Females,Labour force total,215.83
2018-09-01,2018,9,65+,Persons,Participation rate,14.25
2018-09-01,2018,9,65+,Males,Participation rate,18.72
2018-09-01,2018,9,65+,Females,Participation rate,10.31
2018-09-01,2018,9,65+,Persons,Employed total,12583.36
2018-09-01,2018,9,65+,Males,Employed total,6680.81
2018-09-01,2018,9,65+,Females,Employed total,5902.55
2018-09-01,2018,9,65+,Persons,Employment to population ratio,61.96
2018-09-01,2018,9,65+,Males,Employment to population ratio,66.96
2018-09-01,2018,9,65+,Females,Employment to population ratio,57.14
2018-09-01,2018,9,65+,Persons,Unemployed total,644.8
2018-09-01,2018,9,65+,Males,Unemployed total,337.19
2018-09-01,2018,9,65+,Females,Unemployed total,307.61
2018-09-01,2018,9,65+,Persons,Unemployment rate,4.87
2018-09-01,2018,9,65+,Males,Unemployment rate,4.8
2018-09-01,2018,9,65+,Females,Unemployment rate,4.95
2018-09-01,2018,9,65+,Persons,Labour force total,13228.16
2018-09-01,2018,9,65+,Males,Labour force total,7018.0
2018-09-01,2018,9,65+,Females,Labour force total,6210.16
2018-09-01,2018,9,65+,Persons,Participation rate,65.14
2018-09-01,2018,9,65+,Males,Participation rate,70.34
2018-09-01,2018,9,65+,Females,Participation rate,60.12
2018-10-01,2018,10,55-64,Persons,Employed total,1862.92
2018-10-01,2018,10,55-64,Males,Employed total,994.37
2018-10-01,2018,10,55-64,Females,Employed total,868.55
2018-10-01,2018,10,55-64,Persons,Employment to population ratio,64.07
2018-10-01,2018,10,55-64,Males,Employment to population ratio,70.03
2018-10-01,2018,10,55-64,Females,Employment to population ratio,58.39
2018-10-01,2018,10,55-64,Persons,Unemployed total,76.11
2018-10-01,2018,10,55-64,Males,Unemployed total,42.05
2018-10-01,2018,10,55-64,Females,Unemployed total,34.06
2018-10-01,2018,10,55-64,Persons,Unemployment rate,3.93
2018-10-01,2018,10,55-64,Males,Unemployment rate,4.06
2018-10-01,2018,10,55-64,Females,Unemployment rate,3.77
2018-10-01,2018,10,55-64,Persons,Labour force total,1939.03
2018-10-01,2018,10,55-64,Males,Labour force total,1036.42
2018-10-01,2018,10,55-64,Females,Labour force total,902.61
2018-10-01,2018,10,55-64,Persons,Participation rate,66.69
2018-10-01,2018,10,55-64,Males,Participation rate,72.99
2018-10-01,2018,10,55-64,Females,Participation rate,60.68
2018-10-01,2018,10,65+,Persons,Employed total,556.25
2018-10-01,2018,10,65+,Males,Employed total,345.8
2018-10-01,2018,10,65+,Females,Employed total,210.46
2018-10-01,2018,10,65+,Persons,Employment to population ratio,14.09
2018-10-01,2018,10,65+,Males,Employment to population ratio,18.72
2018-10-01,2018,10,65+,Females,Employment to population ratio,10.02
2018-10-01,2018,10,65+,Persons,Unemployed total,11.17
2018-10-01,2018,10,65+,Males,Unemployed total,6.02
2018-10-01,2018,10,65+,Females,Unemployed total,5.14
2018-10-01,2018,10,65+,Persons,Unemployment rate,1.97
2018-10-01,2018,10,65+,Males,Unemployment rate,1.71
2018-10-01,2018,10,65+,Females,Unemployment rate,2.38
2018-10-01,2018,10,65+,Persons,Labour force total,567.42
2018-10-01,2018,10,65+,Males,Labour force total,351.82
2018-10-01,2018,10,65+,Females,Labour force total,215.6
2018-10-01,2018,10,65+,Persons,Participation rate,14.38
2018-10-01,2018,10,65+,Males,Participation rate,19.05
2018-10-01,2018,10,65+,Females,Participation rate,10.27
2018-10-01,2018,10,65+,Persons,Employed total,12617.67
2018-10-01,2018,10,65+,Males,Employed total,6690.75
2018-10-01,2018,10,65+,Females,Employed total,5926.91
2018-10-01,2018,10,65+,Persons,Employment to population ratio,62.06
2018-10-01,2018,10,65+,Males,Employment to population ratio,66.98
2018-10-01,2018,10,65+,Females,Employment to population ratio,57.31
2018-10-01,2018,10,65+,Persons,Unemployed total,634.72
2018-10-01,2018,10,65+,Males,Unemployed total,336.11
2018-10-01,2018,10,65+,Females,Unemployed total,298.61
2018-10-01,2018,10,65+,Persons,Unemployment rate,4.79
2018-10-01,2018,10,65+,Males,Unemployment rate,4.78
2018-10-01,2018,10,65+,Females,Unemployment rate,4.8
2018-10-01,2018,10,65+,Persons,Labour force total,13252.38
2018-10-01,2018,10,65+,Males,Labour force total,7026.87
2018-10-01,2018,10,65+,Females,Labour force total,6225.52
2018-10-01,2018,10,65+,Persons,Participation rate,65.19
2018-10-01,2018,10,65+,Males,Participation rate,70.35
2018-10-01,2018,10,65+,Females,Participation rate,60.2
2018-11-01,2018,11,55-64,Persons,Employed total,1879.02
2018-11-01,2018,11,55-64,Males,Employed total,996.18
2018-11-01,2018,11,55-64,Females,Employed total,882.84
2018-11-01,2018,11,55-64,Persons,Employment to population ratio,64.53
2018-11-01,2018,11,55-64,Males,Employment to population ratio,70.05
2018-11-01,2018,11,55-64,Females,Employment to population ratio,59.26
2018-11-01,2018,11,55-64,Persons,Unemployed total,78.41
2018-11-01,2018,11,55-64,Males,Unemployed total,46.38
2018-11-01,2018,11,55-64,Females,Unemployed total,32.03
2018-11-01,2018,11,55-64,Persons,Unemployment rate,4.01
2018-11-01,2018,11,55-64,Males,Unemployment rate,4.45
2018-11-01,2018,11,55-64,Females,Unemployment rate,3.5
2018-11-01,2018,11,55-64,Persons,Labour force total,1957.43
2018-11-01,2018,11,55-64,Males,Labour force total,1042.57
2018-11-01,2018,11,55-64,Females,Labour force total,914.86
2018-11-01,2018,11,55-64,Persons,Participation rate,67.22
2018-11-01,2018,11,55-64,Males,Participation rate,73.31
2018-11-01,2018,11,55-64,Females,Participation rate,61.41
2018-11-01,2018,11,65+,Persons,Employed total,569.94
2018-11-01,2018,11,65+,Males,Employed total,346.88
2018-11-01,2018,11,65+,Females,Employed total,223.06
2018-11-01,2018,11,65+,Persons,Employment to population ratio,14.4
2018-11-01,2018,11,65+,Males,Employment to population ratio,18.73
2018-11-01,2018,11,65+,Females,Employment to population ratio,10.59
2018-11-01,2018,11,65+,Persons,Unemployed total,9.25
2018-11-01,2018,11,65+,Males,Unemployed total,5.79
2018-11-01,2018,11,65+,Females,Unemployed total,3.46
2018-11-01,2018,11,65+,Persons,Unemployment rate,1.6
2018-11-01,2018,11,65+,Males,Unemployment rate,1.64
2018-11-01,2018,11,65+,Females,Unemployment rate,1.53
2018-11-01,2018,11,65+,Persons,Labour force total,579.19
2018-11-01,2018,11,65+,Males,Labour force total,352.67
2018-11-01,2018,11,65+,Females,Labour force total,226.52
2018-11-01,2018,11,65+,Persons,Participation rate,14.63
2018-11-01,2018,11,65+,Males,Participation rate,19.04
2018-11-01,2018,11,65+,Females,Participation rate,10.76
2018-11-01,2018,11,65+,Persons,Employed total,12697.98
2018-11-01,2018,11,65+,Males,Employed total,6719.49
2018-11-01,2018,11,65+,Females,Employed total,5978.49
2018-11-01,2018,11,65+,Persons,Employment to population ratio,62.39
2018-11-01,2018,11,65+,Males,Employment to population ratio,67.2
2018-11-01,2018,11,65+,Females,Employment to population ratio,57.74
2018-11-01,2018,11,65+,Persons,Unemployed total,634.28
2018-11-01,2018,11,65+,Males,Unemployed total,342.23
2018-11-01,2018,11,65+,Females,Unemployed total,292.05
2018-11-01,2018,11,65+,Persons,Unemployment rate,4.76
2018-11-01,2018,11,65+,Males,Unemployment rate,4.85
2018-11-01,2018,11,65+,Females,Unemployment rate,4.66
2018-11-01,2018,11,65+,Persons,Labour force total,13332.26
2018-11-01,2018,11,65+,Males,Labour force total,7061.72
2018-11-01,2018,11,65+,Females,Labour force total,6270.55
2018-11-01,2018,11,65+,Persons,Participation rate,65.5
2018-11-01,2018,11,65+,Males,Participation rate,70.62
2018-11-01,2018,11,65+,Females,Participation rate,60.56
2018-12-01,2018,12,55-64,Persons,Employed total,1894.15
2018-12-01,2018,12,55-64,Males,Employed total,1003.05
2018-12-01,2018,12,55-64,Females,Employed total,891.11
2018-12-01,2018,12,55-64,Persons,Employment to population ratio,64.95
2018-12-01,2018,12,55-64,Males,Employment to population ratio,70.42
2018-12-01,2018,12,55-64,Females,Employment to population ratio,59.72
2018-12-01,2018,12,55-64,Persons,Unemployed total,71.13
2018-12-01,2018,12,55-64,Males,Unemployed total,38.06
2018-12-01,2018,12,55-64,Females,Unemployed total,33.07
2018-12-01,2018,12,55-64,Persons,Unemployment rate,3.62
2018-12-01,2018,12,55-64,Males,Unemployment rate,3.66
2018-12-01,2018,12,55-64,Females,Unemployment rate,3.58
2018-12-01,2018,12,55-64,Persons,Labour force total,1965.28
2018-12-01,2018,12,55-64,Males,Labour force total,1041.11
2018-12-01,2018,12,55-64,Females,Labour force total,924.17
2018-12-01,2018,12,55-64,Persons,Participation rate,67.39
2018-12-01,2018,12,55-64,Males,Participation rate,73.1
2018-12-01,2018,12,55-64,Females,Participation rate,61.94
2018-12-01,2018,12,65+,Persons,Employed total,557.8
2018-12-01,2018,12,65+,Males,Employed total,343.26
2018-12-01,2018,12,65+,Females,Employed total,214.54
2018-12-01,2018,12,65+,Persons,Employment to population ratio,14.05
2018-12-01,2018,12,65+,Males,Employment to population ratio,18.48
2018-12-01,2018,12,65+,Females,Employment to population ratio,10.16
2018-12-01,2018,12,65+,Persons,Unemployed total,8.48
2018-12-01,2018,12,65+,Males,Unemployed total,6.41
2018-12-01,2018,12,65+,Females,Unemployed total,2.07
2018-12-01,2018,12,65+,Persons,Unemployment rate,1.5
2018-12-01,2018,12,65+,Males,Unemployment rate,1.83
2018-12-01,2018,12,65+,Females,Unemployment rate,0.96
2018-12-01,2018,12,65+,Persons,Labour force total,566.29
2018-12-01,2018,12,65+,Males,Labour force total,349.68
2018-12-01,2018,12,65+,Females,Labour force total,216.61
2018-12-01,2018,12,65+,Persons,Participation rate,14.27
2018-12-01,2018,12,65+,Males,Participation rate,18.83
2018-12-01,2018,12,65+,Females,Participation rate,10.26
2018-12-01,2018,12,65+,Persons,Employed total,12784.29
2018-12-01,2018,12,65+,Males,Employed total,6773.13
2018-12-01,2018,12,65+,Females,Employed total,6011.16
2018-12-01,2018,12,65+,Persons,Employment to population ratio,62.74
2018-12-01,2018,12,65+,Males,Employment to population ratio,67.66
2018-12-01,2018,12,65+,Females,Employment to population ratio,57.99
2018-12-01,2018,12,65+,Persons,Unemployed total,646.09
2018-12-01,2018,12,65+,Males,Unemployed total,345.5
2018-12-01,2018,12,65+,Females,Unemployed total,300.59
2018-12-01,2018,12,65+,Persons,Unemployment rate,4.81
2018-12-01,2018,12,65+,Males,Unemployment rate,4.85
2018-12-01,2018,12,65+,Females,Unemployment rate,4.76
2018-12-01,2018,12,65+,Persons,Labour force total,13430.38
2018-12-01,2018,12,65+,Males,Labour force total,7118.64
2018-12-01,2018,12,65+,Females,Labour force total,6311.74
2018-12-01,2018,12,65+,Persons,Participation rate,65.91
2018-12-01,2018,12,65+,Males,Participation rate,71.11
2018-12-01,2018,12,65+,Females,Participation rate,60.89
2019-01-01,2019,1,55-64,Persons,Employed total,1838.71
2019-01-01,2019,1,55-64,Males,Employed total,981.84
2019-01-01,2019,1,55-64,Females,Employed total,856.88
2019-01-01,2019,1,55-64,Persons,Employment to population ratio,62.96
2019-01-01,2019,1,55-64,Males,Employment to population ratio,68.84
2019-01-01,2019,1,55-64,Females,Employment to population ratio,57.35
2019-01-01,2019,1,55-64,Persons,Unemployed total,82.97
2019-01-01,2019,1,55-64,Males,Unemployed total,46.2
2019-01-01,2019,1,55-64,Females,Unemployed total,36.77
2019-01-01,2019,1,55-64,Persons,Unemployment rate,4.32
2019-01-01,2019,1,55-64,Males,Unemployment rate,4.49
2019-01-01,2019,1,55-64,Females,Unemployment rate,4.11
2019-01-01,2019,1,55-64,Persons,Labour force total,1921.68
2019-01-01,2019,1,55-64,Males,Labour force total,1028.04
2019-01-01,2019,1,55-64,Females,Labour force total,893.64
2019-01-01,2019,1,55-64,Persons,Participation rate,65.8
2019-01-01,2019,1,55-64,Males,Participation rate,72.08
2019-01-01,2019,1,55-64,Females,Participation rate,59.81
2019-01-01,2019,1,65+,Persons,Employed total,536.76
2019-01-01,2019,1,65+,Males,Employed total,336.59
2019-01-01,2019,1,65+,Females,Employed total,200.16
2019-01-01,2019,1,65+,Persons,Employment to population ratio,13.49
2019-01-01,2019,1,65+,Males,Employment to population ratio,18.07
2019-01-01,2019,1,65+,Females,Employment to population ratio,9.45
2019-01-01,2019,1,65+,Persons,Unemployed total,12.72
2019-01-01,2019,1,65+,Males,Unemployed total,8.01
2019-01-01,2019,1,65+,Females,Unemployed total,4.71
2019-01-01,2019,1,65+,Persons,Unemployment rate,2.32
2019-01-01,2019,1,65+,Males,Unemployment rate,2.33
2019-01-01,2019,1,65+,Females,Unemployment rate,2.3
2019-01-01,2019,1,65+,Persons,Labour force total,549.48
2019-01-01,2019,1,65+,Males,Labour force total,344.61
2019-01-01,2019,1,65+,Females,Labour force total,204.87
2019-01-01,2019,1,65+,Persons,Participation rate,13.81
2019-01-01,2019,1,65+,Males,Participation rate,18.5
2019-01-01,2019,1,65+,Females,Participation rate,9.68
2019-01-01,2019,1,65+,Persons,Employed total,12559.65
2019-01-01,2019,1,65+,Males,Employed total,6689.64
2019-01-01,2019,1,65+,Females,Employed total,5870.01
2019-01-01,2019,1,65+,Persons,Employment to population ratio,61.53
2019-01-01,2019,1,65+,Males,Employment to population ratio,66.7
2019-01-01,2019,1,65+,Females,Employment to population ratio,56.54
2019-01-01,2019,1,65+,Persons,Unemployed total,723.7
2019-01-01,2019,1,65+,Males,Unemployed total,373.78
2019-01-01,2019,1,65+,Females,Unemployed total,349.92
2019-01-01,2019,1,65+,Persons,Unemployment rate,5.45
2019-01-01,2019,1,65+,Males,Unemployment rate,5.29
2019-01-01,2019,1,65+,Females,Unemployment rate,5.63
2019-01-01,2019,1,65+,Persons,Labour force total,13283.35
2019-01-01,2019,1,65+,Males,Labour force total,7063.42
2019-01-01,2019,1,65+,Females,Labour force total,6219.93
2019-01-01,2019,1,65+,Persons,Participation rate,65.08
2019-01-01,2019,1,65+,Males,Participation rate,70.43
2019-01-01,2019,1,65+,Females,Participation rate,59.91
2019-02-01,2019,2,55-64,Persons,Employed total,1893.44
2019-02-01,2019,2,55-64,Males,Employed total,1006.11
2019-02-01,2019,2,55-64,Females,Employed total,887.34
2019-02-01,2019,2,55-64,Persons,Employment to population ratio,64.74
2019-02-01,2019,2,55-64,Males,Employment to population ratio,70.44
2019-02-01,2019,2,55-64,Females,Employment to population ratio,59.3
2019-02-01,2019,2,55-64,Persons,Unemployed total,79.21
2019-02-01,2019,2,55-64,Males,Unemployed total,44.37
2019-02-01,2019,2,55-64,Females,Unemployed total,34.85
2019-02-01,2019,2,55-64,Persons,Unemployment rate,4.02
2019-02-01,2019,2,55-64,Males,Unemployment rate,4.22
2019-02-01,2019,2,55-64,Females,Unemployment rate,3.78
2019-02-01,2019,2,55-64,Persons,Labour force total,1972.66
2019-02-01,2019,2,55-64,Males,Labour force total,1050.47
2019-02-01,2019,2,55-64,Females,Labour force total,922.18
2019-02-01,2019,2,55-64,Persons,Participation rate,67.45
2019-02-01,2019,2,55-64,Males,Participation rate,73.55
2019-02-01,2019,2,55-64,Females,Participation rate,61.63
2019-02-01,2019,2,65+,Persons,Employed total,574.79
2019-02-01,2019,2,65+,Males,Employed total,353.55
2019-02-01,2019,2,65+,Females,Employed total,221.24
2019-02-01,2019,2,65+,Persons,Employment to population ratio,14.4
2019-02-01,2019,2,65+,Males,Employment to population ratio,18.93
2019-02-01,2019,2,65+,Females,Employment to population ratio,10.42
2019-02-01,2019,2,65+,Persons,Unemployed total,14.65
2019-02-01,2019,2,65+,Males,Unemployed total,9.61
2019-02-01,2019,2,65+,Females,Unemployed total,5.03
2019-02-01,2019,2,65+,Persons,Unemployment rate,2.48
2019-02-01,2019,2,65+,Males,Unemployment rate,2.65
2019-02-01,2019,2,65+,Females,Unemployment rate,2.22
2019-02-01,2019,2,65+,Persons,Labour force total,589.43
2019-02-01,2019,2,65+,Males,Labour force total,363.17
2019-02-01,2019,2,65+,Females,Labour force total,226.27
2019-02-01,2019,2,65+,Persons,Participation rate,14.77
2019-02-01,2019,2,65+,Males,Participation rate,19.45
2019-02-01,2019,2,65+,Females,Participation rate,10.66
2019-02-01,2019,2,65+,Persons,Employed total,12778.11
2019-02-01,2019,2,65+,Males,Employed total,6780.35
2019-02-01,2019,2,65+,Females,Employed total,5997.76
2019-02-01,2019,2,65+,Persons,Employment to population ratio,62.49
2019-02-01,2019,2,65+,Males,Employment to population ratio,67.49
2019-02-01,2019,2,65+,Females,Employment to population ratio,57.67
2019-02-01,2019,2,65+,Persons,Unemployed total,730.1
2019-02-01,2019,2,65+,Males,Unemployed total,376.96
2019-02-01,2019,2,65+,Females,Unemployed total,353.14
2019-02-01,2019,2,65+,Persons,Unemployment rate,5.4
2019-02-01,2019,2,65+,Males,Unemployment rate,5.27
2019-02-01,2019,2,65+,Females,Unemployment rate,5.56
2019-02-01,2019,2,65+,Persons,Labour force total,13508.21
2019-02-01,2019,2,65+,Males,Labour force total,7157.31
2019-02-01,2019,2,65+,Females,Labour force total,6350.9
2019-02-01,2019,2,65+,Persons,Participation rate,66.07
2019-02-01,2019,2,65+,Males,Participation rate,71.24
2019-02-01,2019,2,65+,Females,Participation rate,61.07
2019-03-01,2019,3,55-64,Persons,Employed total,1899.66
2019-03-01,2019,3,55-64,Males,Employed total,1010.9
2019-03-01,2019,3,55-64,Females,Employed total,888.76
2019-03-01,2019,3,55-64,Persons,Employment to population ratio,64.86
2019-03-01,2019,3,55-64,Males,Employment to population ratio,70.68
2019-03-01,2019,3,55-64,Females,Employment to population ratio,59.31
2019-03-01,2019,3,55-64,Persons,Unemployed total,77.72
2019-03-01,2019,3,55-64,Males,Unemployed total,42.63
2019-03-01,2019,3,55-64,Females,Unemployed total,35.1
2019-03-01,2019,3,55-64,Persons,Unemployment rate,3.93
2019-03-01,2019,3,55-64,Males,Unemployment rate,4.05
2019-03-01,2019,3,55-64,Females,Unemployment rate,3.8
2019-03-01,2019,3,55-64,Persons,Labour force total,1977.38
2019-03-01,2019,3,55-64,Males,Labour force total,1053.53
2019-03-01,2019,3,55-64,Females,Labour force total,923.86
2019-03-01,2019,3,55-64,Persons,Participation rate,67.51
2019-03-01,2019,3,55-64,Males,Participation rate,73.66
2019-03-01,2019,3,55-64,Females,Participation rate,61.65
2019-03-01,2019,3,65+,Persons,Employed total,565.16
2019-03-01,2019,3,65+,Males,Employed total,342.58
2019-03-01,2019,3,65+,Females,Employed total,222.58
2019-03-01,2019,3,65+,Persons,Employment to population ratio,14.12
2019-03-01,2019,3,65+,Males,Employment to population ratio,18.3
2019-03-01,2019,3,65+,Females,Employment to population ratio,10.46
2019-03-01,2019,3,65+,Persons,Unemployed total,10.69
2019-03-01,2019,3,65+,Males,Unemployed total,9.65
2019-03-01,2019,3,65+,Females,Unemployed total,1.04
2019-03-01,2019,3,65+,Persons,Unemployment rate,1.86
2019-03-01,2019,3,65+,Males,Unemployment rate,2.74
2019-03-01,2019,3,65+,Females,Unemployment rate,0.46
2019-03-01,2019,3,65+,Persons,Labour force total,575.85
2019-03-01,2019,3,65+,Males,Labour force total,352.24
2019-03-01,2019,3,65+,Females,Labour force total,223.61
2019-03-01,2019,3,65+,Persons,Participation rate,14.39
2019-03-01,2019,3,65+,Males,Participation rate,18.81
2019-03-01,2019,3,65+,Females,Participation rate,10.5
2019-03-01,2019,3,65+,Persons,Employed total,12754.07
2019-03-01,2019,3,65+,Males,Employed total,6770.63
2019-03-01,2019,3,65+,Females,Employed total,5983.45
2019-03-01,2019,3,65+,Persons,Employment to population ratio,62.27
2019-03-01,2019,3,65+,Males,Employment to population ratio,67.27
2019-03-01,2019,3,65+,Females,Employment to population ratio,57.44
2019-03-01,2019,3,65+,Persons,Unemployed total,730.16
2019-03-01,2019,3,65+,Males,Unemployed total,380.39
2019-03-01,2019,3,65+,Females,Unemployed total,349.77
2019-03-01,2019,3,65+,Persons,Unemployment rate,5.41
2019-03-01,2019,3,65+,Males,Unemployment rate,5.32
2019-03-01,2019,3,65+,Females,Unemployment rate,5.52
2019-03-01,2019,3,65+,Persons,Labour force total,13484.23
2019-03-01,2019,3,65+,Males,Labour force total,7151.02
2019-03-01,2019,3,65+,Females,Labour force total,6333.21
2019-03-01,2019,3,65+,Persons,Participation rate,65.83
2019-03-01,2019,3,65+,Males,Participation rate,71.05
2019-03-01,2019,3,65+,Females,Participation rate,60.8
2019-04-01,2019,4,55-64,Persons,Employed total,1895.05
2019-04-01,2019,4,55-64,Males,Employed total,1007.79
2019-04-01,2019,4,55-64,Females,Employed total,887.26
2019-04-01,2019,4,55-64,Persons,Employment to population ratio,64.58
2019-04-01,2019,4,55-64,Males,Employment to population ratio,70.34
2019-04-01,2019,4,55-64,Females,Employment to population ratio,59.09
2019-04-01,2019,4,55-64,Persons,Unemployed total,80.01
2019-04-01,2019,4,55-64,Males,Unemployed total,43.17
2019-04-01,2019,4,55-64,Females,Unemployed total,36.84
2019-04-01,2019,4,55-64,Persons,Unemployment rate,4.05
2019-04-01,2019,4,55-64,Males,Unemployment rate,4.11
2019-04-01,2019,4,55-64,Females,Unemployment rate,3.99
2019-04-01,2019,4,55-64,Persons,Labour force total,1975.06
2019-04-01,2019,4,55-64,Males,Labour force total,1050.96
2019-04-01,2019,4,55-64,Females,Labour force total,924.1
2019-04-01,2019,4,55-64,Persons,Participation rate,67.31
2019-04-01,2019,4,55-64,Males,Participation rate,73.35
2019-04-01,2019,4,55-64,Females,Participation rate,61.55
2019-04-01,2019,4,65+,Persons,Employed total,568.16
2019-04-01,2019,4,65+,Males,Employed total,347.24
2019-04-01,2019,4,65+,Females,Employed total,220.92
2019-04-01,2019,4,65+,Persons,Employment to population ratio,14.16
2019-04-01,2019,4,65+,Males,Employment to population ratio,18.5
2019-04-01,2019,4,65+,Females,Employment to population ratio,10.35
2019-04-01,2019,4,65+,Persons,Unemployed total,9.48
2019-04-01,2019,4,65+,Males,Unemployed total,6.29
2019-04-01,2019,4,65+,Females,Unemployed total,3.19
2019-04-01,2019,4,65+,Persons,Unemployment rate,1.64
2019-04-01,2019,4,65+,Males,Unemployment rate,1.78
2019-04-01,2019,4,65+,Females,Unemployment rate,1.42
2019-04-01,2019,4,65+,Persons,Labour force total,577.64
2019-04-01,2019,4,65+,Males,Labour force total,353.53
2019-04-01,2019,4,65+,Females,Labour force total,224.11
2019-04-01,2019,4,65+,Persons,Participation rate,14.4
2019-04-01,2019,4,65+,Males,Participation rate,18.83
2019-04-01,2019,4,65+,Females,Participation rate,10.5
2019-04-01,2019,4,65+,Persons,Employed total,12795.21
2019-04-01,2019,4,65+,Males,Employed total,6772.38
2019-04-01,2019,4,65+,Females,Employed total,6022.83
2019-04-01,2019,4,65+,Persons,Employment to population ratio,62.41
2019-04-01,2019,4,65+,Males,Employment to population ratio,67.22
2019-04-01,2019,4,65+,Females,Employment to population ratio,57.76
2019-04-01,2019,4,65+,Persons,Unemployed total,712.28
2019-04-01,2019,4,65+,Males,Unemployed total,369.38
2019-04-01,2019,4,65+,Females,Unemployed total,342.9
2019-04-01,2019,4,65+,Persons,Unemployment rate,5.27
2019-04-01,2019,4,65+,Males,Unemployment rate,5.17
2019-04-01,2019,4,65+,Females,Unemployment rate,5.39
2019-04-01,2019,4,65+,Persons,Labour force total,13507.48
2019-04-01,2019,4,65+,Males,Labour force total,7141.75
2019-04-01,2019,4,65+,Females,Labour force total,6365.73
2019-04-01,2019,4,65+,Persons,Participation rate,65.88
2019-04-01,2019,4,65+,Males,Participation rate,70.89
2019-04-01,2019,4,65+,Females,Participation rate,61.05
2019-05-01,2019,5,55-64,Persons,Employed total,1910.46
2019-05-01,2019,5,55-64,Males,Employed total,1026.06
2019-05-01,2019,5,55-64,Females,Employed total,884.4
2019-05-01,2019,5,55-64,Persons,Employment to population ratio,64.99
2019-05-01,2019,5,55-64,Males,Employment to population ratio,71.49
2019-05-01,2019,5,55-64,Females,Employment to population ratio,58.79
2019-05-01,2019,5,55-64,Persons,Unemployed total,79.31
2019-05-01,2019,5,55-64,Males,Unemployed total,42.2
2019-05-01,2019,5,55-64,Females,Unemployed total,37.11
2019-05-01,2019,5,55-64,Persons,Unemployment rate,3.99
2019-05-01,2019,5,55-64,Males,Unemployment rate,3.95
2019-05-01,2019,5,55-64,Females,Unemployment rate,4.03
2019-05-01,2019,5,55-64,Persons,Labour force total,1989.77
2019-05-01,2019,5,55-64,Males,Labour force total,1068.26
2019-05-01,2019,5,55-64,Females,Labour force total,921.52
2019-05-01,2019,5,55-64,Persons,Participation rate,67.69
2019-05-01,2019,5,55-64,Males,Participation rate,74.43
2019-05-01,2019,5,55-64,Females,Participation rate,61.25
2019-05-01,2019,5,65+,Persons,Employed total,599.2
2019-05-01,2019,5,65+,Males,Employed total,365.99
2019-05-01,2019,5,65+,Females,Employed total,233.21
2019-05-01,2019,5,65+,Persons,Employment to population ratio,14.9
2019-05-01,2019,5,65+,Males,Employment to population ratio,19.45
2019-05-01,2019,5,65+,Females,Employment to population ratio,10.9
2019-05-01,2019,5,65+,Persons,Unemployed total,11.57
2019-05-01,2019,5,65+,Males,Unemployed total,8.47
2019-05-01,2019,5,65+,Females,Unemployed total,3.11
2019-05-01,2019,5,65+,Persons,Unemployment rate,1.9
2019-05-01,2019,5,65+,Males,Unemployment rate,2.26
2019-05-01,2019,5,65+,Females,Unemployment rate,1.32
2019-05-01,2019,5,65+,Persons,Labour force total,610.77
2019-05-01,2019,5,65+,Males,Labour force total,374.45
2019-05-01,2019,5,65+,Females,Labour force total,236.32
2019-05-01,2019,5,65+,Persons,Participation rate,15.19
2019-05-01,2019,5,65+,Males,Participation rate,19.9
2019-05-01,2019,5,65+,Females,Participation rate,11.04
2019-05-01,2019,5,65+,Persons,Employed total,12872.42
2019-05-01,2019,5,65+,Males,Employed total,6831.28
2019-05-01,2019,5,65+,Females,Employed total,6041.14
2019-05-01,2019,5,65+,Persons,Employment to population ratio,62.73
2019-05-01,2019,5,65+,Males,Employment to population ratio,67.74
2019-05-01,2019,5,65+,Females,Employment to population ratio,57.88
2019-05-01,2019,5,65+,Persons,Unemployed total,690.89
2019-05-01,2019,5,65+,Males,Unemployed total,363.04
2019-05-01,2019,5,65+,Females,Unemployed total,327.85
2019-05-01,2019,5,65+,Persons,Unemployment rate,5.09
2019-05-01,2019,5,65+,Males,Unemployment rate,5.05
2019-05-01,2019,5,65+,Females,Unemployment rate,5.15
2019-05-01,2019,5,65+,Persons,Labour force total,13563.31
2019-05-01,2019,5,65+,Males,Labour force total,7194.32
2019-05-01,2019,5,65+,Females,Labour force total,6369.0
2019-05-01,2019,5,65+,Persons,Participation rate,66.09
2019-05-01,2019,5,65+,Males,Participation rate,71.34
2019-05-01,2019,5,65+,Females,Participation rate,61.02
2019-06-01,2019,6,55-64,Persons,Employed total,1916.74
2019-06-01,2019,6,55-64,Males,Employed total,1026.19
2019-06-01,2019,6,55-64,Females,Employed total,890.55
2019-06-01,2019,6,55-64,Persons,Employment to population ratio,65.09
2019-06-01,2019,6,55-64,Males,Employment to population ratio,71.38
2019-06-01,2019,6,55-64,Females,Employment to population ratio,59.08
2019-06-01,2019,6,55-64,Persons,Unemployed total,79.24
2019-06-01,2019,6,55-64,Males,Unemployed total,44.02
2019-06-01,2019,6,55-64,Females,Unemployed total,35.21
2019-06-01,2019,6,55-64,Persons,Unemployment rate,3.97
2019-06-01,2019,6,55-64,Males,Unemployment rate,4.11
2019-06-01,2019,6,55-64,Females,Unemployment rate,3.8
2019-06-01,2019,6,55-64,Persons,Labour force total,1995.98
2019-06-01,2019,6,55-64,Males,Labour force total,1070.22
2019-06-01,2019,6,55-64,Females,Labour force total,925.76
2019-06-01,2019,6,55-64,Persons,Participation rate,67.78
2019-06-01,2019,6,55-64,Males,Participation rate,74.45
2019-06-01,2019,6,55-64,Females,Participation rate,61.42
2019-06-01,2019,6,65+,Persons,Employed total,607.27
2019-06-01,2019,6,65+,Males,Employed total,365.25
2019-06-01,2019,6,65+,Females,Employed total,242.03
2019-06-01,2019,6,65+,Persons,Employment to population ratio,15.06
2019-06-01,2019,6,65+,Males,Employment to population ratio,19.36
2019-06-01,2019,6,65+,Females,Employment to population ratio,11.28
2019-06-01,2019,6,65+,Persons,Unemployed total,11.56
2019-06-01,2019,6,65+,Males,Unemployed total,8.45
2019-06-01,2019,6,65+,Females,Unemployed total,3.12
2019-06-01,2019,6,65+,Persons,Unemployment rate,1.87
2019-06-01,2019,6,65+,Males,Unemployment rate,2.26
2019-06-01,2019,6,65+,Females,Unemployment rate,1.27
2019-06-01,2019,6,65+,Persons,Labour force total,618.84
2019-06-01,2019,6,65+,Males,Labour force total,373.69
2019-06-01,2019,6,65+,Females,Labour force total,245.14
2019-06-01,2019,6,65+,Persons,Participation rate,15.35
2019-06-01,2019,6,65+,Males,Participation rate,19.8
2019-06-01,2019,6,65+,Females,Participation rate,11.43
2019-06-01,2019,6,65+,Persons,Employed total,12845.57
2019-06-01,2019,6,65+,Males,Employed total,6808.47
2019-06-01,2019,6,65+,Females,Employed total,6037.09
2019-06-01,2019,6,65+,Persons,Employment to population ratio,62.53
2019-06-01,2019,6,65+,Males,Employment to population ratio,67.45
2019-06-01,2019,6,65+,Females,Employment to population ratio,57.79
2019-06-01,2019,6,65+,Persons,Unemployed total,689.54
2019-06-01,2019,6,65+,Males,Unemployed total,359.58
2019-06-01,2019,6,65+,Females,Unemployed total,329.96
2019-06-01,2019,6,65+,Persons,Unemployment rate,5.09
2019-06-01,2019,6,65+,Males,Unemployment rate,5.02
2019-06-01,2019,6,65+,Females,Unemployment rate,5.18
2019-06-01,2019,6,65+,Persons,Labour force total,13535.11
2019-06-01,2019,6,65+,Males,Labour force total,7168.06
2019-06-01,2019,6,65+,Females,Labour force total,6367.05
2019-06-01,2019,6,65+,Persons,Participation rate,65.89
2019-06-01,2019,6,65+,Males,Participation rate,71.01
2019-06-01,2019,6,65+,Females,Participation rate,60.95
2019-07-01,2019,7,55-64,Persons,Employed total,1909.87
2019-07-01,2019,7,55-64,Males,Employed total,1022.59
2019-07-01,2019,7,55-64,Females,Employed total,887.28
2019-07-01,2019,7,55-64,Persons,Employment to population ratio,64.74
2019-07-01,2019,7,55-64,Males,Employment to population ratio,71.02
2019-07-01,2019,7,55-64,Females,Employment to population ratio,58.75
2019-07-01,2019,7,55-64,Persons,Unemployed total,77.01
2019-07-01,2019,7,55-64,Males,Unemployed total,41.79
2019-07-01,2019,7,55-64,Females,Unemployed total,35.22
2019-07-01,2019,7,55-64,Persons,Unemployment rate,3.88
2019-07-01,2019,7,55-64,Males,Unemployment rate,3.93
2019-07-01,2019,7,55-64,Females,Unemployment rate,3.82
2019-07-01,2019,7,55-64,Persons,Labour force total,1986.88
2019-07-01,2019,7,55-64,Males,Labour force total,1064.38
2019-07-01,2019,7,55-64,Females,Labour force total,922.5
2019-07-01,2019,7,55-64,Persons,Participation rate,67.35
2019-07-01,2019,7,55-64,Males,Participation rate,73.92
2019-07-01,2019,7,55-64,Females,Participation rate,61.08
2019-07-01,2019,7,65+,Persons,Employed total,601.7
2019-07-01,2019,7,65+,Males,Employed total,364.34
2019-07-01,2019,7,65+,Females,Employed total,237.36
2019-07-01,2019,7,65+,Persons,Employment to population ratio,14.88
2019-07-01,2019,7,65+,Males,Employment to population ratio,19.25
2019-07-01,2019,7,65+,Females,Employment to population ratio,11.03
2019-07-01,2019,7,65+,Persons,Unemployed total,9.49
2019-07-01,2019,7,65+,Males,Unemployed total,6.83
2019-07-01,2019,7,65+,Females,Unemployed total,2.66
2019-07-01,2019,7,65+,Persons,Unemployment rate,1.55
2019-07-01,2019,7,65+,Males,Unemployment rate,1.84
2019-07-01,2019,7,65+,Females,Unemployment rate,1.11
2019-07-01,2019,7,65+,Persons,Labour force total,611.18
2019-07-01,2019,7,65+,Males,Labour force total,371.17
2019-07-01,2019,7,65+,Females,Labour force total,240.02
2019-07-01,2019,7,65+,Persons,Participation rate,15.11
2019-07-01,2019,7,65+,Males,Participation rate,19.62
2019-07-01,2019,7,65+,Females,Participation rate,11.16
2019-07-01,2019,7,65+,Persons,Employed total,12839.03
2019-07-01,2019,7,65+,Males,Employed total,6803.04
2019-07-01,2019,7,65+,Females,Employed total,6035.99
2019-07-01,2019,7,65+,Persons,Employment to population ratio,62.41
2019-07-01,2019,7,65+,Males,Employment to population ratio,67.29
2019-07-01,2019,7,65+,Females,Employment to population ratio,57.69
2019-07-01,2019,7,65+,Persons,Unemployed total,702.04
2019-07-01,2019,7,65+,Males,Unemployed total,374.03
2019-07-01,2019,7,65+,Females,Unemployed total,328.01
2019-07-01,2019,7,65+,Persons,Unemployment rate,5.18
2019-07-01,2019,7,65+,Males,Unemployment rate,5.21
2019-07-01,2019,7,65+,Females,Unemployment rate,5.15
2019-07-01,2019,7,65+,Persons,Labour force total,13541.07
2019-07-01,2019,7,65+,Males,Labour force total,7177.07
2019-07-01,2019,7,65+,Females,Labour force total,6364.0
2019-07-01,2019,7,65+,Persons,Participation rate,65.82
2019-07-01,2019,7,65+,Males,Participation rate,70.99
2019-07-01,2019,7,65+,Females,Participation rate,60.82
2019-08-01,2019,8,55-64,Persons,Employed total,1926.04
2019-08-01,2019,8,55-64,Males,Employed total,1020.24
2019-08-01,2019,8,55-64,Females,Employed total,905.8
2019-08-01,2019,8,55-64,Persons,Employment to population ratio,65.17
2019-08-01,2019,8,55-64,Males,Employment to population ratio,70.74
2019-08-01,2019,8,55-64,Females,Employment to population ratio,59.86
2019-08-01,2019,8,55-64,Persons,Unemployed total,81.19
2019-08-01,2019,8,55-64,Males,Unemployed total,47.04
2019-08-01,2019,8,55-64,Females,Unemployed total,34.15
2019-08-01,2019,8,55-64,Persons,Unemployment rate,4.05
2019-08-01,2019,8,55-64,Males,Unemployment rate,4.41
2019-08-01,2019,8,55-64,Females,Unemployment rate,3.63
2019-08-01,2019,8,55-64,Persons,Labour force total,2007.23
2019-08-01,2019,8,55-64,Males,Labour force total,1067.27
2019-08-01,2019,8,55-64,Females,Labour force total,939.96
2019-08-01,2019,8,55-64,Persons,Participation rate,67.92
2019-08-01,2019,8,55-64,Males,Participation rate,74.0
2019-08-01,2019,8,55-64,Females,Participation rate,62.11
2019-08-01,2019,8,65+,Persons,Employed total,593.07
2019-08-01,2019,8,65+,Males,Employed total,352.1
2019-08-01,2019,8,65+,Females,Employed total,240.97
2019-08-01,2019,8,65+,Persons,Employment to population ratio,14.63
2019-08-01,2019,8,65+,Males,Employment to population ratio,18.55
2019-08-01,2019,8,65+,Females,Employment to population ratio,11.17
2019-08-01,2019,8,65+,Persons,Unemployed total,9.67
2019-08-01,2019,8,65+,Males,Unemployed total,5.52
2019-08-01,2019,8,65+,Females,Unemployed total,4.15
2019-08-01,2019,8,65+,Persons,Unemployment rate,1.6
2019-08-01,2019,8,65+,Males,Unemployment rate,1.54
2019-08-01,2019,8,65+,Females,Unemployment rate,1.69
2019-08-01,2019,8,65+,Persons,Labour force total,602.74
2019-08-01,2019,8,65+,Males,Labour force total,357.62
2019-08-01,2019,8,65+,Females,Labour force total,245.11
2019-08-01,2019,8,65+,Persons,Participation rate,14.86
2019-08-01,2019,8,65+,Males,Participation rate,18.85
2019-08-01,2019,8,65+,Females,Participation rate,11.36
2019-08-01,2019,8,65+,Persons,Employed total,12823.4
2019-08-01,2019,8,65+,Males,Employed total,6780.58
2019-08-01,2019,8,65+,Females,Employed total,6042.83
2019-08-01,2019,8,65+,Persons,Employment to population ratio,62.24
2019-08-01,2019,8,65+,Males,Employment to population ratio,66.97
2019-08-01,2019,8,65+,Females,Employment to population ratio,57.67
2019-08-01,2019,8,65+,Persons,Unemployed total,712.88
2019-08-01,2019,8,65+,Males,Unemployed total,383.69
2019-08-01,2019,8,65+,Females,Unemployed total,329.2
2019-08-01,2019,8,65+,Persons,Unemployment rate,5.27
2019-08-01,2019,8,65+,Males,Unemployment rate,5.36
2019-08-01,2019,8,65+,Females,Unemployment rate,5.17
2019-08-01,2019,8,65+,Persons,Labour force total,13536.29
2019-08-01,2019,8,65+,Males,Labour force total,7164.26
2019-08-01,2019,8,65+,Females,Labour force total,6372.02
2019-08-01,2019,8,65+,Persons,Participation rate,65.7
2019-08-01,2019,8,65+,Males,Participation rate,70.76
2019-08-01,2019,8,65+,Females,Participation rate,60.81
2019-09-01,2019,9,55-64,Persons,Employed total,1924.02
2019-09-01,2019,9,55-64,Males,Employed total,1026.92
2019-09-01,2019,9,55-64,Females,Employed total,897.1
2019-09-01,2019,9,55-64,Persons,Employment to population ratio,64.98
2019-09-01,2019,9,55-64,Males,Employment to population ratio,71.09
2019-09-01,2019,9,55-64,Females,Employment to population ratio,59.16
2019-09-01,2019,9,55-64,Persons,Unemployed total,78.84
2019-09-01,2019,9,55-64,Males,Unemployed total,45.17
2019-09-01,2019,9,55-64,Females,Unemployed total,33.67
2019-09-01,2019,9,55-64,Persons,Unemployment rate,3.94
2019-09-01,2019,9,55-64,Males,Unemployment rate,4.21
2019-09-01,2019,9,55-64,Females,Unemployment rate,3.62
2019-09-01,2019,9,55-64,Persons,Labour force total,2002.86
2019-09-01,2019,9,55-64,Males,Labour force total,1072.09
2019-09-01,2019,9,55-64,Females,Labour force total,930.77
2019-09-01,2019,9,55-64,Persons,Participation rate,67.65
2019-09-01,2019,9,55-64,Males,Participation rate,74.22
2019-09-01,2019,9,55-64,Females,Participation rate,61.39
2019-09-01,2019,9,65+,Persons,Employed total,588.66
2019-09-01,2019,9,65+,Males,Employed total,350.27
2019-09-01,2019,9,65+,Females,Employed total,238.39
2019-09-01,2019,9,65+,Persons,Employment to population ratio,14.48
2019-09-01,2019,9,65+,Males,Employment to population ratio,18.41
2019-09-01,2019,9,65+,Females,Employment to population ratio,11.02
2019-09-01,2019,9,65+,Persons,Unemployed total,9.03
2019-09-01,2019,9,65+,Males,Unemployed total,6.1
2019-09-01,2019,9,65+,Females,Unemployed total,2.93
2019-09-01,2019,9,65+,Persons,Unemployment rate,1.51
2019-09-01,2019,9,65+,Males,Unemployment rate,1.71
2019-09-01,2019,9,65+,Females,Unemployment rate,1.21
2019-09-01,2019,9,65+,Persons,Labour force total,597.69
2019-09-01,2019,9,65+,Males,Labour force total,356.37
2019-09-01,2019,9,65+,Females,Labour force total,241.32
2019-09-01,2019,9,65+,Persons,Participation rate,14.7
2019-09-01,2019,9,65+,Males,Participation rate,18.73
2019-09-01,2019,9,65+,Females,Participation rate,11.15
2019-09-01,2019,9,65+,Persons,Employed total,12881.18
2019-09-01,2019,9,65+,Males,Employed total,6787.86
2019-09-01,2019,9,65+,Females,Employed total,6093.32
2019-09-01,2019,9,65+,Persons,Employment to population ratio,62.43
2019-09-01,2019,9,65+,Males,Employment to population ratio,66.95
2019-09-01,2019,9,65+,Females,Employment to population ratio,58.06
2019-09-01,2019,9,65+,Persons,Unemployed total,690.29
2019-09-01,2019,9,65+,Males,Unemployed total,383.1
2019-09-01,2019,9,65+,Females,Unemployed total,307.19
2019-09-01,2019,9,65+,Persons,Unemployment rate,5.09
2019-09-01,2019,9,65+,Males,Unemployment rate,5.34
2019-09-01,2019,9,65+,Females,Unemployment rate,4.8
2019-09-01,2019,9,65+,Persons,Labour force total,13571.47
2019-09-01,2019,9,65+,Males,Labour force total,7170.96
2019-09-01,2019,9,65+,Females,Labour force total,6400.51
2019-09-01,2019,9,65+,Persons,Participation rate,65.77
2019-09-01,2019,9,65+,Males,Participation rate,70.73
2019-09-01,2019,9,65+,Females,Participation rate,60.99
2019-10-01,2019,10,55-64,Persons,Employed total,1908.66
2019-10-01,2019,10,55-64,Males,Employed total,1021.28
2019-10-01,2019,10,55-64,Females,Employed total,887.38
2019-10-01,2019,10,55-64,Persons,Employment to population ratio,64.32
2019-10-01,2019,10,55-64,Males,Employment to population ratio,70.56
2019-10-01,2019,10,55-64,Females,Employment to population ratio,58.37
2019-10-01,2019,10,55-64,Persons,Unemployed total,78.19
2019-10-01,2019,10,55-64,Males,Unemployed total,42.58
2019-10-01,2019,10,55-64,Females,Unemployed total,35.61
2019-10-01,2019,10,55-64,Persons,Unemployment rate,3.94
2019-10-01,2019,10,55-64,Males,Unemployment rate,4.0
2019-10-01,2019,10,55-64,Females,Unemployment rate,3.86
2019-10-01,2019,10,55-64,Persons,Labour force total,1986.85
2019-10-01,2019,10,55-64,Males,Labour force total,1063.86
2019-10-01,2019,10,55-64,Females,Labour force total,922.99
2019-10-01,2019,10,55-64,Persons,Participation rate,66.95
2019-10-01,2019,10,55-64,Males,Participation rate,73.5
2019-10-01,2019,10,55-64,Females,Participation rate,60.72
2019-10-01,2019,10,65+,Persons,Employed total,574.24
2019-10-01,2019,10,65+,Males,Employed total,341.17
2019-10-01,2019,10,65+,Females,Employed total,233.07
2019-10-01,2019,10,65+,Persons,Employment to population ratio,14.07
2019-10-01,2019,10,65+,Males,Employment to population ratio,17.86
2019-10-01,2019,10,65+,Females,Employment to population ratio,10.73
2019-10-01,2019,10,65+,Persons,Unemployed total,15.38
2019-10-01,2019,10,65+,Males,Unemployed total,12.16
2019-10-01,2019,10,65+,Females,Unemployed total,3.22
2019-10-01,2019,10,65+,Persons,Unemployment rate,2.61
2019-10-01,2019,10,65+,Males,Unemployment rate,3.44
2019-10-01,2019,10,65+,Females,Unemployment rate,1.36
2019-10-01,2019,10,65+,Persons,Labour force total,589.62
2019-10-01,2019,10,65+,Males,Labour force total,353.33
2019-10-01,2019,10,65+,Females,Labour force total,236.29
2019-10-01,2019,10,65+,Persons,Participation rate,14.44
2019-10-01,2019,10,65+,Males,Participation rate,18.5
2019-10-01,2019,10,65+,Females,Participation rate,10.88
2019-10-01,2019,10,65+,Persons,Employed total,12844.57
2019-10-01,2019,10,65+,Males,Employed total,6763.26
2019-10-01,2019,10,65+,Females,Employed total,6081.31
2019-10-01,2019,10,65+,Persons,Employment to population ratio,62.17
2019-10-01,2019,10,65+,Males,Employment to population ratio,66.63
2019-10-01,2019,10,65+,Females,Employment to population ratio,57.87
2019-10-01,2019,10,65+,Persons,Unemployed total,686.34
2019-10-01,2019,10,65+,Males,Unemployed total,371.67
2019-10-01,2019,10,65+,Females,Unemployed total,314.67
2019-10-01,2019,10,65+,Persons,Unemployment rate,5.07
2019-10-01,2019,10,65+,Males,Unemployment rate,5.21
2019-10-01,2019,10,65+,Females,Unemployment rate,4.92
2019-10-01,2019,10,65+,Persons,Labour force total,13530.91
2019-10-01,2019,10,65+,Males,Labour force total,7134.93
2019-10-01,2019,10,65+,Females,Labour force total,6395.98
2019-10-01,2019,10,65+,Persons,Participation rate,65.5
2019-10-01,2019,10,65+,Males,Participation rate,70.29
2019-10-01,2019,10,65+,Females,Participation rate,60.86
2019-11-01,2019,11,55-64,Persons,Employed total,1930.35
2019-11-01,2019,11,55-64,Males,Employed total,1023.41
2019-11-01,2019,11,55-64,Females,Employed total,906.94
2019-11-01,2019,11,55-64,Persons,Employment to population ratio,64.9
2019-11-01,2019,11,55-64,Males,Employment to population ratio,70.57
2019-11-01,2019,11,55-64,Females,Employment to population ratio,59.51
2019-11-01,2019,11,55-64,Persons,Unemployed total,75.59
2019-11-01,2019,11,55-64,Males,Unemployed total,40.86
2019-11-01,2019,11,55-64,Females,Unemployed total,34.73
2019-11-01,2019,11,55-64,Persons,Unemployment rate,3.77
2019-11-01,2019,11,55-64,Males,Unemployment rate,3.84
2019-11-01,2019,11,55-64,Females,Unemployment rate,3.69
2019-11-01,2019,11,55-64,Persons,Labour force total,2005.94
2019-11-01,2019,11,55-64,Males,Labour force total,1064.27
2019-11-01,2019,11,55-64,Females,Labour force total,941.67
2019-11-01,2019,11,55-64,Persons,Participation rate,67.44
2019-11-01,2019,11,55-64,Males,Participation rate,73.38
2019-11-01,2019,11,55-64,Females,Participation rate,61.79
2019-11-01,2019,11,65+,Persons,Employed total,616.78
2019-11-01,2019,11,65+,Males,Employed total,358.92
2019-11-01,2019,11,65+,Females,Employed total,257.86
2019-11-01,2019,11,65+,Persons,Employment to population ratio,15.05
2019-11-01,2019,11,65+,Males,Employment to population ratio,18.72
2019-11-01,2019,11,65+,Females,Employment to population ratio,11.83
2019-11-01,2019,11,65+,Persons,Unemployed total,11.55
2019-11-01,2019,11,65+,Males,Unemployed total,11.23
2019-11-01,2019,11,65+,Females,Unemployed total,0.32
2019-11-01,2019,11,65+,Persons,Unemployment rate,1.84
2019-11-01,2019,11,65+,Males,Unemployment rate,3.03
2019-11-01,2019,11,65+,Females,Unemployment rate,0.12
2019-11-01,2019,11,65+,Persons,Labour force total,628.33
2019-11-01,2019,11,65+,Males,Labour force total,370.15
2019-11-01,2019,11,65+,Females,Labour force total,258.18
2019-11-01,2019,11,65+,Persons,Participation rate,15.34
2019-11-01,2019,11,65+,Males,Participation rate,19.3
2019-11-01,2019,11,65+,Females,Participation rate,11.85
2019-11-01,2019,11,65+,Persons,Employed total,12933.36
2019-11-01,2019,11,65+,Males,Employed total,6805.16
2019-11-01,2019,11,65+,Females,Employed total,6128.19
2019-11-01,2019,11,65+,Persons,Employment to population ratio,62.53
2019-11-01,2019,11,65+,Males,Employment to population ratio,66.96
2019-11-01,2019,11,65+,Females,Employment to population ratio,58.24
2019-11-01,2019,11,65+,Persons,Unemployed total,654.12
2019-11-01,2019,11,65+,Males,Unemployed total,351.29
2019-11-01,2019,11,65+,Females,Unemployed total,302.83
2019-11-01,2019,11,65+,Persons,Unemployment rate,4.81
2019-11-01,2019,11,65+,Males,Unemployment rate,4.91
2019-11-01,2019,11,65+,Females,Unemployment rate,4.71
2019-11-01,2019,11,65+,Persons,Labour force total,13587.48
2019-11-01,2019,11,65+,Males,Labour force total,7156.46
2019-11-01,2019,11,65+,Females,Labour force total,6431.02
2019-11-01,2019,11,65+,Persons,Participation rate,65.69
2019-11-01,2019,11,65+,Males,Participation rate,70.42
2019-11-01,2019,11,65+,Females,Participation rate,61.12
2019-12-01,2019,12,55-64,Persons,Employed total,1931.42
2019-12-01,2019,12,55-64,Males,Employed total,1023.16
2019-12-01,2019,12,55-64,Females,Employed total,908.26
2019-12-01,2019,12,55-64,Persons,Employment to population ratio,64.79
2019-12-01,2019,12,55-64,Males,Employment to population ratio,70.41
2019-12-01,2019,12,55-64,Females,Employment to population ratio,59.45
2019-12-01,2019,12,55-64,Persons,Unemployed total,74.38
2019-12-01,2019,12,55-64,Males,Unemployed total,40.87
2019-12-01,2019,12,55-64,Females,Unemployed total,33.5
2019-12-01,2019,12,55-64,Persons,Unemployment rate,3.71
2019-12-01,2019,12,55-64,Males,Unemployment rate,3.84
2019-12-01,2019,12,55-64,Females,Unemployment rate,3.56
2019-12-01,2019,12,55-64,Persons,Labour force total,2005.8
2019-12-01,2019,12,55-64,Males,Labour force total,1064.04
2019-12-01,2019,12,55-64,Females,Labour force total,941.77
2019-12-01,2019,12,55-64,Persons,Participation rate,67.28
2019-12-01,2019,12,55-64,Males,Participation rate,73.22
2019-12-01,2019,12,55-64,Females,Participation rate,61.64
2019-12-01,2019,12,65+,Persons,Employed total,595.17
2019-12-01,2019,12,65+,Males,Employed total,349.93
2019-12-01,2019,12,65+,Females,Employed total,245.24
2019-12-01,2019,12,65+,Persons,Employment to population ratio,14.47
2019-12-01,2019,12,65+,Males,Employment to population ratio,18.18
2019-12-01,2019,12,65+,Females,Employment to population ratio,11.21
2019-12-01,2019,12,65+,Persons,Unemployed total,9.42
2019-12-01,2019,12,65+,Males,Unemployed total,7.54
2019-12-01,2019,12,65+,Females,Unemployed total,1.88
2019-12-01,2019,12,65+,Persons,Unemployment rate,1.56
2019-12-01,2019,12,65+,Males,Unemployment rate,2.11
2019-12-01,2019,12,65+,Females,Unemployment rate,0.76
2019-12-01,2019,12,65+,Persons,Labour force total,604.6
2019-12-01,2019,12,65+,Males,Labour force total,357.48
2019-12-01,2019,12,65+,Females,Labour force total,247.12
2019-12-01,2019,12,65+,Persons,Participation rate,14.7
2019-12-01,2019,12,65+,Males,Participation rate,18.57
2019-12-01,2019,12,65+,Females,Participation rate,11.3
2019-12-01,2019,12,65+,Persons,Employed total,13038.29
2019-12-01,2019,12,65+,Males,Employed total,6851.41
2019-12-01,2019,12,65+,Females,Employed total,6186.88
2019-12-01,2019,12,65+,Persons,Employment to population ratio,62.96
2019-12-01,2019,12,65+,Males,Employment to population ratio,67.34
2019-12-01,2019,12,65+,Females,Employment to population ratio,58.73
2019-12-01,2019,12,65+,Persons,Unemployed total,661.14
2019-12-01,2019,12,65+,Males,Unemployed total,367.83
2019-12-01,2019,12,65+,Females,Unemployed total,293.31
2019-12-01,2019,12,65+,Persons,Unemployment rate,4.83
2019-12-01,2019,12,65+,Males,Unemployment rate,5.1
2019-12-01,2019,12,65+,Females,Unemployment rate,4.53
2019-12-01,2019,12,65+,Persons,Labour force total,13699.44
2019-12-01,2019,12,65+,Males,Labour force total,7219.24
2019-12-01,2019,12,65+,Females,Labour force total,6480.2
2019-12-01,2019,12,65+,Persons,Participation rate,66.15
2019-12-01,2019,12,65+,Males,Participation rate,70.96
2019-12-01,2019,12,65+,Females,Participation rate,61.51
2020-01-01,2020,1,55-64,Persons,Employed total,1890.34
2020-01-01,2020,1,55-64,Males,Employed total,1002.05
2020-01-01,2020,1,55-64,Females,Employed total,888.28
2020-01-01,2020,1,55-64,Persons,Employment to population ratio,63.31
2020-01-01,2020,1,55-64,Males,Employment to population ratio,68.86
2020-01-01,2020,1,55-64,Females,Employment to population ratio,58.03
2020-01-01,2020,1,55-64,Persons,Unemployed total,84.93
2020-01-01,2020,1,55-64,Males,Unemployed total,46.44
2020-01-01,2020,1,55-64,Females,Unemployed total,38.5
2020-01-01,2020,1,55-64,Persons,Unemployment rate,4.3
2020-01-01,2020,1,55-64,Males,Unemployment rate,4.43
2020-01-01,2020,1,55-64,Females,Unemployment rate,4.15
2020-01-01,2020,1,55-64,Persons,Labour force total,1975.27
2020-01-01,2020,1,55-64,Males,Labour force total,1048.49
2020-01-01,2020,1,55-64,Females,Labour force total,926.78
2020-01-01,2020,1,55-64,Persons,Participation rate,66.15
2020-01-01,2020,1,55-64,Males,Participation rate,72.05
2020-01-01,2020,1,55-64,Females,Participation rate,60.54
2020-01-01,2020,1,65+,Persons,Employed total,554.52
2020-01-01,2020,1,65+,Males,Employed total,326.8
2020-01-01,2020,1,65+,Females,Employed total,227.72
2020-01-01,2020,1,65+,Persons,Employment to population ratio,13.44
2020-01-01,2020,1,65+,Males,Employment to population ratio,16.92
2020-01-01,2020,1,65+,Females,Employment to population ratio,10.37
2020-01-01,2020,1,65+,Persons,Unemployed total,10.89
2020-01-01,2020,1,65+,Males,Unemployed total,6.76
2020-01-01,2020,1,65+,Females,Unemployed total,4.13
2020-01-01,2020,1,65+,Persons,Unemployment rate,1.93
2020-01-01,2020,1,65+,Males,Unemployment rate,2.03
2020-01-01,2020,1,65+,Females,Unemployment rate,1.78
2020-01-01,2020,1,65+,Persons,Labour force total,565.4
2020-01-01,2020,1,65+,Males,Labour force total,333.55
2020-01-01,2020,1,65+,Females,Labour force total,231.85
2020-01-01,2020,1,65+,Persons,Participation rate,13.7
2020-01-01,2020,1,65+,Males,Participation rate,17.27
2020-01-01,2020,1,65+,Females,Participation rate,10.56
2020-01-01,2020,1,65+,Persons,Employed total,12762.1
2020-01-01,2020,1,65+,Males,Employed total,6723.13
2020-01-01,2020,1,65+,Females,Employed total,6038.98
2020-01-01,2020,1,65+,Persons,Employment to population ratio,61.53
2020-01-01,2020,1,65+,Males,Employment to population ratio,65.98
2020-01-01,2020,1,65+,Females,Employment to population ratio,57.23
2020-01-01,2020,1,65+,Persons,Unemployed total,768.87
2020-01-01,2020,1,65+,Males,Unemployed total,408.94
2020-01-01,2020,1,65+,Females,Unemployed total,359.93
2020-01-01,2020,1,65+,Persons,Unemployment rate,5.68
2020-01-01,2020,1,65+,Males,Unemployment rate,5.73
2020-01-01,2020,1,65+,Females,Unemployment rate,5.62
2020-01-01,2020,1,65+,Persons,Labour force total,13530.98
2020-01-01,2020,1,65+,Males,Labour force total,7132.07
2020-01-01,2020,1,65+,Females,Labour force total,6398.91
2020-01-01,2020,1,65+,Persons,Participation rate,65.24
2020-01-01,2020,1,65+,Males,Participation rate,69.99
2020-01-01,2020,1,65+,Females,Participation rate,60.64
2020-02-01,2020,2,55-64,Persons,Employed total,1935.88
2020-02-01,2020,2,55-64,Males,Employed total,1030.42
2020-02-01,2020,2,55-64,Females,Employed total,905.46
2020-02-01,2020,2,55-64,Persons,Employment to population ratio,64.72
2020-02-01,2020,2,55-64,Males,Employment to population ratio,70.71
2020-02-01,2020,2,55-64,Females,Employment to population ratio,59.04
2020-02-01,2020,2,55-64,Persons,Unemployed total,86.44
2020-02-01,2020,2,55-64,Males,Unemployed total,46.51
2020-02-01,2020,2,55-64,Females,Unemployed total,39.93
2020-02-01,2020,2,55-64,Persons,Unemployment rate,4.27
2020-02-01,2020,2,55-64,Males,Unemployment rate,4.32
2020-02-01,2020,2,55-64,Females,Unemployment rate,4.22
2020-02-01,2020,2,55-64,Persons,Labour force total,2022.32
2020-02-01,2020,2,55-64,Males,Labour force total,1076.93
2020-02-01,2020,2,55-64,Females,Labour force total,945.39
2020-02-01,2020,2,55-64,Persons,Participation rate,67.61
2020-02-01,2020,2,55-64,Males,Participation rate,73.9
2020-02-01,2020,2,55-64,Females,Participation rate,61.64
2020-02-01,2020,2,65+,Persons,Employed total,598.05
2020-02-01,2020,2,65+,Males,Employed total,353.99
2020-02-01,2020,2,65+,Females,Employed total,244.06
2020-02-01,2020,2,65+,Persons,Employment to population ratio,14.44
2020-02-01,2020,2,65+,Males,Employment to population ratio,18.27
2020-02-01,2020,2,65+,Females,Employment to population ratio,11.08
2020-02-01,2020,2,65+,Persons,Unemployed total,12.11
2020-02-01,2020,2,65+,Males,Unemployed total,7.73
2020-02-01,2020,2,65+,Females,Unemployed total,4.39
2020-02-01,2020,2,65+,Persons,Unemployment rate,1.99
2020-02-01,2020,2,65+,Males,Unemployment rate,2.14
2020-02-01,2020,2,65+,Females,Unemployment rate,1.77
2020-02-01,2020,2,65+,Persons,Labour force total,610.17
2020-02-01,2020,2,65+,Males,Labour force total,361.72
2020-02-01,2020,2,65+,Females,Labour force total,248.45
2020-02-01,2020,2,65+,Persons,Participation rate,14.74
2020-02-01,2020,2,65+,Males,Participation rate,18.67
2020-02-01,2020,2,65+,Females,Participation rate,11.28
2020-02-01,2020,2,65+,Persons,Employed total,12982.41
2020-02-01,2020,2,65+,Males,Employed total,6832.29
2020-02-01,2020,2,65+,Females,Employed total,6150.12
2020-02-01,2020,2,65+,Persons,Employment to population ratio,62.49
2020-02-01,2020,2,65+,Males,Employment to population ratio,66.95
2020-02-01,2020,2,65+,Females,Employment to population ratio,58.19
2020-02-01,2020,2,65+,Persons,Unemployed total,760.46
2020-02-01,2020,2,65+,Males,Unemployed total,401.99
2020-02-01,2020,2,65+,Females,Unemployed total,358.47
2020-02-01,2020,2,65+,Persons,Unemployment rate,5.53
2020-02-01,2020,2,65+,Males,Unemployment rate,5.56
2020-02-01,2020,2,65+,Females,Unemployment rate,5.51
2020-02-01,2020,2,65+,Persons,Labour force total,13742.87
2020-02-01,2020,2,65+,Males,Labour force total,7234.28
2020-02-01,2020,2,65+,Females,Labour force total,6508.59
2020-02-01,2020,2,65+,Persons,Participation rate,66.15
2020-02-01,2020,2,65+,Males,Participation rate,70.89
2020-02-01,2020,2,65+,Females,Participation rate,61.58
2020-03-01,2020,3,55-64,Persons,Employed total,1920.9
2020-03-01,2020,3,55-64,Males,Employed total,1017.1
2020-03-01,2020,3,55-64,Females,Employed total,903.8
2020-03-01,2020,3,55-64,Persons,Employment to population ratio,64.12
2020-03-01,2020,3,55-64,Males,Employment to population ratio,69.7
2020-03-01,2020,3,55-64,Females,Employment to population ratio,58.82
2020-03-01,2020,3,55-64,Persons,Unemployed total,85.97
2020-03-01,2020,3,55-64,Males,Unemployed total,46.05
2020-03-01,2020,3,55-64,Females,Unemployed total,39.92
2020-03-01,2020,3,55-64,Persons,Unemployment rate,4.28
2020-03-01,2020,3,55-64,Males,Unemployment rate,4.33
2020-03-01,2020,3,55-64,Females,Unemployment rate,4.23
2020-03-01,2020,3,55-64,Persons,Labour force total,2006.87
2020-03-01,2020,3,55-64,Males,Labour force total,1063.15
2020-03-01,2020,3,55-64,Females,Labour force total,943.72
2020-03-01,2020,3,55-64,Persons,Participation rate,66.99
2020-03-01,2020,3,55-64,Males,Participation rate,72.85
2020-03-01,2020,3,55-64,Females,Participation rate,61.42
2020-03-01,2020,3,65+,Persons,Employed total,586.91
2020-03-01,2020,3,65+,Males,Employed total,345.15
2020-03-01,2020,3,65+,Females,Employed total,241.76
2020-03-01,2020,3,65+,Persons,Employment to population ratio,14.13
2020-03-01,2020,3,65+,Males,Employment to population ratio,17.75
2020-03-01,2020,3,65+,Females,Employment to population ratio,10.94
2020-03-01,2020,3,65+,Persons,Unemployed total,17.3
2020-03-01,2020,3,65+,Males,Unemployed total,10.85
2020-03-01,2020,3,65+,Females,Unemployed total,6.45
2020-03-01,2020,3,65+,Persons,Unemployment rate,2.86
2020-03-01,2020,3,65+,Males,Unemployment rate,3.05
2020-03-01,2020,3,65+,Females,Unemployment rate,2.6
2020-03-01,2020,3,65+,Persons,Labour force total,604.2
2020-03-01,2020,3,65+,Males,Labour force total,356.0
2020-03-01,2020,3,65+,Females,Labour force total,248.2
2020-03-01,2020,3,65+,Persons,Participation rate,14.54
2020-03-01,2020,3,65+,Males,Participation rate,18.31
2020-03-01,2020,3,65+,Females,Participation rate,11.23
2020-03-01,2020,3,65+,Persons,Employed total,12934.84
2020-03-01,2020,3,65+,Males,Employed total,6814.19
2020-03-01,2020,3,65+,Females,Employed total,6120.65
2020-03-01,2020,3,65+,Persons,Employment to population ratio,62.17
2020-03-01,2020,3,65+,Males,Employment to population ratio,66.67
2020-03-01,2020,3,65+,Females,Employment to population ratio,57.82
2020-03-01,2020,3,65+,Persons,Unemployed total,756.94
2020-03-01,2020,3,65+,Males,Unemployed total,395.04
2020-03-01,2020,3,65+,Females,Unemployed total,361.91
2020-03-01,2020,3,65+,Persons,Unemployment rate,5.53
2020-03-01,2020,3,65+,Males,Unemployment rate,5.48
2020-03-01,2020,3,65+,Females,Unemployment rate,5.58
2020-03-01,2020,3,65+,Persons,Labour force total,13691.78
2020-03-01,2020,3,65+,Males,Labour force total,7209.23
2020-03-01,2020,3,65+,Females,Labour force total,6482.55
2020-03-01,2020,3,65+,Persons,Participation rate,65.8
2020-03-01,2020,3,65+,Males,Participation rate,70.54
2020-03-01,2020,3,65+,Females,Participation rate,61.24
2020-04-01,2020,4,55-64,Persons,Employed total,1870.01
2020-04-01,2020,4,55-64,Males,Employed total,993.76
2020-04-01,2020,4,55-64,Females,Employed total,876.25
2020-04-01,2020,4,55-64,Persons,Employment to population ratio,62.37
2020-04-01,2020,4,55-64,Males,Employment to population ratio,68.03
2020-04-01,2020,4,55-64,Females,Employment to population ratio,56.98
2020-04-01,2020,4,55-64,Persons,Unemployed total,91.64
2020-04-01,2020,4,55-64,Males,Unemployed total,51.97
2020-04-01,2020,4,55-64,Females,Unemployed total,39.67
2020-04-01,2020,4,55-64,Persons,Unemployment rate,4.67
2020-04-01,2020,4,55-64,Males,Unemployment rate,4.97
2020-04-01,2020,4,55-64,Females,Unemployment rate,4.33
2020-04-01,2020,4,55-64,Persons,Labour force total,1961.65
2020-04-01,2020,4,55-64,Males,Labour force total,1045.74
2020-04-01,2020,4,55-64,Females,Labour force total,915.92
2020-04-01,2020,4,55-64,Persons,Participation rate,65.42
2020-04-01,2020,4,55-64,Males,Participation rate,71.59
2020-04-01,2020,4,55-64,Females,Participation rate,59.56
2020-04-01,2020,4,65+,Persons,Employed total,538.47
2020-04-01,2020,4,65+,Males,Employed total,319.06
2020-04-01,2020,4,65+,Females,Employed total,219.42
2020-04-01,2020,4,65+,Persons,Employment to population ratio,12.93
2020-04-01,2020,4,65+,Males,Employment to population ratio,16.37
2020-04-01,2020,4,65+,Females,Employment to population ratio,9.9
2020-04-01,2020,4,65+,Persons,Unemployed total,12.76
2020-04-01,2020,4,65+,Males,Unemployed total,7.89
2020-04-01,2020,4,65+,Females,Unemployed total,4.87
2020-04-01,2020,4,65+,Persons,Unemployment rate,2.31
2020-04-01,2020,4,65+,Males,Unemployment rate,2.41
2020-04-01,2020,4,65+,Females,Unemployment rate,2.17
2020-04-01,2020,4,65+,Persons,Labour force total,551.23
2020-04-01,2020,4,65+,Males,Labour force total,326.95
2020-04-01,2020,4,65+,Females,Labour force total,224.28
2020-04-01,2020,4,65+,Persons,Participation rate,13.23
2020-04-01,2020,4,65+,Males,Participation rate,16.77
2020-04-01,2020,4,65+,Females,Participation rate,10.12
2020-04-01,2020,4,65+,Persons,Employed total,12347.34
2020-04-01,2020,4,65+,Males,Employed total,6542.04
2020-04-01,2020,4,65+,Females,Employed total,5805.3
2020-04-01,2020,4,65+,Persons,Employment to population ratio,59.32
2020-04-01,2020,4,65+,Males,Employment to population ratio,63.98
2020-04-01,2020,4,65+,Females,Employment to population ratio,54.82
2020-04-01,2020,4,65+,Persons,Unemployed total,841.84
2020-04-01,2020,4,65+,Males,Unemployed total,457.74
2020-04-01,2020,4,65+,Females,Unemployed total,384.1
2020-04-01,2020,4,65+,Persons,Unemployment rate,6.38
2020-04-01,2020,4,65+,Males,Unemployment rate,6.54
2020-04-01,2020,4,65+,Females,Unemployment rate,6.21
2020-04-01,2020,4,65+,Persons,Labour force total,13189.18
2020-04-01,2020,4,65+,Males,Labour force total,6999.78
2020-04-01,2020,4,65+,Females,Labour force total,6189.4
2020-04-01,2020,4,65+,Persons,Participation rate,63.37
2020-04-01,2020,4,65+,Males,Participation rate,68.46
2020-04-01,2020,4,65+,Females,Participation rate,58.45
2020-05-01,2020,5,55-64,Persons,Employed total,1869.55
2020-05-01,2020,5,55-64,Males,Employed total,987.32
2020-05-01,2020,5,55-64,Females,Employed total,882.23
2020-05-01,2020,5,55-64,Persons,Employment to population ratio,62.3
2020-05-01,2020,5,55-64,Males,Employment to population ratio,67.53
2020-05-01,2020,5,55-64,Females,Employment to population ratio,57.32
2020-05-01,2020,5,55-64,Persons,Unemployed total,94.81
2020-05-01,2020,5,55-64,Males,Unemployed total,58.66
2020-05-01,2020,5,55-64,Females,Unemployed total,36.15
2020-05-01,2020,5,55-64,Persons,Unemployment rate,4.83
2020-05-01,2020,5,55-64,Males,Unemployment rate,5.61
2020-05-01,2020,5,55-64,Females,Unemployment rate,3.94
2020-05-01,2020,5,55-64,Persons,Labour force total,1964.36
2020-05-01,2020,5,55-64,Males,Labour force total,1045.99
2020-05-01,2020,5,55-64,Females,Labour force total,918.38
2020-05-01,2020,5,55-64,Persons,Participation rate,65.45
2020-05-01,2020,5,55-64,Males,Participation rate,71.54
2020-05-01,2020,5,55-64,Females,Participation rate,59.67
2020-05-01,2020,5,65+,Persons,Employed total,537.98
2020-05-01,2020,5,65+,Males,Employed total,320.78
2020-05-01,2020,5,65+,Females,Employed total,217.2
2020-05-01,2020,5,65+,Persons,Employment to population ratio,12.88
2020-05-01,2020,5,65+,Males,Employment to population ratio,16.41
2020-05-01,2020,5,65+,Females,Employment to population ratio,9.78
2020-05-01,2020,5,65+,Persons,Unemployed total,13.6
2020-05-01,2020,5,65+,Males,Unemployed total,9.55
2020-05-01,2020,5,65+,Females,Unemployed total,4.06
2020-05-01,2020,5,65+,Persons,Unemployment rate,2.47
2020-05-01,2020,5,65+,Males,Unemployment rate,2.89
2020-05-01,2020,5,65+,Females,Unemployment rate,1.83
2020-05-01,2020,5,65+,Persons,Labour force total,551.59
2020-05-01,2020,5,65+,Males,Labour force total,330.33
2020-05-01,2020,5,65+,Females,Labour force total,221.26
2020-05-01,2020,5,65+,Persons,Participation rate,13.21
2020-05-01,2020,5,65+,Males,Participation rate,16.9
2020-05-01,2020,5,65+,Females,Participation rate,9.96
2020-05-01,2020,5,65+,Persons,Employed total,12126.68
2020-05-01,2020,5,65+,Males,Employed total,6438.59
2020-05-01,2020,5,65+,Females,Employed total,5688.09
2020-05-01,2020,5,65+,Persons,Employment to population ratio,58.24
2020-05-01,2020,5,65+,Males,Employment to population ratio,62.95
2020-05-01,2020,5,65+,Females,Employment to population ratio,53.7
2020-05-01,2020,5,65+,Persons,Unemployed total,893.99
2020-05-01,2020,5,65+,Males,Unemployed total,474.09
2020-05-01,2020,5,65+,Females,Unemployed total,419.89
2020-05-01,2020,5,65+,Persons,Unemployment rate,6.87
2020-05-01,2020,5,65+,Males,Unemployment rate,6.86
2020-05-01,2020,5,65+,Females,Unemployment rate,6.87
2020-05-01,2020,5,65+,Persons,Labour force total,13020.67
2020-05-01,2020,5,65+,Males,Labour force total,6912.68
2020-05-01,2020,5,65+,Females,Labour force total,6107.99
2020-05-01,2020,5,65+,Persons,Participation rate,62.53
2020-05-01,2020,5,65+,Males,Participation rate,67.58
2020-05-01,2020,5,65+,Females,Participation rate,57.66
2020-06-01,2020,6,55-64,Persons,Employed total,1886.37
2020-06-01,2020,6,55-64,Males,Employed total,1001.27
2020-06-01,2020,6,55-64,Females,Employed total,885.1
2020-06-01,2020,6,55-64,Persons,Employment to population ratio,62.8
2020-06-01,2020,6,55-64,Males,Employment to population ratio,68.42
2020-06-01,2020,6,55-64,Females,Employment to population ratio,57.46
2020-06-01,2020,6,55-64,Persons,Unemployed total,110.95
2020-06-01,2020,6,55-64,Males,Unemployed total,62.6
2020-06-01,2020,6,55-64,Females,Unemployed total,48.35
2020-06-01,2020,6,55-64,Persons,Unemployment rate,5.55
2020-06-01,2020,6,55-64,Males,Unemployment rate,5.88
2020-06-01,2020,6,55-64,Females,Unemployment rate,5.18
2020-06-01,2020,6,55-64,Persons,Labour force total,1997.32
2020-06-01,2020,6,55-64,Males,Labour force total,1063.87
2020-06-01,2020,6,55-64,Females,Labour force total,933.45
2020-06-01,2020,6,55-64,Persons,Participation rate,66.49
2020-06-01,2020,6,55-64,Males,Participation rate,72.7
2020-06-01,2020,6,55-64,Females,Participation rate,60.6
2020-06-01,2020,6,65+,Persons,Employed total,561.41
2020-06-01,2020,6,65+,Males,Employed total,333.69
2020-06-01,2020,6,65+,Females,Employed total,227.72
2020-06-01,2020,6,65+,Persons,Employment to population ratio,13.41
2020-06-01,2020,6,65+,Males,Employment to population ratio,17.03
2020-06-01,2020,6,65+,Females,Employment to population ratio,10.22
2020-06-01,2020,6,65+,Persons,Unemployed total,16.91
2020-06-01,2020,6,65+,Males,Unemployed total,11.06
2020-06-01,2020,6,65+,Females,Unemployed total,5.85
2020-06-01,2020,6,65+,Persons,Unemployment rate,2.92
2020-06-01,2020,6,65+,Males,Unemployment rate,3.21
2020-06-01,2020,6,65+,Females,Unemployment rate,2.5
2020-06-01,2020,6,65+,Persons,Labour force total,578.32
2020-06-01,2020,6,65+,Males,Labour force total,344.75
2020-06-01,2020,6,65+,Females,Labour force total,233.57
2020-06-01,2020,6,65+,Persons,Participation rate,13.81
2020-06-01,2020,6,65+,Males,Participation rate,17.6
2020-06-01,2020,6,65+,Females,Participation rate,10.49
2020-06-01,2020,6,65+,Persons,Employed total,12321.33
2020-06-01,2020,6,65+,Males,Employed total,6513.37
2020-06-01,2020,6,65+,Females,Employed total,5807.96
2020-06-01,2020,6,65+,Persons,Employment to population ratio,59.15
2020-06-01,2020,6,65+,Males,Employment to population ratio,63.66
2020-06-01,2020,6,65+,Females,Employment to population ratio,54.81
2020-06-01,2020,6,65+,Persons,Unemployed total,957.49
2020-06-01,2020,6,65+,Males,Unemployed total,504.69
2020-06-01,2020,6,65+,Females,Unemployed total,452.8
2020-06-01,2020,6,65+,Persons,Unemployment rate,7.21
2020-06-01,2020,6,65+,Males,Unemployment rate,7.19
2020-06-01,2020,6,65+,Females,Unemployment rate,7.23
2020-06-01,2020,6,65+,Persons,Labour force total,13278.82
2020-06-01,2020,6,65+,Males,Labour force total,7018.06
2020-06-01,2020,6,65+,Females,Labour force total,6260.76
2020-06-01,2020,6,65+,Persons,Participation rate,63.75
2020-06-01,2020,6,65+,Males,Participation rate,68.59
2020-06-01,2020,6,65+,Females,Participation rate,59.08
2020-07-01,2020,7,55-64,Persons,Employed total,1903.95
2020-07-01,2020,7,55-64,Males,Employed total,1019.4
2020-07-01,2020,7,55-64,Females,Employed total,884.55
2020-07-01,2020,7,55-64,Persons,Employment to population ratio,63.37
2020-07-01,2020,7,55-64,Males,Employment to population ratio,69.63
2020-07-01,2020,7,55-64,Females,Employment to population ratio,57.42
2020-07-01,2020,7,55-64,Persons,Unemployed total,114.94
2020-07-01,2020,7,55-64,Males,Unemployed total,66.26
2020-07-01,2020,7,55-64,Females,Unemployed total,48.68
2020-07-01,2020,7,55-64,Persons,Unemployment rate,5.69
2020-07-01,2020,7,55-64,Males,Unemployment rate,6.1
2020-07-01,2020,7,55-64,Females,Unemployment rate,5.22
2020-07-01,2020,7,55-64,Persons,Labour force total,2018.89
2020-07-01,2020,7,55-64,Males,Labour force total,1085.66
2020-07-01,2020,7,55-64,Females,Labour force total,933.23
2020-07-01,2020,7,55-64,Persons,Participation rate,67.19
2020-07-01,2020,7,55-64,Males,Participation rate,74.15
2020-07-01,2020,7,55-64,Females,Participation rate,60.58
2020-07-01,2020,7,65+,Persons,Employed total,564.03
2020-07-01,2020,7,65+,Males,Employed total,343.08
2020-07-01,2020,7,65+,Females,Employed total,220.95
2020-07-01,2020,7,65+,Persons,Employment to population ratio,13.44
2020-07-01,2020,7,65+,Males,Employment to population ratio,17.47
2020-07-01,2020,7,65+,Females,Employment to population ratio,9.89
2020-07-01,2020,7,65+,Persons,Unemployed total,17.76
2020-07-01,2020,7,65+,Males,Unemployed total,10.82
2020-07-01,2020,7,65+,Females,Unemployed total,6.94
2020-07-01,2020,7,65+,Persons,Unemployment rate,3.05
2020-07-01,2020,7,65+,Males,Unemployment rate,3.06
2020-07-01,2020,7,65+,Females,Unemployment rate,3.04
2020-07-01,2020,7,65+,Persons,Labour force total,581.78
2020-07-01,2020,7,65+,Males,Labour force total,353.9
2020-07-01,2020,7,65+,Females,Labour force total,227.89
2020-07-01,2020,7,65+,Persons,Participation rate,13.86
2020-07-01,2020,7,65+,Males,Participation rate,18.02
2020-07-01,2020,7,65+,Females,Participation rate,10.2
2020-07-01,2020,7,65+,Persons,Employed total,12413.18
2020-07-01,2020,7,65+,Males,Employed total,6562.02
2020-07-01,2020,7,65+,Females,Employed total,5851.16
2020-07-01,2020,7,65+,Persons,Employment to population ratio,59.6
2020-07-01,2020,7,65+,Males,Employment to population ratio,64.14
2020-07-01,2020,7,65+,Females,Employment to population ratio,55.22
2020-07-01,2020,7,65+,Persons,Unemployed total,982.26
2020-07-01,2020,7,65+,Males,Unemployed total,521.66
2020-07-01,2020,7,65+,Females,Unemployed total,460.61
2020-07-01,2020,7,65+,Persons,Unemployment rate,7.33
2020-07-01,2020,7,65+,Males,Unemployment rate,7.36
2020-07-01,2020,7,65+,Females,Unemployment rate,7.3
2020-07-01,2020,7,65+,Persons,Labour force total,13395.44
2020-07-01,2020,7,65+,Males,Labour force total,7083.68
2020-07-01,2020,7,65+,Females,Labour force total,6311.76
2020-07-01,2020,7,65+,Persons,Participation rate,64.32
2020-07-01,2020,7,65+,Males,Participation rate,69.24
2020-07-01,2020,7,65+,Females,Participation rate,59.57
2020-08-01,2020,8,55-64,Persons,Employed total,1903.44
2020-08-01,2020,8,55-64,Males,Employed total,1010.6
2020-08-01,2020,8,55-64,Females,Employed total,892.84
2020-08-01,2020,8,55-64,Persons,Employment to population ratio,63.33
2020-08-01,2020,8,55-64,Males,Employment to population ratio,68.99
2020-08-01,2020,8,55-64,Females,Employment to population ratio,57.94
2020-08-01,2020,8,55-64,Persons,Unemployed total,117.36
2020-08-01,2020,8,55-64,Males,Unemployed total,67.82
2020-08-01,2020,8,55-64,Females,Unemployed total,49.55
2020-08-01,2020,8,55-64,Persons,Unemployment rate,5.81
2020-08-01,2020,8,55-64,Males,Unemployment rate,6.29
2020-08-01,2020,8,55-64,Females,Unemployment rate,5.26
2020-08-01,2020,8,55-64,Persons,Labour force total,2020.8
2020-08-01,2020,8,55-64,Males,Labour force total,1078.41
2020-08-01,2020,8,55-64,Females,Labour force total,942.39
2020-08-01,2020,8,55-64,Persons,Participation rate,67.23
2020-08-01,2020,8,55-64,Males,Participation rate,73.62
2020-08-01,2020,8,55-64,Females,Participation rate,61.16
2020-08-01,2020,8,65+,Persons,Employed total,584.05
2020-08-01,2020,8,65+,Males,Employed total,355.18
2020-08-01,2020,8,65+,Females,Employed total,228.87
2020-08-01,2020,8,65+,Persons,Employment to population ratio,13.88
2020-08-01,2020,8,65+,Males,Employment to population ratio,18.04
2020-08-01,2020,8,65+,Females,Employment to population ratio,10.22
2020-08-01,2020,8,65+,Persons,Unemployed total,14.87
2020-08-01,2020,8,65+,Males,Unemployed total,9.11
2020-08-01,2020,8,65+,Females,Unemployed total,5.76
2020-08-01,2020,8,65+,Persons,Unemployment rate,2.48
2020-08-01,2020,8,65+,Males,Unemployment rate,2.5
2020-08-01,2020,8,65+,Females,Unemployment rate,2.46
2020-08-01,2020,8,65+,Persons,Labour force total,598.92
2020-08-01,2020,8,65+,Males,Labour force total,364.28
2020-08-01,2020,8,65+,Females,Labour force total,234.63
2020-08-01,2020,8,65+,Persons,Participation rate,14.23
2020-08-01,2020,8,65+,Males,Participation rate,18.5
2020-08-01,2020,8,65+,Females,Participation rate,10.48
2020-08-01,2020,8,65+,Persons,Employed total,12499.68
2020-08-01,2020,8,65+,Males,Employed total,6579.39
2020-08-01,2020,8,65+,Females,Employed total,5920.29
2020-08-01,2020,8,65+,Persons,Employment to population ratio,60.03
2020-08-01,2020,8,65+,Males,Employment to population ratio,64.32
2020-08-01,2020,8,65+,Females,Employment to population ratio,55.88
2020-08-01,2020,8,65+,Persons,Unemployed total,914.65
2020-08-01,2020,8,65+,Males,Unemployed total,495.35
2020-08-01,2020,8,65+,Females,Unemployed total,419.3
2020-08-01,2020,8,65+,Persons,Unemployment rate,6.82
2020-08-01,2020,8,65+,Males,Unemployment rate,7.0
2020-08-01,2020,8,65+,Females,Unemployment rate,6.61
2020-08-01,2020,8,65+,Persons,Labour force total,13414.33
2020-08-01,2020,8,65+,Males,Labour force total,7074.74
2020-08-01,2020,8,65+,Females,Labour force total,6339.59
2020-08-01,2020,8,65+,Persons,Participation rate,64.42
2020-08-01,2020,8,65+,Males,Participation rate,69.16
2020-08-01,2020,8,65+,Females,Participation rate,59.84
2020-09-01,2020,9,55-64,Persons,Employed total,1904.87
2020-09-01,2020,9,55-64,Males,Employed total,1018.02
2020-09-01,2020,9,55-64,Females,Employed total,886.85
2020-09-01,2020,9,55-64,Persons,Employment to population ratio,63.35
2020-09-01,2020,9,55-64,Males,Employment to population ratio,69.47
2020-09-01,2020,9,55-64,Females,Employment to population ratio,57.54
2020-09-01,2020,9,55-64,Persons,Unemployed total,108.45
2020-09-01,2020,9,55-64,Males,Unemployed total,58.73
2020-09-01,2020,9,55-64,Females,Unemployed total,49.72
2020-09-01,2020,9,55-64,Persons,Unemployment rate,5.39
2020-09-01,2020,9,55-64,Males,Unemployment rate,5.45
2020-09-01,2020,9,55-64,Females,Unemployment rate,5.31
2020-09-01,2020,9,55-64,Persons,Labour force total,2013.32
2020-09-01,2020,9,55-64,Males,Labour force total,1076.75
2020-09-01,2020,9,55-64,Females,Labour force total,936.56
2020-09-01,2020,9,55-64,Persons,Participation rate,66.96
2020-09-01,2020,9,55-64,Males,Participation rate,73.48
2020-09-01,2020,9,55-64,Females,Participation rate,60.77
2020-09-01,2020,9,65+,Persons,Employed total,585.02
2020-09-01,2020,9,65+,Males,Employed total,351.6
2020-09-01,2020,9,65+,Females,Employed total,233.42
2020-09-01,2020,9,65+,Persons,Employment to population ratio,13.87
2020-09-01,2020,9,65+,Males,Employment to population ratio,17.81
2020-09-01,2020,9,65+,Females,Employment to population ratio,10.4
2020-09-01,2020,9,65+,Persons,Unemployed total,14.67
2020-09-01,2020,9,65+,Males,Unemployed total,9.06
2020-09-01,2020,9,65+,Females,Unemployed total,5.61
2020-09-01,2020,9,65+,Persons,Unemployment rate,2.45
2020-09-01,2020,9,65+,Males,Unemployment rate,2.51
2020-09-01,2020,9,65+,Females,Unemployment rate,2.35
2020-09-01,2020,9,65+,Persons,Labour force total,599.69
2020-09-01,2020,9,65+,Males,Labour force total,360.66
2020-09-01,2020,9,65+,Females,Labour force total,239.03
2020-09-01,2020,9,65+,Persons,Participation rate,14.22
2020-09-01,2020,9,65+,Males,Participation rate,18.27
2020-09-01,2020,9,65+,Females,Participation rate,10.65
2020-09-01,2020,9,65+,Persons,Employed total,12497.68
2020-09-01,2020,9,65+,Males,Employed total,6574.0
2020-09-01,2020,9,65+,Females,Employed total,5923.68
2020-09-01,2020,9,65+,Persons,Employment to population ratio,60.03
2020-09-01,2020,9,65+,Males,Employment to population ratio,64.28
2020-09-01,2020,9,65+,Females,Employment to population ratio,55.92
2020-09-01,2020,9,65+,Persons,Unemployed total,900.83
2020-09-01,2020,9,65+,Males,Unemployed total,500.52
2020-09-01,2020,9,65+,Females,Unemployed total,400.32
2020-09-01,2020,9,65+,Persons,Unemployment rate,6.72
2020-09-01,2020,9,65+,Males,Unemployment rate,7.07
2020-09-01,2020,9,65+,Females,Unemployment rate,6.33
2020-09-01,2020,9,65+,Persons,Labour force total,13398.52
2020-09-01,2020,9,65+,Males,Labour force total,7074.52
2020-09-01,2020,9,65+,Females,Labour force total,6324.0
2020-09-01,2020,9,65+,Persons,Participation rate,64.35
2020-09-01,2020,9,65+,Males,Participation rate,69.17
2020-09-01,2020,9,65+,Females,Participation rate,59.7
2020-10-01,2020,10,55-64,Persons,Employed total,1928.39
2020-10-01,2020,10,55-64,Males,Employed total,1029.82
2020-10-01,2020,10,55-64,Females,Employed total,898.57
2020-10-01,2020,10,55-64,Persons,Employment to population ratio,64.12
2020-10-01,2020,10,55-64,Males,Employment to population ratio,70.24
2020-10-01,2020,10,55-64,Females,Employment to population ratio,58.3
2020-10-01,2020,10,55-64,Persons,Unemployed total,110.15
2020-10-01,2020,10,55-64,Males,Unemployed total,59.96
2020-10-01,2020,10,55-64,Females,Unemployed total,50.19
2020-10-01,2020,10,55-64,Persons,Unemployment rate,5.4
2020-10-01,2020,10,55-64,Males,Unemployment rate,5.5
2020-10-01,2020,10,55-64,Females,Unemployment rate,5.29
2020-10-01,2020,10,55-64,Persons,Labour force total,2038.54
2020-10-01,2020,10,55-64,Males,Labour force total,1089.77
2020-10-01,2020,10,55-64,Females,Labour force total,948.76
2020-10-01,2020,10,55-64,Persons,Participation rate,67.78
2020-10-01,2020,10,55-64,Males,Participation rate,74.33
2020-10-01,2020,10,55-64,Females,Participation rate,61.56
2020-10-01,2020,10,65+,Persons,Employed total,592.0
2020-10-01,2020,10,65+,Males,Employed total,353.4
2020-10-01,2020,10,65+,Females,Employed total,238.6
2020-10-01,2020,10,65+,Persons,Employment to population ratio,14.0
2020-10-01,2020,10,65+,Males,Employment to population ratio,17.86
2020-10-01,2020,10,65+,Females,Employment to population ratio,10.6
2020-10-01,2020,10,65+,Persons,Unemployed total,17.78
2020-10-01,2020,10,65+,Males,Unemployed total,9.85
2020-10-01,2020,10,65+,Females,Unemployed total,7.94
2020-10-01,2020,10,65+,Persons,Unemployment rate,2.92
2020-10-01,2020,10,65+,Males,Unemployment rate,2.71
2020-10-01,2020,10,65+,Females,Unemployment rate,3.22
2020-10-01,2020,10,65+,Persons,Labour force total,609.78
2020-10-01,2020,10,65+,Males,Labour force total,363.24
2020-10-01,2020,10,65+,Females,Labour force total,246.54
2020-10-01,2020,10,65+,Persons,Participation rate,14.42
2020-10-01,2020,10,65+,Males,Participation rate,18.35
2020-10-01,2020,10,65+,Females,Participation rate,10.96
2020-10-01,2020,10,65+,Persons,Employed total,12651.08
2020-10-01,2020,10,65+,Males,Employed total,6679.14
2020-10-01,2020,10,65+,Females,Employed total,5971.94
2020-10-01,2020,10,65+,Persons,Employment to population ratio,60.76
2020-10-01,2020,10,65+,Males,Employment to population ratio,65.3
2020-10-01,2020,10,65+,Females,Employment to population ratio,56.37
2020-10-01,2020,10,65+,Persons,Unemployed total,902.54
2020-10-01,2020,10,65+,Males,Unemployed total,474.13
2020-10-01,2020,10,65+,Females,Unemployed total,428.41
2020-10-01,2020,10,65+,Persons,Unemployment rate,6.66
2020-10-01,2020,10,65+,Males,Unemployment rate,6.63
2020-10-01,2020,10,65+,Females,Unemployment rate,6.69
2020-10-01,2020,10,65+,Persons,Labour force total,13553.62
2020-10-01,2020,10,65+,Males,Labour force total,7153.27
2020-10-01,2020,10,65+,Females,Labour force total,6400.34
2020-10-01,2020,10,65+,Persons,Participation rate,65.1
2020-10-01,2020,10,65+,Males,Participation rate,69.94
2020-10-01,2020,10,65+,Females,Participation rate,60.42
2020-11-01,2020,11,55-64,Persons,Employed total,1945.54
2020-11-01,2020,11,55-64,Males,Employed total,1027.16
2020-11-01,2020,11,55-64,Females,Employed total,918.39
2020-11-01,2020,11,55-64,Persons,Employment to population ratio,64.68
2020-11-01,2020,11,55-64,Males,Employment to population ratio,70.03
2020-11-01,2020,11,55-64,Females,Employment to population ratio,59.58
2020-11-01,2020,11,55-64,Persons,Unemployed total,110.77
2020-11-01,2020,11,55-64,Males,Unemployed total,57.74
2020-11-01,2020,11,55-64,Females,Unemployed total,53.03
2020-11-01,2020,11,55-64,Persons,Unemployment rate,5.39
2020-11-01,2020,11,55-64,Males,Unemployment rate,5.32
2020-11-01,2020,11,55-64,Females,Unemployment rate,5.46
2020-11-01,2020,11,55-64,Persons,Labour force total,2056.32
2020-11-01,2020,11,55-64,Males,Labour force total,1084.9
2020-11-01,2020,11,55-64,Females,Labour force total,971.42
2020-11-01,2020,11,55-64,Persons,Participation rate,68.36
2020-11-01,2020,11,55-64,Males,Participation rate,73.96
2020-11-01,2020,11,55-64,Females,Participation rate,63.02
2020-11-01,2020,11,65+,Persons,Employed total,616.39
2020-11-01,2020,11,65+,Males,Employed total,369.57
2020-11-01,2020,11,65+,Females,Employed total,246.83
2020-11-01,2020,11,65+,Persons,Employment to population ratio,14.54
2020-11-01,2020,11,65+,Males,Employment to population ratio,18.62
2020-11-01,2020,11,65+,Females,Employment to population ratio,10.94
2020-11-01,2020,11,65+,Persons,Unemployed total,14.52
2020-11-01,2020,11,65+,Males,Unemployed total,9.2
2020-11-01,2020,11,65+,Females,Unemployed total,5.31
2020-11-01,2020,11,65+,Persons,Unemployment rate,2.3
2020-11-01,2020,11,65+,Males,Unemployment rate,2.43
2020-11-01,2020,11,65+,Females,Unemployment rate,2.11
2020-11-01,2020,11,65+,Persons,Labour force total,630.91
2020-11-01,2020,11,65+,Males,Labour force total,378.77
2020-11-01,2020,11,65+,Females,Labour force total,252.14
2020-11-01,2020,11,65+,Persons,Participation rate,14.88
2020-11-01,2020,11,65+,Males,Participation rate,19.09
2020-11-01,2020,11,65+,Females,Participation rate,11.18
2020-11-01,2020,11,65+,Persons,Employed total,12802.89
2020-11-01,2020,11,65+,Males,Employed total,6753.18
2020-11-01,2020,11,65+,Females,Employed total,6049.71
2020-11-01,2020,11,65+,Persons,Employment to population ratio,61.48
2020-11-01,2020,11,65+,Males,Employment to population ratio,66.02
2020-11-01,2020,11,65+,Females,Employment to population ratio,57.1
2020-11-01,2020,11,65+,Persons,Unemployed total,865.69
2020-11-01,2020,11,65+,Males,Unemployed total,440.9
2020-11-01,2020,11,65+,Females,Unemployed total,424.79
2020-11-01,2020,11,65+,Persons,Unemployment rate,6.33
2020-11-01,2020,11,65+,Males,Unemployment rate,6.13
2020-11-01,2020,11,65+,Females,Unemployment rate,6.56
2020-11-01,2020,11,65+,Persons,Labour force total,13668.58
2020-11-01,2020,11,65+,Males,Labour force total,7194.08
2020-11-01,2020,11,65+,Females,Labour force total,6474.5
2020-11-01,2020,11,65+,Persons,Participation rate,65.64
2020-11-01,2020,11,65+,Males,Participation rate,70.33
2020-11-01,2020,11,65+,Females,Participation rate,61.11
2020-12-01,2020,12,55-64,Persons,Employed total,1935.14
2020-12-01,2020,12,55-64,Males,Employed total,1028.33
2020-12-01,2020,12,55-64,Females,Employed total,906.81
2020-12-01,2020,12,55-64,Persons,Employment to population ratio,64.31
2020-12-01,2020,12,55-64,Males,Employment to population ratio,70.07
2020-12-01,2020,12,55-64,Females,Employment to population ratio,58.83
2020-12-01,2020,12,55-64,Persons,Unemployed total,109.93
2020-12-01,2020,12,55-64,Males,Unemployed total,61.42
2020-12-01,2020,12,55-64,Females,Unemployed total,48.5
2020-12-01,2020,12,55-64,Persons,Unemployment rate,5.38
2020-12-01,2020,12,55-64,Males,Unemployment rate,5.64
2020-12-01,2020,12,55-64,Females,Unemployment rate,5.08
2020-12-01,2020,12,55-64,Persons,Labour force total,2045.07
2020-12-01,2020,12,55-64,Males,Labour force total,1089.75
2020-12-01,2020,12,55-64,Females,Labour force total,955.31
2020-12-01,2020,12,55-64,Persons,Participation rate,67.97
2020-12-01,2020,12,55-64,Males,Participation rate,74.26
2020-12-01,2020,12,55-64,Females,Participation rate,61.98
2020-12-01,2020,12,65+,Persons,Employed total,625.95
2020-12-01,2020,12,65+,Males,Employed total,376.87
2020-12-01,2020,12,65+,Females,Employed total,249.07
2020-12-01,2020,12,65+,Persons,Employment to population ratio,14.72
2020-12-01,2020,12,65+,Males,Employment to population ratio,18.94
2020-12-01,2020,12,65+,Females,Employment to population ratio,11.01
2020-12-01,2020,12,65+,Persons,Unemployed total,16.11
2020-12-01,2020,12,65+,Males,Unemployed total,10.08
2020-12-01,2020,12,65+,Females,Unemployed total,6.03
2020-12-01,2020,12,65+,Persons,Unemployment rate,2.51
2020-12-01,2020,12,65+,Males,Unemployment rate,2.61
2020-12-01,2020,12,65+,Females,Unemployment rate,2.36
2020-12-01,2020,12,65+,Persons,Labour force total,642.05
2020-12-01,2020,12,65+,Males,Labour force total,386.95
2020-12-01,2020,12,65+,Females,Labour force total,255.1
2020-12-01,2020,12,65+,Persons,Participation rate,15.1
2020-12-01,2020,12,65+,Males,Participation rate,19.45
2020-12-01,2020,12,65+,Females,Participation rate,11.28
2020-12-01,2020,12,65+,Persons,Employed total,12908.77
2020-12-01,2020,12,65+,Males,Employed total,6786.09
2020-12-01,2020,12,65+,Females,Employed total,6122.68
2020-12-01,2020,12,65+,Persons,Employment to population ratio,61.99
2020-12-01,2020,12,65+,Males,Employment to population ratio,66.34
2020-12-01,2020,12,65+,Females,Employment to population ratio,57.79
2020-12-01,2020,12,65+,Persons,Unemployed total,859.81
2020-12-01,2020,12,65+,Males,Unemployed total,465.42
2020-12-01,2020,12,65+,Females,Unemployed total,394.4
2020-12-01,2020,12,65+,Persons,Unemployment rate,6.24
2020-12-01,2020,12,65+,Males,Unemployment rate,6.42
2020-12-01,2020,12,65+,Females,Unemployment rate,6.05
2020-12-01,2020,12,65+,Persons,Labour force total,13768.58
2020-12-01,2020,12,65+,Males,Labour force total,7251.5
2020-12-01,2020,12,65+,Females,Labour force total,6517.08
2020-12-01,2020,12,65+,Persons,Participation rate,66.12
2020-12-01,2020,12,65+,Males,Participation rate,70.89
2020-12-01,2020,12,65+,Females,Participation rate,61.51
2021-01-01,2021,1,55-64,Persons,Employed total,1891.05
2021-01-01,2021,1,55-64,Males,Employed total,1006.73
2021-01-01,2021,1,55-64,Females,Employed total,884.32
2021-01-01,2021,1,55-64,Persons,Employment to population ratio,62.84
2021-01-01,2021,1,55-64,Males,Employment to population ratio,68.58
2021-01-01,2021,1,55-64,Females,Employment to population ratio,57.38
2021-01-01,2021,1,55-64,Persons,Unemployed total,110.48
2021-01-01,2021,1,55-64,Males,Unemployed total,63.44
2021-01-01,2021,1,55-64,Females,Unemployed total,47.04
2021-01-01,2021,1,55-64,Persons,Unemployment rate,5.52
2021-01-01,2021,1,55-64,Males,Unemployment rate,5.93
2021-01-01,2021,1,55-64,Females,Unemployment rate,5.05
2021-01-01,2021,1,55-64,Persons,Labour force total,2001.53
2021-01-01,2021,1,55-64,Males,Labour force total,1070.17
2021-01-01,2021,1,55-64,Females,Labour force total,931.36
2021-01-01,2021,1,55-64,Persons,Participation rate,66.51
2021-01-01,2021,1,55-64,Males,Participation rate,72.9
2021-01-01,2021,1,55-64,Females,Participation rate,60.43
2021-01-01,2021,1,65+,Persons,Employed total,603.61
2021-01-01,2021,1,65+,Males,Employed total,368.15
2021-01-01,2021,1,65+,Females,Employed total,235.46
2021-01-01,2021,1,65+,Persons,Employment to population ratio,14.16
2021-01-01,2021,1,65+,Males,Employment to population ratio,18.46
2021-01-01,2021,1,65+,Females,Employment to population ratio,10.38
2021-01-01,2021,1,65+,Persons,Unemployed total,20.93
2021-01-01,2021,1,65+,Males,Unemployed total,12.31
2021-01-01,2021,1,65+,Females,Unemployed total,8.62
2021-01-01,2021,1,65+,Persons,Unemployment rate,3.35
2021-01-01,2021,1,65+,Males,Unemployment rate,3.24
2021-01-01,2021,1,65+,Females,Unemployment rate,3.53
2021-01-01,2021,1,65+,Persons,Labour force total,624.54
2021-01-01,2021,1,65+,Males,Labour force total,380.46
2021-01-01,2021,1,65+,Females,Labour force total,244.08
2021-01-01,2021,1,65+,Persons,Participation rate,14.65
2021-01-01,2021,1,65+,Males,Participation rate,19.07
2021-01-01,2021,1,65+,Females,Participation rate,10.76
2021-01-01,2021,1,65+,Persons,Employed total,12647.57
2021-01-01,2021,1,65+,Males,Employed total,6690.04
2021-01-01,2021,1,65+,Females,Employed total,5957.53
2021-01-01,2021,1,65+,Persons,Employment to population ratio,60.72
2021-01-01,2021,1,65+,Males,Employment to population ratio,65.38
2021-01-01,2021,1,65+,Females,Employment to population ratio,56.21
2021-01-01,2021,1,65+,Persons,Unemployed total,923.51
2021-01-01,2021,1,65+,Males,Unemployed total,494.79
2021-01-01,2021,1,65+,Females,Unemployed total,428.72
2021-01-01,2021,1,65+,Persons,Unemployment rate,6.8
2021-01-01,2021,1,65+,Males,Unemployment rate,6.89
2021-01-01,2021,1,65+,Females,Unemployment rate,6.71
2021-01-01,2021,1,65+,Persons,Labour force total,13571.08
2021-01-01,2021,1,65+,Males,Labour force total,7184.83
2021-01-01,2021,1,65+,Females,Labour force total,6386.25
2021-01-01,2021,1,65+,Persons,Participation rate,65.15
2021-01-01,2021,1,65+,Males,Participation rate,70.21
2021-01-01,2021,1,65+,Females,Participation rate,60.26
2021-02-01,2021,2,55-64,Persons,Employed total,1939.57
2021-02-01,2021,2,55-64,Males,Employed total,1028.64
2021-02-01,2021,2,55-64,Females,Employed total,910.94
2021-02-01,2021,2,55-64,Persons,Employment to population ratio,64.45
2021-02-01,2021,2,55-64,Males,Employment to population ratio,70.05
2021-02-01,2021,2,55-64,Females,Employment to population ratio,59.12
2021-02-01,2021,2,55-64,Persons,Unemployed total,110.08
2021-02-01,2021,2,55-64,Males,Unemployed total,60.45
2021-02-01,2021,2,55-64,Females,Unemployed total,49.63
2021-02-01,2021,2,55-64,Persons,Unemployment rate,5.37
2021-02-01,2021,2,55-64,Males,Unemployment rate,5.55
2021-02-01,2021,2,55-64,Females,Unemployment rate,5.17
2021-02-01,2021,2,55-64,Persons,Labour force total,2049.66
2021-02-01,2021,2,55-64,Males,Labour force total,1089.08
2021-02-01,2021,2,55-64,Females,Labour force total,960.57
2021-02-01,2021,2,55-64,Persons,Participation rate,68.11
2021-02-01,2021,2,55-64,Males,Participation rate,74.16
2021-02-01,2021,2,55-64,Females,Participation rate,62.34
2021-02-01,2021,2,65+,Persons,Employed total,647.85
2021-02-01,2021,2,65+,Males,Employed total,395.84
2021-02-01,2021,2,65+,Females,Employed total,252.01
2021-02-01,2021,2,65+,Persons,Employment to population ratio,15.16
2021-02-01,2021,2,65+,Males,Employment to population ratio,19.8
2021-02-01,2021,2,65+,Females,Employment to population ratio,11.08
2021-02-01,2021,2,65+,Persons,Unemployed total,14.12
2021-02-01,2021,2,65+,Males,Unemployed total,8.48
2021-02-01,2021,2,65+,Females,Unemployed total,5.64
2021-02-01,2021,2,65+,Persons,Unemployment rate,2.13
2021-02-01,2021,2,65+,Males,Unemployment rate,2.1
2021-02-01,2021,2,65+,Females,Unemployment rate,2.19
2021-02-01,2021,2,65+,Persons,Labour force total,661.97
2021-02-01,2021,2,65+,Males,Labour force total,404.32
2021-02-01,2021,2,65+,Females,Labour force total,257.64
2021-02-01,2021,2,65+,Persons,Participation rate,15.49
2021-02-01,2021,2,65+,Males,Participation rate,20.22
2021-02-01,2021,2,65+,Females,Participation rate,11.33
2021-02-01,2021,2,65+,Persons,Employed total,12949.56
2021-02-01,2021,2,65+,Males,Employed total,6812.68
2021-02-01,2021,2,65+,Females,Employed total,6136.88
2021-02-01,2021,2,65+,Persons,Employment to population ratio,62.15
2021-02-01,2021,2,65+,Males,Employment to population ratio,66.55
2021-02-01,2021,2,65+,Females,Employment to population ratio,57.89
2021-02-01,2021,2,65+,Persons,Unemployed total,870.81
2021-02-01,2021,2,65+,Males,Unemployed total,467.82
2021-02-01,2021,2,65+,Females,Unemployed total,402.99
2021-02-01,2021,2,65+,Persons,Unemployment rate,6.3
2021-02-01,2021,2,65+,Males,Unemployment rate,6.43
2021-02-01,2021,2,65+,Females,Unemployment rate,6.16
2021-02-01,2021,2,65+,Persons,Labour force total,13820.36
2021-02-01,2021,2,65+,Males,Labour force total,7280.5
2021-02-01,2021,2,65+,Females,Labour force total,6539.87
2021-02-01,2021,2,65+,Persons,Participation rate,66.33
2021-02-01,2021,2,65+,Males,Participation rate,71.12
2021-02-01,2021,2,65+,Females,Participation rate,61.69
2021-03-01,2021,3,55-64,Persons,Employed total,1946.95
2021-03-01,2021,3,55-64,Males,Employed total,1031.7
2021-03-01,2021,3,55-64,Females,Employed total,915.25
2021-03-01,2021,3,55-64,Persons,Employment to population ratio,64.69
2021-03-01,2021,3,55-64,Males,Employment to population ratio,70.23
2021-03-01,2021,3,55-64,Females,Employment to population ratio,59.41
2021-03-01,2021,3,55-64,Persons,Unemployed total,105.15
2021-03-01,2021,3,55-64,Males,Unemployed total,50.82
2021-03-01,2021,3,55-64,Females,Unemployed total,54.33
2021-03-01,2021,3,55-64,Persons,Unemployment rate,5.12
2021-03-01,2021,3,55-64,Males,Unemployment rate,4.69
2021-03-01,2021,3,55-64,Females,Unemployment rate,5.6
2021-03-01,2021,3,55-64,Persons,Labour force total,2052.1
2021-03-01,2021,3,55-64,Males,Labour force total,1082.52
2021-03-01,2021,3,55-64,Females,Labour force total,969.58
2021-03-01,2021,3,55-64,Persons,Participation rate,68.18
2021-03-01,2021,3,55-64,Males,Participation rate,73.69
2021-03-01,2021,3,55-64,Females,Participation rate,62.93
2021-03-01,2021,3,65+,Persons,Employed total,641.72
2021-03-01,2021,3,65+,Males,Employed total,389.48
2021-03-01,2021,3,65+,Females,Employed total,252.24
2021-03-01,2021,3,65+,Persons,Employment to population ratio,14.98
2021-03-01,2021,3,65+,Males,Employment to population ratio,19.43
2021-03-01,2021,3,65+,Females,Employment to population ratio,11.07
2021-03-01,2021,3,65+,Persons,Unemployed total,14.87
2021-03-01,2021,3,65+,Males,Unemployed total,7.28
2021-03-01,2021,3,65+,Females,Unemployed total,7.59
2021-03-01,2021,3,65+,Persons,Unemployment rate,2.26
2021-03-01,2021,3,65+,Males,Unemployment rate,1.83
2021-03-01,2021,3,65+,Females,Unemployment rate,2.92
2021-03-01,2021,3,65+,Persons,Labour force total,656.59
2021-03-01,2021,3,65+,Males,Labour force total,396.76
2021-03-01,2021,3,65+,Females,Labour force total,259.83
2021-03-01,2021,3,65+,Persons,Participation rate,15.33
2021-03-01,2021,3,65+,Males,Participation rate,19.79
2021-03-01,2021,3,65+,Females,Participation rate,11.4
2021-03-01,2021,3,65+,Persons,Employed total,12970.55
2021-03-01,2021,3,65+,Males,Employed total,6805.9
2021-03-01,2021,3,65+,Females,Employed total,6164.65
2021-03-01,2021,3,65+,Persons,Employment to population ratio,62.23
2021-03-01,2021,3,65+,Males,Employment to population ratio,66.46
2021-03-01,2021,3,65+,Females,Employment to population ratio,58.14
2021-03-01,2021,3,65+,Persons,Unemployed total,828.47
2021-03-01,2021,3,65+,Males,Unemployed total,446.85
2021-03-01,2021,3,65+,Females,Unemployed total,381.62
2021-03-01,2021,3,65+,Persons,Unemployment rate,6.0
2021-03-01,2021,3,65+,Males,Unemployment rate,6.16
2021-03-01,2021,3,65+,Females,Unemployment rate,5.83
2021-03-01,2021,3,65+,Persons,Labour force total,13799.02
2021-03-01,2021,3,65+,Males,Labour force total,7252.75
2021-03-01,2021,3,65+,Females,Labour force total,6546.27
2021-03-01,2021,3,65+,Persons,Participation rate,66.2
2021-03-01,2021,3,65+,Males,Participation rate,70.83
2021-03-01,2021,3,65+,Females,Participation rate,61.74
2021-04-01,2021,4,55-64,Persons,Employed total,1944.17
2021-04-01,2021,4,55-64,Males,Employed total,1029.8
2021-04-01,2021,4,55-64,Females,Employed total,914.37
2021-04-01,2021,4,55-64,Persons,Employment to population ratio,64.57
2021-04-01,2021,4,55-64,Males,Employment to population ratio,70.06
2021-04-01,2021,4,55-64,Females,Employment to population ratio,59.34
2021-04-01,2021,4,55-64,Persons,Unemployed total,95.14
2021-04-01,2021,4,55-64,Males,Unemployed total,50.42
2021-04-01,2021,4,55-64,Females,Unemployed total,44.72
2021-04-01,2021,4,55-64,Persons,Unemployment rate,4.67
2021-04-01,2021,4,55-64,Males,Unemployment rate,4.67
2021-04-01,2021,4,55-64,Females,Unemployment rate,4.66
2021-04-01,2021,4,55-64,Persons,Labour force total,2039.31
2021-04-01,2021,4,55-64,Males,Labour force total,1080.22
2021-04-01,2021,4,55-64,Females,Labour force total,959.09
2021-04-01,2021,4,55-64,Persons,Participation rate,67.73
2021-04-01,2021,4,55-64,Males,Participation rate,73.49
2021-04-01,2021,4,55-64,Females,Participation rate,62.24
2021-04-01,2021,4,65+,Persons,Employed total,615.97
2021-04-01,2021,4,65+,Males,Employed total,372.44
2021-04-01,2021,4,65+,Females,Employed total,243.54
2021-04-01,2021,4,65+,Persons,Employment to population ratio,14.35
2021-04-01,2021,4,65+,Males,Employment to population ratio,18.54
2021-04-01,2021,4,65+,Females,Employment to population ratio,10.66
2021-04-01,2021,4,65+,Persons,Unemployed total,18.38
2021-04-01,2021,4,65+,Males,Unemployed total,9.37
2021-04-01,2021,4,65+,Females,Unemployed total,9.01
2021-04-01,2021,4,65+,Persons,Unemployment rate,2.9
2021-04-01,2021,4,65+,Males,Unemployment rate,2.45
2021-04-01,2021,4,65+,Females,Unemployment rate,3.57
2021-04-01,2021,4,65+,Persons,Labour force total,634.35
2021-04-01,2021,4,65+,Males,Labour force total,381.8
2021-04-01,2021,4,65+,Females,Labour force total,252.55
2021-04-01,2021,4,65+,Persons,Participation rate,14.77
2021-04-01,2021,4,65+,Males,Participation rate,19.0
2021-04-01,2021,4,65+,Females,Participation rate,11.06
2021-04-01,2021,4,65+,Persons,Employed total,12947.47
2021-04-01,2021,4,65+,Males,Employed total,6813.74
2021-04-01,2021,4,65+,Females,Employed total,6133.73
2021-04-01,2021,4,65+,Persons,Employment to population ratio,62.09
2021-04-01,2021,4,65+,Males,Employment to population ratio,66.5
2021-04-01,2021,4,65+,Females,Employment to population ratio,57.82
2021-04-01,2021,4,65+,Persons,Unemployed total,762.2
2021-04-01,2021,4,65+,Males,Unemployed total,410.06
2021-04-01,2021,4,65+,Females,Unemployed total,352.14
2021-04-01,2021,4,65+,Persons,Unemployment rate,5.56
2021-04-01,2021,4,65+,Males,Unemployment rate,5.68
2021-04-01,2021,4,65+,Females,Unemployment rate,5.43
2021-04-01,2021,4,65+,Persons,Labour force total,13709.66
2021-04-01,2021,4,65+,Males,Labour force total,7223.8
2021-04-01,2021,4,65+,Females,Labour force total,6485.87
2021-04-01,2021,4,65+,Persons,Participation rate,65.74
2021-04-01,2021,4,65+,Males,Participation rate,70.51
2021-04-01,2021,4,65+,Females,Participation rate,61.14
2021-05-01,2021,5,55-64,Persons,Employed total,1987.24
2021-05-01,2021,5,55-64,Males,Employed total,1042.49
2021-05-01,2021,5,55-64,Females,Employed total,944.75
2021-05-01,2021,5,55-64,Persons,Employment to population ratio,65.98
2021-05-01,2021,5,55-64,Males,Employment to population ratio,70.88
2021-05-01,2021,5,55-64,Females,Employment to population ratio,61.29
2021-05-01,2021,5,55-64,Persons,Unemployed total,83.85
2021-05-01,2021,5,55-64,Males,Unemployed total,46.57
2021-05-01,2021,5,55-64,Females,Unemployed total,37.28
2021-05-01,2021,5,55-64,Persons,Unemployment rate,4.05
2021-05-01,2021,5,55-64,Males,Unemployment rate,4.28
2021-05-01,2021,5,55-64,Females,Unemployment rate,3.8
2021-05-01,2021,5,55-64,Persons,Labour force total,2071.09
2021-05-01,2021,5,55-64,Males,Labour force total,1089.06
2021-05-01,2021,5,55-64,Females,Labour force total,982.03
2021-05-01,2021,5,55-64,Persons,Participation rate,68.76
2021-05-01,2021,5,55-64,Males,Participation rate,74.05
2021-05-01,2021,5,55-64,Females,Participation rate,63.71
2021-05-01,2021,5,65+,Persons,Employed total,637.15
2021-05-01,2021,5,65+,Males,Employed total,381.07
2021-05-01,2021,5,65+,Females,Employed total,256.08
2021-05-01,2021,5,65+,Persons,Employment to population ratio,14.81
2021-05-01,2021,5,65+,Males,Employment to population ratio,18.92
2021-05-01,2021,5,65+,Females,Employment to population ratio,11.18
2021-05-01,2021,5,65+,Persons,Unemployed total,15.42
2021-05-01,2021,5,65+,Males,Unemployed total,9.81
2021-05-01,2021,5,65+,Females,Unemployed total,5.61
2021-05-01,2021,5,65+,Persons,Unemployment rate,2.36
2021-05-01,2021,5,65+,Males,Unemployment rate,2.51
2021-05-01,2021,5,65+,Females,Unemployment rate,2.14
2021-05-01,2021,5,65+,Persons,Labour force total,652.57
2021-05-01,2021,5,65+,Males,Labour force total,390.88
2021-05-01,2021,5,65+,Females,Labour force total,261.69
2021-05-01,2021,5,65+,Persons,Participation rate,15.16
2021-05-01,2021,5,65+,Males,Participation rate,19.41
2021-05-01,2021,5,65+,Females,Participation rate,11.43
2021-05-01,2021,5,65+,Persons,Employed total,13123.77
2021-05-01,2021,5,65+,Males,Employed total,6865.17
2021-05-01,2021,5,65+,Females,Employed total,6258.6
2021-05-01,2021,5,65+,Persons,Employment to population ratio,62.9
2021-05-01,2021,5,65+,Males,Employment to population ratio,66.97
2021-05-01,2021,5,65+,Females,Employment to population ratio,58.98
2021-05-01,2021,5,65+,Persons,Unemployed total,692.73
2021-05-01,2021,5,65+,Males,Unemployed total,379.93
2021-05-01,2021,5,65+,Females,Unemployed total,312.79
2021-05-01,2021,5,65+,Persons,Unemployment rate,5.01
2021-05-01,2021,5,65+,Males,Unemployment rate,5.24
2021-05-01,2021,5,65+,Females,Unemployment rate,4.76
2021-05-01,2021,5,65+,Persons,Labour force total,13816.49
2021-05-01,2021,5,65+,Males,Labour force total,7245.1
2021-05-01,2021,5,65+,Females,Labour force total,6571.39
2021-05-01,2021,5,65+,Persons,Participation rate,66.22
2021-05-01,2021,5,65+,Males,Participation rate,70.68
2021-05-01,2021,5,65+,Females,Participation rate,61.92
2021-06-01,2021,6,55-64,Persons,Employed total,1986.8
2021-06-01,2021,6,55-64,Males,Employed total,1050.41
2021-06-01,2021,6,55-64,Females,Employed total,936.4
2021-06-01,2021,6,55-64,Persons,Employment to population ratio,65.93
2021-06-01,2021,6,55-64,Males,Employment to population ratio,71.38
2021-06-01,2021,6,55-64,Females,Employment to population ratio,60.74
2021-06-01,2021,6,55-64,Persons,Unemployed total,91.67
2021-06-01,2021,6,55-64,Males,Unemployed total,49.83
2021-06-01,2021,6,55-64,Females,Unemployed total,41.83
2021-06-01,2021,6,55-64,Persons,Unemployment rate,4.41
2021-06-01,2021,6,55-64,Males,Unemployment rate,4.53
2021-06-01,2021,6,55-64,Females,Unemployment rate,4.28
2021-06-01,2021,6,55-64,Persons,Labour force total,2078.47
2021-06-01,2021,6,55-64,Males,Labour force total,1100.24
2021-06-01,2021,6,55-64,Females,Labour force total,978.23
2021-06-01,2021,6,55-64,Persons,Participation rate,68.98
2021-06-01,2021,6,55-64,Males,Participation rate,74.76
2021-06-01,2021,6,55-64,Females,Participation rate,63.45
2021-06-01,2021,6,65+,Persons,Employed total,635.52
2021-06-01,2021,6,65+,Males,Employed total,389.98
2021-06-01,2021,6,65+,Females,Employed total,245.54
2021-06-01,2021,6,65+,Persons,Employment to population ratio,14.73
2021-06-01,2021,6,65+,Males,Employment to population ratio,19.32
2021-06-01,2021,6,65+,Females,Employment to population ratio,10.7
2021-06-01,2021,6,65+,Persons,Unemployed total,10.31
2021-06-01,2021,6,65+,Males,Unemployed total,7.2
2021-06-01,2021,6,65+,Females,Unemployed total,3.11
2021-06-01,2021,6,65+,Persons,Unemployment rate,1.6
2021-06-01,2021,6,65+,Males,Unemployment rate,1.81
2021-06-01,2021,6,65+,Females,Unemployment rate,1.25
2021-06-01,2021,6,65+,Persons,Labour force total,645.83
2021-06-01,2021,6,65+,Males,Labour force total,397.18
2021-06-01,2021,6,65+,Females,Labour force total,248.65
2021-06-01,2021,6,65+,Persons,Participation rate,14.97
2021-06-01,2021,6,65+,Males,Participation rate,19.68
2021-06-01,2021,6,65+,Females,Participation rate,10.84
2021-06-01,2021,6,65+,Persons,Employed total,13103.82
2021-06-01,2021,6,65+,Males,Employed total,6876.92
2021-06-01,2021,6,65+,Females,Employed total,6226.9
2021-06-01,2021,6,65+,Persons,Employment to population ratio,62.78
2021-06-01,2021,6,65+,Males,Employment to population ratio,67.05
2021-06-01,2021,6,65+,Females,Employment to population ratio,58.65
2021-06-01,2021,6,65+,Persons,Unemployed total,670.31
2021-06-01,2021,6,65+,Males,Unemployed total,366.78
2021-06-01,2021,6,65+,Females,Unemployed total,303.53
2021-06-01,2021,6,65+,Persons,Unemployment rate,4.87
2021-06-01,2021,6,65+,Males,Unemployment rate,5.06
2021-06-01,2021,6,65+,Females,Unemployment rate,4.65
2021-06-01,2021,6,65+,Persons,Labour force total,13774.14
2021-06-01,2021,6,65+,Males,Labour force total,7243.71
2021-06-01,2021,6,65+,Females,Labour force total,6530.43
2021-06-01,2021,6,65+,Persons,Participation rate,65.99
2021-06-01,2021,6,65+,Males,Participation rate,70.62
2021-06-01,2021,6,65+,Females,Participation rate,61.51
2021-07-01,2021,7,55-64,Persons,Employed total,1976.53
2021-07-01,2021,7,55-64,Males,Employed total,1044.33
2021-07-01,2021,7,55-64,Females,Employed total,932.2
2021-07-01,2021,7,55-64,Persons,Employment to population ratio,65.59
2021-07-01,2021,7,55-64,Males,Employment to population ratio,70.95
2021-07-01,2021,7,55-64,Females,Employment to population ratio,60.47
2021-07-01,2021,7,55-64,Persons,Unemployed total,92.1
2021-07-01,2021,7,55-64,Males,Unemployed total,50.77
2021-07-01,2021,7,55-64,Females,Unemployed total,41.33
2021-07-01,2021,7,55-64,Persons,Unemployment rate,4.45
2021-07-01,2021,7,55-64,Males,Unemployment rate,4.64
2021-07-01,2021,7,55-64,Females,Unemployment rate,4.25
2021-07-01,2021,7,55-64,Persons,Labour force total,2068.63
2021-07-01,2021,7,55-64,Males,Labour force total,1095.1
2021-07-01,2021,7,55-64,Females,Labour force total,973.53
2021-07-01,2021,7,55-64,Persons,Participation rate,68.64
2021-07-01,2021,7,55-64,Males,Participation rate,74.4
2021-07-01,2021,7,55-64,Females,Participation rate,63.15
2021-07-01,2021,7,65+,Persons,Employed total,633.28
2021-07-01,2021,7,65+,Males,Employed total,391.67
2021-07-01,2021,7,65+,Females,Employed total,241.62
2021-07-01,2021,7,65+,Persons,Employment to population ratio,14.65
2021-07-01,2021,7,65+,Males,Employment to population ratio,19.36
2021-07-01,2021,7,65+,Females,Employment to population ratio,10.51
2021-07-01,2021,7,65+,Persons,Unemployed total,11.64
2021-07-01,2021,7,65+,Males,Unemployed total,6.76
2021-07-01,2021,7,65+,Females,Unemployed total,4.87
2021-07-01,2021,7,65+,Persons,Unemployment rate,1.8
2021-07-01,2021,7,65+,Males,Unemployment rate,1.7
2021-07-01,2021,7,65+,Females,Unemployment rate,1.98
2021-07-01,2021,7,65+,Persons,Labour force total,644.92
2021-07-01,2021,7,65+,Males,Labour force total,398.43
2021-07-01,2021,7,65+,Females,Labour force total,246.49
2021-07-01,2021,7,65+,Persons,Participation rate,14.92
2021-07-01,2021,7,65+,Males,Participation rate,19.7
2021-07-01,2021,7,65+,Females,Participation rate,10.72
2021-07-01,2021,7,65+,Persons,Employed total,13079.57
2021-07-01,2021,7,65+,Males,Employed total,6882.6
2021-07-01,2021,7,65+,Females,Employed total,6196.97
2021-07-01,2021,7,65+,Persons,Employment to population ratio,62.64
2021-07-01,2021,7,65+,Males,Employment to population ratio,67.08
2021-07-01,2021,7,65+,Females,Employment to population ratio,58.36
2021-07-01,2021,7,65+,Persons,Unemployed total,638.35
2021-07-01,2021,7,65+,Males,Unemployed total,337.8
2021-07-01,2021,7,65+,Females,Unemployed total,300.55
2021-07-01,2021,7,65+,Persons,Unemployment rate,4.65
2021-07-01,2021,7,65+,Males,Unemployment rate,4.68
2021-07-01,2021,7,65+,Females,Unemployment rate,4.63
2021-07-01,2021,7,65+,Persons,Labour force total,13717.91
2021-07-01,2021,7,65+,Males,Labour force total,7220.4
2021-07-01,2021,7,65+,Females,Labour force total,6497.52
2021-07-01,2021,7,65+,Persons,Participation rate,65.7
2021-07-01,2021,7,65+,Males,Participation rate,70.37
2021-07-01,2021,7,65+,Females,Participation rate,61.19
2021-08-01,2021,8,55-64,Persons,Employed total,1961.58
2021-08-01,2021,8,55-64,Males,Employed total,1038.94
2021-08-01,2021,8,55-64,Females,Employed total,922.64
2021-08-01,2021,8,55-64,Persons,Employment to population ratio,65.08
2021-08-01,2021,8,55-64,Males,Employment to population ratio,70.56
2021-08-01,2021,8,55-64,Females,Employment to population ratio,59.85
2021-08-01,2021,8,55-64,Persons,Unemployed total,74.98
2021-08-01,2021,8,55-64,Males,Unemployed total,40.44
2021-08-01,2021,8,55-64,Females,Unemployed total,34.53
2021-08-01,2021,8,55-64,Persons,Unemployment rate,3.68
2021-08-01,2021,8,55-64,Males,Unemployment rate,3.75
2021-08-01,2021,8,55-64,Females,Unemployment rate,3.61
2021-08-01,2021,8,55-64,Persons,Labour force total,2036.56
2021-08-01,2021,8,55-64,Males,Labour force total,1079.39
2021-08-01,2021,8,55-64,Females,Labour force total,957.17
2021-08-01,2021,8,55-64,Persons,Participation rate,67.57
2021-08-01,2021,8,55-64,Males,Participation rate,73.31
2021-08-01,2021,8,55-64,Females,Participation rate,62.09
2021-08-01,2021,8,65+,Persons,Employed total,627.32
2021-08-01,2021,8,65+,Males,Employed total,382.87
2021-08-01,2021,8,65+,Females,Employed total,244.45
2021-08-01,2021,8,65+,Persons,Employment to population ratio,14.48
2021-08-01,2021,8,65+,Males,Employment to population ratio,18.89
2021-08-01,2021,8,65+,Females,Employment to population ratio,10.61
2021-08-01,2021,8,65+,Persons,Unemployed total,14.76
2021-08-01,2021,8,65+,Males,Unemployed total,11.68
2021-08-01,2021,8,65+,Females,Unemployed total,3.08
2021-08-01,2021,8,65+,Persons,Unemployment rate,2.3
2021-08-01,2021,8,65+,Males,Unemployment rate,2.96
2021-08-01,2021,8,65+,Females,Unemployment rate,1.24
2021-08-01,2021,8,65+,Persons,Labour force total,642.08
2021-08-01,2021,8,65+,Males,Labour force total,394.54
2021-08-01,2021,8,65+,Females,Labour force total,247.53
2021-08-01,2021,8,65+,Persons,Participation rate,14.82
2021-08-01,2021,8,65+,Males,Participation rate,19.46
2021-08-01,2021,8,65+,Females,Participation rate,10.74
2021-08-01,2021,8,65+,Persons,Employed total,12895.77
2021-08-01,2021,8,65+,Males,Employed total,6781.82
2021-08-01,2021,8,65+,Females,Employed total,6113.94
2021-08-01,2021,8,65+,Persons,Employment to population ratio,61.74
2021-08-01,2021,8,65+,Males,Employment to population ratio,66.08
2021-08-01,2021,8,65+,Females,Employment to population ratio,57.56
2021-08-01,2021,8,65+,Persons,Unemployed total,620.77
2021-08-01,2021,8,65+,Males,Unemployed total,337.33
2021-08-01,2021,8,65+,Females,Unemployed total,283.44
2021-08-01,2021,8,65+,Persons,Unemployment rate,4.59
2021-08-01,2021,8,65+,Males,Unemployment rate,4.74
2021-08-01,2021,8,65+,Females,Unemployment rate,4.43
2021-08-01,2021,8,65+,Persons,Labour force total,13516.54
2021-08-01,2021,8,65+,Males,Labour force total,7119.16
2021-08-01,2021,8,65+,Females,Labour force total,6397.38
2021-08-01,2021,8,65+,Persons,Participation rate,64.71
2021-08-01,2021,8,65+,Males,Participation rate,69.36
2021-08-01,2021,8,65+,Females,Participation rate,60.22
2021-09-01,2021,9,55-64,Persons,Employed total,1966.23
2021-09-01,2021,9,55-64,Males,Employed total,1040.7
2021-09-01,2021,9,55-64,Females,Employed total,925.53
2021-09-01,2021,9,55-64,Persons,Employment to population ratio,65.23
2021-09-01,2021,9,55-64,Males,Employment to population ratio,70.66
2021-09-01,2021,9,55-64,Females,Employment to population ratio,60.04
2021-09-01,2021,9,55-64,Persons,Unemployed total,67.82
2021-09-01,2021,9,55-64,Males,Unemployed total,37.22
2021-09-01,2021,9,55-64,Females,Unemployed total,30.61
2021-09-01,2021,9,55-64,Persons,Unemployment rate,3.33
2021-09-01,2021,9,55-64,Males,Unemployment rate,3.45
2021-09-01,2021,9,55-64,Females,Unemployment rate,3.2
2021-09-01,2021,9,55-64,Persons,Labour force total,2034.05
2021-09-01,2021,9,55-64,Males,Labour force total,1077.92
2021-09-01,2021,9,55-64,Females,Labour force total,956.13
2021-09-01,2021,9,55-64,Persons,Participation rate,67.48
2021-09-01,2021,9,55-64,Males,Participation rate,73.19
2021-09-01,2021,9,55-64,Females,Participation rate,62.03
2021-09-01,2021,9,65+,Persons,Employed total,633.62
2021-09-01,2021,9,65+,Males,Employed total,386.8
2021-09-01,2021,9,65+,Females,Employed total,246.81
2021-09-01,2021,9,65+,Persons,Employment to population ratio,14.6
2021-09-01,2021,9,65+,Males,Employment to population ratio,19.04
2021-09-01,2021,9,65+,Females,Employment to population ratio,10.69
2021-09-01,2021,9,65+,Persons,Unemployed total,12.91
2021-09-01,2021,9,65+,Males,Unemployed total,8.74
2021-09-01,2021,9,65+,Females,Unemployed total,4.17
2021-09-01,2021,9,65+,Persons,Unemployment rate,2.0
2021-09-01,2021,9,65+,Males,Unemployment rate,2.21
2021-09-01,2021,9,65+,Females,Unemployment rate,1.66
2021-09-01,2021,9,65+,Persons,Labour force total,646.53
2021-09-01,2021,9,65+,Males,Labour force total,395.54
2021-09-01,2021,9,65+,Females,Labour force total,250.98
2021-09-01,2021,9,65+,Persons,Participation rate,14.89
2021-09-01,2021,9,65+,Males,Participation rate,19.47
2021-09-01,2021,9,65+,Females,Participation rate,10.87
2021-09-01,2021,9,65+,Persons,Employed total,12798.48
2021-09-01,2021,9,65+,Males,Employed total,6752.02
2021-09-01,2021,9,65+,Females,Employed total,6046.46
2021-09-01,2021,9,65+,Persons,Employment to population ratio,61.26
2021-09-01,2021,9,65+,Males,Employment to population ratio,65.76
2021-09-01,2021,9,65+,Females,Employment to population ratio,56.9
2021-09-01,2021,9,65+,Persons,Unemployed total,612.12
2021-09-01,2021,9,65+,Males,Unemployed total,316.77
2021-09-01,2021,9,65+,Females,Unemployed total,295.35
2021-09-01,2021,9,65+,Persons,Unemployment rate,4.56
2021-09-01,2021,9,65+,Males,Unemployment rate,4.48
2021-09-01,2021,9,65+,Females,Unemployment rate,4.66
2021-09-01,2021,9,65+,Persons,Labour force total,13410.6
2021-09-01,2021,9,65+,Males,Labour force total,7068.79
2021-09-01,2021,9,65+,Females,Labour force total,6341.81
2021-09-01,2021,9,65+,Persons,Participation rate,64.19
2021-09-01,2021,9,65+,Males,Participation rate,68.85
2021-09-01,2021,9,65+,Females,Participation rate,59.68
2021-10-01,2021,10,55-64,Persons,Employed total,1962.28
2021-10-01,2021,10,55-64,Males,Employed total,1042.58
2021-10-01,2021,10,55-64,Females,Employed total,919.71
2021-10-01,2021,10,55-64,Persons,Employment to population ratio,65.08
2021-10-01,2021,10,55-64,Males,Employment to population ratio,70.76
2021-10-01,2021,10,55-64,Females,Employment to population ratio,59.65
2021-10-01,2021,10,55-64,Persons,Unemployed total,66.32
2021-10-01,2021,10,55-64,Males,Unemployed total,38.96
2021-10-01,2021,10,55-64,Females,Unemployed total,27.36
2021-10-01,2021,10,55-64,Persons,Unemployment rate,3.27
2021-10-01,2021,10,55-64,Males,Unemployment rate,3.6
2021-10-01,2021,10,55-64,Females,Unemployment rate,2.89
2021-10-01,2021,10,55-64,Persons,Labour force total,2028.6
2021-10-01,2021,10,55-64,Males,Labour force total,1081.53
2021-10-01,2021,10,55-64,Females,Labour force total,947.07
2021-10-01,2021,10,55-64,Persons,Participation rate,67.28
2021-10-01,2021,10,55-64,Males,Participation rate,73.41
2021-10-01,2021,10,55-64,Females,Participation rate,61.43
2021-10-01,2021,10,65+,Persons,Employed total,619.42
2021-10-01,2021,10,65+,Males,Employed total,379.22
2021-10-01,2021,10,65+,Females,Employed total,240.19
2021-10-01,2021,10,65+,Persons,Employment to population ratio,14.23
2021-10-01,2021,10,65+,Males,Employment to population ratio,18.62
2021-10-01,2021,10,65+,Females,Employment to population ratio,10.37
2021-10-01,2021,10,65+,Persons,Unemployed total,14.29
2021-10-01,2021,10,65+,Males,Unemployed total,9.32
2021-10-01,2021,10,65+,Females,Unemployed total,4.98
2021-10-01,2021,10,65+,Persons,Unemployment rate,2.26
2021-10-01,2021,10,65+,Males,Unemployment rate,2.4
2021-10-01,2021,10,65+,Females,Unemployment rate,2.03
2021-10-01,2021,10,65+,Persons,Labour force total,633.71
2021-10-01,2021,10,65+,Males,Labour force total,388.54
2021-10-01,2021,10,65+,Females,Labour force total,245.17
2021-10-01,2021,10,65+,Persons,Participation rate,14.56
2021-10-01,2021,10,65+,Males,Participation rate,19.08
2021-10-01,2021,10,65+,Females,Participation rate,10.59
2021-10-01,2021,10,65+,Persons,Employed total,12767.13
2021-10-01,2021,10,65+,Males,Employed total,6747.21
2021-10-01,2021,10,65+,Females,Employed total,6019.92
2021-10-01,2021,10,65+,Persons,Employment to population ratio,61.04
2021-10-01,2021,10,65+,Males,Employment to population ratio,65.64
2021-10-01,2021,10,65+,Females,Employment to population ratio,56.6
2021-10-01,2021,10,65+,Persons,Unemployed total,676.88
2021-10-01,2021,10,65+,Males,Unemployed total,348.47
2021-10-01,2021,10,65+,Females,Unemployed total,328.41
2021-10-01,2021,10,65+,Persons,Unemployment rate,5.03
2021-10-01,2021,10,65+,Males,Unemployment rate,4.91
2021-10-01,2021,10,65+,Females,Unemployment rate,5.17
2021-10-01,2021,10,65+,Persons,Labour force total,13444.01
2021-10-01,2021,10,65+,Males,Labour force total,7095.68
2021-10-01,2021,10,65+,Females,Labour force total,6348.33
2021-10-01,2021,10,65+,Persons,Participation rate,64.28
2021-10-01,2021,10,65+,Males,Participation rate,69.03
2021-10-01,2021,10,65+,Females,Participation rate,59.69
2021-11-01,2021,11,55-64,Persons,Employed total,2011.53
2021-11-01,2021,11,55-64,Males,Employed total,1058.33
2021-11-01,2021,11,55-64,Females,Employed total,953.2
2021-11-01,2021,11,55-64,Persons,Employment to population ratio,66.7
2021-11-01,2021,11,55-64,Males,Employment to population ratio,71.81
2021-11-01,2021,11,55-64,Females,Employment to population ratio,61.81
2021-11-01,2021,11,55-64,Persons,Unemployed total,67.77
2021-11-01,2021,11,55-64,Males,Unemployed total,37.84
2021-11-01,2021,11,55-64,Females,Unemployed total,29.93
2021-11-01,2021,11,55-64,Persons,Unemployment rate,3.26
2021-11-01,2021,11,55-64,Males,Unemployment rate,3.45
2021-11-01,2021,11,55-64,Females,Unemployment rate,3.04
2021-11-01,2021,11,55-64,Persons,Labour force total,2079.29
2021-11-01,2021,11,55-64,Males,Labour force total,1096.17
2021-11-01,2021,11,55-64,Females,Labour force total,983.12
2021-11-01,2021,11,55-64,Persons,Participation rate,68.94
2021-11-01,2021,11,55-64,Males,Participation rate,74.37
2021-11-01,2021,11,55-64,Females,Participation rate,63.75
2021-11-01,2021,11,65+,Persons,Employed total,650.6
2021-11-01,2021,11,65+,Males,Employed total,393.28
2021-11-01,2021,11,65+,Females,Employed total,257.32
2021-11-01,2021,11,65+,Persons,Employment to population ratio,14.91
2021-11-01,2021,11,65+,Males,Employment to population ratio,19.27
2021-11-01,2021,11,65+,Females,Employment to population ratio,11.09
2021-11-01,2021,11,65+,Persons,Unemployed total,12.31
2021-11-01,2021,11,65+,Males,Unemployed total,8.99
2021-11-01,2021,11,65+,Females,Unemployed total,3.31
2021-11-01,2021,11,65+,Persons,Unemployment rate,1.86
2021-11-01,2021,11,65+,Males,Unemployment rate,2.24
2021-11-01,2021,11,65+,Females,Unemployment rate,1.27
2021-11-01,2021,11,65+,Persons,Labour force total,662.91
2021-11-01,2021,11,65+,Males,Labour force total,402.27
2021-11-01,2021,11,65+,Females,Labour force total,260.64
2021-11-01,2021,11,65+,Persons,Participation rate,15.2
2021-11-01,2021,11,65+,Males,Participation rate,19.71
2021-11-01,2021,11,65+,Females,Participation rate,11.23
2021-11-01,2021,11,65+,Persons,Employed total,13206.22
2021-11-01,2021,11,65+,Males,Employed total,6924.75
2021-11-01,2021,11,65+,Females,Employed total,6281.47
2021-11-01,2021,11,65+,Persons,Employment to population ratio,63.08
2021-11-01,2021,11,65+,Males,Employment to population ratio,67.29
2021-11-01,2021,11,65+,Females,Employment to population ratio,59.0
2021-11-01,2021,11,65+,Persons,Unemployed total,591.52
2021-11-01,2021,11,65+,Males,Unemployed total,310.66
2021-11-01,2021,11,65+,Females,Unemployed total,280.86
2021-11-01,2021,11,65+,Persons,Unemployment rate,4.29
2021-11-01,2021,11,65+,Males,Unemployment rate,4.29
2021-11-01,2021,11,65+,Females,Unemployment rate,4.28
2021-11-01,2021,11,65+,Persons,Labour force total,13797.74
2021-11-01,2021,11,65+,Males,Labour force total,7235.41
2021-11-01,2021,11,65+,Females,Labour force total,6562.34
2021-11-01,2021,11,65+,Persons,Participation rate,65.9
2021-11-01,2021,11,65+,Males,Participation rate,70.31
2021-11-01,2021,11,65+,Females,Participation rate,61.64
2021-12-01,2021,12,55-64,Persons,Employed total,2015.74
2021-12-01,2021,12,55-64,Males,Employed total,1061.99
2021-12-01,2021,12,55-64,Females,Employed total,953.75
2021-12-01,2021,12,55-64,Persons,Employment to population ratio,66.81
2021-12-01,2021,12,55-64,Males,Employment to population ratio,72.03
2021-12-01,2021,12,55-64,Females,Employment to population ratio,61.83
2021-12-01,2021,12,55-64,Persons,Unemployed total,59.29
2021-12-01,2021,12,55-64,Males,Unemployed total,29.06
2021-12-01,2021,12,55-64,Females,Unemployed total,30.22
2021-12-01,2021,12,55-64,Persons,Unemployment rate,2.86
2021-12-01,2021,12,55-64,Males,Unemployment rate,2.66
2021-12-01,2021,12,55-64,Females,Unemployment rate,3.07
2021-12-01,2021,12,55-64,Persons,Labour force total,2075.02
2021-12-01,2021,12,55-64,Males,Labour force total,1091.05
2021-12-01,2021,12,55-64,Females,Labour force total,983.97
2021-12-01,2021,12,55-64,Persons,Participation rate,68.78
2021-12-01,2021,12,55-64,Males,Participation rate,74.0
2021-12-01,2021,12,55-64,Females,Participation rate,63.79
2021-12-01,2021,12,65+,Persons,Employed total,655.64
2021-12-01,2021,12,65+,Males,Employed total,401.18
2021-12-01,2021,12,65+,Females,Employed total,254.45
2021-12-01,2021,12,65+,Persons,Employment to population ratio,14.99
2021-12-01,2021,12,65+,Males,Employment to population ratio,19.61
2021-12-01,2021,12,65+,Females,Employment to population ratio,10.94
2021-12-01,2021,12,65+,Persons,Unemployed total,8.43
2021-12-01,2021,12,65+,Males,Unemployed total,5.93
2021-12-01,2021,12,65+,Females,Unemployed total,2.5
2021-12-01,2021,12,65+,Persons,Unemployment rate,1.27
2021-12-01,2021,12,65+,Males,Unemployment rate,1.46
2021-12-01,2021,12,65+,Females,Unemployment rate,0.97
2021-12-01,2021,12,65+,Persons,Labour force total,664.07
2021-12-01,2021,12,65+,Males,Labour force total,407.11
2021-12-01,2021,12,65+,Females,Labour force total,256.96
2021-12-01,2021,12,65+,Persons,Participation rate,15.19
2021-12-01,2021,12,65+,Males,Participation rate,19.9
2021-12-01,2021,12,65+,Females,Participation rate,11.04
2021-12-01,2021,12,65+,Persons,Employed total,13353.39
2021-12-01,2021,12,65+,Males,Employed total,7005.12
2021-12-01,2021,12,65+,Females,Employed total,6348.27
2021-12-01,2021,12,65+,Persons,Employment to population ratio,63.71
2021-12-01,2021,12,65+,Males,Employment to population ratio,68.0
2021-12-01,2021,12,65+,Females,Employment to population ratio,59.57
2021-12-01,2021,12,65+,Persons,Unemployed total,556.56
2021-12-01,2021,12,65+,Males,Unemployed total,300.95
2021-12-01,2021,12,65+,Females,Unemployed total,255.62
2021-12-01,2021,12,65+,Persons,Unemployment rate,4.0
2021-12-01,2021,12,65+,Males,Unemployment rate,4.12
2021-12-01,2021,12,65+,Females,Unemployment rate,3.87
2021-12-01,2021,12,65+,Persons,Labour force total,13909.95
2021-12-01,2021,12,65+,Males,Labour force total,7306.06
2021-12-01,2021,12,65+,Females,Labour force total,6603.89
2021-12-01,2021,12,65+,Persons,Participation rate,66.37
2021-12-01,2021,12,65+,Males,Participation rate,70.92
2021-12-01,2021,12,65+,Females,Participation rate,61.97
2022-01-01,2022,1,55-64,Persons,Employed total,1983.86
2022-01-01,2022,1,55-64,Males,Employed total,1054.49
2022-01-01,2022,1,55-64,Females,Employed total,929.37
2022-01-01,2022,1,55-64,Persons,Employment to population ratio,65.74
2022-01-01,2022,1,55-64,Males,Employment to population ratio,71.5
2022-01-01,2022,1,55-64,Females,Employment to population ratio,60.23
2022-01-01,2022,1,55-64,Persons,Unemployed total,68.28
2022-01-01,2022,1,55-64,Males,Unemployed total,36.84
2022-01-01,2022,1,55-64,Females,Unemployed total,31.44
2022-01-01,2022,1,55-64,Persons,Unemployment rate,3.33
2022-01-01,2022,1,55-64,Males,Unemployment rate,3.38
2022-01-01,2022,1,55-64,Females,Unemployment rate,3.27
2022-01-01,2022,1,55-64,Persons,Labour force total,2052.14
2022-01-01,2022,1,55-64,Males,Labour force total,1091.33
2022-01-01,2022,1,55-64,Females,Labour force total,960.81
2022-01-01,2022,1,55-64,Persons,Participation rate,68.0
2022-01-01,2022,1,55-64,Males,Participation rate,73.99
2022-01-01,2022,1,55-64,Females,Participation rate,62.27
2022-01-01,2022,1,65+,Persons,Employed total,606.89
2022-01-01,2022,1,65+,Males,Employed total,369.47
2022-01-01,2022,1,65+,Females,Employed total,237.42
2022-01-01,2022,1,65+,Persons,Employment to population ratio,13.85
2022-01-01,2022,1,65+,Males,Employment to population ratio,18.02
2022-01-01,2022,1,65+,Females,Employment to population ratio,10.18
2022-01-01,2022,1,65+,Persons,Unemployed total,12.67
2022-01-01,2022,1,65+,Males,Unemployed total,7.98
2022-01-01,2022,1,65+,Females,Unemployed total,4.69
2022-01-01,2022,1,65+,Persons,Unemployment rate,2.04
2022-01-01,2022,1,65+,Males,Unemployment rate,2.11
2022-01-01,2022,1,65+,Females,Unemployment rate,1.94
2022-01-01,2022,1,65+,Persons,Labour force total,619.55
2022-01-01,2022,1,65+,Males,Labour force total,377.45
2022-01-01,2022,1,65+,Females,Labour force total,242.11
2022-01-01,2022,1,65+,Persons,Participation rate,14.13
2022-01-01,2022,1,65+,Males,Participation rate,18.4
2022-01-01,2022,1,65+,Females,Participation rate,10.38
2022-01-01,2022,1,65+,Persons,Employed total,13081.19
2022-01-01,2022,1,65+,Males,Employed total,6842.25
2022-01-01,2022,1,65+,Females,Employed total,6238.93
2022-01-01,2022,1,65+,Persons,Employment to population ratio,62.28
2022-01-01,2022,1,65+,Males,Employment to population ratio,66.28
2022-01-01,2022,1,65+,Females,Employment to population ratio,58.42
2022-01-01,2022,1,65+,Persons,Unemployed total,621.75
2022-01-01,2022,1,65+,Males,Unemployed total,337.04
2022-01-01,2022,1,65+,Females,Unemployed total,284.71
2022-01-01,2022,1,65+,Persons,Unemployment rate,4.54
2022-01-01,2022,1,65+,Males,Unemployment rate,4.69
2022-01-01,2022,1,65+,Females,Unemployment rate,4.36
2022-01-01,2022,1,65+,Persons,Labour force total,13702.93
2022-01-01,2022,1,65+,Males,Labour force total,7179.29
2022-01-01,2022,1,65+,Females,Labour force total,6523.64
2022-01-01,2022,1,65+,Persons,Participation rate,65.24
2022-01-01,2022,1,65+,Males,Participation rate,69.55
2022-01-01,2022,1,65+,Females,Participation rate,61.08
2022-02-01,2022,2,55-64,Persons,Employed total,2052.77
2022-02-01,2022,2,55-64,Males,Employed total,1082.39
2022-02-01,2022,2,55-64,Females,Employed total,970.38
2022-02-01,2022,2,55-64,Persons,Employment to population ratio,68.0
2022-02-01,2022,2,55-64,Males,Employment to population ratio,73.36
2022-02-01,2022,2,55-64,Females,Employment to population ratio,62.86
2022-02-01,2022,2,55-64,Persons,Unemployed total,64.32
2022-02-01,2022,2,55-64,Males,Unemployed total,36.49
2022-02-01,2022,2,55-64,Females,Unemployed total,27.84
2022-02-01,2022,2,55-64,Persons,Unemployment rate,3.04
2022-02-01,2022,2,55-64,Males,Unemployment rate,3.26
2022-02-01,2022,2,55-64,Females,Unemployment rate,2.79
2022-02-01,2022,2,55-64,Persons,Labour force total,2117.1
2022-02-01,2022,2,55-64,Males,Labour force total,1118.88
2022-02-01,2022,2,55-64,Females,Labour force total,998.22
2022-02-01,2022,2,55-64,Persons,Participation rate,70.13
2022-02-01,2022,2,55-64,Males,Participation rate,75.84
2022-02-01,2022,2,55-64,Females,Participation rate,64.67
2022-02-01,2022,2,65+,Persons,Employed total,644.63
2022-02-01,2022,2,65+,Males,Employed total,389.5
2022-02-01,2022,2,65+,Females,Employed total,255.13
2022-02-01,2022,2,65+,Persons,Employment to population ratio,14.67
2022-02-01,2022,2,65+,Males,Employment to population ratio,18.95
2022-02-01,2022,2,65+,Females,Employment to population ratio,10.91
2022-02-01,2022,2,65+,Persons,Unemployed total,16.26
2022-02-01,2022,2,65+,Males,Unemployed total,9.22
2022-02-01,2022,2,65+,Females,Unemployed total,7.04
2022-02-01,2022,2,65+,Persons,Unemployment rate,2.46
2022-02-01,2022,2,65+,Males,Unemployment rate,2.31
2022-02-01,2022,2,65+,Females,Unemployment rate,2.69
2022-02-01,2022,2,65+,Persons,Labour force total,660.89
2022-02-01,2022,2,65+,Males,Labour force total,398.71
2022-02-01,2022,2,65+,Females,Labour force total,262.18
2022-02-01,2022,2,65+,Persons,Participation rate,15.04
2022-02-01,2022,2,65+,Males,Participation rate,19.4
2022-02-01,2022,2,65+,Females,Participation rate,11.21
2022-02-01,2022,2,65+,Persons,Employed total,13441.26
2022-02-01,2022,2,65+,Males,Employed total,7018.67
2022-02-01,2022,2,65+,Females,Employed total,6422.6
2022-02-01,2022,2,65+,Persons,Employment to population ratio,63.86
2022-02-01,2022,2,65+,Males,Employment to population ratio,67.85
2022-02-01,2022,2,65+,Females,Employment to population ratio,60.01
2022-02-01,2022,2,65+,Persons,Unemployed total,612.35
2022-02-01,2022,2,65+,Males,Unemployed total,326.14
2022-02-01,2022,2,65+,Females,Unemployed total,286.22
2022-02-01,2022,2,65+,Persons,Unemployment rate,4.36
2022-02-01,2022,2,65+,Males,Unemployment rate,4.44
2022-02-01,2022,2,65+,Females,Unemployment rate,4.27
2022-02-01,2022,2,65+,Persons,Labour force total,14053.62
2022-02-01,2022,2,65+,Males,Labour force total,7344.8
2022-02-01,2022,2,65+,Females,Labour force total,6708.81
2022-02-01,2022,2,65+,Persons,Participation rate,66.77
2022-02-01,2022,2,65+,Males,Participation rate,71.0
2022-02-01,2022,2,65+,Females,Participation rate,62.69
2022-03-01,2022,3,55-64,Persons,Employed total,2042.11
2022-03-01,2022,3,55-64,Males,Employed total,1073.31
2022-03-01,2022,3,55-64,Females,Employed total,968.8
2022-03-01,2022,3,55-64,Persons,Employment to population ratio,67.62
2022-03-01,2022,3,55-64,Males,Employment to population ratio,72.73
2022-03-01,2022,3,55-64,Females,Employment to population ratio,62.74
2022-03-01,2022,3,55-64,Persons,Unemployed total,63.6
2022-03-01,2022,3,55-64,Males,Unemployed total,37.98
2022-03-01,2022,3,55-64,Females,Unemployed total,25.62
2022-03-01,2022,3,55-64,Persons,Unemployment rate,3.02
2022-03-01,2022,3,55-64,Males,Unemployment rate,3.42
2022-03-01,2022,3,55-64,Females,Unemployment rate,2.58
2022-03-01,2022,3,55-64,Persons,Labour force total,2105.71
2022-03-01,2022,3,55-64,Males,Labour force total,1111.29
2022-03-01,2022,3,55-64,Females,Labour force total,994.42
2022-03-01,2022,3,55-64,Persons,Participation rate,69.72
2022-03-01,2022,3,55-64,Males,Participation rate,75.3
2022-03-01,2022,3,55-64,Females,Participation rate,64.4
2022-03-01,2022,3,65+,Persons,Employed total,639.63
2022-03-01,2022,3,65+,Males,Employed total,392.6
2022-03-01,2022,3,65+,Females,Employed total,247.03
2022-03-01,2022,3,65+,Persons,Employment to population ratio,14.52
2022-03-01,2022,3,65+,Males,Employment to population ratio,19.06
2022-03-01,2022,3,65+,Females,Employment to population ratio,10.54
2022-03-01,2022,3,65+,Persons,Unemployed total,13.86
2022-03-01,2022,3,65+,Males,Unemployed total,9.13
2022-03-01,2022,3,65+,Females,Unemployed total,4.73
2022-03-01,2022,3,65+,Persons,Unemployment rate,2.12
2022-03-01,2022,3,65+,Males,Unemployment rate,2.27
2022-03-01,2022,3,65+,Females,Unemployment rate,1.88
2022-03-01,2022,3,65+,Persons,Labour force total,653.49
2022-03-01,2022,3,65+,Males,Labour force total,401.73
2022-03-01,2022,3,65+,Females,Labour force total,251.76
2022-03-01,2022,3,65+,Persons,Participation rate,14.84
2022-03-01,2022,3,65+,Males,Participation rate,19.5
2022-03-01,2022,3,65+,Females,Participation rate,10.74
2022-03-01,2022,3,65+,Persons,Employed total,13412.79
2022-03-01,2022,3,65+,Males,Employed total,7009.36
2022-03-01,2022,3,65+,Females,Employed total,6403.43
2022-03-01,2022,3,65+,Persons,Employment to population ratio,63.59
2022-03-01,2022,3,65+,Males,Employment to population ratio,67.62
2022-03-01,2022,3,65+,Females,Employment to population ratio,59.71
2022-03-01,2022,3,65+,Persons,Unemployed total,589.88
2022-03-01,2022,3,65+,Males,Unemployed total,323.15
2022-03-01,2022,3,65+,Females,Unemployed total,266.74
2022-03-01,2022,3,65+,Persons,Unemployment rate,4.21
2022-03-01,2022,3,65+,Males,Unemployment rate,4.41
2022-03-01,2022,3,65+,Females,Unemployment rate,4.0
2022-03-01,2022,3,65+,Persons,Labour force total,14002.67
2022-03-01,2022,3,65+,Males,Labour force total,7332.51
2022-03-01,2022,3,65+,Females,Labour force total,6670.16
2022-03-01,2022,3,65+,Persons,Participation rate,66.39
2022-03-01,2022,3,65+,Males,Participation rate,70.73
2022-03-01,2022,3,65+,Females,Participation rate,62.19
2022-04-01,2022,4,55-64,Persons,Employed total,2033.0
2022-04-01,2022,4,55-64,Males,Employed total,1070.81
2022-04-01,2022,4,55-64,Females,Employed total,962.19
2022-04-01,2022,4,55-64,Persons,Employment to population ratio,67.29
2022-04-01,2022,4,55-64,Males,Employment to population ratio,72.53
2022-04-01,2022,4,55-64,Females,Employment to population ratio,62.28
2022-04-01,2022,4,55-64,Persons,Unemployed total,58.6
2022-04-01,2022,4,55-64,Males,Unemployed total,37.02
2022-04-01,2022,4,55-64,Females,Unemployed total,21.58
2022-04-01,2022,4,55-64,Persons,Unemployment rate,2.8
2022-04-01,2022,4,55-64,Males,Unemployment rate,3.34
2022-04-01,2022,4,55-64,Females,Unemployment rate,2.19
2022-04-01,2022,4,55-64,Persons,Labour force total,2091.6
2022-04-01,2022,4,55-64,Males,Labour force total,1107.83
2022-04-01,2022,4,55-64,Females,Labour force total,983.77
2022-04-01,2022,4,55-64,Persons,Participation rate,69.22
2022-04-01,2022,4,55-64,Males,Participation rate,75.03
2022-04-01,2022,4,55-64,Females,Participation rate,63.67
2022-04-01,2022,4,65+,Persons,Employed total,644.67
2022-04-01,2022,4,65+,Males,Employed total,392.53
2022-04-01,2022,4,65+,Females,Employed total,252.14
2022-04-01,2022,4,65+,Persons,Employment to population ratio,14.61
2022-04-01,2022,4,65+,Males,Employment to population ratio,19.01
2022-04-01,2022,4,65+,Females,Employment to population ratio,10.73
2022-04-01,2022,4,65+,Persons,Unemployed total,15.35
2022-04-01,2022,4,65+,Males,Unemployed total,8.98
2022-04-01,2022,4,65+,Females,Unemployed total,6.37
2022-04-01,2022,4,65+,Persons,Unemployment rate,2.33
2022-04-01,2022,4,65+,Males,Unemployment rate,2.24
2022-04-01,2022,4,65+,Females,Unemployment rate,2.46
2022-04-01,2022,4,65+,Persons,Labour force total,660.02
2022-04-01,2022,4,65+,Males,Labour force total,401.51
2022-04-01,2022,4,65+,Females,Labour force total,258.51
2022-04-01,2022,4,65+,Persons,Participation rate,14.95
2022-04-01,2022,4,65+,Males,Participation rate,19.45
2022-04-01,2022,4,65+,Females,Participation rate,11.0
2022-04-01,2022,4,65+,Persons,Employed total,13444.7
2022-04-01,2022,4,65+,Males,Employed total,7033.08
2022-04-01,2022,4,65+,Females,Employed total,6411.61
2022-04-01,2022,4,65+,Persons,Employment to population ratio,63.64
2022-04-01,2022,4,65+,Males,Employment to population ratio,67.74
2022-04-01,2022,4,65+,Females,Employment to population ratio,59.69
2022-04-01,2022,4,65+,Persons,Unemployed total,549.34
2022-04-01,2022,4,65+,Males,Unemployed total,292.21
2022-04-01,2022,4,65+,Females,Unemployed total,257.13
2022-04-01,2022,4,65+,Persons,Unemployment rate,3.93
2022-04-01,2022,4,65+,Males,Unemployment rate,3.99
2022-04-01,2022,4,65+,Females,Unemployment rate,3.86
2022-04-01,2022,4,65+,Persons,Labour force total,13994.03
2022-04-01,2022,4,65+,Males,Labour force total,7325.29
2022-04-01,2022,4,65+,Females,Labour force total,6668.74
2022-04-01,2022,4,65+,Persons,Participation rate,66.24
2022-04-01,2022,4,65+,Males,Participation rate,70.55
2022-04-01,2022,4,65+,Females,Participation rate,62.08
2022-05-01,2022,5,55-64,Persons,Employed total,2048.82
2022-05-01,2022,5,55-64,Males,Employed total,1079.2
2022-05-01,2022,5,55-64,Females,Employed total,969.63
2022-05-01,2022,5,55-64,Persons,Employment to population ratio,67.78
2022-05-01,2022,5,55-64,Males,Employment to population ratio,73.06
2022-05-01,2022,5,55-64,Females,Employment to population ratio,62.73
2022-05-01,2022,5,55-64,Persons,Unemployed total,67.59
2022-05-01,2022,5,55-64,Males,Unemployed total,39.79
2022-05-01,2022,5,55-64,Females,Unemployed total,27.8
2022-05-01,2022,5,55-64,Persons,Unemployment rate,3.19
2022-05-01,2022,5,55-64,Males,Unemployment rate,3.56
2022-05-01,2022,5,55-64,Females,Unemployment rate,2.79
2022-05-01,2022,5,55-64,Persons,Labour force total,2116.42
2022-05-01,2022,5,55-64,Males,Labour force total,1118.99
2022-05-01,2022,5,55-64,Females,Labour force total,997.42
2022-05-01,2022,5,55-64,Persons,Participation rate,70.01
2022-05-01,2022,5,55-64,Males,Participation rate,75.76
2022-05-01,2022,5,55-64,Females,Participation rate,64.52
2022-05-01,2022,5,65+,Persons,Employed total,639.04
2022-05-01,2022,5,65+,Males,Employed total,392.51
2022-05-01,2022,5,65+,Females,Employed total,246.54
2022-05-01,2022,5,65+,Persons,Employment to population ratio,14.45
2022-05-01,2022,5,65+,Males,Employment to population ratio,18.98
2022-05-01,2022,5,65+,Females,Employment to population ratio,10.47
2022-05-01,2022,5,65+,Persons,Unemployed total,11.42
2022-05-01,2022,5,65+,Males,Unemployed total,7.65
2022-05-01,2022,5,65+,Females,Unemployed total,3.77
2022-05-01,2022,5,65+,Persons,Unemployment rate,1.76
2022-05-01,2022,5,65+,Males,Unemployment rate,1.91
2022-05-01,2022,5,65+,Females,Unemployment rate,1.51
2022-05-01,2022,5,65+,Persons,Labour force total,650.46
2022-05-01,2022,5,65+,Males,Labour force total,400.16
2022-05-01,2022,5,65+,Females,Labour force total,250.31
2022-05-01,2022,5,65+,Persons,Participation rate,14.71
2022-05-01,2022,5,65+,Males,Participation rate,19.34
2022-05-01,2022,5,65+,Females,Participation rate,10.63
2022-05-01,2022,5,65+,Persons,Employed total,13572.35
2022-05-01,2022,5,65+,Males,Employed total,7096.26
2022-05-01,2022,5,65+,Females,Employed total,6476.09
2022-05-01,2022,5,65+,Persons,Employment to population ratio,64.15
2022-05-01,2022,5,65+,Males,Employment to population ratio,68.23
2022-05-01,2022,5,65+,Females,Employment to population ratio,60.19
2022-05-01,2022,5,65+,Persons,Unemployed total,545.78
2022-05-01,2022,5,65+,Males,Unemployed total,291.16
2022-05-01,2022,5,65+,Females,Unemployed total,254.63
2022-05-01,2022,5,65+,Persons,Unemployment rate,3.87
2022-05-01,2022,5,65+,Males,Unemployment rate,3.94
2022-05-01,2022,5,65+,Females,Unemployment rate,3.78
2022-05-01,2022,5,65+,Persons,Labour force total,14118.13
2022-05-01,2022,5,65+,Males,Labour force total,7387.41
2022-05-01,2022,5,65+,Females,Labour force total,6730.71
2022-05-01,2022,5,65+,Persons,Participation rate,66.73
2022-05-01,2022,5,65+,Males,Participation rate,71.03
2022-05-01,2022,5,65+,Females,Participation rate,62.56
2022-06-01,2022,6,55-64,Persons,Employed total,2033.96
2022-06-01,2022,6,55-64,Males,Employed total,1070.76
2022-06-01,2022,6,55-64,Females,Employed total,963.2
2022-06-01,2022,6,55-64,Persons,Employment to population ratio,67.25
2022-06-01,2022,6,55-64,Males,Employment to population ratio,72.46
2022-06-01,2022,6,55-64,Females,Employment to population ratio,62.28
2022-06-01,2022,6,55-64,Persons,Unemployed total,61.24
2022-06-01,2022,6,55-64,Males,Unemployed total,32.89
2022-06-01,2022,6,55-64,Females,Unemployed total,28.35
2022-06-01,2022,6,55-64,Persons,Unemployment rate,2.92
2022-06-01,2022,6,55-64,Males,Unemployment rate,2.98
2022-06-01,2022,6,55-64,Females,Unemployment rate,2.86
2022-06-01,2022,6,55-64,Persons,Labour force total,2095.2
2022-06-01,2022,6,55-64,Males,Labour force total,1103.65
2022-06-01,2022,6,55-64,Females,Labour force total,991.55
2022-06-01,2022,6,55-64,Persons,Participation rate,69.28
2022-06-01,2022,6,55-64,Males,Participation rate,74.69
2022-06-01,2022,6,55-64,Females,Participation rate,64.11
2022-06-01,2022,6,65+,Persons,Employed total,659.75
2022-06-01,2022,6,65+,Males,Employed total,399.28
2022-06-01,2022,6,65+,Females,Employed total,260.47
2022-06-01,2022,6,65+,Persons,Employment to population ratio,14.88
2022-06-01,2022,6,65+,Males,Employment to population ratio,19.26
2022-06-01,2022,6,65+,Females,Employment to population ratio,11.04
2022-06-01,2022,6,65+,Persons,Unemployed total,14.38
2022-06-01,2022,6,65+,Males,Unemployed total,9.69
2022-06-01,2022,6,65+,Females,Unemployed total,4.69
2022-06-01,2022,6,65+,Persons,Unemployment rate,2.13
2022-06-01,2022,6,65+,Males,Unemployment rate,2.37
2022-06-01,2022,6,65+,Females,Unemployment rate,1.77
2022-06-01,2022,6,65+,Persons,Labour force total,674.13
2022-06-01,2022,6,65+,Males,Labour force total,408.97
2022-06-01,2022,6,65+,Females,Labour force total,265.16
2022-06-01,2022,6,65+,Persons,Participation rate,15.21
2022-06-01,2022,6,65+,Males,Participation rate,19.73
2022-06-01,2022,6,65+,Females,Participation rate,11.24
2022-06-01,2022,6,65+,Persons,Employed total,13625.21
2022-06-01,2022,6,65+,Males,Employed total,7109.5
2022-06-01,2022,6,65+,Females,Employed total,6515.71
2022-06-01,2022,6,65+,Persons,Employment to population ratio,64.29
2022-06-01,2022,6,65+,Males,Employment to population ratio,68.25
2022-06-01,2022,6,65+,Females,Employment to population ratio,60.47
2022-06-01,2022,6,65+,Persons,Unemployed total,493.65
2022-06-01,2022,6,65+,Males,Unemployed total,263.47
2022-06-01,2022,6,65+,Females,Unemployed total,230.18
2022-06-01,2022,6,65+,Persons,Unemployment rate,3.5
2022-06-01,2022,6,65+,Males,Unemployment rate,3.57
2022-06-01,2022,6,65+,Females,Unemployment rate,3.41
2022-06-01,2022,6,65+,Persons,Labour force total,14118.86
2022-06-01,2022,6,65+,Males,Labour force total,7372.97
2022-06-01,2022,6,65+,Females,Labour force total,6745.89
2022-06-01,2022,6,65+,Persons,Participation rate,66.62
2022-06-01,2022,6,65+,Males,Participation rate,70.78
2022-06-01,2022,6,65+,Females,Participation rate,62.6
2022-07-01,2022,7,55-64,Persons,Employed total,2016.28
2022-07-01,2022,7,55-64,Males,Employed total,1067.92
2022-07-01,2022,7,55-64,Females,Employed total,948.37
2022-07-01,2022,7,55-64,Persons,Employment to population ratio,66.64
2022-07-01,2022,7,55-64,Males,Employment to population ratio,72.24
2022-07-01,2022,7,55-64,Females,Employment to population ratio,61.29
2022-07-01,2022,7,55-64,Persons,Unemployed total,56.6
2022-07-01,2022,7,55-64,Males,Unemployed total,34.46
2022-07-01,2022,7,55-64,Females,Unemployed total,22.14
2022-07-01,2022,7,55-64,Persons,Unemployment rate,2.73
2022-07-01,2022,7,55-64,Males,Unemployment rate,3.13
2022-07-01,2022,7,55-64,Females,Unemployment rate,2.28
2022-07-01,2022,7,55-64,Persons,Labour force total,2072.88
2022-07-01,2022,7,55-64,Males,Labour force total,1102.38
2022-07-01,2022,7,55-64,Females,Labour force total,970.51
2022-07-01,2022,7,55-64,Persons,Participation rate,68.51
2022-07-01,2022,7,55-64,Males,Participation rate,74.57
2022-07-01,2022,7,55-64,Females,Participation rate,62.72
2022-07-01,2022,7,65+,Persons,Employed total,641.61
2022-07-01,2022,7,65+,Males,Employed total,394.6
2022-07-01,2022,7,65+,Females,Employed total,247.01
2022-07-01,2022,7,65+,Persons,Employment to population ratio,14.45
2022-07-01,2022,7,65+,Males,Employment to population ratio,19.0
2022-07-01,2022,7,65+,Females,Employment to population ratio,10.45
2022-07-01,2022,7,65+,Persons,Unemployed total,11.8
2022-07-01,2022,7,65+,Males,Unemployed total,7.58
2022-07-01,2022,7,65+,Females,Unemployed total,4.22
2022-07-01,2022,7,65+,Persons,Unemployment rate,1.81
2022-07-01,2022,7,65+,Males,Unemployment rate,1.88
2022-07-01,2022,7,65+,Females,Unemployment rate,1.68
2022-07-01,2022,7,65+,Persons,Labour force total,653.41
2022-07-01,2022,7,65+,Males,Labour force total,402.18
2022-07-01,2022,7,65+,Females,Labour force total,251.23
2022-07-01,2022,7,65+,Persons,Participation rate,14.71
2022-07-01,2022,7,65+,Males,Participation rate,19.37
2022-07-01,2022,7,65+,Females,Participation rate,10.62
2022-07-01,2022,7,65+,Persons,Employed total,13588.06
2022-07-01,2022,7,65+,Males,Employed total,7095.43
2022-07-01,2022,7,65+,Females,Employed total,6492.63
2022-07-01,2022,7,65+,Persons,Employment to population ratio,63.97
2022-07-01,2022,7,65+,Males,Employment to population ratio,67.96
2022-07-01,2022,7,65+,Females,Employment to population ratio,60.12
2022-07-01,2022,7,65+,Persons,Unemployed total,476.73
2022-07-01,2022,7,65+,Males,Unemployed total,254.61
2022-07-01,2022,7,65+,Females,Unemployed total,222.11
2022-07-01,2022,7,65+,Persons,Unemployment rate,3.39
2022-07-01,2022,7,65+,Males,Unemployment rate,3.46
2022-07-01,2022,7,65+,Females,Unemployment rate,3.31
2022-07-01,2022,7,65+,Persons,Labour force total,14064.79
2022-07-01,2022,7,65+,Males,Labour force total,7350.04
2022-07-01,2022,7,65+,Females,Labour force total,6714.74
2022-07-01,2022,7,65+,Persons,Participation rate,66.21
2022-07-01,2022,7,65+,Males,Participation rate,70.4
2022-07-01,2022,7,65+,Females,Participation rate,62.17
2022-08-01,2022,8,55-64,Persons,Employed total,2018.45
2022-08-01,2022,8,55-64,Males,Employed total,1067.58
2022-08-01,2022,8,55-64,Females,Employed total,950.86
2022-08-01,2022,8,55-64,Persons,Employment to population ratio,66.69
2022-08-01,2022,8,55-64,Males,Employment to population ratio,72.19
2022-08-01,2022,8,55-64,Females,Employment to population ratio,61.43
2022-08-01,2022,8,55-64,Persons,Unemployed total,54.56
2022-08-01,2022,8,55-64,Males,Unemployed total,31.79
2022-08-01,2022,8,55-64,Females,Unemployed total,22.77
2022-08-01,2022,8,55-64,Persons,Unemployment rate,2.63
2022-08-01,2022,8,55-64,Males,Unemployment rate,2.89
2022-08-01,2022,8,55-64,Females,Unemployment rate,2.34
2022-08-01,2022,8,55-64,Persons,Labour force total,2073.01
2022-08-01,2022,8,55-64,Males,Labour force total,1099.37
2022-08-01,2022,8,55-64,Females,Labour force total,973.63
2022-08-01,2022,8,55-64,Persons,Participation rate,68.49
2022-08-01,2022,8,55-64,Males,Participation rate,74.34
2022-08-01,2022,8,55-64,Females,Participation rate,62.9
2022-08-01,2022,8,65+,Persons,Employed total,655.54
2022-08-01,2022,8,65+,Males,Employed total,396.89
2022-08-01,2022,8,65+,Females,Employed total,258.66
2022-08-01,2022,8,65+,Persons,Employment to population ratio,14.73
2022-08-01,2022,8,65+,Males,Employment to population ratio,19.07
2022-08-01,2022,8,65+,Females,Employment to population ratio,10.92
2022-08-01,2022,8,65+,Persons,Unemployed total,13.13
2022-08-01,2022,8,65+,Males,Unemployed total,8.3
2022-08-01,2022,8,65+,Females,Unemployed total,4.82
2022-08-01,2022,8,65+,Persons,Unemployment rate,1.96
2022-08-01,2022,8,65+,Males,Unemployment rate,2.05
2022-08-01,2022,8,65+,Females,Unemployment rate,1.83
2022-08-01,2022,8,65+,Persons,Labour force total,668.67
2022-08-01,2022,8,65+,Males,Labour force total,405.19
2022-08-01,2022,8,65+,Females,Labour force total,263.48
2022-08-01,2022,8,65+,Persons,Participation rate,15.02
2022-08-01,2022,8,65+,Males,Participation rate,19.47
2022-08-01,2022,8,65+,Females,Participation rate,11.12
2022-08-01,2022,8,65+,Persons,Employed total,13599.8
2022-08-01,2022,8,65+,Males,Employed total,7103.29
2022-08-01,2022,8,65+,Females,Employed total,6496.51
2022-08-01,2022,8,65+,Persons,Employment to population ratio,63.88
2022-08-01,2022,8,65+,Males,Employment to population ratio,67.87
2022-08-01,2022,8,65+,Females,Employment to population ratio,60.02
2022-08-01,2022,8,65+,Persons,Unemployed total,498.84
2022-08-01,2022,8,65+,Males,Unemployed total,264.17
2022-08-01,2022,8,65+,Females,Unemployed total,234.66
2022-08-01,2022,8,65+,Persons,Unemployment rate,3.54
2022-08-01,2022,8,65+,Males,Unemployment rate,3.59
2022-08-01,2022,8,65+,Females,Unemployment rate,3.49
2022-08-01,2022,8,65+,Persons,Labour force total,14098.64
2022-08-01,2022,8,65+,Males,Labour force total,7367.47
2022-08-01,2022,8,65+,Females,Labour force total,6731.17
2022-08-01,2022,8,65+,Persons,Participation rate,66.22
2022-08-01,2022,8,65+,Males,Participation rate,70.4
2022-08-01,2022,8,65+,Females,Participation rate,62.18
2022-09-01,2022,9,55-64,Persons,Employed total,2012.69
2022-09-01,2022,9,55-64,Males,Employed total,1073.55
2022-09-01,2022,9,55-64,Females,Employed total,939.13
2022-09-01,2022,9,55-64,Persons,Employment to population ratio,66.47
2022-09-01,2022,9,55-64,Males,Employment to population ratio,72.57
2022-09-01,2022,9,55-64,Females,Employment to population ratio,60.65
2022-09-01,2022,9,55-64,Persons,Unemployed total,56.24
2022-09-01,2022,9,55-64,Males,Unemployed total,30.73
2022-09-01,2022,9,55-64,Females,Unemployed total,25.51
2022-09-01,2022,9,55-64,Persons,Unemployment rate,2.72
2022-09-01,2022,9,55-64,Males,Unemployment rate,2.78
2022-09-01,2022,9,55-64,Females,Unemployment rate,2.64
2022-09-01,2022,9,55-64,Persons,Labour force total,2068.92
2022-09-01,2022,9,55-64,Males,Labour force total,1104.28
2022-09-01,2022,9,55-64,Females,Labour force total,964.64
2022-09-01,2022,9,55-64,Persons,Participation rate,68.33
2022-09-01,2022,9,55-64,Males,Participation rate,74.64
2022-09-01,2022,9,55-64,Females,Participation rate,62.29
2022-09-01,2022,9,65+,Persons,Employed total,662.79
2022-09-01,2022,9,65+,Males,Employed total,398.04
2022-09-01,2022,9,65+,Females,Employed total,264.75
2022-09-01,2022,9,65+,Persons,Employment to population ratio,14.86
2022-09-01,2022,9,65+,Males,Employment to population ratio,19.09
2022-09-01,2022,9,65+,Females,Employment to population ratio,11.15
2022-09-01,2022,9,65+,Persons,Unemployed total,15.09
2022-09-01,2022,9,65+,Males,Unemployed total,8.94
2022-09-01,2022,9,65+,Females,Unemployed total,6.14
2022-09-01,2022,9,65+,Persons,Unemployment rate,2.23
2022-09-01,2022,9,65+,Males,Unemployment rate,2.2
2022-09-01,2022,9,65+,Females,Unemployment rate,2.27
2022-09-01,2022,9,65+,Persons,Labour force total,677.88
2022-09-01,2022,9,65+,Males,Labour force total,406.98
2022-09-01,2022,9,65+,Females,Labour force total,270.9
2022-09-01,2022,9,65+,Persons,Participation rate,15.2
2022-09-01,2022,9,65+,Males,Participation rate,19.52
2022-09-01,2022,9,65+,Females,Participation rate,11.41
2022-09-01,2022,9,65+,Persons,Employed total,13641.3
2022-09-01,2022,9,65+,Males,Employed total,7142.75
2022-09-01,2022,9,65+,Females,Employed total,6498.55
2022-09-01,2022,9,65+,Persons,Employment to population ratio,63.93
2022-09-01,2022,9,65+,Males,Employment to population ratio,68.09
2022-09-01,2022,9,65+,Females,Employment to population ratio,59.9
2022-09-01,2022,9,65+,Persons,Unemployed total,492.31
2022-09-01,2022,9,65+,Males,Unemployed total,262.48
2022-09-01,2022,9,65+,Females,Unemployed total,229.83
2022-09-01,2022,9,65+,Persons,Unemployment rate,3.48
2022-09-01,2022,9,65+,Males,Unemployment rate,3.54
2022-09-01,2022,9,65+,Females,Unemployment rate,3.42
2022-09-01,2022,9,65+,Persons,Labour force total,14133.61
2022-09-01,2022,9,65+,Males,Labour force total,7405.23
2022-09-01,2022,9,65+,Females,Labour force total,6728.38
2022-09-01,2022,9,65+,Persons,Participation rate,66.23
2022-09-01,2022,9,65+,Males,Participation rate,70.59
2022-09-01,2022,9,65+,Females,Participation rate,62.02
2022-10-01,2022,10,55-64,Persons,Employed total,2013.85
2022-10-01,2022,10,55-64,Males,Employed total,1073.72
2022-10-01,2022,10,55-64,Females,Employed total,940.13
2022-10-01,2022,10,55-64,Persons,Employment to population ratio,66.48
2022-10-01,2022,10,55-64,Males,Employment to population ratio,72.55
2022-10-01,2022,10,55-64,Females,Employment to population ratio,60.68
2022-10-01,2022,10,55-64,Persons,Unemployed total,53.81
2022-10-01,2022,10,55-64,Males,Unemployed total,30.39
2022-10-01,2022,10,55-64,Females,Unemployed total,23.42
2022-10-01,2022,10,55-64,Persons,Unemployment rate,2.6
2022-10-01,2022,10,55-64,Males,Unemployment rate,2.75
2022-10-01,2022,10,55-64,Females,Unemployment rate,2.43
2022-10-01,2022,10,55-64,Persons,Labour force total,2067.67
2022-10-01,2022,10,55-64,Males,Labour force total,1104.11
2022-10-01,2022,10,55-64,Females,Labour force total,963.55
2022-10-01,2022,10,55-64,Persons,Participation rate,68.25
2022-10-01,2022,10,55-64,Males,Participation rate,74.6
2022-10-01,2022,10,55-64,Females,Participation rate,62.19
2022-10-01,2022,10,65+,Persons,Employed total,666.75
2022-10-01,2022,10,65+,Males,Employed total,406.88
2022-10-01,2022,10,65+,Females,Employed total,259.87
2022-10-01,2022,10,65+,Persons,Employment to population ratio,14.91
2022-10-01,2022,10,65+,Males,Employment to population ratio,19.47
2022-10-01,2022,10,65+,Females,Employment to population ratio,10.91
2022-10-01,2022,10,65+,Persons,Unemployed total,15.15
2022-10-01,2022,10,65+,Males,Unemployed total,8.64
2022-10-01,2022,10,65+,Females,Unemployed total,6.5
2022-10-01,2022,10,65+,Persons,Unemployment rate,2.22
2022-10-01,2022,10,65+,Males,Unemployment rate,2.08
2022-10-01,2022,10,65+,Females,Unemployment rate,2.44
2022-10-01,2022,10,65+,Persons,Labour force total,681.89
2022-10-01,2022,10,65+,Males,Labour force total,415.52
2022-10-01,2022,10,65+,Females,Labour force total,266.37
2022-10-01,2022,10,65+,Persons,Participation rate,15.25
2022-10-01,2022,10,65+,Males,Participation rate,19.88
2022-10-01,2022,10,65+,Females,Participation rate,11.19
2022-10-01,2022,10,65+,Persons,Employed total,13701.09
2022-10-01,2022,10,65+,Males,Employed total,7176.2
2022-10-01,2022,10,65+,Females,Employed total,6524.89
2022-10-01,2022,10,65+,Persons,Employment to population ratio,64.06
2022-10-01,2022,10,65+,Males,Employment to population ratio,68.25
2022-10-01,2022,10,65+,Females,Employment to population ratio,60.01
2022-10-01,2022,10,65+,Persons,Unemployed total,467.98
2022-10-01,2022,10,65+,Males,Unemployed total,232.98
2022-10-01,2022,10,65+,Females,Unemployed total,235.0
2022-10-01,2022,10,65+,Persons,Unemployment rate,3.3
2022-10-01,2022,10,65+,Males,Unemployment rate,3.14
2022-10-01,2022,10,65+,Females,Unemployment rate,3.48
2022-10-01,2022,10,65+,Persons,Labour force total,14169.07
2022-10-01,2022,10,65+,Males,Labour force total,7409.19
2022-10-01,2022,10,65+,Females,Labour force total,6759.88
2022-10-01,2022,10,65+,Persons,Participation rate,66.25
2022-10-01,2022,10,65+,Males,Participation rate,70.46
2022-10-01,2022,10,65+,Females,Participation rate,62.17
2022-11-01,2022,11,55-64,Persons,Employed total,2025.16
2022-11-01,2022,11,55-64,Males,Employed total,1079.16
2022-11-01,2022,11,55-64,Females,Employed total,946.0
2022-11-01,2022,11,55-64,Persons,Employment to population ratio,66.82
2022-11-01,2022,11,55-64,Males,Employment to population ratio,72.88
2022-11-01,2022,11,55-64,Females,Employment to population ratio,61.02
2022-11-01,2022,11,55-64,Persons,Unemployed total,49.42
2022-11-01,2022,11,55-64,Males,Unemployed total,24.64
2022-11-01,2022,11,55-64,Females,Unemployed total,24.78
2022-11-01,2022,11,55-64,Persons,Unemployment rate,2.38
2022-11-01,2022,11,55-64,Males,Unemployment rate,2.23
2022-11-01,2022,11,55-64,Females,Unemployment rate,2.55
2022-11-01,2022,11,55-64,Persons,Labour force total,2074.57
2022-11-01,2022,11,55-64,Males,Labour force total,1103.79
2022-11-01,2022,11,55-64,Females,Labour force total,970.78
2022-11-01,2022,11,55-64,Persons,Participation rate,68.45
2022-11-01,2022,11,55-64,Males,Participation rate,74.55
2022-11-01,2022,11,55-64,Females,Participation rate,62.62
2022-11-01,2022,11,65+,Persons,Employed total,689.58
2022-11-01,2022,11,65+,Males,Employed total,410.76
2022-11-01,2022,11,65+,Females,Employed total,278.82
2022-11-01,2022,11,65+,Persons,Employment to population ratio,15.38
2022-11-01,2022,11,65+,Males,Employment to population ratio,19.6
2022-11-01,2022,11,65+,Females,Employment to population ratio,11.68
2022-11-01,2022,11,65+,Persons,Unemployed total,11.89
2022-11-01,2022,11,65+,Males,Unemployed total,7.68
2022-11-01,2022,11,65+,Females,Unemployed total,4.21
2022-11-01,2022,11,65+,Persons,Unemployment rate,1.69
2022-11-01,2022,11,65+,Males,Unemployment rate,1.83
2022-11-01,2022,11,65+,Females,Unemployment rate,1.49
2022-11-01,2022,11,65+,Persons,Labour force total,701.47
2022-11-01,2022,11,65+,Males,Labour force total,418.44
2022-11-01,2022,11,65+,Females,Labour force total,283.03
2022-11-01,2022,11,65+,Persons,Participation rate,15.65
2022-11-01,2022,11,65+,Males,Participation rate,19.97
2022-11-01,2022,11,65+,Females,Participation rate,11.86
2022-11-01,2022,11,65+,Persons,Employed total,13844.62
2022-11-01,2022,11,65+,Males,Employed total,7237.37
2022-11-01,2022,11,65+,Females,Employed total,6607.25
2022-11-01,2022,11,65+,Persons,Employment to population ratio,64.58
2022-11-01,2022,11,65+,Males,Employment to population ratio,68.67
2022-11-01,2022,11,65+,Females,Employment to population ratio,60.63
2022-11-01,2022,11,65+,Persons,Unemployed total,465.33
2022-11-01,2022,11,65+,Males,Unemployed total,243.34
2022-11-01,2022,11,65+,Females,Unemployed total,221.99
2022-11-01,2022,11,65+,Persons,Unemployment rate,3.25
2022-11-01,2022,11,65+,Males,Unemployment rate,3.25
2022-11-01,2022,11,65+,Females,Unemployment rate,3.25
2022-11-01,2022,11,65+,Persons,Labour force total,14309.95
2022-11-01,2022,11,65+,Males,Labour force total,7480.71
2022-11-01,2022,11,65+,Females,Labour force total,6829.24
2022-11-01,2022,11,65+,Persons,Participation rate,66.75
2022-11-01,2022,11,65+,Males,Participation rate,70.98
2022-11-01,2022,11,65+,Females,Participation rate,62.67
2022-12-01,2022,12,55-64,Persons,Employed total,2021.29
2022-12-01,2022,12,55-64,Males,Employed total,1076.57
2022-12-01,2022,12,55-64,Females,Employed total,944.72
2022-12-01,2022,12,55-64,Persons,Employment to population ratio,66.66
2022-12-01,2022,12,55-64,Males,Employment to population ratio,72.67
2022-12-01,2022,12,55-64,Females,Employment to population ratio,60.91
2022-12-01,2022,12,55-64,Persons,Unemployed total,53.32
2022-12-01,2022,12,55-64,Males,Unemployed total,30.23
2022-12-01,2022,12,55-64,Females,Unemployed total,23.09
2022-12-01,2022,12,55-64,Persons,Unemployment rate,2.57
2022-12-01,2022,12,55-64,Males,Unemployment rate,2.73
2022-12-01,2022,12,55-64,Females,Unemployment rate,2.39
2022-12-01,2022,12,55-64,Persons,Labour force total,2074.61
2022-12-01,2022,12,55-64,Males,Labour force total,1106.8
2022-12-01,2022,12,55-64,Females,Labour force total,967.81
2022-12-01,2022,12,55-64,Persons,Participation rate,68.42
2022-12-01,2022,12,55-64,Males,Participation rate,74.71
2022-12-01,2022,12,55-64,Females,Participation rate,62.4
2022-12-01,2022,12,65+,Persons,Employed total,685.01
2022-12-01,2022,12,65+,Males,Employed total,404.23
2022-12-01,2022,12,65+,Females,Employed total,280.78
2022-12-01,2022,12,65+,Persons,Employment to population ratio,15.24
2022-12-01,2022,12,65+,Males,Employment to population ratio,19.24
2022-12-01,2022,12,65+,Females,Employment to population ratio,11.73
2022-12-01,2022,12,65+,Persons,Unemployed total,10.19
2022-12-01,2022,12,65+,Males,Unemployed total,5.97
2022-12-01,2022,12,65+,Females,Unemployed total,4.21
2022-12-01,2022,12,65+,Persons,Unemployment rate,1.47
2022-12-01,2022,12,65+,Males,Unemployment rate,1.46
2022-12-01,2022,12,65+,Females,Unemployment rate,1.48
2022-12-01,2022,12,65+,Persons,Labour force total,695.19
2022-12-01,2022,12,65+,Males,Labour force total,410.2
2022-12-01,2022,12,65+,Females,Labour force total,285.0
2022-12-01,2022,12,65+,Persons,Participation rate,15.47
2022-12-01,2022,12,65+,Males,Participation rate,19.53
2022-12-01,2022,12,65+,Females,Participation rate,11.91
2022-12-01,2022,12,65+,Persons,Employed total,13907.79
2022-12-01,2022,12,65+,Males,Employed total,7269.72
2022-12-01,2022,12,65+,Females,Employed total,6638.07
2022-12-01,2022,12,65+,Persons,Employment to population ratio,64.73
2022-12-01,2022,12,65+,Males,Employment to population ratio,68.81
2022-12-01,2022,12,65+,Females,Employment to population ratio,60.78
2022-12-01,2022,12,65+,Persons,Unemployed total,480.68
2022-12-01,2022,12,65+,Males,Unemployed total,254.85
2022-12-01,2022,12,65+,Females,Unemployed total,225.83
2022-12-01,2022,12,65+,Persons,Unemployment rate,3.34
2022-12-01,2022,12,65+,Males,Unemployment rate,3.39
2022-12-01,2022,12,65+,Females,Unemployment rate,3.29
2022-12-01,2022,12,65+,Persons,Labour force total,14388.47
2022-12-01,2022,12,65+,Males,Labour force total,7524.57
2022-12-01,2022,12,65+,Females,Labour force total,6863.9
2022-12-01,2022,12,65+,Persons,Participation rate,66.97
2022-12-01,2022,12,65+,Males,Participation rate,71.22
2022-12-01,2022,12,65+,Females,Participation rate,62.85
2023-01-01,2023,1,55-64,Persons,Employed total,1965.54
2023-01-01,2023,1,55-64,Males,Employed total,1045.84
2023-01-01,2023,1,55-64,Females,Employed total,919.7
2023-01-01,2023,1,55-64,Persons,Employment to population ratio,64.79
2023-01-01,2023,1,55-64,Males,Employment to population ratio,70.57
2023-01-01,2023,1,55-64,Females,Employment to population ratio,59.27
2023-01-01,2023,1,55-64,Persons,Unemployed total,66.15
2023-01-01,2023,1,55-64,Males,Unemployed total,38.75
2023-01-01,2023,1,55-64,Females,Unemployed total,27.39
2023-01-01,2023,1,55-64,Persons,Unemployment rate,3.26
2023-01-01,2023,1,55-64,Males,Unemployment rate,3.57
2023-01-01,2023,1,55-64,Females,Unemployment rate,2.89
2023-01-01,2023,1,55-64,Persons,Labour force total,2031.68
2023-01-01,2023,1,55-64,Males,Labour force total,1084.59
2023-01-01,2023,1,55-64,Females,Labour force total,947.09
2023-01-01,2023,1,55-64,Persons,Participation rate,66.97
2023-01-01,2023,1,55-64,Males,Participation rate,73.19
2023-01-01,2023,1,55-64,Females,Participation rate,61.04
2023-01-01,2023,1,65+,Persons,Employed total,637.91
2023-01-01,2023,1,65+,Males,Employed total,377.36
2023-01-01,2023,1,65+,Females,Employed total,260.55
2023-01-01,2023,1,65+,Persons,Employment to population ratio,14.16
2023-01-01,2023,1,65+,Males,Employment to population ratio,17.92
2023-01-01,2023,1,65+,Females,Employment to population ratio,10.86
2023-01-01,2023,1,65+,Persons,Unemployed total,12.71
2023-01-01,2023,1,65+,Males,Unemployed total,6.41
2023-01-01,2023,1,65+,Females,Unemployed total,6.3
2023-01-01,2023,1,65+,Persons,Unemployment rate,1.95
2023-01-01,2023,1,65+,Males,Unemployment rate,1.67
2023-01-01,2023,1,65+,Females,Unemployment rate,2.36
2023-01-01,2023,1,65+,Persons,Labour force total,650.63
2023-01-01,2023,1,65+,Males,Labour force total,383.77
2023-01-01,2023,1,65+,Females,Labour force total,266.86
2023-01-01,2023,1,65+,Persons,Participation rate,14.44
2023-01-01,2023,1,65+,Males,Participation rate,18.23
2023-01-01,2023,1,65+,Females,Participation rate,11.12
2023-01-01,2023,1,65+,Persons,Employed total,13578.67
2023-01-01,2023,1,65+,Males,Employed total,7123.19
2023-01-01,2023,1,65+,Females,Employed total,6455.48
2023-01-01,2023,1,65+,Persons,Employment to population ratio,63.01
2023-01-01,2023,1,65+,Males,Employment to population ratio,67.22
2023-01-01,2023,1,65+,Females,Employment to population ratio,58.94
2023-01-01,2023,1,65+,Persons,Unemployed total,565.83
2023-01-01,2023,1,65+,Males,Unemployed total,308.69
2023-01-01,2023,1,65+,Females,Unemployed total,257.14
2023-01-01,2023,1,65+,Persons,Unemployment rate,4.0
2023-01-01,2023,1,65+,Males,Unemployment rate,4.15
2023-01-01,2023,1,65+,Females,Unemployment rate,3.83
2023-01-01,2023,1,65+,Persons,Labour force total,14144.5
2023-01-01,2023,1,65+,Males,Labour force total,7431.89
2023-01-01,2023,1,65+,Females,Labour force total,6712.62
2023-01-01,2023,1,65+,Persons,Participation rate,65.64
2023-01-01,2023,1,65+,Males,Participation rate,70.13
2023-01-01,2023,1,65+,Females,Participation rate,61.29
2023-02-01,2023,2,55-64,Persons,Employed total,2038.37
2023-02-01,2023,2,55-64,Males,Employed total,1077.58
2023-02-01,2023,2,55-64,Females,Employed total,960.79
2023-02-01,2023,2,55-64,Persons,Employment to population ratio,67.17
2023-02-01,2023,2,55-64,Males,Employment to population ratio,72.68
2023-02-01,2023,2,55-64,Females,Employment to population ratio,61.9
2023-02-01,2023,2,55-64,Persons,Unemployed total,63.28
2023-02-01,2023,2,55-64,Males,Unemployed total,35.3
2023-02-01,2023,2,55-64,Females,Unemployed total,27.99
2023-02-01,2023,2,55-64,Persons,Unemployment rate,3.01
2023-02-01,2023,2,55-64,Males,Unemployment rate,3.17
2023-02-01,2023,2,55-64,Females,Unemployment rate,2.83
2023-02-01,2023,2,55-64,Persons,Labour force total,2101.65
2023-02-01,2023,2,55-64,Males,Labour force total,1112.87
2023-02-01,2023,2,55-64,Females,Labour force total,988.78
2023-02-01,2023,2,55-64,Persons,Participation rate,69.25
2023-02-01,2023,2,55-64,Males,Participation rate,75.06
2023-02-01,2023,2,55-64,Females,Participation rate,63.7
2023-02-01,2023,2,65+,Persons,Employed total,677.06
2023-02-01,2023,2,65+,Males,Employed total,408.46
2023-02-01,2023,2,65+,Females,Employed total,268.6
2023-02-01,2023,2,65+,Persons,Employment to population ratio,14.99
2023-02-01,2023,2,65+,Males,Employment to population ratio,19.35
2023-02-01,2023,2,65+,Females,Employment to population ratio,11.16
2023-02-01,2023,2,65+,Persons,Unemployed total,9.99
2023-02-01,2023,2,65+,Males,Unemployed total,6.13
2023-02-01,2023,2,65+,Females,Unemployed total,3.85
2023-02-01,2023,2,65+,Persons,Unemployment rate,1.45
2023-02-01,2023,2,65+,Males,Unemployment rate,1.48
2023-02-01,2023,2,65+,Females,Unemployment rate,1.41
2023-02-01,2023,2,65+,Persons,Labour force total,687.05
2023-02-01,2023,2,65+,Males,Labour force total,414.59
2023-02-01,2023,2,65+,Females,Labour force total,272.46
2023-02-01,2023,2,65+,Persons,Participation rate,15.21
2023-02-01,2023,2,65+,Males,Participation rate,19.64
2023-02-01,2023,2,65+,Females,Participation rate,11.32
2023-02-01,2023,2,65+,Persons,Employed total,13922.03
2023-02-01,2023,2,65+,Males,Employed total,7292.35
2023-02-01,2023,2,65+,Females,Employed total,6629.68
2023-02-01,2023,2,65+,Persons,Employment to population ratio,64.42
2023-02-01,2023,2,65+,Males,Employment to population ratio,68.61
2023-02-01,2023,2,65+,Females,Employment to population ratio,60.36
2023-02-01,2023,2,65+,Persons,Unemployed total,565.43
2023-02-01,2023,2,65+,Males,Unemployed total,299.97
2023-02-01,2023,2,65+,Females,Unemployed total,265.46
2023-02-01,2023,2,65+,Persons,Unemployment rate,3.9
2023-02-01,2023,2,65+,Males,Unemployment rate,3.95
2023-02-01,2023,2,65+,Females,Unemployment rate,3.85
2023-02-01,2023,2,65+,Persons,Labour force total,14487.46
2023-02-01,2023,2,65+,Males,Labour force total,7592.32
2023-02-01,2023,2,65+,Females,Labour force total,6895.14
2023-02-01,2023,2,65+,Persons,Participation rate,67.03
2023-02-01,2023,2,65+,Males,Participation rate,71.43
2023-02-01,2023,2,65+,Females,Participation rate,62.78
2023-03-01,2023,3,55-64,Persons,Employed total,2032.21
2023-03-01,2023,3,55-64,Males,Employed total,1064.82
2023-03-01,2023,3,55-64,Females,Employed total,967.39
2023-03-01,2023,3,55-64,Persons,Employment to population ratio,66.94
2023-03-01,2023,3,55-64,Males,Employment to population ratio,71.79
2023-03-01,2023,3,55-64,Females,Employment to population ratio,62.3
2023-03-01,2023,3,55-64,Persons,Unemployed total,55.53
2023-03-01,2023,3,55-64,Males,Unemployed total,31.24
2023-03-01,2023,3,55-64,Females,Unemployed total,24.29
2023-03-01,2023,3,55-64,Persons,Unemployment rate,2.66
2023-03-01,2023,3,55-64,Males,Unemployment rate,2.85
2023-03-01,2023,3,55-64,Females,Unemployment rate,2.45
2023-03-01,2023,3,55-64,Persons,Labour force total,2087.74
2023-03-01,2023,3,55-64,Males,Labour force total,1096.06
2023-03-01,2023,3,55-64,Females,Labour force total,991.68
2023-03-01,2023,3,55-64,Persons,Participation rate,68.77
2023-03-01,2023,3,55-64,Males,Participation rate,73.9
2023-03-01,2023,3,55-64,Females,Participation rate,63.86
2023-03-01,2023,3,65+,Persons,Employed total,677.35
2023-03-01,2023,3,65+,Males,Employed total,403.93
2023-03-01,2023,3,65+,Females,Employed total,273.41
2023-03-01,2023,3,65+,Persons,Employment to population ratio,14.96
2023-03-01,2023,3,65+,Males,Employment to population ratio,19.09
2023-03-01,2023,3,65+,Females,Employment to population ratio,11.33
2023-03-01,2023,3,65+,Persons,Unemployed total,13.14
2023-03-01,2023,3,65+,Males,Unemployed total,9.0
2023-03-01,2023,3,65+,Females,Unemployed total,4.14
2023-03-01,2023,3,65+,Persons,Unemployment rate,1.9
2023-03-01,2023,3,65+,Males,Unemployment rate,2.18
2023-03-01,2023,3,65+,Females,Unemployment rate,1.49
2023-03-01,2023,3,65+,Persons,Labour force total,690.49
2023-03-01,2023,3,65+,Males,Labour force total,412.93
2023-03-01,2023,3,65+,Females,Labour force total,277.56
2023-03-01,2023,3,65+,Persons,Participation rate,15.25
2023-03-01,2023,3,65+,Males,Participation rate,19.51
2023-03-01,2023,3,65+,Females,Participation rate,11.5
2023-03-01,2023,3,65+,Persons,Employed total,13960.21
2023-03-01,2023,3,65+,Males,Employed total,7292.23
2023-03-01,2023,3,65+,Females,Employed total,6667.98
2023-03-01,2023,3,65+,Persons,Employment to population ratio,64.4
2023-03-01,2023,3,65+,Males,Employment to population ratio,68.4
2023-03-01,2023,3,65+,Females,Employment to population ratio,60.54
2023-03-01,2023,3,65+,Persons,Unemployed total,551.41
2023-03-01,2023,3,65+,Males,Unemployed total,294.65
2023-03-01,2023,3,65+,Females,Unemployed total,256.76
2023-03-01,2023,3,65+,Persons,Unemployment rate,3.8
2023-03-01,2023,3,65+,Males,Unemployment rate,3.88
2023-03-01,2023,3,65+,Females,Unemployment rate,3.71
2023-03-01,2023,3,65+,Persons,Labour force total,14511.62
2023-03-01,2023,3,65+,Males,Labour force total,7586.88
2023-03-01,2023,3,65+,Females,Labour force total,6924.74
2023-03-01,2023,3,65+,Persons,Participation rate,66.95
2023-03-01,2023,3,65+,Males,Participation rate,71.16
2023-03-01,2023,3,65+,Females,Participation rate,62.87
2023-04-01,2023,4,55-64,Persons,Employed total,2028.78
2023-04-01,2023,4,55-64,Males,Employed total,1064.56
2023-04-01,2023,4,55-64,Females,Employed total,964.22
2023-04-01,2023,4,55-64,Persons,Employment to population ratio,66.79
2023-04-01,2023,4,55-64,Males,Employment to population ratio,71.74
2023-04-01,2023,4,55-64,Females,Employment to population ratio,62.07
2023-04-01,2023,4,55-64,Persons,Unemployed total,56.4
2023-04-01,2023,4,55-64,Males,Unemployed total,31.26
2023-04-01,2023,4,55-64,Females,Unemployed total,25.14
2023-04-01,2023,4,55-64,Persons,Unemployment rate,2.7
2023-04-01,2023,4,55-64,Males,Unemployment rate,2.85
2023-04-01,2023,4,55-64,Females,Unemployment rate,2.54
2023-04-01,2023,4,55-64,Persons,Labour force total,2085.18
2023-04-01,2023,4,55-64,Males,Labour force total,1095.82
2023-04-01,2023,4,55-64,Females,Labour force total,989.36
2023-04-01,2023,4,55-64,Persons,Participation rate,68.65
2023-04-01,2023,4,55-64,Males,Participation rate,73.85
2023-04-01,2023,4,55-64,Females,Participation rate,63.68
2023-04-01,2023,4,65+,Persons,Employed total,658.44
2023-04-01,2023,4,65+,Males,Employed total,398.83
2023-04-01,2023,4,65+,Females,Employed total,259.6
2023-04-01,2023,4,65+,Persons,Employment to population ratio,14.51
2023-04-01,2023,4,65+,Males,Employment to population ratio,18.81
2023-04-01,2023,4,65+,Females,Employment to population ratio,10.74
2023-04-01,2023,4,65+,Persons,Unemployed total,16.33
2023-04-01,2023,4,65+,Males,Unemployed total,10.12
2023-04-01,2023,4,65+,Females,Unemployed total,6.21
2023-04-01,2023,4,65+,Persons,Unemployment rate,2.42
2023-04-01,2023,4,65+,Males,Unemployment rate,2.47
2023-04-01,2023,4,65+,Females,Unemployment rate,2.34
2023-04-01,2023,4,65+,Persons,Labour force total,674.76
2023-04-01,2023,4,65+,Males,Labour force total,408.95
2023-04-01,2023,4,65+,Females,Labour force total,265.81
2023-04-01,2023,4,65+,Persons,Participation rate,14.87
2023-04-01,2023,4,65+,Males,Participation rate,19.29
2023-04-01,2023,4,65+,Females,Participation rate,10.99
2023-04-01,2023,4,65+,Persons,Employed total,13921.95
2023-04-01,2023,4,65+,Males,Employed total,7273.9
2023-04-01,2023,4,65+,Females,Employed total,6648.05
2023-04-01,2023,4,65+,Persons,Employment to population ratio,64.09
2023-04-01,2023,4,65+,Males,Employment to population ratio,68.07
2023-04-01,2023,4,65+,Females,Employment to population ratio,60.23
2023-04-01,2023,4,65+,Persons,Unemployed total,546.49
2023-04-01,2023,4,65+,Males,Unemployed total,307.54
2023-04-01,2023,4,65+,Females,Unemployed total,238.94
2023-04-01,2023,4,65+,Persons,Unemployment rate,3.78
2023-04-01,2023,4,65+,Males,Unemployment rate,4.06
2023-04-01,2023,4,65+,Females,Unemployment rate,3.47
2023-04-01,2023,4,65+,Persons,Labour force total,14468.44
2023-04-01,2023,4,65+,Males,Labour force total,7581.45
2023-04-01,2023,4,65+,Females,Labour force total,6887.0
2023-04-01,2023,4,65+,Persons,Participation rate,66.6
2023-04-01,2023,4,65+,Males,Participation rate,70.95
2023-04-01,2023,4,65+,Females,Participation rate,62.39
2023-05-01,2023,5,55-64,Persons,Employed total,2058.93
2023-05-01,2023,5,55-64,Males,Employed total,1075.73
2023-05-01,2023,5,55-64,Females,Employed total,983.2
2023-05-01,2023,5,55-64,Persons,Employment to population ratio,67.75
2023-05-01,2023,5,55-64,Males,Employment to population ratio,72.46
2023-05-01,2023,5,55-64,Females,Employment to population ratio,63.26
2023-05-01,2023,5,55-64,Persons,Unemployed total,56.48
2023-05-01,2023,5,55-64,Males,Unemployed total,30.73
2023-05-01,2023,5,55-64,Females,Unemployed total,25.75
2023-05-01,2023,5,55-64,Persons,Unemployment rate,2.67
2023-05-01,2023,5,55-64,Males,Unemployment rate,2.78
2023-05-01,2023,5,55-64,Females,Unemployment rate,2.55
2023-05-01,2023,5,55-64,Persons,Labour force total,2115.4
2023-05-01,2023,5,55-64,Males,Labour force total,1106.46
2023-05-01,2023,5,55-64,Females,Labour force total,1008.94
2023-05-01,2023,5,55-64,Persons,Participation rate,69.61
2023-05-01,2023,5,55-64,Males,Participation rate,74.53
2023-05-01,2023,5,55-64,Females,Participation rate,64.91
2023-05-01,2023,5,65+,Persons,Employed total,685.64
2023-05-01,2023,5,65+,Males,Employed total,409.35
2023-05-01,2023,5,65+,Females,Employed total,276.29
2023-05-01,2023,5,65+,Persons,Employment to population ratio,15.07
2023-05-01,2023,5,65+,Males,Employment to population ratio,19.26
2023-05-01,2023,5,65+,Females,Employment to population ratio,11.4
2023-05-01,2023,5,65+,Persons,Unemployed total,14.87
2023-05-01,2023,5,65+,Males,Unemployed total,8.13
2023-05-01,2023,5,65+,Females,Unemployed total,6.73
2023-05-01,2023,5,65+,Persons,Unemployment rate,2.12
2023-05-01,2023,5,65+,Males,Unemployment rate,1.95
2023-05-01,2023,5,65+,Females,Unemployment rate,2.38
2023-05-01,2023,5,65+,Persons,Labour force total,700.5
2023-05-01,2023,5,65+,Males,Labour force total,417.48
2023-05-01,2023,5,65+,Females,Labour force total,283.02
2023-05-01,2023,5,65+,Persons,Participation rate,15.4
2023-05-01,2023,5,65+,Males,Participation rate,19.65
2023-05-01,2023,5,65+,Females,Participation rate,11.68
2023-05-01,2023,5,65+,Persons,Employed total,14102.08
2023-05-01,2023,5,65+,Males,Employed total,7353.21
2023-05-01,2023,5,65+,Females,Employed total,6748.87
2023-05-01,2023,5,65+,Persons,Employment to population ratio,64.78
2023-05-01,2023,5,65+,Males,Employment to population ratio,68.66
2023-05-01,2023,5,65+,Females,Employment to population ratio,61.02
2023-05-01,2023,5,65+,Persons,Unemployed total,515.34
2023-05-01,2023,5,65+,Males,Unemployed total,271.37
2023-05-01,2023,5,65+,Females,Unemployed total,243.96
2023-05-01,2023,5,65+,Persons,Unemployment rate,3.53
2023-05-01,2023,5,65+,Males,Unemployment rate,3.56
2023-05-01,2023,5,65+,Females,Unemployment rate,3.49
2023-05-01,2023,5,65+,Persons,Labour force total,14617.42
2023-05-01,2023,5,65+,Males,Labour force total,7624.58
2023-05-01,2023,5,65+,Females,Labour force total,6992.83
2023-05-01,2023,5,65+,Persons,Participation rate,67.14
2023-05-01,2023,5,65+,Males,Participation rate,71.19
2023-05-01,2023,5,65+,Females,Participation rate,63.22
2023-06-01,2023,6,55-64,Persons,Employed total,2027.67
2023-06-01,2023,6,55-64,Males,Employed total,1064.87
2023-06-01,2023,6,55-64,Females,Employed total,962.79
2023-06-01,2023,6,55-64,Persons,Employment to population ratio,66.69
2023-06-01,2023,6,55-64,Males,Employment to population ratio,71.69
2023-06-01,2023,6,55-64,Females,Employment to population ratio,61.91
2023-06-01,2023,6,55-64,Persons,Unemployed total,58.31
2023-06-01,2023,6,55-64,Males,Unemployed total,29.79
2023-06-01,2023,6,55-64,Females,Unemployed total,28.52
2023-06-01,2023,6,55-64,Persons,Unemployment rate,2.8
2023-06-01,2023,6,55-64,Males,Unemployment rate,2.72
2023-06-01,2023,6,55-64,Females,Unemployment rate,2.88
2023-06-01,2023,6,55-64,Persons,Labour force total,2085.97
2023-06-01,2023,6,55-64,Males,Labour force total,1094.66
2023-06-01,2023,6,55-64,Females,Labour force total,991.31
2023-06-01,2023,6,55-64,Persons,Participation rate,68.61
2023-06-01,2023,6,55-64,Males,Participation rate,73.7
2023-06-01,2023,6,55-64,Females,Participation rate,63.75
2023-06-01,2023,6,65+,Persons,Employed total,697.03
2023-06-01,2023,6,65+,Males,Employed total,422.45
2023-06-01,2023,6,65+,Females,Employed total,274.58
2023-06-01,2023,6,65+,Persons,Employment to population ratio,15.29
2023-06-01,2023,6,65+,Males,Employment to population ratio,19.84
2023-06-01,2023,6,65+,Females,Employment to population ratio,11.3
2023-06-01,2023,6,65+,Persons,Unemployed total,15.32
2023-06-01,2023,6,65+,Males,Unemployed total,10.96
2023-06-01,2023,6,65+,Females,Unemployed total,4.36
2023-06-01,2023,6,65+,Persons,Unemployment rate,2.15
2023-06-01,2023,6,65+,Males,Unemployment rate,2.53
2023-06-01,2023,6,65+,Females,Unemployment rate,1.56
2023-06-01,2023,6,65+,Persons,Labour force total,712.35
2023-06-01,2023,6,65+,Males,Labour force total,433.41
2023-06-01,2023,6,65+,Females,Labour force total,278.94
2023-06-01,2023,6,65+,Persons,Participation rate,15.63
2023-06-01,2023,6,65+,Males,Participation rate,20.35
2023-06-01,2023,6,65+,Females,Participation rate,11.48
2023-06-01,2023,6,65+,Persons,Employed total,14070.26
2023-06-01,2023,6,65+,Males,Employed total,7344.4
2023-06-01,2023,6,65+,Females,Employed total,6725.86
2023-06-01,2023,6,65+,Persons,Employment to population ratio,64.49
2023-06-01,2023,6,65+,Males,Employment to population ratio,68.42
2023-06-01,2023,6,65+,Females,Employment to population ratio,60.68
2023-06-01,2023,6,65+,Persons,Unemployed total,495.76
2023-06-01,2023,6,65+,Males,Unemployed total,266.72
2023-06-01,2023,6,65+,Females,Unemployed total,229.04
2023-06-01,2023,6,65+,Persons,Unemployment rate,3.4
2023-06-01,2023,6,65+,Males,Unemployment rate,3.5
2023-06-01,2023,6,65+,Females,Unemployment rate,3.29
2023-06-01,2023,6,65+,Persons,Labour force total,14566.03
2023-06-01,2023,6,65+,Males,Labour force total,7611.13
2023-06-01,2023,6,65+,Females,Labour force total,6954.9
2023-06-01,2023,6,65+,Persons,Participation rate,66.76
2023-06-01,2023,6,65+,Males,Participation rate,70.91
2023-06-01,2023,6,65+,Females,Participation rate,62.75
2023-07-01,2023,7,55-64,Persons,Employed total,2034.69
2023-07-01,2023,7,55-64,Males,Employed total,1080.91
2023-07-01,2023,7,55-64,Females,Employed total,953.78
2023-07-01,2023,7,55-64,Persons,Employment to population ratio,66.88
2023-07-01,2023,7,55-64,Males,Employment to population ratio,72.72
2023-07-01,2023,7,55-64,Females,Employment to population ratio,61.29
2023-07-01,2023,7,55-64,Persons,Unemployed total,55.98
2023-07-01,2023,7,55-64,Males,Unemployed total,30.74
2023-07-01,2023,7,55-64,Females,Unemployed total,25.23
2023-07-01,2023,7,55-64,Persons,Unemployment rate,2.68
2023-07-01,2023,7,55-64,Males,Unemployment rate,2.77
2023-07-01,2023,7,55-64,Females,Unemployment rate,2.58
2023-07-01,2023,7,55-64,Persons,Labour force total,2090.67
2023-07-01,2023,7,55-64,Males,Labour force total,1111.65
2023-07-01,2023,7,55-64,Females,Labour force total,979.02
2023-07-01,2023,7,55-64,Persons,Participation rate,68.72
2023-07-01,2023,7,55-64,Males,Participation rate,74.79
2023-07-01,2023,7,55-64,Females,Participation rate,62.91
2023-07-01,2023,7,65+,Persons,Employed total,673.19
2023-07-01,2023,7,65+,Males,Employed total,406.25
2023-07-01,2023,7,65+,Females,Employed total,266.94
2023-07-01,2023,7,65+,Persons,Employment to population ratio,14.73
2023-07-01,2023,7,65+,Males,Employment to population ratio,19.03
2023-07-01,2023,7,65+,Females,Employment to population ratio,10.96
2023-07-01,2023,7,65+,Persons,Unemployed total,11.59
2023-07-01,2023,7,65+,Males,Unemployed total,5.26
2023-07-01,2023,7,65+,Females,Unemployed total,6.33
2023-07-01,2023,7,65+,Persons,Unemployment rate,1.69
2023-07-01,2023,7,65+,Males,Unemployment rate,1.28
2023-07-01,2023,7,65+,Females,Unemployment rate,2.32
2023-07-01,2023,7,65+,Persons,Labour force total,684.78
2023-07-01,2023,7,65+,Males,Labour force total,411.51
2023-07-01,2023,7,65+,Females,Labour force total,273.27
2023-07-01,2023,7,65+,Persons,Participation rate,14.98
2023-07-01,2023,7,65+,Males,Participation rate,19.28
2023-07-01,2023,7,65+,Females,Participation rate,11.22
2023-07-01,2023,7,65+,Persons,Employed total,14024.03
2023-07-01,2023,7,65+,Males,Employed total,7339.15
2023-07-01,2023,7,65+,Females,Employed total,6684.88
2023-07-01,2023,7,65+,Persons,Employment to population ratio,64.12
2023-07-01,2023,7,65+,Males,Employment to population ratio,68.19
2023-07-01,2023,7,65+,Females,Employment to population ratio,60.17
2023-07-01,2023,7,65+,Persons,Unemployed total,530.44
2023-07-01,2023,7,65+,Males,Unemployed total,284.37
2023-07-01,2023,7,65+,Females,Unemployed total,246.06
2023-07-01,2023,7,65+,Persons,Unemployment rate,3.64
2023-07-01,2023,7,65+,Males,Unemployment rate,3.73
2023-07-01,2023,7,65+,Females,Unemployment rate,3.55
2023-07-01,2023,7,65+,Persons,Labour force total,14554.47
2023-07-01,2023,7,65+,Males,Labour force total,7623.52
2023-07-01,2023,7,65+,Females,Labour force total,6930.94
2023-07-01,2023,7,65+,Persons,Participation rate,66.54
2023-07-01,2023,7,65+,Males,Participation rate,70.84
2023-07-01,2023,7,65+,Females,Participation rate,62.38
2023-08-01,2023,8,55-64,Persons,Employed total,2038.54
2023-08-01,2023,8,55-64,Males,Employed total,1084.39
2023-08-01,2023,8,55-64,Females,Employed total,954.16
2023-08-01,2023,8,55-64,Persons,Employment to population ratio,66.96
2023-08-01,2023,8,55-64,Males,Employment to population ratio,72.91
2023-08-01,2023,8,55-64,Females,Employment to population ratio,61.27
2023-08-01,2023,8,55-64,Persons,Unemployed total,63.67
2023-08-01,2023,8,55-64,Males,Unemployed total,32.36
2023-08-01,2023,8,55-64,Females,Unemployed total,31.31
2023-08-01,2023,8,55-64,Persons,Unemployment rate,3.03
2023-08-01,2023,8,55-64,Males,Unemployment rate,2.9
2023-08-01,2023,8,55-64,Females,Unemployment rate,3.18
2023-08-01,2023,8,55-64,Persons,Labour force total,2102.21
2023-08-01,2023,8,55-64,Males,Labour force total,1116.75
2023-08-01,2023,8,55-64,Females,Labour force total,985.46
2023-08-01,2023,8,55-64,Persons,Participation rate,69.05
2023-08-01,2023,8,55-64,Males,Participation rate,75.09
2023-08-01,2023,8,55-64,Females,Participation rate,63.29
2023-08-01,2023,8,65+,Persons,Employed total,693.24
2023-08-01,2023,8,65+,Males,Employed total,414.7
2023-08-01,2023,8,65+,Females,Employed total,278.54
2023-08-01,2023,8,65+,Persons,Employment to population ratio,15.13
2023-08-01,2023,8,65+,Males,Employment to population ratio,19.38
2023-08-01,2023,8,65+,Females,Employment to population ratio,11.41
2023-08-01,2023,8,65+,Persons,Unemployed total,12.76
2023-08-01,2023,8,65+,Males,Unemployed total,7.84
2023-08-01,2023,8,65+,Females,Unemployed total,4.92
2023-08-01,2023,8,65+,Persons,Unemployment rate,1.81
2023-08-01,2023,8,65+,Males,Unemployment rate,1.86
2023-08-01,2023,8,65+,Females,Unemployment rate,1.74
2023-08-01,2023,8,65+,Persons,Labour force total,706.0
2023-08-01,2023,8,65+,Males,Labour force total,422.54
2023-08-01,2023,8,65+,Females,Labour force total,283.46
2023-08-01,2023,8,65+,Persons,Participation rate,15.41
2023-08-01,2023,8,65+,Males,Participation rate,19.75
2023-08-01,2023,8,65+,Females,Participation rate,11.61
2023-08-01,2023,8,65+,Persons,Employed total,14025.55
2023-08-01,2023,8,65+,Males,Employed total,7337.5
2023-08-01,2023,8,65+,Females,Employed total,6688.05
2023-08-01,2023,8,65+,Persons,Employment to population ratio,63.96
2023-08-01,2023,8,65+,Males,Employment to population ratio,68.0
2023-08-01,2023,8,65+,Females,Employment to population ratio,60.05
2023-08-01,2023,8,65+,Persons,Unemployed total,538.54
2023-08-01,2023,8,65+,Males,Unemployed total,292.58
2023-08-01,2023,8,65+,Females,Unemployed total,245.96
2023-08-01,2023,8,65+,Persons,Unemployment rate,3.7
2023-08-01,2023,8,65+,Males,Unemployment rate,3.83
2023-08-01,2023,8,65+,Females,Unemployment rate,3.55
2023-08-01,2023,8,65+,Persons,Labour force total,14564.1
2023-08-01,2023,8,65+,Males,Labour force total,7630.09
2023-08-01,2023,8,65+,Females,Labour force total,6934.01
2023-08-01,2023,8,65+,Persons,Participation rate,66.42
2023-08-01,2023,8,65+,Males,Participation rate,70.71
2023-08-01,2023,8,65+,Females,Participation rate,62.26
2023-09-01,2023,9,55-64,Persons,Employed total,2036.96
2023-09-01,2023,9,55-64,Males,Employed total,1078.93
2023-09-01,2023,9,55-64,Females,Employed total,958.03
2023-09-01,2023,9,55-64,Persons,Employment to population ratio,66.86
2023-09-01,2023,9,55-64,Males,Employment to population ratio,72.5
2023-09-01,2023,9,55-64,Females,Employment to population ratio,61.48
2023-09-01,2023,9,55-64,Persons,Unemployed total,55.44
2023-09-01,2023,9,55-64,Males,Unemployed total,27.75
2023-09-01,2023,9,55-64,Females,Unemployed total,27.68
2023-09-01,2023,9,55-64,Persons,Unemployment rate,2.65
2023-09-01,2023,9,55-64,Males,Unemployment rate,2.51
2023-09-01,2023,9,55-64,Females,Unemployment rate,2.81
2023-09-01,2023,9,55-64,Persons,Labour force total,2092.39
2023-09-01,2023,9,55-64,Males,Labour force total,1106.68
2023-09-01,2023,9,55-64,Females,Labour force total,985.71
2023-09-01,2023,9,55-64,Persons,Participation rate,68.68
2023-09-01,2023,9,55-64,Males,Participation rate,74.36
2023-09-01,2023,9,55-64,Females,Participation rate,63.26
2023-09-01,2023,9,65+,Persons,Employed total,696.14
2023-09-01,2023,9,65+,Males,Employed total,411.79
2023-09-01,2023,9,65+,Females,Employed total,284.35
2023-09-01,2023,9,65+,Persons,Employment to population ratio,15.16
2023-09-01,2023,9,65+,Males,Employment to population ratio,19.2
2023-09-01,2023,9,65+,Females,Employment to population ratio,11.62
2023-09-01,2023,9,65+,Persons,Unemployed total,13.64
2023-09-01,2023,9,65+,Males,Unemployed total,5.39
2023-09-01,2023,9,65+,Females,Unemployed total,8.25
2023-09-01,2023,9,65+,Persons,Unemployment rate,1.92
2023-09-01,2023,9,65+,Males,Unemployment rate,1.29
2023-09-01,2023,9,65+,Females,Unemployment rate,2.82
2023-09-01,2023,9,65+,Persons,Labour force total,709.78
2023-09-01,2023,9,65+,Males,Labour force total,417.18
2023-09-01,2023,9,65+,Females,Labour force total,292.6
2023-09-01,2023,9,65+,Persons,Participation rate,15.46
2023-09-01,2023,9,65+,Males,Participation rate,19.45
2023-09-01,2023,9,65+,Females,Participation rate,11.96
2023-09-01,2023,9,65+,Persons,Employed total,14061.36
2023-09-01,2023,9,65+,Males,Employed total,7332.93
2023-09-01,2023,9,65+,Females,Employed total,6728.42
2023-09-01,2023,9,65+,Persons,Employment to population ratio,63.96
2023-09-01,2023,9,65+,Males,Employment to population ratio,67.78
2023-09-01,2023,9,65+,Females,Employment to population ratio,60.26
2023-09-01,2023,9,65+,Persons,Unemployed total,502.49
2023-09-01,2023,9,65+,Males,Unemployed total,258.54
2023-09-01,2023,9,65+,Females,Unemployed total,243.95
2023-09-01,2023,9,65+,Persons,Unemployment rate,3.45
2023-09-01,2023,9,65+,Males,Unemployment rate,3.41
2023-09-01,2023,9,65+,Females,Unemployment rate,3.5
2023-09-01,2023,9,65+,Persons,Labour force total,14563.85
2023-09-01,2023,9,65+,Males,Labour force total,7591.47
2023-09-01,2023,9,65+,Females,Labour force total,6972.37
2023-09-01,2023,9,65+,Persons,Participation rate,66.25
2023-09-01,2023,9,65+,Males,Participation rate,70.17
2023-09-01,2023,9,65+,Females,Participation rate,62.45
2023-10-01,2023,10,55-64,Persons,Employed total,2050.01
2023-10-01,2023,10,55-64,Males,Employed total,1081.04
2023-10-01,2023,10,55-64,Females,Employed total,968.97
2023-10-01,2023,10,55-64,Persons,Employment to population ratio,67.24
2023-10-01,2023,10,55-64,Males,Employment to population ratio,72.59
2023-10-01,2023,10,55-64,Females,Employment to population ratio,62.14
2023-10-01,2023,10,55-64,Persons,Unemployed total,57.77
2023-10-01,2023,10,55-64,Males,Unemployed total,27.81
2023-10-01,2023,10,55-64,Females,Unemployed total,29.96
2023-10-01,2023,10,55-64,Persons,Unemployment rate,2.74
2023-10-01,2023,10,55-64,Males,Unemployment rate,2.51
2023-10-01,2023,10,55-64,Females,Unemployment rate,3.0
2023-10-01,2023,10,55-64,Persons,Labour force total,2107.78
2023-10-01,2023,10,55-64,Males,Labour force total,1108.85
2023-10-01,2023,10,55-64,Females,Labour force total,998.93
2023-10-01,2023,10,55-64,Persons,Participation rate,69.14
2023-10-01,2023,10,55-64,Males,Participation rate,74.46
2023-10-01,2023,10,55-64,Females,Participation rate,64.06
2023-10-01,2023,10,65+,Persons,Employed total,716.94
2023-10-01,2023,10,65+,Males,Employed total,422.52
2023-10-01,2023,10,65+,Females,Employed total,294.41
2023-10-01,2023,10,65+,Persons,Employment to population ratio,15.57
2023-10-01,2023,10,65+,Males,Employment to population ratio,19.65
2023-10-01,2023,10,65+,Females,Employment to population ratio,12.0
2023-10-01,2023,10,65+,Persons,Unemployed total,15.69
2023-10-01,2023,10,65+,Males,Unemployed total,9.73
2023-10-01,2023,10,65+,Females,Unemployed total,5.96
2023-10-01,2023,10,65+,Persons,Unemployment rate,2.14
2023-10-01,2023,10,65+,Males,Unemployment rate,2.25
2023-10-01,2023,10,65+,Females,Unemployment rate,1.98
2023-10-01,2023,10,65+,Persons,Labour force total,732.62
2023-10-01,2023,10,65+,Males,Labour force total,432.25
2023-10-01,2023,10,65+,Females,Labour force total,300.37
2023-10-01,2023,10,65+,Persons,Participation rate,15.91
2023-10-01,2023,10,65+,Males,Participation rate,20.1
2023-10-01,2023,10,65+,Females,Participation rate,12.24
2023-10-01,2023,10,65+,Persons,Employed total,14139.89
2023-10-01,2023,10,65+,Males,Employed total,7362.92
2023-10-01,2023,10,65+,Females,Employed total,6776.97
2023-10-01,2023,10,65+,Persons,Employment to population ratio,64.2
2023-10-01,2023,10,65+,Males,Employment to population ratio,67.93
2023-10-01,2023,10,65+,Females,Employment to population ratio,60.58
2023-10-01,2023,10,65+,Persons,Unemployed total,532.7
2023-10-01,2023,10,65+,Males,Unemployed total,287.7
2023-10-01,2023,10,65+,Females,Unemployed total,245.0
2023-10-01,2023,10,65+,Persons,Unemployment rate,3.63
2023-10-01,2023,10,65+,Males,Unemployment rate,3.76
2023-10-01,2023,10,65+,Females,Unemployment rate,3.49
2023-10-01,2023,10,65+,Persons,Labour force total,14672.59
2023-10-01,2023,10,65+,Males,Labour force total,7650.62
2023-10-01,2023,10,65+,Females,Labour force total,7021.97
2023-10-01,2023,10,65+,Persons,Participation rate,66.62
2023-10-01,2023,10,65+,Males,Participation rate,70.59
2023-10-01,2023,10,65+,Females,Participation rate,62.78
2023-11-01,2023,11,55-64,Persons,Employed total,2065.76
2023-11-01,2023,11,55-64,Males,Employed total,1086.27
2023-11-01,2023,11,55-64,Females,Employed total,979.49
2023-11-01,2023,11,55-64,Persons,Employment to population ratio,67.71
2023-11-01,2023,11,55-64,Males,Employment to population ratio,72.89
2023-11-01,2023,11,55-64,Females,Employment to population ratio,62.76
2023-11-01,2023,11,55-64,Persons,Unemployed total,61.41
2023-11-01,2023,11,55-64,Males,Unemployed total,35.97
2023-11-01,2023,11,55-64,Females,Unemployed total,25.44
2023-11-01,2023,11,55-64,Persons,Unemployment rate,2.89
2023-11-01,2023,11,55-64,Males,Unemployment rate,3.21
2023-11-01,2023,11,55-64,Females,Unemployment rate,2.53
2023-11-01,2023,11,55-64,Persons,Labour force total,2127.17
2023-11-01,2023,11,55-64,Males,Labour force total,1122.24
2023-11-01,2023,11,55-64,Females,Labour force total,1004.93
2023-11-01,2023,11,55-64,Persons,Participation rate,69.72
2023-11-01,2023,11,55-64,Males,Participation rate,75.3
2023-11-01,2023,11,55-64,Females,Participation rate,64.39
2023-11-01,2023,11,65+,Persons,Employed total,728.18
2023-11-01,2023,11,65+,Males,Employed total,428.81
2023-11-01,2023,11,65+,Females,Employed total,299.38
2023-11-01,2023,11,65+,Persons,Employment to population ratio,15.77
2023-11-01,2023,11,65+,Males,Employment to population ratio,19.89
2023-11-01,2023,11,65+,Females,Employment to population ratio,12.17
2023-11-01,2023,11,65+,Persons,Unemployed total,13.23
2023-11-01,2023,11,65+,Males,Unemployed total,6.52
2023-11-01,2023,11,65+,Females,Unemployed total,6.72
2023-11-01,2023,11,65+,Persons,Unemployment rate,1.78
2023-11-01,2023,11,65+,Males,Unemployment rate,1.5
2023-11-01,2023,11,65+,Females,Unemployment rate,2.19
2023-11-01,2023,11,65+,Persons,Labour force total,741.42
2023-11-01,2023,11,65+,Males,Labour force total,435.32
2023-11-01,2023,11,65+,Females,Labour force total,306.09
2023-11-01,2023,11,65+,Persons,Participation rate,16.06
2023-11-01,2023,11,65+,Males,Participation rate,20.19
2023-11-01,2023,11,65+,Females,Participation rate,12.44
2023-11-01,2023,11,65+,Persons,Employed total,14268.39
2023-11-01,2023,11,65+,Males,Employed total,7444.18
2023-11-01,2023,11,65+,Females,Employed total,6824.21
2023-11-01,2023,11,65+,Persons,Employment to population ratio,64.66
2023-11-01,2023,11,65+,Males,Employment to population ratio,68.56
2023-11-01,2023,11,65+,Females,Employment to population ratio,60.89
2023-11-01,2023,11,65+,Persons,Unemployed total,537.86
2023-11-01,2023,11,65+,Males,Unemployed total,291.92
2023-11-01,2023,11,65+,Females,Unemployed total,245.94
2023-11-01,2023,11,65+,Persons,Unemployment rate,3.63
2023-11-01,2023,11,65+,Males,Unemployment rate,3.77
2023-11-01,2023,11,65+,Females,Unemployment rate,3.48
2023-11-01,2023,11,65+,Persons,Labour force total,14806.25
2023-11-01,2023,11,65+,Males,Labour force total,7736.1
2023-11-01,2023,11,65+,Females,Labour force total,7070.15
2023-11-01,2023,11,65+,Persons,Participation rate,67.1
2023-11-01,2023,11,65+,Males,Participation rate,71.25
2023-11-01,2023,11,65+,Females,Participation rate,63.09
2023-12-01,2023,12,55-64,Persons,Employed total,2055.03
2023-12-01,2023,12,55-64,Males,Employed total,1090.57
2023-12-01,2023,12,55-64,Females,Employed total,964.47
2023-12-01,2023,12,55-64,Persons,Employment to population ratio,67.31
2023-12-01,2023,12,55-64,Males,Employment to population ratio,73.12
2023-12-01,2023,12,55-64,Females,Employment to population ratio,61.75
2023-12-01,2023,12,55-64,Persons,Unemployed total,53.04
2023-12-01,2023,12,55-64,Males,Unemployed total,25.99
2023-12-01,2023,12,55-64,Females,Unemployed total,27.05
2023-12-01,2023,12,55-64,Persons,Unemployment rate,2.52
2023-12-01,2023,12,55-64,Males,Unemployment rate,2.33
2023-12-01,2023,12,55-64,Females,Unemployment rate,2.73
2023-12-01,2023,12,55-64,Persons,Labour force total,2108.07
2023-12-01,2023,12,55-64,Males,Labour force total,1116.55
2023-12-01,2023,12,55-64,Females,Labour force total,991.52
2023-12-01,2023,12,55-64,Persons,Participation rate,69.04
2023-12-01,2023,12,55-64,Males,Participation rate,74.87
2023-12-01,2023,12,55-64,Females,Participation rate,63.48
2023-12-01,2023,12,65+,Persons,Employed total,721.67
2023-12-01,2023,12,65+,Males,Employed total,422.78
2023-12-01,2023,12,65+,Females,Employed total,298.89
2023-12-01,2023,12,65+,Persons,Employment to population ratio,15.59
2023-12-01,2023,12,65+,Males,Employment to population ratio,19.56
2023-12-01,2023,12,65+,Females,Employment to population ratio,12.11
2023-12-01,2023,12,65+,Persons,Unemployed total,12.12
2023-12-01,2023,12,65+,Males,Unemployed total,5.09
2023-12-01,2023,12,65+,Females,Unemployed total,7.02
2023-12-01,2023,12,65+,Persons,Unemployment rate,1.65
2023-12-01,2023,12,65+,Males,Unemployment rate,1.19
2023-12-01,2023,12,65+,Females,Unemployment rate,2.3
2023-12-01,2023,12,65+,Persons,Labour force total,733.79
2023-12-01,2023,12,65+,Males,Labour force total,427.88
2023-12-01,2023,12,65+,Females,Labour force total,305.91
2023-12-01,2023,12,65+,Persons,Participation rate,15.85
2023-12-01,2023,12,65+,Males,Participation rate,19.8
2023-12-01,2023,12,65+,Females,Participation rate,12.4
2023-12-01,2023,12,65+,Persons,Employed total,14279.49
2023-12-01,2023,12,65+,Males,Employed total,7438.83
2023-12-01,2023,12,65+,Females,Employed total,6840.67
2023-12-01,2023,12,65+,Persons,Employment to population ratio,64.59
2023-12-01,2023,12,65+,Males,Employment to population ratio,68.38
2023-12-01,2023,12,65+,Females,Employment to population ratio,60.92
2023-12-01,2023,12,65+,Persons,Unemployed total,560.7
2023-12-01,2023,12,65+,Males,Unemployed total,299.42
2023-12-01,2023,12,65+,Females,Unemployed total,261.29
2023-12-01,2023,12,65+,Persons,Unemployment rate,3.78
2023-12-01,2023,12,65+,Males,Unemployment rate,3.87
2023-12-01,2023,12,65+,Females,Unemployment rate,3.68
2023-12-01,2023,12,65+,Persons,Labour force total,14840.19
2023-12-01,2023,12,65+,Males,Labour force total,7738.24
2023-12-01,2023,12,65+,Females,Labour force total,7101.95
2023-12-01,2023,12,65+,Persons,Participation rate,67.13
2023-12-01,2023,12,65+,Males,Participation rate,71.14
2023-12-01,2023,12,65+,Females,Participation rate,63.25
2024-01-01,2024,1,55-64,Persons,Employed total,2000.6
2024-01-01,2024,1,55-64,Males,Employed total,1060.42
2024-01-01,2024,1,55-64,Females,Employed total,940.18
2024-01-01,2024,1,55-64,Persons,Employment to population ratio,65.48
2024-01-01,2024,1,55-64,Males,Employment to population ratio,71.07
2024-01-01,2024,1,55-64,Females,Employment to population ratio,60.16
2024-01-01,2024,1,55-64,Persons,Unemployed total,71.21
2024-01-01,2024,1,55-64,Males,Unemployed total,33.49
2024-01-01,2024,1,55-64,Females,Unemployed total,37.72
2024-01-01,2024,1,55-64,Persons,Unemployment rate,3.44
2024-01-01,2024,1,55-64,Males,Unemployment rate,3.06
2024-01-01,2024,1,55-64,Females,Unemployment rate,3.86
2024-01-01,2024,1,55-64,Persons,Labour force total,2071.81
2024-01-01,2024,1,55-64,Males,Labour force total,1093.91
2024-01-01,2024,1,55-64,Females,Labour force total,977.9
2024-01-01,2024,1,55-64,Persons,Participation rate,67.82
2024-01-01,2024,1,55-64,Males,Participation rate,73.31
2024-01-01,2024,1,55-64,Females,Participation rate,62.57
2024-01-01,2024,1,65+,Persons,Employed total,678.16
2024-01-01,2024,1,65+,Males,Employed total,400.54
2024-01-01,2024,1,65+,Females,Employed total,277.62
2024-01-01,2024,1,65+,Persons,Employment to population ratio,14.61
2024-01-01,2024,1,65+,Males,Employment to population ratio,18.48
2024-01-01,2024,1,65+,Females,Employment to population ratio,11.22
2024-01-01,2024,1,65+,Persons,Unemployed total,20.12
2024-01-01,2024,1,65+,Males,Unemployed total,12.63
2024-01-01,2024,1,65+,Females,Unemployed total,7.49
2024-01-01,2024,1,65+,Persons,Unemployment rate,2.88
2024-01-01,2024,1,65+,Males,Unemployment rate,3.06
2024-01-01,2024,1,65+,Females,Unemployment rate,2.63
2024-01-01,2024,1,65+,Persons,Labour force total,698.28
2024-01-01,2024,1,65+,Males,Labour force total,413.17
2024-01-01,2024,1,65+,Females,Labour force total,285.11
2024-01-01,2024,1,65+,Persons,Participation rate,15.05
2024-01-01,2024,1,65+,Males,Participation rate,19.07
2024-01-01,2024,1,65+,Females,Participation rate,11.52
2024-01-01,2024,1,65+,Persons,Employed total,13906.04
2024-01-01,2024,1,65+,Males,Employed total,7261.38
2024-01-01,2024,1,65+,Females,Employed total,6644.66
2024-01-01,2024,1,65+,Persons,Employment to population ratio,62.76
2024-01-01,2024,1,65+,Males,Employment to population ratio,66.6
2024-01-01,2024,1,65+,Females,Employment to population ratio,59.04
2024-01-01,2024,1,65+,Persons,Unemployed total,653.65
2024-01-01,2024,1,65+,Males,Unemployed total,355.04
2024-01-01,2024,1,65+,Females,Unemployed total,298.61
2024-01-01,2024,1,65+,Persons,Unemployment rate,4.49
2024-01-01,2024,1,65+,Males,Unemployment rate,4.66
2024-01-01,2024,1,65+,Females,Unemployment rate,4.3
2024-01-01,2024,1,65+,Persons,Labour force total,14559.69
2024-01-01,2024,1,65+,Males,Labour force total,7616.42
2024-01-01,2024,1,65+,Females,Labour force total,6943.27
2024-01-01,2024,1,65+,Persons,Participation rate,65.71
2024-01-01,2024,1,65+,Males,Participation rate,69.86
2024-01-01,2024,1,65+,Females,Participation rate,61.7
2024-02-01,2024,2,55-64,Persons,Employed total,2083.22
2024-02-01,2024,2,55-64,Males,Employed total,1092.33
2024-02-01,2024,2,55-64,Females,Employed total,990.89
2024-02-01,2024,2,55-64,Persons,Employment to population ratio,68.15
2024-02-01,2024,2,55-64,Males,Employment to population ratio,73.16
2024-02-01,2024,2,55-64,Females,Employment to population ratio,63.36
2024-02-01,2024,2,55-64,Persons,Unemployed total,61.98
2024-02-01,2024,2,55-64,Males,Unemployed total,34.4
2024-02-01,2024,2,55-64,Females,Unemployed total,27.58
2024-02-01,2024,2,55-64,Persons,Unemployment rate,2.89
2024-02-01,2024,2,55-64,Males,Unemployment rate,3.05
2024-02-01,2024,2,55-64,Females,Unemployment rate,2.71
2024-02-01,2024,2,55-64,Persons,Labour force total,2145.2
2024-02-01,2024,2,55-64,Males,Labour force total,1126.73
2024-02-01,2024,2,55-64,Females,Labour force total,1018.47
2024-02-01,2024,2,55-64,Persons,Participation rate,70.18
2024-02-01,2024,2,55-64,Males,Participation rate,75.47
2024-02-01,2024,2,55-64,Females,Participation rate,65.12
2024-02-01,2024,2,65+,Persons,Employed total,749.92
2024-02-01,2024,2,65+,Males,Employed total,447.89
2024-02-01,2024,2,65+,Females,Employed total,302.04
2024-02-01,2024,2,65+,Persons,Employment to population ratio,16.12
2024-02-01,2024,2,65+,Males,Employment to population ratio,20.62
2024-02-01,2024,2,65+,Females,Employment to population ratio,12.18
2024-02-01,2024,2,65+,Persons,Unemployed total,13.01
2024-02-01,2024,2,65+,Males,Unemployed total,5.36
2024-02-01,2024,2,65+,Females,Unemployed total,7.66
2024-02-01,2024,2,65+,Persons,Unemployment rate,1.71
2024-02-01,2024,2,65+,Males,Unemployment rate,1.18
2024-02-01,2024,2,65+,Females,Unemployment rate,2.47
2024-02-01,2024,2,65+,Persons,Labour force total,762.93
2024-02-01,2024,2,65+,Males,Labour force total,453.24
2024-02-01,2024,2,65+,Females,Labour force total,309.69
2024-02-01,2024,2,65+,Persons,Participation rate,16.4
2024-02-01,2024,2,65+,Males,Participation rate,20.86
2024-02-01,2024,2,65+,Females,Participation rate,12.48
2024-02-01,2024,2,65+,Persons,Employed total,14335.84
2024-02-01,2024,2,65+,Males,Employed total,7471.67
2024-02-01,2024,2,65+,Females,Employed total,6864.16
2024-02-01,2024,2,65+,Persons,Employment to population ratio,64.55
2024-02-01,2024,2,65+,Males,Employment to population ratio,68.37
2024-02-01,2024,2,65+,Females,Employment to population ratio,60.85
2024-02-01,2024,2,65+,Persons,Unemployed total,604.15
2024-02-01,2024,2,65+,Males,Unemployed total,314.05
2024-02-01,2024,2,65+,Females,Unemployed total,290.09
2024-02-01,2024,2,65+,Persons,Unemployment rate,4.04
2024-02-01,2024,2,65+,Males,Unemployment rate,4.03
2024-02-01,2024,2,65+,Females,Unemployment rate,4.05
2024-02-01,2024,2,65+,Persons,Labour force total,14939.98
2024-02-01,2024,2,65+,Males,Labour force total,7785.73
2024-02-01,2024,2,65+,Females,Labour force total,7154.26
2024-02-01,2024,2,65+,Persons,Participation rate,67.27
2024-02-01,2024,2,65+,Males,Participation rate,71.25
2024-02-01,2024,2,65+,Females,Participation rate,63.42
2024-03-01,2024,3,55-64,Persons,Employed total,2055.05
2024-03-01,2024,3,55-64,Males,Employed total,1081.16
2024-03-01,2024,3,55-64,Females,Employed total,973.89
2024-03-01,2024,3,55-64,Persons,Employment to population ratio,67.19
2024-03-01,2024,3,55-64,Males,Employment to population ratio,72.38
2024-03-01,2024,3,55-64,Females,Employment to population ratio,62.23
2024-03-01,2024,3,55-64,Persons,Unemployed total,71.67
2024-03-01,2024,3,55-64,Males,Unemployed total,37.16
2024-03-01,2024,3,55-64,Females,Unemployed total,34.5
2024-03-01,2024,3,55-64,Persons,Unemployment rate,3.37
2024-03-01,2024,3,55-64,Males,Unemployment rate,3.32
2024-03-01,2024,3,55-64,Females,Unemployment rate,3.42
2024-03-01,2024,3,55-64,Persons,Labour force total,2126.72
2024-03-01,2024,3,55-64,Males,Labour force total,1118.33
2024-03-01,2024,3,55-64,Females,Labour force total,1008.39
2024-03-01,2024,3,55-64,Persons,Participation rate,69.53
2024-03-01,2024,3,55-64,Males,Participation rate,74.87
2024-03-01,2024,3,55-64,Females,Participation rate,64.44
2024-03-01,2024,3,65+,Persons,Employed total,740.75
2024-03-01,2024,3,65+,Males,Employed total,440.14
2024-03-01,2024,3,65+,Females,Employed total,300.61
2024-03-01,2024,3,65+,Persons,Employment to population ratio,15.88
2024-03-01,2024,3,65+,Males,Employment to population ratio,20.21
2024-03-01,2024,3,65+,Females,Employment to population ratio,12.09
2024-03-01,2024,3,65+,Persons,Unemployed total,13.29
2024-03-01,2024,3,65+,Males,Unemployed total,6.33
2024-03-01,2024,3,65+,Females,Unemployed total,6.95
2024-03-01,2024,3,65+,Persons,Unemployment rate,1.76
2024-03-01,2024,3,65+,Males,Unemployment rate,1.42
2024-03-01,2024,3,65+,Females,Unemployment rate,2.26
2024-03-01,2024,3,65+,Persons,Labour force total,754.04
2024-03-01,2024,3,65+,Males,Labour force total,446.47
2024-03-01,2024,3,65+,Females,Labour force total,307.56
2024-03-01,2024,3,65+,Persons,Participation rate,16.16
2024-03-01,2024,3,65+,Males,Participation rate,20.5
2024-03-01,2024,3,65+,Females,Participation rate,12.37
2024-03-01,2024,3,65+,Persons,Employed total,14267.93
2024-03-01,2024,3,65+,Males,Employed total,7454.03
2024-03-01,2024,3,65+,Females,Employed total,6813.9
2024-03-01,2024,3,65+,Persons,Employment to population ratio,64.1
2024-03-01,2024,3,65+,Males,Employment to population ratio,68.06
2024-03-01,2024,3,65+,Females,Employment to population ratio,60.27
2024-03-01,2024,3,65+,Persons,Unemployed total,613.6
2024-03-01,2024,3,65+,Males,Unemployed total,322.38
2024-03-01,2024,3,65+,Females,Unemployed total,291.22
2024-03-01,2024,3,65+,Persons,Unemployment rate,4.12
2024-03-01,2024,3,65+,Males,Unemployment rate,4.15
2024-03-01,2024,3,65+,Females,Unemployment rate,4.1
2024-03-01,2024,3,65+,Persons,Labour force total,14881.54
2024-03-01,2024,3,65+,Males,Labour force total,7776.41
2024-03-01,2024,3,65+,Females,Labour force total,7105.12
2024-03-01,2024,3,65+,Persons,Participation rate,66.86
2024-03-01,2024,3,65+,Males,Participation rate,71.0
2024-03-01,2024,3,65+,Females,Participation rate,62.85
2024-04-01,2024,4,55-64,Persons,Employed total,2053.1
2024-04-01,2024,4,55-64,Males,Employed total,1074.88
2024-04-01,2024,4,55-64,Females,Employed total,978.23
2024-04-01,2024,4,55-64,Persons,Employment to population ratio,67.08
2024-04-01,2024,4,55-64,Males,Employment to population ratio,71.92
2024-04-01,2024,4,55-64,Females,Employment to population ratio,62.47
2024-04-01,2024,4,55-64,Persons,Unemployed total,72.7
2024-04-01,2024,4,55-64,Males,Unemployed total,40.1
2024-04-01,2024,4,55-64,Females,Unemployed total,32.6
2024-04-01,2024,4,55-64,Persons,Unemployment rate,3.42
2024-04-01,2024,4,55-64,Males,Unemployment rate,3.6
2024-04-01,2024,4,55-64,Females,Unemployment rate,3.22
2024-04-01,2024,4,55-64,Persons,Labour force total,2125.8
2024-04-01,2024,4,55-64,Males,Labour force total,1114.98
2024-04-01,2024,4,55-64,Females,Labour force total,1010.82
2024-04-01,2024,4,55-64,Persons,Participation rate,69.46
2024-04-01,2024,4,55-64,Males,Participation rate,74.6
2024-04-01,2024,4,55-64,Females,Participation rate,64.55
2024-04-01,2024,4,65+,Persons,Employed total,745.0
2024-04-01,2024,4,65+,Males,Employed total,439.0
2024-04-01,2024,4,65+,Females,Employed total,306.0
2024-04-01,2024,4,65+,Persons,Employment to population ratio,15.93
2024-04-01,2024,4,65+,Males,Employment to population ratio,20.11
2024-04-01,2024,4,65+,Females,Employment to population ratio,12.28
2024-04-01,2024,4,65+,Persons,Unemployed total,12.17
2024-04-01,2024,4,65+,Males,Unemployed total,4.89
2024-04-01,2024,4,65+,Females,Unemployed total,7.28
2024-04-01,2024,4,65+,Persons,Unemployment rate,1.61
2024-04-01,2024,4,65+,Males,Unemployment rate,1.1
2024-04-01,2024,4,65+,Females,Unemployment rate,2.32
2024-04-01,2024,4,65+,Persons,Labour force total,757.17
2024-04-01,2024,4,65+,Males,Labour force total,443.89
2024-04-01,2024,4,65+,Females,Labour force total,313.27
2024-04-01,2024,4,65+,Persons,Participation rate,16.19
2024-04-01,2024,4,65+,Males,Participation rate,20.34
2024-04-01,2024,4,65+,Females,Participation rate,12.57
2024-04-01,2024,4,65+,Persons,Employed total,14259.9
2024-04-01,2024,4,65+,Males,Employed total,7440.0
2024-04-01,2024,4,65+,Females,Employed total,6819.9
2024-04-01,2024,4,65+,Persons,Employment to population ratio,63.99
2024-04-01,2024,4,65+,Males,Employment to population ratio,67.85
2024-04-01,2024,4,65+,Females,Employment to population ratio,60.25
2024-04-01,2024,4,65+,Persons,Unemployed total,619.06
2024-04-01,2024,4,65+,Males,Unemployed total,336.45
2024-04-01,2024,4,65+,Females,Unemployed total,282.61
2024-04-01,2024,4,65+,Persons,Unemployment rate,4.16
2024-04-01,2024,4,65+,Males,Unemployment rate,4.33
2024-04-01,2024,4,65+,Females,Unemployment rate,3.98
2024-04-01,2024,4,65+,Persons,Labour force total,14878.96
2024-04-01,2024,4,65+,Males,Labour force total,7776.45
2024-04-01,2024,4,65+,Females,Labour force total,7102.51
2024-04-01,2024,4,65+,Persons,Participation rate,66.77
2024-04-01,2024,4,65+,Males,Participation rate,70.92
2024-04-01,2024,4,65+,Females,Participation rate,62.75
2024-05-01,2024,5,55-64,Persons,Employed total,2077.54
2024-05-01,2024,5,55-64,Males,Employed total,1086.05
2024-05-01,2024,5,55-64,Females,Employed total,991.49
2024-05-01,2024,5,55-64,Persons,Employment to population ratio,67.84
2024-05-01,2024,5,55-64,Males,Employment to population ratio,72.62
2024-05-01,2024,5,55-64,Females,Employment to population ratio,63.28
2024-05-01,2024,5,55-64,Persons,Unemployed total,67.23
2024-05-01,2024,5,55-64,Males,Unemployed total,38.35
2024-05-01,2024,5,55-64,Females,Unemployed total,28.89
2024-05-01,2024,5,55-64,Persons,Unemployment rate,3.13
2024-05-01,2024,5,55-64,Males,Unemployment rate,3.41
2024-05-01,2024,5,55-64,Females,Unemployment rate,2.83
2024-05-01,2024,5,55-64,Persons,Labour force total,2144.78
2024-05-01,2024,5,55-64,Males,Labour force total,1124.4
2024-05-01,2024,5,55-64,Females,Labour force total,1020.38
2024-05-01,2024,5,55-64,Persons,Participation rate,70.03
2024-05-01,2024,5,55-64,Males,Participation rate,75.18
2024-05-01,2024,5,55-64,Females,Participation rate,65.12
2024-05-01,2024,5,65+,Persons,Employed total,750.31
2024-05-01,2024,5,65+,Males,Employed total,440.47
2024-05-01,2024,5,65+,Females,Employed total,309.84
2024-05-01,2024,5,65+,Persons,Employment to population ratio,16.01
2024-05-01,2024,5,65+,Males,Employment to population ratio,20.14
2024-05-01,2024,5,65+,Females,Employment to population ratio,12.4
2024-05-01,2024,5,65+,Persons,Unemployed total,12.87
2024-05-01,2024,5,65+,Males,Unemployed total,6.72
2024-05-01,2024,5,65+,Females,Unemployed total,6.15
2024-05-01,2024,5,65+,Persons,Unemployment rate,1.69
2024-05-01,2024,5,65+,Males,Unemployment rate,1.5
2024-05-01,2024,5,65+,Females,Unemployment rate,1.95
2024-05-01,2024,5,65+,Persons,Labour force total,763.18
2024-05-01,2024,5,65+,Males,Labour force total,447.19
2024-05-01,2024,5,65+,Females,Labour force total,315.99
2024-05-01,2024,5,65+,Persons,Participation rate,16.29
2024-05-01,2024,5,65+,Males,Participation rate,20.45
2024-05-01,2024,5,65+,Females,Participation rate,12.65
2024-05-01,2024,5,65+,Persons,Employed total,14384.93
2024-05-01,2024,5,65+,Males,Employed total,7504.21
2024-05-01,2024,5,65+,Females,Employed total,6880.73
2024-05-01,2024,5,65+,Persons,Employment to population ratio,64.47
2024-05-01,2024,5,65+,Males,Employment to population ratio,68.35
2024-05-01,2024,5,65+,Females,Employment to population ratio,60.72
2024-05-01,2024,5,65+,Persons,Unemployed total,589.38
2024-05-01,2024,5,65+,Males,Unemployed total,317.79
2024-05-01,2024,5,65+,Females,Unemployed total,271.58
2024-05-01,2024,5,65+,Persons,Unemployment rate,3.94
2024-05-01,2024,5,65+,Males,Unemployment rate,4.06
2024-05-01,2024,5,65+,Females,Unemployment rate,3.8
2024-05-01,2024,5,65+,Persons,Labour force total,14974.31
2024-05-01,2024,5,65+,Males,Labour force total,7822.0
2024-05-01,2024,5,65+,Females,Labour force total,7152.31
2024-05-01,2024,5,65+,Persons,Participation rate,67.12
2024-05-01,2024,5,65+,Males,Participation rate,71.25
2024-05-01,2024,5,65+,Females,Participation rate,63.11
2024-06-01,2024,6,55-64,Persons,Employed total,2066.5
2024-06-01,2024,6,55-64,Males,Employed total,1084.46
2024-06-01,2024,6,55-64,Females,Employed total,982.04
2024-06-01,2024,6,55-64,Persons,Employment to population ratio,67.44
2024-06-01,2024,6,55-64,Males,Employment to population ratio,72.47
2024-06-01,2024,6,55-64,Females,Employment to population ratio,62.63
2024-06-01,2024,6,55-64,Persons,Unemployed total,61.93
2024-06-01,2024,6,55-64,Males,Unemployed total,34.6
2024-06-01,2024,6,55-64,Females,Unemployed total,27.33
2024-06-01,2024,6,55-64,Persons,Unemployment rate,2.91
2024-06-01,2024,6,55-64,Males,Unemployment rate,3.09
2024-06-01,2024,6,55-64,Females,Unemployment rate,2.71
2024-06-01,2024,6,55-64,Persons,Labour force total,2128.43
2024-06-01,2024,6,55-64,Males,Labour force total,1119.06
2024-06-01,2024,6,55-64,Females,Labour force total,1009.37
2024-06-01,2024,6,55-64,Persons,Participation rate,69.46
2024-06-01,2024,6,55-64,Males,Participation rate,74.78
2024-06-01,2024,6,55-64,Females,Participation rate,64.38
2024-06-01,2024,6,65+,Persons,Employed total,765.3
2024-06-01,2024,6,65+,Males,Employed total,442.08
2024-06-01,2024,6,65+,Females,Employed total,323.21
2024-06-01,2024,6,65+,Persons,Employment to population ratio,16.3
2024-06-01,2024,6,65+,Males,Employment to population ratio,20.17
2024-06-01,2024,6,65+,Females,Employment to population ratio,12.91
2024-06-01,2024,6,65+,Persons,Unemployed total,13.53
2024-06-01,2024,6,65+,Males,Unemployed total,7.38
2024-06-01,2024,6,65+,Females,Unemployed total,6.15
2024-06-01,2024,6,65+,Persons,Unemployment rate,1.74
2024-06-01,2024,6,65+,Males,Unemployment rate,1.64
2024-06-01,2024,6,65+,Females,Unemployment rate,1.87
2024-06-01,2024,6,65+,Persons,Labour force total,778.83
2024-06-01,2024,6,65+,Males,Labour force total,449.47
2024-06-01,2024,6,65+,Females,Labour force total,329.36
2024-06-01,2024,6,65+,Persons,Participation rate,16.58
2024-06-01,2024,6,65+,Males,Participation rate,20.51
2024-06-01,2024,6,65+,Females,Participation rate,13.15
2024-06-01,2024,6,65+,Persons,Employed total,14364.62
2024-06-01,2024,6,65+,Males,Employed total,7495.0
2024-06-01,2024,6,65+,Females,Employed total,6869.62
2024-06-01,2024,6,65+,Persons,Employment to population ratio,64.31
2024-06-01,2024,6,65+,Males,Employment to population ratio,68.19
2024-06-01,2024,6,65+,Females,Employment to population ratio,60.55
2024-06-01,2024,6,65+,Persons,Unemployed total,583.86
2024-06-01,2024,6,65+,Males,Unemployed total,307.19
2024-06-01,2024,6,65+,Females,Unemployed total,276.67
2024-06-01,2024,6,65+,Persons,Unemployment rate,3.91
2024-06-01,2024,6,65+,Males,Unemployment rate,3.94
2024-06-01,2024,6,65+,Females,Unemployment rate,3.87
2024-06-01,2024,6,65+,Persons,Labour force total,14948.49
2024-06-01,2024,6,65+,Males,Labour force total,7802.19
2024-06-01,2024,6,65+,Females,Labour force total,7146.3
2024-06-01,2024,6,65+,Persons,Participation rate,66.92
2024-06-01,2024,6,65+,Males,Participation rate,70.98
2024-06-01,2024,6,65+,Females,Participation rate,62.99
2024-07-01,2024,7,55-64,Persons,Employed total,2078.58
2024-07-01,2024,7,55-64,Males,Employed total,1091.5
2024-07-01,2024,7,55-64,Females,Employed total,987.08
2024-07-01,2024,7,55-64,Persons,Employment to population ratio,67.79
2024-07-01,2024,7,55-64,Males,Employment to population ratio,72.9
2024-07-01,2024,7,55-64,Females,Employment to population ratio,62.92
2024-07-01,2024,7,55-64,Persons,Unemployed total,63.6
2024-07-01,2024,7,55-64,Males,Unemployed total,33.52
2024-07-01,2024,7,55-64,Females,Unemployed total,30.08
2024-07-01,2024,7,55-64,Persons,Unemployment rate,2.97
2024-07-01,2024,7,55-64,Males,Unemployment rate,2.98
2024-07-01,2024,7,55-64,Females,Unemployment rate,2.96
2024-07-01,2024,7,55-64,Persons,Labour force total,2142.18
2024-07-01,2024,7,55-64,Males,Labour force total,1125.02
2024-07-01,2024,7,55-64,Females,Labour force total,1017.16
2024-07-01,2024,7,55-64,Persons,Participation rate,69.87
2024-07-01,2024,7,55-64,Males,Participation rate,75.14
2024-07-01,2024,7,55-64,Females,Participation rate,64.84
2024-07-01,2024,7,65+,Persons,Employed total,746.15
2024-07-01,2024,7,65+,Males,Employed total,430.79
2024-07-01,2024,7,65+,Females,Employed total,315.37
2024-07-01,2024,7,65+,Persons,Employment to population ratio,15.85
2024-07-01,2024,7,65+,Males,Employment to population ratio,19.61
2024-07-01,2024,7,65+,Females,Employment to population ratio,12.56
2024-07-01,2024,7,65+,Persons,Unemployed total,19.01
2024-07-01,2024,7,65+,Males,Unemployed total,10.4
2024-07-01,2024,7,65+,Females,Unemployed total,8.61
2024-07-01,2024,7,65+,Persons,Unemployment rate,2.48
2024-07-01,2024,7,65+,Males,Unemployment rate,2.36
2024-07-01,2024,7,65+,Females,Unemployment rate,2.66
2024-07-01,2024,7,65+,Persons,Labour force total,765.16
2024-07-01,2024,7,65+,Males,Labour force total,441.18
2024-07-01,2024,7,65+,Females,Labour force total,323.98
2024-07-01,2024,7,65+,Persons,Participation rate,16.26
2024-07-01,2024,7,65+,Males,Participation rate,20.08
2024-07-01,2024,7,65+,Females,Participation rate,12.91
2024-07-01,2024,7,65+,Persons,Employed total,14367.8
2024-07-01,2024,7,65+,Males,Employed total,7480.23
2024-07-01,2024,7,65+,Females,Employed total,6887.57
2024-07-01,2024,7,65+,Persons,Employment to population ratio,64.22
2024-07-01,2024,7,65+,Males,Employment to population ratio,67.95
2024-07-01,2024,7,65+,Females,Employment to population ratio,60.61
2024-07-01,2024,7,65+,Persons,Unemployed total,617.66
2024-07-01,2024,7,65+,Males,Unemployed total,346.73
2024-07-01,2024,7,65+,Females,Unemployed total,270.93
2024-07-01,2024,7,65+,Persons,Unemployment rate,4.12
2024-07-01,2024,7,65+,Males,Unemployment rate,4.43
2024-07-01,2024,7,65+,Females,Unemployment rate,3.78
2024-07-01,2024,7,65+,Persons,Labour force total,14985.47
2024-07-01,2024,7,65+,Males,Labour force total,7826.97
2024-07-01,2024,7,65+,Females,Labour force total,7158.5
2024-07-01,2024,7,65+,Persons,Participation rate,66.98
2024-07-01,2024,7,65+,Males,Participation rate,71.1
2024-07-01,2024,7,65+,Females,Participation rate,63.0
2024-08-01,2024,8,55-64,Persons,Employed total,2065.08
2024-08-01,2024,8,55-64,Males,Employed total,1083.01
2024-08-01,2024,8,55-64,Females,Employed total,982.07
2024-08-01,2024,8,55-64,Persons,Employment to population ratio,67.31
2024-08-01,2024,8,55-64,Males,Employment to population ratio,72.29
2024-08-01,2024,8,55-64,Females,Employment to population ratio,62.56
2024-08-01,2024,8,55-64,Persons,Unemployed total,66.39
2024-08-01,2024,8,55-64,Males,Unemployed total,33.46
2024-08-01,2024,8,55-64,Females,Unemployed total,32.93
2024-08-01,2024,8,55-64,Persons,Unemployment rate,3.11
2024-08-01,2024,8,55-64,Males,Unemployment rate,3.0
2024-08-01,2024,8,55-64,Females,Unemployment rate,3.24
2024-08-01,2024,8,55-64,Persons,Labour force total,2131.47
2024-08-01,2024,8,55-64,Males,Labour force total,1116.48
2024-08-01,2024,8,55-64,Females,Labour force total,1015.0
2024-08-01,2024,8,55-64,Persons,Participation rate,69.48
2024-08-01,2024,8,55-64,Males,Participation rate,74.53
2024-08-01,2024,8,55-64,Females,Participation rate,64.66
2024-08-01,2024,8,65+,Persons,Employed total,752.17
2024-08-01,2024,8,65+,Males,Employed total,440.72
2024-08-01,2024,8,65+,Females,Employed total,311.44
2024-08-01,2024,8,65+,Persons,Employment to population ratio,15.95
2024-08-01,2024,8,65+,Males,Employment to population ratio,20.02
2024-08-01,2024,8,65+,Females,Employment to population ratio,12.38
2024-08-01,2024,8,65+,Persons,Unemployed total,20.79
2024-08-01,2024,8,65+,Males,Unemployed total,10.17
2024-08-01,2024,8,65+,Females,Unemployed total,10.62
2024-08-01,2024,8,65+,Persons,Unemployment rate,2.69
2024-08-01,2024,8,65+,Males,Unemployment rate,2.26
2024-08-01,2024,8,65+,Females,Unemployment rate,3.3
2024-08-01,2024,8,65+,Persons,Labour force total,772.96
2024-08-01,2024,8,65+,Males,Labour force total,450.89
2024-08-01,2024,8,65+,Females,Labour force total,322.06
2024-08-01,2024,8,65+,Persons,Participation rate,16.39
2024-08-01,2024,8,65+,Males,Participation rate,20.48
2024-08-01,2024,8,65+,Females,Participation rate,12.8
2024-08-01,2024,8,65+,Persons,Employed total,14331.17
2024-08-01,2024,8,65+,Males,Employed total,7470.76
2024-08-01,2024,8,65+,Females,Employed total,6860.41
2024-08-01,2024,8,65+,Persons,Employment to population ratio,63.96
2024-08-01,2024,8,65+,Males,Employment to population ratio,67.76
2024-08-01,2024,8,65+,Females,Employment to population ratio,60.28
2024-08-01,2024,8,65+,Persons,Unemployed total,619.15
2024-08-01,2024,8,65+,Males,Unemployed total,336.03
2024-08-01,2024,8,65+,Females,Unemployed total,283.12
2024-08-01,2024,8,65+,Persons,Unemployment rate,4.14
2024-08-01,2024,8,65+,Males,Unemployment rate,4.3
2024-08-01,2024,8,65+,Females,Unemployment rate,3.96
2024-08-01,2024,8,65+,Persons,Labour force total,14950.33
2024-08-01,2024,8,65+,Males,Labour force total,7806.79
2024-08-01,2024,8,65+,Females,Labour force total,7143.53
2024-08-01,2024,8,65+,Persons,Participation rate,66.72
2024-08-01,2024,8,65+,Males,Participation rate,70.81
2024-08-01,2024,8,65+,Females,Participation rate,62.77
2024-09-01,2024,9,55-64,Persons,Employed total,2072.51
2024-09-01,2024,9,55-64,Males,Employed total,1084.59
2024-09-01,2024,9,55-64,Females,Employed total,987.91
2024-09-01,2024,9,55-64,Persons,Employment to population ratio,67.52
2024-09-01,2024,9,55-64,Males,Employment to population ratio,72.36
2024-09-01,2024,9,55-64,Females,Employment to population ratio,62.9
2024-09-01,2024,9,55-64,Persons,Unemployed total,67.65
2024-09-01,2024,9,55-64,Males,Unemployed total,38.45
2024-09-01,2024,9,55-64,Females,Unemployed total,29.2
2024-09-01,2024,9,55-64,Persons,Unemployment rate,3.16
2024-09-01,2024,9,55-64,Males,Unemployment rate,3.42
2024-09-01,2024,9,55-64,Females,Unemployment rate,2.87
2024-09-01,2024,9,55-64,Persons,Labour force total,2140.15
2024-09-01,2024,9,55-64,Males,Labour force total,1123.04
2024-09-01,2024,9,55-64,Females,Labour force total,1017.11
2024-09-01,2024,9,55-64,Persons,Participation rate,69.72
2024-09-01,2024,9,55-64,Males,Participation rate,74.92
2024-09-01,2024,9,55-64,Females,Participation rate,64.76
2024-09-01,2024,9,65+,Persons,Employed total,751.56
2024-09-01,2024,9,65+,Males,Employed total,436.88
2024-09-01,2024,9,65+,Females,Employed total,314.68
2024-09-01,2024,9,65+,Persons,Employment to population ratio,15.9
2024-09-01,2024,9,65+,Males,Employment to population ratio,19.8
2024-09-01,2024,9,65+,Females,Employment to population ratio,12.48
2024-09-01,2024,9,65+,Persons,Unemployed total,16.88
2024-09-01,2024,9,65+,Males,Unemployed total,8.57
2024-09-01,2024,9,65+,Females,Unemployed total,8.31
2024-09-01,2024,9,65+,Persons,Unemployment rate,2.2
2024-09-01,2024,9,65+,Males,Unemployment rate,1.92
2024-09-01,2024,9,65+,Females,Unemployment rate,2.57
2024-09-01,2024,9,65+,Persons,Labour force total,768.44
2024-09-01,2024,9,65+,Males,Labour force total,445.46
2024-09-01,2024,9,65+,Females,Labour force total,322.99
2024-09-01,2024,9,65+,Persons,Participation rate,16.26
2024-09-01,2024,9,65+,Males,Participation rate,20.19
2024-09-01,2024,9,65+,Females,Participation rate,12.81
2024-09-01,2024,9,65+,Persons,Employed total,14415.02
2024-09-01,2024,9,65+,Males,Employed total,7531.06
2024-09-01,2024,9,65+,Females,Employed total,6883.95
2024-09-01,2024,9,65+,Persons,Employment to population ratio,64.24
2024-09-01,2024,9,65+,Males,Employment to population ratio,68.2
2024-09-01,2024,9,65+,Females,Employment to population ratio,60.39
2024-09-01,2024,9,65+,Persons,Unemployed total,583.61
2024-09-01,2024,9,65+,Males,Unemployed total,306.12
2024-09-01,2024,9,65+,Females,Unemployed total,277.49
2024-09-01,2024,9,65+,Persons,Unemployment rate,3.89
2024-09-01,2024,9,65+,Males,Unemployment rate,3.91
2024-09-01,2024,9,65+,Females,Unemployment rate,3.87
2024-09-01,2024,9,65+,Persons,Labour force total,14998.62
2024-09-01,2024,9,65+,Males,Labour force total,7837.18
2024-09-01,2024,9,65+,Females,Labour force total,7161.45
2024-09-01,2024,9,65+,Persons,Participation rate,66.84
2024-09-01,2024,9,65+,Males,Participation rate,70.98
2024-09-01,2024,9,65+,Females,Participation rate,62.83
2024-10-01,2024,10,55-64,Persons,Employed total,2071.24
2024-10-01,2024,10,55-64,Males,Employed total,1085.23
2024-10-01,2024,10,55-64,Females,Employed total,986.01
2024-10-01,2024,10,55-64,Persons,Employment to population ratio,67.43
2024-10-01,2024,10,55-64,Males,Employment to population ratio,72.35
2024-10-01,2024,10,55-64,Females,Employment to population ratio,62.74
2024-10-01,2024,10,55-64,Persons,Unemployed total,66.34
2024-10-01,2024,10,55-64,Males,Unemployed total,34.74
2024-10-01,2024,10,55-64,Females,Unemployed total,31.6
2024-10-01,2024,10,55-64,Persons,Unemployment rate,3.1
2024-10-01,2024,10,55-64,Males,Unemployment rate,3.1
2024-10-01,2024,10,55-64,Females,Unemployment rate,3.1
2024-10-01,2024,10,55-64,Persons,Labour force total,2137.58
2024-10-01,2024,10,55-64,Males,Labour force total,1119.97
2024-10-01,2024,10,55-64,Females,Labour force total,1017.61
2024-10-01,2024,10,55-64,Persons,Participation rate,69.59
2024-10-01,2024,10,55-64,Males,Participation rate,74.67
2024-10-01,2024,10,55-64,Females,Participation rate,64.75
2024-10-01,2024,10,65+,Persons,Employed total,751.92
2024-10-01,2024,10,65+,Males,Employed total,439.74
2024-10-01,2024,10,65+,Females,Employed total,312.19
2024-10-01,2024,10,65+,Persons,Employment to population ratio,15.86
2024-10-01,2024,10,65+,Males,Employment to population ratio,19.88
2024-10-01,2024,10,65+,Females,Employment to population ratio,12.35
2024-10-01,2024,10,65+,Persons,Unemployed total,18.71
2024-10-01,2024,10,65+,Males,Unemployed total,10.4
2024-10-01,2024,10,65+,Females,Unemployed total,8.32
2024-10-01,2024,10,65+,Persons,Unemployment rate,2.43
2024-10-01,2024,10,65+,Males,Unemployment rate,2.31
2024-10-01,2024,10,65+,Females,Unemployment rate,2.6
2024-10-01,2024,10,65+,Persons,Labour force total,770.64
2024-10-01,2024,10,65+,Males,Labour force total,450.13
2024-10-01,2024,10,65+,Females,Labour force total,320.5
2024-10-01,2024,10,65+,Persons,Participation rate,16.26
2024-10-01,2024,10,65+,Males,Participation rate,20.35
2024-10-01,2024,10,65+,Females,Participation rate,12.68
2024-10-01,2024,10,65+,Persons,Employed total,14431.71
2024-10-01,2024,10,65+,Males,Employed total,7541.87
2024-10-01,2024,10,65+,Females,Employed total,6889.84
2024-10-01,2024,10,65+,Persons,Employment to population ratio,64.22
2024-10-01,2024,10,65+,Males,Employment to population ratio,68.21
2024-10-01,2024,10,65+,Females,Employment to population ratio,60.36
2024-10-01,2024,10,65+,Persons,Unemployed total,590.71
2024-10-01,2024,10,65+,Males,Unemployed total,311.21
2024-10-01,2024,10,65+,Females,Unemployed total,279.5
2024-10-01,2024,10,65+,Persons,Unemployment rate,3.93
2024-10-01,2024,10,65+,Males,Unemployment rate,3.96
2024-10-01,2024,10,65+,Females,Unemployment rate,3.9
2024-10-01,2024,10,65+,Persons,Labour force total,15022.42
2024-10-01,2024,10,65+,Males,Labour force total,7853.08
2024-10-01,2024,10,65+,Females,Labour force total,7169.34
2024-10-01,2024,10,65+,Persons,Participation rate,66.85
2024-10-01,2024,10,65+,Males,Participation rate,71.03
2024-10-01,2024,10,65+,Females,Participation rate,62.81
2024-11-01,2024,11,55-64,Persons,Employed total,2079.42
2024-11-01,2024,11,55-64,Males,Employed total,1091.03
2024-11-01,2024,11,55-64,Females,Employed total,988.39
2024-11-01,2024,11,55-64,Persons,Employment to population ratio,67.65
2024-11-01,2024,11,55-64,Males,Employment to population ratio,72.69
2024-11-01,2024,11,55-64,Females,Employment to population ratio,62.84
2024-11-01,2024,11,55-64,Persons,Unemployed total,50.04
2024-11-01,2024,11,55-64,Males,Unemployed total,29.2
2024-11-01,2024,11,55-64,Females,Unemployed total,20.85
2024-11-01,2024,11,55-64,Persons,Unemployment rate,2.35
2024-11-01,2024,11,55-64,Males,Unemployment rate,2.61
2024-11-01,2024,11,55-64,Females,Unemployment rate,2.07
2024-11-01,2024,11,55-64,Persons,Labour force total,2129.47
2024-11-01,2024,11,55-64,Males,Labour force total,1120.23
2024-11-01,2024,11,55-64,Females,Labour force total,1009.24
2024-11-01,2024,11,55-64,Persons,Participation rate,69.28
2024-11-01,2024,11,55-64,Males,Participation rate,74.64
2024-11-01,2024,11,55-64,Females,Participation rate,64.17
2024-11-01,2024,11,65+,Persons,Employed total,777.97
2024-11-01,2024,11,65+,Males,Employed total,443.88
2024-11-01,2024,11,65+,Females,Employed total,334.09
2024-11-01,2024,11,65+,Persons,Employment to population ratio,16.37
2024-11-01,2024,11,65+,Males,Employment to population ratio,20.02
2024-11-01,2024,11,65+,Females,Employment to population ratio,13.18
2024-11-01,2024,11,65+,Persons,Unemployed total,15.14
2024-11-01,2024,11,65+,Males,Unemployed total,6.03
2024-11-01,2024,11,65+,Females,Unemployed total,9.11
2024-11-01,2024,11,65+,Persons,Unemployment rate,1.91
2024-11-01,2024,11,65+,Males,Unemployment rate,1.34
2024-11-01,2024,11,65+,Females,Unemployment rate,2.66
2024-11-01,2024,11,65+,Persons,Labour force total,793.12
2024-11-01,2024,11,65+,Males,Labour force total,449.92
2024-11-01,2024,11,65+,Females,Labour force total,343.2
2024-11-01,2024,11,65+,Persons,Participation rate,16.69
2024-11-01,2024,11,65+,Males,Participation rate,20.29
2024-11-01,2024,11,65+,Females,Participation rate,13.54
2024-11-01,2024,11,65+,Persons,Employed total,14536.38
2024-11-01,2024,11,65+,Males,Employed total,7594.71
2024-11-01,2024,11,65+,Females,Employed total,6941.67
2024-11-01,2024,11,65+,Persons,Employment to population ratio,64.6
2024-11-01,2024,11,65+,Males,Employment to population ratio,68.6
2024-11-01,2024,11,65+,Females,Employment to population ratio,60.73
2024-11-01,2024,11,65+,Persons,Unemployed total,548.68
2024-11-01,2024,11,65+,Males,Unemployed total,297.83
2024-11-01,2024,11,65+,Females,Unemployed total,250.84
2024-11-01,2024,11,65+,Persons,Unemployment rate,3.64
2024-11-01,2024,11,65+,Males,Unemployment rate,3.77
2024-11-01,2024,11,65+,Females,Unemployment rate,3.49
2024-11-01,2024,11,65+,Persons,Labour force total,15085.05
2024-11-01,2024,11,65+,Males,Labour force total,7892.54
2024-11-01,2024,11,65+,Females,Labour force total,7192.51
2024-11-01,2024,11,65+,Persons,Participation rate,67.04
2024-11-01,2024,11,65+,Males,Participation rate,71.29
2024-11-01,2024,11,65+,Females,Participation rate,62.92
2024-12-01,2024,12,55-64,Persons,Employed total,2081.68
2024-12-01,2024,12,55-64,Males,Employed total,1094.72
2024-12-01,2024,12,55-64,Females,Employed total,986.96
2024-12-01,2024,12,55-64,Persons,Employment to population ratio,67.68
2024-12-01,2024,12,55-64,Males,Employment to population ratio,72.89
2024-12-01,2024,12,55-64,Females,Employment to population ratio,62.71
2024-12-01,2024,12,55-64,Persons,Unemployed total,63.44
2024-12-01,2024,12,55-64,Males,Unemployed total,34.26
2024-12-01,2024,12,55-64,Females,Unemployed total,29.18
2024-12-01,2024,12,55-64,Persons,Unemployment rate,2.96
2024-12-01,2024,12,55-64,Males,Unemployment rate,3.03
2024-12-01,2024,12,55-64,Females,Unemployment rate,2.87
2024-12-01,2024,12,55-64,Persons,Labour force total,2145.12
2024-12-01,2024,12,55-64,Males,Labour force total,1128.98
2024-12-01,2024,12,55-64,Females,Labour force total,1016.14
2024-12-01,2024,12,55-64,Persons,Participation rate,69.74
2024-12-01,2024,12,55-64,Males,Participation rate,75.17
2024-12-01,2024,12,55-64,Females,Participation rate,64.56
2024-12-01,2024,12,65+,Persons,Employed total,774.25
2024-12-01,2024,12,65+,Males,Employed total,442.39
2024-12-01,2024,12,65+,Females,Employed total,331.86
2024-12-01,2024,12,65+,Persons,Employment to population ratio,16.25
2024-12-01,2024,12,65+,Males,Employment to population ratio,19.9
2024-12-01,2024,12,65+,Females,Employment to population ratio,13.06
2024-12-01,2024,12,65+,Persons,Unemployed total,12.62
2024-12-01,2024,12,65+,Males,Unemployed total,6.97
2024-12-01,2024,12,65+,Females,Unemployed total,5.65
2024-12-01,2024,12,65+,Persons,Unemployment rate,1.6
2024-12-01,2024,12,65+,Males,Unemployment rate,1.55
2024-12-01,2024,12,65+,Females,Unemployment rate,1.67
2024-12-01,2024,12,65+,Persons,Labour force total,786.87
2024-12-01,2024,12,65+,Males,Labour force total,449.36
2024-12-01,2024,12,65+,Females,Labour force total,337.51
2024-12-01,2024,12,65+,Persons,Participation rate,16.51
2024-12-01,2024,12,65+,Males,Participation rate,20.21
2024-12-01,2024,12,65+,Females,Participation rate,13.28
2024-12-01,2024,12,65+,Persons,Employed total,14643.6
2024-12-01,2024,12,65+,Males,Employed total,7646.81
2024-12-01,2024,12,65+,Females,Employed total,6996.8
2024-12-01,2024,12,65+,Persons,Employment to population ratio,64.99
2024-12-01,2024,12,65+,Males,Employment to population ratio,68.98
2024-12-01,2024,12,65+,Females,Employment to population ratio,61.12
2024-12-01,2024,12,65+,Persons,Unemployed total,576.54
2024-12-01,2024,12,65+,Males,Unemployed total,313.81
2024-12-01,2024,12,65+,Females,Unemployed total,262.73
2024-12-01,2024,12,65+,Persons,Unemployment rate,3.79
2024-12-01,2024,12,65+,Males,Unemployment rate,3.94
2024-12-01,2024,12,65+,Females,Unemployment rate,3.62
2024-12-01,2024,12,65+,Persons,Labour force total,15220.14
2024-12-01,2024,12,65+,Males,Labour force total,7960.61
2024-12-01,2024,12,65+,Females,Labour force total,7259.53
2024-12-01,2024,12,65+,Persons,Participation rate,67.55
2024-12-01,2024,12,65+,Males,Participation rate,71.82
2024-12-01,2024,12,65+,Females,Participation rate,63.42
2025-01-01,2025,1,55-64,Persons,Employed total,2040.81
2025-01-01,2025,1,55-64,Males,Employed total,1070.61
2025-01-01,2025,1,55-64,Females,Employed total,970.2
2025-01-01,2025,1,55-64,Persons,Employment to population ratio,66.32
2025-01-01,2025,1,55-64,Males,Employment to population ratio,71.25
2025-01-01,2025,1,55-64,Females,Employment to population ratio,61.61
2025-01-01,2025,1,55-64,Persons,Unemployed total,75.22
2025-01-01,2025,1,55-64,Males,Unemployed total,44.05
2025-01-01,2025,1,55-64,Females,Unemployed total,31.17
2025-01-01,2025,1,55-64,Persons,Unemployment rate,3.55
2025-01-01,2025,1,55-64,Males,Unemployment rate,3.95
2025-01-01,2025,1,55-64,Females,Unemployment rate,3.11
2025-01-01,2025,1,55-64,Persons,Labour force total,2116.03
2025-01-01,2025,1,55-64,Males,Labour force total,1114.66
2025-01-01,2025,1,55-64,Females,Labour force total,1001.37
2025-01-01,2025,1,55-64,Persons,Participation rate,68.76
2025-01-01,2025,1,55-64,Males,Participation rate,74.18
2025-01-01,2025,1,55-64,Females,Participation rate,63.59
2025-01-01,2025,1,65+,Persons,Employed total,714.05
2025-01-01,2025,1,65+,Males,Employed total,408.3
2025-01-01,2025,1,65+,Females,Employed total,305.74
2025-01-01,2025,1,65+,Persons,Employment to population ratio,14.95
2025-01-01,2025,1,65+,Males,Employment to population ratio,18.32
2025-01-01,2025,1,65+,Females,Employment to population ratio,12.0
2025-01-01,2025,1,65+,Persons,Unemployed total,20.83
2025-01-01,2025,1,65+,Males,Unemployed total,10.29
2025-01-01,2025,1,65+,Females,Unemployed total,10.55
2025-01-01,2025,1,65+,Persons,Unemployment rate,2.84
2025-01-01,2025,1,65+,Males,Unemployment rate,2.46
2025-01-01,2025,1,65+,Females,Unemployment rate,3.34
2025-01-01,2025,1,65+,Persons,Labour force total,734.88
2025-01-01,2025,1,65+,Males,Labour force total,418.59
2025-01-01,2025,1,65+,Females,Labour force total,316.29
2025-01-01,2025,1,65+,Persons,Participation rate,15.38
2025-01-01,2025,1,65+,Males,Participation rate,18.78
2025-01-01,2025,1,65+,Females,Participation rate,12.41
2025-01-01,2025,1,65+,Persons,Employed total,14356.58
2025-01-01,2025,1,65+,Males,Employed total,7502.5
2025-01-01,2025,1,65+,Females,Employed total,6854.08
2025-01-01,2025,1,65+,Persons,Employment to population ratio,63.59
2025-01-01,2025,1,65+,Males,Employment to population ratio,67.55
2025-01-01,2025,1,65+,Females,Employment to population ratio,59.76
2025-01-01,2025,1,65+,Persons,Unemployed total,680.38
2025-01-01,2025,1,65+,Males,Unemployed total,358.33
2025-01-01,2025,1,65+,Females,Unemployed total,322.06
2025-01-01,2025,1,65+,Persons,Unemployment rate,4.52
2025-01-01,2025,1,65+,Males,Unemployment rate,4.56
2025-01-01,2025,1,65+,Females,Unemployment rate,4.49
2025-01-01,2025,1,65+,Persons,Labour force total,15036.97
2025-01-01,2025,1,65+,Males,Labour force total,7860.83
2025-01-01,2025,1,65+,Females,Labour force total,7176.14
2025-01-01,2025,1,65+,Persons,Participation rate,66.6
2025-01-01,2025,1,65+,Males,Participation rate,70.77
2025-01-01,2025,1,65+,Females,Participation rate,62.57
2025-02-01,2025,2,55-64,Persons,Employed total,2068.02
2025-02-01,2025,2,55-64,Males,Employed total,1078.96
2025-02-01,2025,2,55-64,Females,Employed total,989.06
2025-02-01,2025,2,55-64,Persons,Employment to population ratio,67.16
2025-02-01,2025,2,55-64,Males,Employment to population ratio,71.77
2025-02-01,2025,2,55-64,Females,Employment to population ratio,62.77
2025-02-01,2025,2,55-64,Persons,Unemployed total,72.94
2025-02-01,2025,2,55-64,Males,Unemployed total,43.03
2025-02-01,2025,2,55-64,Females,Unemployed total,29.91
2025-02-01,2025,2,55-64,Persons,Unemployment rate,3.41
2025-02-01,2025,2,55-64,Males,Unemployment rate,3.84
2025-02-01,2025,2,55-64,Females,Unemployment rate,2.94
2025-02-01,2025,2,55-64,Persons,Labour force total,2140.96
2025-02-01,2025,2,55-64,Males,Labour force total,1121.99
2025-02-01,2025,2,55-64,Females,Labour force total,1018.97
2025-02-01,2025,2,55-64,Persons,Participation rate,69.53
2025-02-01,2025,2,55-64,Males,Participation rate,74.63
2025-02-01,2025,2,55-64,Females,Participation rate,64.67
2025-02-01,2025,2,65+,Persons,Employed total,738.36
2025-02-01,2025,2,65+,Males,Employed total,415.86
2025-02-01,2025,2,65+,Females,Employed total,322.49
2025-02-01,2025,2,65+,Persons,Employment to population ratio,15.41
2025-02-01,2025,2,65+,Males,Employment to population ratio,18.61
2025-02-01,2025,2,65+,Females,Employment to population ratio,12.62
2025-02-01,2025,2,65+,Persons,Unemployed total,21.94
2025-02-01,2025,2,65+,Males,Unemployed total,12.9
2025-02-01,2025,2,65+,Females,Unemployed total,9.04
2025-02-01,2025,2,65+,Persons,Unemployment rate,2.89
2025-02-01,2025,2,65+,Males,Unemployment rate,3.01
2025-02-01,2025,2,65+,Females,Unemployment rate,2.73
2025-02-01,2025,2,65+,Persons,Labour force total,760.29
2025-02-01,2025,2,65+,Males,Labour force total,428.76
2025-02-01,2025,2,65+,Females,Labour force total,331.53
2025-02-01,2025,2,65+,Persons,Participation rate,15.87
2025-02-01,2025,2,65+,Males,Participation rate,19.19
2025-02-01,2025,2,65+,Females,Participation rate,12.97
2025-02-01,2025,2,65+,Persons,Employed total,14540.72
2025-02-01,2025,2,65+,Males,Employed total,7578.38
2025-02-01,2025,2,65+,Females,Employed total,6962.34
2025-02-01,2025,2,65+,Persons,Employment to population ratio,64.28
2025-02-01,2025,2,65+,Males,Employment to population ratio,68.1
2025-02-01,2025,2,65+,Females,Employment to population ratio,60.58
2025-02-01,2025,2,65+,Persons,Unemployed total,667.57
2025-02-01,2025,2,65+,Males,Unemployed total,356.2
2025-02-01,2025,2,65+,Females,Unemployed total,311.37
2025-02-01,2025,2,65+,Persons,Unemployment rate,4.39
2025-02-01,2025,2,65+,Males,Unemployment rate,4.49
2025-02-01,2025,2,65+,Females,Unemployment rate,4.28
2025-02-01,2025,2,65+,Persons,Labour force total,15208.29
2025-02-01,2025,2,65+,Males,Labour force total,7934.58
2025-02-01,2025,2,65+,Females,Labour force total,7273.71
2025-02-01,2025,2,65+,Persons,Participation rate,67.23
2025-02-01,2025,2,65+,Males,Participation rate,71.3
2025-02-01,2025,2,65+,Females,Participation rate,63.29
2025-03-01,2025,3,55-64,Persons,Employed total,2047.51
2025-03-01,2025,3,55-64,Males,Employed total,1079.66
2025-03-01,2025,3,55-64,Females,Employed total,967.84
2025-03-01,2025,3,55-64,Persons,Employment to population ratio,66.46
2025-03-01,2025,3,55-64,Males,Employment to population ratio,71.78
2025-03-01,2025,3,55-64,Females,Employment to population ratio,61.39
2025-03-01,2025,3,55-64,Persons,Unemployed total,63.19
2025-03-01,2025,3,55-64,Males,Unemployed total,37.34
2025-03-01,2025,3,55-64,Females,Unemployed total,25.85
2025-03-01,2025,3,55-64,Persons,Unemployment rate,2.99
2025-03-01,2025,3,55-64,Males,Unemployment rate,3.34
2025-03-01,2025,3,55-64,Females,Unemployment rate,2.6
2025-03-01,2025,3,55-64,Persons,Labour force total,2110.69
2025-03-01,2025,3,55-64,Males,Labour force total,1117.0
2025-03-01,2025,3,55-64,Females,Labour force total,993.7
2025-03-01,2025,3,55-64,Persons,Participation rate,68.51
2025-03-01,2025,3,55-64,Males,Participation rate,74.26
2025-03-01,2025,3,55-64,Females,Participation rate,63.03
2025-03-01,2025,3,65+,Persons,Employed total,766.86
2025-03-01,2025,3,65+,Males,Employed total,432.76
2025-03-01,2025,3,65+,Females,Employed total,334.1
2025-03-01,2025,3,65+,Persons,Employment to population ratio,15.97
2025-03-01,2025,3,65+,Males,Employment to population ratio,19.32
2025-03-01,2025,3,65+,Females,Employment to population ratio,13.04
2025-03-01,2025,3,65+,Persons,Unemployed total,21.87
2025-03-01,2025,3,65+,Males,Unemployed total,12.18
2025-03-01,2025,3,65+,Females,Unemployed total,9.69
2025-03-01,2025,3,65+,Persons,Unemployment rate,2.77
2025-03-01,2025,3,65+,Males,Unemployment rate,2.74
2025-03-01,2025,3,65+,Females,Unemployment rate,2.82
2025-03-01,2025,3,65+,Persons,Labour force total,788.73
2025-03-01,2025,3,65+,Males,Labour force total,444.94
2025-03-01,2025,3,65+,Females,Labour force total,343.79
2025-03-01,2025,3,65+,Persons,Participation rate,16.42
2025-03-01,2025,3,65+,Males,Participation rate,19.86
2025-03-01,2025,3,65+,Females,Participation rate,13.42
2025-03-01,2025,3,65+,Persons,Employed total,14539.12
2025-03-01,2025,3,65+,Males,Employed total,7585.96
2025-03-01,2025,3,65+,Females,Employed total,6953.16
2025-03-01,2025,3,65+,Persons,Employment to population ratio,64.14
2025-03-01,2025,3,65+,Males,Employment to population ratio,68.03
2025-03-01,2025,3,65+,Females,Employment to population ratio,60.38
2025-03-01,2025,3,65+,Persons,Unemployed total,654.04
2025-03-01,2025,3,65+,Males,Unemployed total,348.43
2025-03-01,2025,3,65+,Females,Unemployed total,305.62
2025-03-01,2025,3,65+,Persons,Unemployment rate,4.3
2025-03-01,2025,3,65+,Males,Unemployment rate,4.39
2025-03-01,2025,3,65+,Females,Unemployment rate,4.21
2025-03-01,2025,3,65+,Persons,Labour force total,15193.17
2025-03-01,2025,3,65+,Males,Labour force total,7934.39
2025-03-01,2025,3,65+,Females,Labour force total,7258.78
2025-03-01,2025,3,65+,Persons,Participation rate,67.03
2025-03-01,2025,3,65+,Males,Participation rate,71.16
2025-03-01,2025,3,65+,Females,Participation rate,63.04
2025-04-01,2025,4,55-64,Persons,Employed total,2064.92
2025-04-01,2025,4,55-64,Males,Employed total,1087.83
2025-04-01,2025,4,55-64,Females,Employed total,977.09
2025-04-01,2025,4,55-64,Persons,Employment to population ratio,66.98
2025-04-01,2025,4,55-64,Males,Employment to population ratio,72.27
2025-04-01,2025,4,55-64,Females,Employment to population ratio,61.93
2025-04-01,2025,4,55-64,Persons,Unemployed total,70.46
2025-04-01,2025,4,55-64,Males,Unemployed total,37.25
2025-04-01,2025,4,55-64,Females,Unemployed total,33.21
2025-04-01,2025,4,55-64,Persons,Unemployment rate,3.3
2025-04-01,2025,4,55-64,Males,Unemployment rate,3.31
2025-04-01,2025,4,55-64,Females,Unemployment rate,3.29
2025-04-01,2025,4,55-64,Persons,Labour force total,2135.38
2025-04-01,2025,4,55-64,Males,Labour force total,1125.09
2025-04-01,2025,4,55-64,Females,Labour force total,1010.3
2025-04-01,2025,4,55-64,Persons,Participation rate,69.27
2025-04-01,2025,4,55-64,Males,Participation rate,74.75
2025-04-01,2025,4,55-64,Females,Participation rate,64.04
2025-04-01,2025,4,65+,Persons,Employed total,765.02
2025-04-01,2025,4,65+,Males,Employed total,429.92
2025-04-01,2025,4,65+,Females,Employed total,335.1
2025-04-01,2025,4,65+,Persons,Employment to population ratio,15.89
2025-04-01,2025,4,65+,Males,Employment to population ratio,19.14
2025-04-01,2025,4,65+,Females,Employment to population ratio,13.05
2025-04-01,2025,4,65+,Persons,Unemployed total,19.81
2025-04-01,2025,4,65+,Males,Unemployed total,12.04
2025-04-01,2025,4,65+,Females,Unemployed total,7.77
2025-04-01,2025,4,65+,Persons,Unemployment rate,2.52
2025-04-01,2025,4,65+,Males,Unemployment rate,2.72
2025-04-01,2025,4,65+,Females,Unemployment rate,2.27
2025-04-01,2025,4,65+,Persons,Labour force total,784.83
2025-04-01,2025,4,65+,Males,Labour force total,441.96
2025-04-01,2025,4,65+,Females,Labour force total,342.87
2025-04-01,2025,4,65+,Persons,Participation rate,16.3
2025-04-01,2025,4,65+,Males,Participation rate,19.68
2025-04-01,2025,4,65+,Females,Participation rate,13.35
2025-04-01,2025,4,65+,Persons,Employed total,14596.89
2025-04-01,2025,4,65+,Males,Employed total,7591.83
2025-04-01,2025,4,65+,Females,Employed total,7005.06
2025-04-01,2025,4,65+,Persons,Employment to population ratio,64.33
2025-04-01,2025,4,65+,Males,Employment to population ratio,68.01
2025-04-01,2025,4,65+,Females,Employment to population ratio,60.76
2025-04-01,2025,4,65+,Persons,Unemployed total,630.69
2025-04-01,2025,4,65+,Males,Unemployed total,330.41
2025-04-01,2025,4,65+,Females,Unemployed total,300.28
2025-04-01,2025,4,65+,Persons,Unemployment rate,4.14
2025-04-01,2025,4,65+,Males,Unemployment rate,4.17
2025-04-01,2025,4,65+,Females,Unemployment rate,4.11
2025-04-01,2025,4,65+,Persons,Labour force total,15227.58
2025-04-01,2025,4,65+,Males,Labour force total,7922.25
2025-04-01,2025,4,65+,Females,Labour force total,7305.34
2025-04-01,2025,4,65+,Persons,Participation rate,67.11
2025-04-01,2025,4,65+,Males,Participation rate,70.97
2025-04-01,2025,4,65+,Females,Participation rate,63.37
2025-05-01,2025,5,55-64,Persons,Employed total,2083.23
2025-05-01,2025,5,55-64,Males,Employed total,1086.64
2025-05-01,2025,5,55-64,Females,Employed total,996.59
2025-05-01,2025,5,55-64,Persons,Employment to population ratio,67.53
2025-05-01,2025,5,55-64,Males,Employment to population ratio,72.15
2025-05-01,2025,5,55-64,Females,Employment to population ratio,63.13
2025-05-01,2025,5,55-64,Persons,Unemployed total,70.18
2025-05-01,2025,5,55-64,Males,Unemployed total,35.68
2025-05-01,2025,5,55-64,Females,Unemployed total,34.5
2025-05-01,2025,5,55-64,Persons,Unemployment rate,3.26
2025-05-01,2025,5,55-64,Males,Unemployment rate,3.18
2025-05-01,2025,5,55-64,Females,Unemployment rate,3.35
2025-05-01,2025,5,55-64,Persons,Labour force total,2153.41
2025-05-01,2025,5,55-64,Males,Labour force total,1122.31
2025-05-01,2025,5,55-64,Females,Labour force total,1031.1
2025-05-01,2025,5,55-64,Persons,Participation rate,69.8
2025-05-01,2025,5,55-64,Males,Participation rate,74.51
2025-05-01,2025,5,55-64,Females,Participation rate,65.31
2025-05-01,2025,5,65+,Persons,Employed total,780.21
2025-05-01,2025,5,65+,Males,Employed total,441.74
2025-05-01,2025,5,65+,Females,Employed total,338.47
2025-05-01,2025,5,65+,Persons,Employment to population ratio,16.17
2025-05-01,2025,5,65+,Males,Employment to population ratio,19.62
2025-05-01,2025,5,65+,Females,Employment to population ratio,13.14
2025-05-01,2025,5,65+,Persons,Unemployed total,15.19
2025-05-01,2025,5,65+,Males,Unemployed total,7.13
2025-05-01,2025,5,65+,Females,Unemployed total,8.06
2025-05-01,2025,5,65+,Persons,Unemployment rate,1.91
2025-05-01,2025,5,65+,Males,Unemployment rate,1.59
2025-05-01,2025,5,65+,Females,Unemployment rate,2.33
2025-05-01,2025,5,65+,Persons,Labour force total,795.4
2025-05-01,2025,5,65+,Males,Labour force total,448.87
2025-05-01,2025,5,65+,Females,Labour force total,346.53
2025-05-01,2025,5,65+,Persons,Participation rate,16.48
2025-05-01,2025,5,65+,Males,Participation rate,19.94
2025-05-01,2025,5,65+,Females,Participation rate,13.46
2025-05-01,2025,5,65+,Persons,Employed total,14683.08
2025-05-01,2025,5,65+,Males,Employed total,7601.4
2025-05-01,2025,5,65+,Females,Employed total,7081.68
2025-05-01,2025,5,65+,Persons,Employment to population ratio,64.63
2025-05-01,2025,5,65+,Males,Employment to population ratio,68.01
2025-05-01,2025,5,65+,Females,Employment to population ratio,61.36
2025-05-01,2025,5,65+,Persons,Unemployed total,618.04
2025-05-01,2025,5,65+,Males,Unemployed total,333.28
2025-05-01,2025,5,65+,Females,Unemployed total,284.76
2025-05-01,2025,5,65+,Persons,Unemployment rate,4.04
2025-05-01,2025,5,65+,Males,Unemployment rate,4.2
2025-05-01,2025,5,65+,Females,Unemployment rate,3.87
2025-05-01,2025,5,65+,Persons,Labour force total,15301.12
2025-05-01,2025,5,65+,Males,Labour force total,7934.69
2025-05-01,2025,5,65+,Females,Labour force total,7366.44
2025-05-01,2025,5,65+,Persons,Participation rate,67.35
2025-05-01,2025,5,65+,Males,Participation rate,71.0
2025-05-01,2025,5,65+,Females,Participation rate,63.82
2025-06-01,2025,6,55-64,Persons,Employed total,2078.03
2025-06-01,2025,6,55-64,Males,Employed total,1091.65
2025-06-01,2025,6,55-64,Females,Employed total,986.38
2025-06-01,2025,6,55-64,Persons,Employment to population ratio,67.32
2025-06-01,2025,6,55-64,Males,Employment to population ratio,72.43
2025-06-01,2025,6,55-64,Females,Employment to population ratio,62.44
2025-06-01,2025,6,55-64,Persons,Unemployed total,75.03
2025-06-01,2025,6,55-64,Males,Unemployed total,37.91
2025-06-01,2025,6,55-64,Females,Unemployed total,37.12
2025-06-01,2025,6,55-64,Persons,Unemployment rate,3.48
2025-06-01,2025,6,55-64,Males,Unemployment rate,3.36
2025-06-01,2025,6,55-64,Females,Unemployment rate,3.63
2025-06-01,2025,6,55-64,Persons,Labour force total,2153.05
2025-06-01,2025,6,55-64,Males,Labour force total,1129.55
2025-06-01,2025,6,55-64,Females,Labour force total,1023.5
2025-06-01,2025,6,55-64,Persons,Participation rate,69.75
2025-06-01,2025,6,55-64,Males,Participation rate,74.95
2025-06-01,2025,6,55-64,Females,Participation rate,64.79
2025-06-01,2025,6,65+,Persons,Employed total,766.14
2025-06-01,2025,6,65+,Males,Employed total,426.28
2025-06-01,2025,6,65+,Females,Employed total,339.86
2025-06-01,2025,6,65+,Persons,Employment to population ratio,15.84
2025-06-01,2025,6,65+,Males,Employment to population ratio,18.89
2025-06-01,2025,6,65+,Females,Employment to population ratio,13.16
2025-06-01,2025,6,65+,Persons,Unemployed total,12.09
2025-06-01,2025,6,65+,Males,Unemployed total,8.94
2025-06-01,2025,6,65+,Females,Unemployed total,3.14
2025-06-01,2025,6,65+,Persons,Unemployment rate,1.55
2025-06-01,2025,6,65+,Males,Unemployment rate,2.06
2025-06-01,2025,6,65+,Females,Unemployment rate,0.92
2025-06-01,2025,6,65+,Persons,Labour force total,778.23
2025-06-01,2025,6,65+,Males,Labour force total,435.23
2025-06-01,2025,6,65+,Females,Labour force total,343.0
2025-06-01,2025,6,65+,Persons,Participation rate,16.09
2025-06-01,2025,6,65+,Males,Participation rate,19.29
2025-06-01,2025,6,65+,Females,Participation rate,13.29
2025-06-01,2025,6,65+,Persons,Employed total,14618.77
2025-06-01,2025,6,65+,Males,Employed total,7593.82
2025-06-01,2025,6,65+,Females,Employed total,7024.95
2025-06-01,2025,6,65+,Persons,Employment to population ratio,64.28
2025-06-01,2025,6,65+,Males,Employment to population ratio,67.87
2025-06-01,2025,6,65+,Females,Employment to population ratio,60.8
2025-06-01,2025,6,65+,Persons,Unemployed total,638.39
2025-06-01,2025,6,65+,Males,Unemployed total,350.74
2025-06-01,2025,6,65+,Females,Unemployed total,287.65
2025-06-01,2025,6,65+,Persons,Unemployment rate,4.18
2025-06-01,2025,6,65+,Males,Unemployment rate,4.41
2025-06-01,2025,6,65+,Females,Unemployment rate,3.93
2025-06-01,2025,6,65+,Persons,Labour force total,15257.16
2025-06-01,2025,6,65+,Males,Labour force total,7944.56
2025-06-01,2025,6,65+,Females,Labour force total,7312.59
2025-06-01,2025,6,65+,Persons,Participation rate,67.08
2025-06-01,2025,6,65+,Males,Participation rate,71.0
2025-06-01,2025,6,65+,Females,Participation rate,63.29
2025-07-01,2025,7,55-64,Persons,Employed total,2072.75
2025-07-01,2025,7,55-64,Males,Employed total,1088.38
2025-07-01,2025,7,55-64,Females,Employed total,984.37
2025-07-01,2025,7,55-64,Persons,Employment to population ratio,67.08
2025-07-01,2025,7,55-64,Males,Employment to population ratio,72.15
2025-07-01,2025,7,55-64,Females,Employment to population ratio,62.25
2025-07-01,2025,7,55-64,Persons,Unemployed total,72.73
2025-07-01,2025,7,55-64,Males,Unemployed total,38.85
2025-07-01,2025,7,55-64,Females,Unemployed total,33.88
2025-07-01,2025,7,55-64,Persons,Unemployment rate,3.39
2025-07-01,2025,7,55-64,Males,Unemployment rate,3.45
2025-07-01,2025,7,55-64,Females,Unemployment rate,3.33
2025-07-01,2025,7,55-64,Persons,Labour force total,2145.48
2025-07-01,2025,7,55-64,Males,Labour force total,1127.23
2025-07-01,2025,7,55-64,Females,Labour force total,1018.25
2025-07-01,2025,7,55-64,Persons,Participation rate,69.44
2025-07-01,2025,7,55-64,Males,Participation rate,74.73
2025-07-01,2025,7,55-64,Females,Participation rate,64.39
2025-07-01,2025,7,65+,Persons,Employed total,754.38
2025-07-01,2025,7,65+,Males,Employed total,421.12
2025-07-01,2025,7,65+,Females,Employed total,333.26
2025-07-01,2025,7,65+,Persons,Employment to population ratio,15.56
2025-07-01,2025,7,65+,Males,Employment to population ratio,18.62
2025-07-01,2025,7,65+,Females,Employment to population ratio,12.88
2025-07-01,2025,7,65+,Persons,Unemployed total,20.92
2025-07-01,2025,7,65+,Males,Unemployed total,14.39
2025-07-01,2025,7,65+,Females,Unemployed total,6.53
2025-07-01,2025,7,65+,Persons,Unemployment rate,2.7
2025-07-01,2025,7,65+,Males,Unemployment rate,3.3
2025-07-01,2025,7,65+,Females,Unemployment rate,1.92
2025-07-01,2025,7,65+,Persons,Labour force total,775.3
2025-07-01,2025,7,65+,Males,Labour force total,435.51
2025-07-01,2025,7,65+,Females,Labour force total,339.79
2025-07-01,2025,7,65+,Persons,Participation rate,15.99
2025-07-01,2025,7,65+,Males,Participation rate,19.26
2025-07-01,2025,7,65+,Females,Participation rate,13.13
2025-07-01,2025,7,65+,Persons,Employed total,14603.32
2025-07-01,2025,7,65+,Males,Employed total,7562.49
2025-07-01,2025,7,65+,Females,Employed total,7040.84
2025-07-01,2025,7,65+,Persons,Employment to population ratio,64.11
2025-07-01,2025,7,65+,Males,Employment to population ratio,67.48
2025-07-01,2025,7,65+,Females,Employment to population ratio,60.84
2025-07-01,2025,7,65+,Persons,Unemployed total,635.98
2025-07-01,2025,7,65+,Males,Unemployed total,344.79
2025-07-01,2025,7,65+,Females,Unemployed total,291.19
2025-07-01,2025,7,65+,Persons,Unemployment rate,4.17
2025-07-01,2025,7,65+,Males,Unemployment rate,4.36
2025-07-01,2025,7,65+,Females,Unemployment rate,3.97
2025-07-01,2025,7,65+,Persons,Labour force total,15239.31
2025-07-01,2025,7,65+,Males,Labour force total,7907.28
2025-07-01,2025,7,65+,Females,Labour force total,7332.03
2025-07-01,2025,7,65+,Persons,Participation rate,66.9
2025-07-01,2025,7,65+,Males,Participation rate,70.56
2025-07-01,2025,7,65+,Females,Participation rate,63.36
2025-08-01,2025,8,55-64,Persons,Employed total,2069.39
2025-08-01,2025,8,55-64,Males,Employed total,1081.29
2025-08-01,2025,8,55-64,Females,Employed total,988.1
2025-08-01,2025,8,55-64,Persons,Employment to population ratio,66.91
2025-08-01,2025,8,55-64,Males,Employment to population ratio,71.62
2025-08-01,2025,8,55-64,Females,Employment to population ratio,62.42
2025-08-01,2025,8,55-64,Persons,Unemployed total,63.96
2025-08-01,2025,8,55-64,Males,Unemployed total,33.34
2025-08-01,2025,8,55-64,Females,Unemployed total,30.62
2025-08-01,2025,8,55-64,Persons,Unemployment rate,3.0
2025-08-01,2025,8,55-64,Males,Unemployment rate,2.99
2025-08-01,2025,8,55-64,Females,Unemployment rate,3.01
2025-08-01,2025,8,55-64,Persons,Labour force total,2133.35
2025-08-01,2025,8,55-64,Males,Labour force total,1114.62
2025-08-01,2025,8,55-64,Females,Labour force total,1018.72
2025-08-01,2025,8,55-64,Persons,Participation rate,68.98
2025-08-01,2025,8,55-64,Males,Participation rate,73.83
2025-08-01,2025,8,55-64,Females,Participation rate,64.36
2025-08-01,2025,8,65+,Persons,Employed total,758.83
2025-08-01,2025,8,65+,Males,Employed total,426.52
2025-08-01,2025,8,65+,Females,Employed total,332.31
2025-08-01,2025,8,65+,Persons,Employment to population ratio,15.61
2025-08-01,2025,8,65+,Males,Employment to population ratio,18.82
2025-08-01,2025,8,65+,Females,Employment to population ratio,12.81
2025-08-01,2025,8,65+,Persons,Unemployed total,18.0
2025-08-01,2025,8,65+,Males,Unemployed total,13.55
2025-08-01,2025,8,65+,Females,Unemployed total,4.45
2025-08-01,2025,8,65+,Persons,Unemployment rate,2.32
2025-08-01,2025,8,65+,Males,Unemployment rate,3.08
2025-08-01,2025,8,65+,Females,Unemployment rate,1.32
2025-08-01,2025,8,65+,Persons,Labour force total,776.83
2025-08-01,2025,8,65+,Males,Labour force total,440.07
2025-08-01,2025,8,65+,Females,Labour force total,336.76
2025-08-01,2025,8,65+,Persons,Participation rate,15.98
2025-08-01,2025,8,65+,Males,Participation rate,19.41
2025-08-01,2025,8,65+,Females,Participation rate,12.98
2025-08-01,2025,8,65+,Persons,Employed total,14515.1
2025-08-01,2025,8,65+,Males,Employed total,7532.01
2025-08-01,2025,8,65+,Females,Employed total,6983.09
2025-08-01,2025,8,65+,Persons,Employment to population ratio,63.62
2025-08-01,2025,8,65+,Males,Employment to population ratio,67.1
2025-08-01,2025,8,65+,Females,Employment to population ratio,60.25
2025-08-01,2025,8,65+,Persons,Unemployed total,645.54
2025-08-01,2025,8,65+,Males,Unemployed total,346.24
2025-08-01,2025,8,65+,Females,Unemployed total,299.3
2025-08-01,2025,8,65+,Persons,Unemployment rate,4.26
2025-08-01,2025,8,65+,Males,Unemployment rate,4.39
2025-08-01,2025,8,65+,Females,Unemployment rate,4.11
2025-08-01,2025,8,65+,Persons,Labour force total,15160.65
2025-08-01,2025,8,65+,Males,Labour force total,7878.26
2025-08-01,2025,8,65+,Females,Labour force total,7282.39
2025-08-01,2025,8,65+,Persons,Participation rate,66.45
2025-08-01,2025,8,65+,Males,Participation rate,70.18
2025-08-01,2025,8,65+,Females,Participation rate,62.83
2025-09-01,2025,9,55-64,Persons,Employed total,2066.81
2025-09-01,2025,9,55-64,Males,Employed total,1086.0
2025-09-01,2025,9,55-64,Females,Employed total,980.81
2025-09-01,2025,9,55-64,Persons,Employment to population ratio,66.77
2025-09-01,2025,9,55-64,Males,Employment to population ratio,71.87
2025-09-01,2025,9,55-64,Females,Employment to population ratio,61.9
2025-09-01,2025,9,55-64,Persons,Unemployed total,73.12
2025-09-01,2025,9,55-64,Males,Unemployed total,38.32
2025-09-01,2025,9,55-64,Females,Unemployed total,34.8
2025-09-01,2025,9,55-64,Persons,Unemployment rate,3.42
2025-09-01,2025,9,55-64,Males,Unemployment rate,3.41
2025-09-01,2025,9,55-64,Females,Unemployment rate,3.43
2025-09-01,2025,9,55-64,Persons,Labour force total,2139.94
2025-09-01,2025,9,55-64,Males,Labour force total,1124.32
2025-09-01,2025,9,55-64,Females,Labour force total,1015.61
2025-09-01,2025,9,55-64,Persons,Participation rate,69.13
2025-09-01,2025,9,55-64,Males,Participation rate,74.41
2025-09-01,2025,9,55-64,Females,Participation rate,64.1
2025-09-01,2025,9,65+,Persons,Employed total,755.26
2025-09-01,2025,9,65+,Males,Employed total,416.74
2025-09-01,2025,9,65+,Females,Employed total,338.52
2025-09-01,2025,9,65+,Persons,Employment to population ratio,15.5
2025-09-01,2025,9,65+,Males,Employment to population ratio,18.34
2025-09-01,2025,9,65+,Females,Employment to population ratio,13.02
2025-09-01,2025,9,65+,Persons,Unemployed total,15.06
2025-09-01,2025,9,65+,Males,Unemployed total,11.1
2025-09-01,2025,9,65+,Females,Unemployed total,3.97
2025-09-01,2025,9,65+,Persons,Unemployment rate,1.96
2025-09-01,2025,9,65+,Males,Unemployment rate,2.59
2025-09-01,2025,9,65+,Females,Unemployment rate,1.16
2025-09-01,2025,9,65+,Persons,Labour force total,770.33
2025-09-01,2025,9,65+,Males,Labour force total,427.84
2025-09-01,2025,9,65+,Females,Labour force total,342.48
2025-09-01,2025,9,65+,Persons,Participation rate,15.81
2025-09-01,2025,9,65+,Males,Participation rate,18.83
2025-09-01,2025,9,65+,Females,Participation rate,13.17
2025-09-01,2025,9,65+,Persons,Employed total,14578.25
2025-09-01,2025,9,65+,Males,Employed total,7567.52
2025-09-01,2025,9,65+,Females,Employed total,7010.73
2025-09-01,2025,9,65+,Persons,Employment to population ratio,63.79
2025-09-01,2025,9,65+,Males,Employment to population ratio,67.31
2025-09-01,2025,9,65+,Females,Employment to population ratio,60.39
2025-09-01,2025,9,65+,Persons,Unemployed total,654.49
2025-09-01,2025,9,65+,Males,Unemployed total,355.27
2025-09-01,2025,9,65+,Females,Unemployed total,299.22
2025-09-01,2025,9,65+,Persons,Unemployment rate,4.3
2025-09-01,2025,9,65+,Males,Unemployment rate,4.48
2025-09-01,2025,9,65+,Females,Unemployment rate,4.09
2025-09-01,2025,9,65+,Persons,Labour force total,15232.74
2025-09-01,2025,9,65+,Males,Labour force total,7922.79
2025-09-01,2025,9,65+,Females,Labour force total,7309.95
2025-09-01,2025,9,65+,Persons,Participation rate,66.66
2025-09-01,2025,9,65+,Males,Participation rate,70.47
2025-09-01,2025,9,65+,Females,Participation rate,62.97
2025-10-01,2025,10,55-64,Persons,Employed total,2063.28
2025-10-01,2025,10,55-64,Males,Employed total,1076.0
2025-10-01,2025,10,55-64,Females,Employed total,987.28
2025-10-01,2025,10,55-64,Persons,Employment to population ratio,66.59
2025-10-01,2025,10,55-64,Males,Employment to population ratio,71.14
2025-10-01,2025,10,55-64,Females,Employment to population ratio,62.25
2025-10-01,2025,10,55-64,Persons,Unemployed total,75.35
2025-10-01,2025,10,55-64,Males,Unemployed total,43.28
2025-10-01,2025,10,55-64,Females,Unemployed total,32.08
2025-10-01,2025,10,55-64,Persons,Unemployment rate,3.52
2025-10-01,2025,10,55-64,Males,Unemployment rate,3.87
2025-10-01,2025,10,55-64,Females,Unemployment rate,3.15
2025-10-01,2025,10,55-64,Persons,Labour force total,2138.64
2025-10-01,2025,10,55-64,Males,Labour force total,1119.28
2025-10-01,2025,10,55-64,Females,Labour force total,1019.35
2025-10-01,2025,10,55-64,Persons,Participation rate,69.02
2025-10-01,2025,10,55-64,Males,Participation rate,74.01
2025-10-01,2025,10,55-64,Females,Participation rate,64.27
2025-10-01,2025,10,65+,Persons,Employed total,767.84
2025-10-01,2025,10,65+,Males,Employed total,433.7
2025-10-01,2025,10,65+,Females,Employed total,334.14
2025-10-01,2025,10,65+,Persons,Employment to population ratio,15.72
2025-10-01,2025,10,65+,Males,Employment to population ratio,19.04
2025-10-01,2025,10,65+,Females,Employment to population ratio,12.82
2025-10-01,2025,10,65+,Persons,Unemployed total,16.39
2025-10-01,2025,10,65+,Males,Unemployed total,6.96
2025-10-01,2025,10,65+,Females,Unemployed total,9.43
2025-10-01,2025,10,65+,Persons,Unemployment rate,2.09
2025-10-01,2025,10,65+,Males,Unemployment rate,1.58
2025-10-01,2025,10,65+,Females,Unemployment rate,2.75
2025-10-01,2025,10,65+,Persons,Labour force total,784.23
2025-10-01,2025,10,65+,Males,Labour force total,440.66
2025-10-01,2025,10,65+,Females,Labour force total,343.58
2025-10-01,2025,10,65+,Persons,Participation rate,16.06
2025-10-01,2025,10,65+,Males,Participation rate,19.35
2025-10-01,2025,10,65+,Females,Participation rate,13.18
2025-10-01,2025,10,65+,Persons,Employed total,14630.88
2025-10-01,2025,10,65+,Males,Employed total,7612.63
2025-10-01,2025,10,65+,Females,Employed total,7018.24
2025-10-01,2025,10,65+,Persons,Employment to population ratio,63.95
2025-10-01,2025,10,65+,Males,Employment to population ratio,67.63
2025-10-01,2025,10,65+,Females,Employment to population ratio,60.38
2025-10-01,2025,10,65+,Persons,Unemployed total,635.63
2025-10-01,2025,10,65+,Males,Unemployed total,348.24
2025-10-01,2025,10,65+,Females,Unemployed total,287.4
2025-10-01,2025,10,65+,Persons,Unemployment rate,4.16
2025-10-01,2025,10,65+,Males,Unemployment rate,4.37
2025-10-01,2025,10,65+,Females,Unemployment rate,3.93
2025-10-01,2025,10,65+,Persons,Labour force total,15266.51
2025-10-01,2025,10,65+,Males,Labour force total,7960.87
2025-10-01,2025,10,65+,Females,Labour force total,7305.64
2025-10-01,2025,10,65+,Persons,Participation rate,66.72
2025-10-01,2025,10,65+,Males,Participation rate,70.72
2025-10-01,2025,10,65+,Females,Participation rate,62.85
2025-11-01,2025,11,55-64,Persons,Employed total,2069.59
2025-11-01,2025,11,55-64,Males,Employed total,1078.49
2025-11-01,2025,11,55-64,Females,Employed total,991.09
2025-11-01,2025,11,55-64,Persons,Employment to population ratio,66.73
2025-11-01,2025,11,55-64,Males,Employment to population ratio,71.24
2025-11-01,2025,11,55-64,Females,Employment to population ratio,62.42
2025-11-01,2025,11,55-64,Persons,Unemployed total,70.53
2025-11-01,2025,11,55-64,Males,Unemployed total,40.68
2025-11-01,2025,11,55-64,Females,Unemployed total,29.85
2025-11-01,2025,11,55-64,Persons,Unemployment rate,3.3
2025-11-01,2025,11,55-64,Males,Unemployment rate,3.63
2025-11-01,2025,11,55-64,Females,Unemployment rate,2.92
2025-11-01,2025,11,55-64,Persons,Labour force total,2140.12
2025-11-01,2025,11,55-64,Males,Labour force total,1119.17
2025-11-01,2025,11,55-64,Females,Labour force total,1020.95
2025-11-01,2025,11,55-64,Persons,Participation rate,69.0
2025-11-01,2025,11,55-64,Males,Participation rate,73.93
2025-11-01,2025,11,55-64,Females,Participation rate,64.31
2025-11-01,2025,11,65+,Persons,Employed total,772.2
2025-11-01,2025,11,65+,Males,Employed total,416.39
2025-11-01,2025,11,65+,Females,Employed total,355.81
2025-11-01,2025,11,65+,Persons,Employment to population ratio,15.77
2025-11-01,2025,11,65+,Males,Employment to population ratio,18.23
2025-11-01,2025,11,65+,Females,Employment to population ratio,13.61
2025-11-01,2025,11,65+,Persons,Unemployed total,17.64
2025-11-01,2025,11,65+,Males,Unemployed total,13.38
2025-11-01,2025,11,65+,Females,Unemployed total,4.26
2025-11-01,2025,11,65+,Persons,Unemployment rate,2.23
2025-11-01,2025,11,65+,Males,Unemployment rate,3.11
2025-11-01,2025,11,65+,Females,Unemployment rate,1.18
2025-11-01,2025,11,65+,Persons,Labour force total,789.84
2025-11-01,2025,11,65+,Males,Labour force total,429.77
2025-11-01,2025,11,65+,Females,Labour force total,360.07
2025-11-01,2025,11,65+,Persons,Participation rate,16.13
2025-11-01,2025,11,65+,Males,Participation rate,18.82
2025-11-01,2025,11,65+,Females,Participation rate,13.78
2025-11-01,2025,11,65+,Persons,Employed total,14681.25
2025-11-01,2025,11,65+,Males,Employed total,7620.27
2025-11-01,2025,11,65+,Females,Employed total,7060.98
2025-11-01,2025,11,65+,Persons,Employment to population ratio,64.09
2025-11-01,2025,11,65+,Males,Employment to population ratio,67.61
2025-11-01,2025,11,65+,Females,Employment to population ratio,60.67
2025-11-01,2025,11,65+,Persons,Unemployed total,611.42
2025-11-01,2025,11,65+,Males,Unemployed total,338.69
2025-11-01,2025,11,65+,Females,Unemployed total,272.73
2025-11-01,2025,11,65+,Persons,Unemployment rate,4.0
2025-11-01,2025,11,65+,Males,Unemployment rate,4.26
2025-11-01,2025,11,65+,Females,Unemployment rate,3.72
2025-11-01,2025,11,65+,Persons,Labour force total,15292.67
2025-11-01,2025,11,65+,Males,Labour force total,7958.96
2025-11-01,2025,11,65+,Females,Labour force total,7333.71
2025-11-01,2025,11,65+,Persons,Participation rate,66.76
2025-11-01,2025,11,65+,Males,Participation rate,70.62
2025-11-01,2025,11,65+,Females,Participation rate,63.01
2025-12-01,2025,12,55-64,Persons,Employed total,2073.61
2025-12-01,2025,12,55-64,Males,Employed total,1083.3
2025-12-01,2025,12,55-64,Females,Employed total,990.3
2025-12-01,2025,12,55-64,Persons,Employment to population ratio,66.79
2025-12-01,2025,12,55-64,Males,Employment to population ratio,71.49
2025-12-01,2025,12,55-64,Females,Employment to population ratio,62.31
2025-12-01,2025,12,55-64,Persons,Unemployed total,68.47
2025-12-01,2025,12,55-64,Males,Unemployed total,39.06
2025-12-01,2025,12,55-64,Females,Unemployed total,29.42
2025-12-01,2025,12,55-64,Persons,Unemployment rate,3.2
2025-12-01,2025,12,55-64,Males,Unemployment rate,3.48
2025-12-01,2025,12,55-64,Females,Unemployment rate,2.88
2025-12-01,2025,12,55-64,Persons,Labour force total,2142.08
2025-12-01,2025,12,55-64,Males,Labour force total,1122.36
2025-12-01,2025,12,55-64,Females,Labour force total,1019.72
2025-12-01,2025,12,55-64,Persons,Participation rate,69.0
2025-12-01,2025,12,55-64,Males,Participation rate,74.07
2025-12-01,2025,12,55-64,Females,Participation rate,64.16
2025-12-01,2025,12,65+,Persons,Employed total,759.01
2025-12-01,2025,12,65+,Males,Employed total,421.18
2025-12-01,2025,12,65+,Females,Employed total,337.82
2025-12-01,2025,12,65+,Persons,Employment to population ratio,15.46
2025-12-01,2025,12,65+,Males,Employment to population ratio,18.39
2025-12-01,2025,12,65+,Females,Employment to population ratio,12.89
2025-12-01,2025,12,65+,Persons,Unemployed total,20.46
2025-12-01,2025,12,65+,Males,Unemployed total,12.86
2025-12-01,2025,12,65+,Females,Unemployed total,7.61
2025-12-01,2025,12,65+,Persons,Unemployment rate,2.63
2025-12-01,2025,12,65+,Males,Unemployment rate,2.96
2025-12-01,2025,12,65+,Females,Unemployment rate,2.2
2025-12-01,2025,12,65+,Persons,Labour force total,779.47
2025-12-01,2025,12,65+,Males,Labour force total,434.04
2025-12-01,2025,12,65+,Females,Labour force total,345.43
2025-12-01,2025,12,65+,Persons,Participation rate,15.87
2025-12-01,2025,12,65+,Males,Participation rate,18.95
2025-12-01,2025,12,65+,Females,Participation rate,13.18
2025-12-01,2025,12,65+,Persons,Employed total,14797.23
2025-12-01,2025,12,65+,Males,Employed total,7666.85
2025-12-01,2025,12,65+,Females,Employed total,7130.38
2025-12-01,2025,12,65+,Persons,Employment to population ratio,64.51
2025-12-01,2025,12,65+,Males,Employment to population ratio,67.94
2025-12-01,2025,12,65+,Females,Employment to population ratio,61.19
2025-12-01,2025,12,65+,Persons,Unemployed total,599.57
2025-12-01,2025,12,65+,Males,Unemployed total,335.07
2025-12-01,2025,12,65+,Females,Unemployed total,264.5
2025-12-01,2025,12,65+,Persons,Unemployment rate,3.89
2025-12-01,2025,12,65+,Males,Unemployment rate,4.19
2025-12-01,2025,12,65+,Females,Unemployment rate,3.58
2025-12-01,2025,12,65+,Persons,Labour force total,15396.81
2025-12-01,2025,12,65+,Males,Labour force total,8001.92
2025-12-01,2025,12,65+,Females,Labour force total,7394.88
2025-12-01,2025,12,65+,Persons,Participation rate,67.13
2025-12-01,2025,12,65+,Males,Participation rate,70.91
2025-12-01,2025,12,65+,Females,Participation rate,63.46
2026-01-01,2026,1,55-64,Persons,Employed total,2010.38
2026-01-01,2026,1,55-64,Males,Employed total,1062.25
2026-01-01,2026,1,55-64,Females,Employed total,948.13
2026-01-01,2026,1,55-64,Persons,Employment to population ratio,64.7
2026-01-01,2026,1,55-64,Males,Employment to population ratio,70.05
2026-01-01,2026,1,55-64,Females,Employment to population ratio,59.6
2026-01-01,2026,1,55-64,Persons,Unemployed total,74.12
2026-01-01,2026,1,55-64,Males,Unemployed total,45.98
2026-01-01,2026,1,55-64,Females,Unemployed total,28.14
2026-01-01,2026,1,55-64,Persons,Unemployment rate,3.56
2026-01-01,2026,1,55-64,Males,Unemployment rate,4.15
2026-01-01,2026,1,55-64,Females,Unemployment rate,2.88
2026-01-01,2026,1,55-64,Persons,Labour force total,2084.5
2026-01-01,2026,1,55-64,Males,Labour force total,1108.23
2026-01-01,2026,1,55-64,Females,Labour force total,976.27
2026-01-01,2026,1,55-64,Persons,Participation rate,67.09
2026-01-01,2026,1,55-64,Males,Participation rate,73.08
2026-01-01,2026,1,55-64,Females,Participation rate,61.37
2026-01-01,2026,1,65+,Persons,Employed total,726.25
2026-01-01,2026,1,65+,Males,Employed total,410.47
2026-01-01,2026,1,65+,Females,Employed total,315.78
2026-01-01,2026,1,65+,Persons,Employment to population ratio,14.75
2026-01-01,2026,1,65+,Males,Employment to population ratio,17.88
2026-01-01,2026,1,65+,Females,Employment to population ratio,12.02
2026-01-01,2026,1,65+,Persons,Unemployed total,19.64
2026-01-01,2026,1,65+,Males,Unemployed total,12.88
2026-01-01,2026,1,65+,Females,Unemployed total,6.76
2026-01-01,2026,1,65+,Persons,Unemployment rate,2.63
2026-01-01,2026,1,65+,Males,Unemployment rate,3.04
2026-01-01,2026,1,65+,Females,Unemployment rate,2.09
2026-01-01,2026,1,65+,Persons,Labour force total,745.88
2026-01-01,2026,1,65+,Males,Labour force total,423.35
2026-01-01,2026,1,65+,Females,Labour force total,322.54
2026-01-01,2026,1,65+,Persons,Participation rate,15.15
2026-01-01,2026,1,65+,Males,Participation rate,18.44
2026-01-01,2026,1,65+,Females,Participation rate,12.27
2026-01-01,2026,1,65+,Persons,Employed total,14499.44
2026-01-01,2026,1,65+,Males,Employed total,7557.9
2026-01-01,2026,1,65+,Females,Employed total,6941.55
2026-01-01,2026,1,65+,Persons,Employment to population ratio,63.1
2026-01-01,2026,1,65+,Males,Employment to population ratio,66.86
2026-01-01,2026,1,65+,Females,Employment to population ratio,59.46
2026-01-01,2026,1,65+,Persons,Unemployed total,679.21
2026-01-01,2026,1,65+,Males,Unemployed total,372.46
2026-01-01,2026,1,65+,Females,Unemployed total,306.75
2026-01-01,2026,1,65+,Persons,Unemployment rate,4.47
2026-01-01,2026,1,65+,Males,Unemployment rate,4.7
2026-01-01,2026,1,65+,Females,Unemployment rate,4.23
2026-01-01,2026,1,65+,Persons,Labour force total,15178.66
2026-01-01,2026,1,65+,Males,Labour force total,7930.36
2026-01-01,2026,1,65+,Females,Labour force total,7248.3
2026-01-01,2026,1,65+,Persons,Participation rate,66.06
2026-01-01,2026,1,65+,Males,Participation rate,70.15
2026-01-01,2026,1,65+,Females,Participation rate,62.09
2026-02-01,2026,2,55-64,Persons,Employed total,2087.6
2026-02-01,2026,2,55-64,Males,Employed total,1099.8
2026-02-01,2026,2,55-64,Females,Employed total,987.8
2026-02-01,2026,2,55-64,Persons,Employment to population ratio,67.13
2026-02-01,2026,2,55-64,Males,Employment to population ratio,72.47
2026-02-01,2026,2,55-64,Females,Employment to population ratio,62.04
2026-02-01,2026,2,55-64,Persons,Unemployed total,70.39
2026-02-01,2026,2,55-64,Males,Unemployed total,33.55
2026-02-01,2026,2,55-64,Females,Unemployed total,36.84
2026-02-01,2026,2,55-64,Persons,Unemployment rate,3.26
2026-02-01,2026,2,55-64,Males,Unemployment rate,2.96
2026-02-01,2026,2,55-64,Females,Unemployment rate,3.6
2026-02-01,2026,2,55-64,Persons,Labour force total,2157.99
2026-02-01,2026,2,55-64,Males,Labour force total,1133.35
2026-02-01,2026,2,55-64,Females,Labour force total,1024.64
2026-02-01,2026,2,55-64,Persons,Participation rate,69.39
2026-02-01,2026,2,55-64,Males,Participation rate,74.68
2026-02-01,2026,2,55-64,Females,Participation rate,64.35
2026-02-01,2026,2,65+,Persons,Employed total,777.46
2026-02-01,2026,2,65+,Males,Employed total,436.9
2026-02-01,2026,2,65+,Females,Employed total,340.56
2026-02-01,2026,2,65+,Persons,Employment to population ratio,15.75
2026-02-01,2026,2,65+,Males,Employment to population ratio,18.98
2026-02-01,2026,2,65+,Females,Employment to population ratio,12.92
2026-02-01,2026,2,65+,Persons,Unemployed total,19.88
2026-02-01,2026,2,65+,Males,Unemployed total,12.38
2026-02-01,2026,2,65+,Females,Unemployed total,7.5
2026-02-01,2026,2,65+,Persons,Unemployment rate,2.49
2026-02-01,2026,2,65+,Males,Unemployment rate,2.76
2026-02-01,2026,2,65+,Females,Unemployment rate,2.15
2026-02-01,2026,2,65+,Persons,Labour force total,797.34
2026-02-01,2026,2,65+,Males,Labour force total,449.28
2026-02-01,2026,2,65+,Females,Labour force total,348.06
2026-02-01,2026,2,65+,Persons,Participation rate,16.15
2026-02-01,2026,2,65+,Males,Participation rate,19.52
2026-02-01,2026,2,65+,Females,Participation rate,13.21
2026-02-01,2026,2,65+,Persons,Employed total,14793.79
2026-02-01,2026,2,65+,Males,Employed total,7681.73
2026-02-01,2026,2,65+,Females,Employed total,7112.05
2026-02-01,2026,2,65+,Persons,Employment to population ratio,64.27
2026-02-01,2026,2,65+,Males,Employment to population ratio,67.83
2026-02-01,2026,2,65+,Females,Employment to population ratio,60.81
2026-02-01,2026,2,65+,Persons,Unemployed total,719.03
2026-02-01,2026,2,65+,Males,Unemployed total,393.21
2026-02-01,2026,2,65+,Females,Unemployed total,325.82
2026-02-01,2026,2,65+,Persons,Unemployment rate,4.64
2026-02-01,2026,2,65+,Males,Unemployment rate,4.87
2026-02-01,2026,2,65+,Females,Unemployment rate,4.38
2026-02-01,2026,2,65+,Persons,Labour force total,15512.81
2026-02-01,2026,2,65+,Males,Labour force total,8074.94
2026-02-01,2026,2,65+,Females,Labour force total,7437.87
2026-02-01,2026,2,65+,Persons,Participation rate,67.39
2026-02-01,2026,2,65+,Males,Participation rate,71.3
2026-02-01,2026,2,65+,Females,Participation rate,63.6
2026-03-01,2026,3,55-64,Persons,Employed total,2106.31
2026-03-01,2026,3,55-64,Males,Employed total,1104.66
2026-03-01,2026,3,55-64,Females,Employed total,1001.65
2026-03-01,2026,3,55-64,Persons,Employment to population ratio,67.68
2026-03-01,2026,3,55-64,Males,Employment to population ratio,72.74
2026-03-01,2026,3,55-64,Females,Employment to population ratio,62.85
2026-03-01,2026,3,55-64,Persons,Unemployed total,69.16
2026-03-01,2026,3,55-64,Males,Unemployed total,37.83
2026-03-01,2026,3,55-64,Females,Unemployed total,31.33
2026-03-01,2026,3,55-64,Persons,Unemployment rate,3.18
2026-03-01,2026,3,55-64,Males,Unemployment rate,3.31
2026-03-01,2026,3,55-64,Females,Unemployment rate,3.03
2026-03-01,2026,3,55-64,Persons,Labour force total,2175.47
2026-03-01,2026,3,55-64,Males,Labour force total,1142.49
2026-03-01,2026,3,55-64,Females,Labour force total,1032.98
2026-03-01,2026,3,55-64,Persons,Participation rate,69.9
2026-03-01,2026,3,55-64,Males,Participation rate,75.23
2026-03-01,2026,3,55-64,Females,Participation rate,64.82
2026-03-01,2026,3,65+,Persons,Employed total,766.95
2026-03-01,2026,3,65+,Males,Employed total,438.47
2026-03-01,2026,3,65+,Females,Employed total,328.48
2026-03-01,2026,3,65+,Persons,Employment to population ratio,15.49
2026-03-01,2026,3,65+,Males,Employment to population ratio,19.0
2026-03-01,2026,3,65+,Females,Employment to population ratio,12.43
2026-03-01,2026,3,65+,Persons,Unemployed total,15.12
2026-03-01,2026,3,65+,Males,Unemployed total,9.28
2026-03-01,2026,3,65+,Females,Unemployed total,5.84
2026-03-01,2026,3,65+,Persons,Unemployment rate,1.93
2026-03-01,2026,3,65+,Males,Unemployment rate,2.07
2026-03-01,2026,3,65+,Females,Unemployment rate,1.75
2026-03-01,2026,3,65+,Persons,Labour force total,782.07
2026-03-01,2026,3,65+,Males,Labour force total,447.75
2026-03-01,2026,3,65+,Females,Labour force total,334.32
2026-03-01,2026,3,65+,Persons,Participation rate,15.8
2026-03-01,2026,3,65+,Males,Participation rate,19.4
2026-03-01,2026,3,65+,Females,Participation rate,12.65
2026-03-01,2026,3,65+,Persons,Employed total,14781.2
2026-03-01,2026,3,65+,Males,Employed total,7677.77
2026-03-01,2026,3,65+,Females,Employed total,7103.43
2026-03-01,2026,3,65+,Persons,Employment to population ratio,64.09
2026-03-01,2026,3,65+,Males,Employment to population ratio,67.67
2026-03-01,2026,3,65+,Females,Employment to population ratio,60.63
2026-03-01,2026,3,65+,Persons,Unemployed total,696.29
2026-03-01,2026,3,65+,Males,Unemployed total,385.87
2026-03-01,2026,3,65+,Females,Unemployed total,310.42
2026-03-01,2026,3,65+,Persons,Unemployment rate,4.5
2026-03-01,2026,3,65+,Males,Unemployment rate,4.79
2026-03-01,2026,3,65+,Females,Unemployment rate,4.19
2026-03-01,2026,3,65+,Persons,Labour force total,15477.49
2026-03-01,2026,3,65+,Males,Labour force total,8063.65
2026-03-01,2026,3,65+,Females,Labour force total,7413.85
2026-03-01,2026,3,65+,Persons,Participation rate,67.11
2026-03-01,2026,3,65+,Males,Participation rate,71.08
2026-03-01,2026,3,65+,Females,Participation rate,63.28
2026-04-01,2026,4,55-64,Persons,Employed total,2097.23
2026-04-01,2026,4,55-64,Males,Employed total,1102.35
2026-04-01,2026,4,55-64,Females,Employed total,994.88
2026-04-01,2026,4,55-64,Persons,Employment to population ratio,67.32
2026-04-01,2026,4,55-64,Males,Employment to population ratio,72.52
2026-04-01,2026,4,55-64,Females,Employment to population ratio,62.36
2026-04-01,2026,4,55-64,Persons,Unemployed total,70.73
2026-04-01,2026,4,55-64,Males,Unemployed total,37.21
2026-04-01,2026,4,55-64,Females,Unemployed total,33.52
2026-04-01,2026,4,55-64,Persons,Unemployment rate,3.26
2026-04-01,2026,4,55-64,Males,Unemployment rate,3.27
2026-04-01,2026,4,55-64,Females,Unemployment rate,3.26
2026-04-01,2026,4,55-64,Persons,Labour force total,2167.96
2026-04-01,2026,4,55-64,Males,Labour force total,1139.56
2026-04-01,2026,4,55-64,Females,Labour force total,1028.4
2026-04-01,2026,4,55-64,Persons,Participation rate,69.59
2026-04-01,2026,4,55-64,Males,Participation rate,74.97
2026-04-01,2026,4,55-64,Females,Participation rate,64.46
2026-04-01,2026,4,65+,Persons,Employed total,758.34
2026-04-01,2026,4,65+,Males,Employed total,437.23
2026-04-01,2026,4,65+,Females,Employed total,321.11
2026-04-01,2026,4,65+,Persons,Employment to population ratio,15.28
2026-04-01,2026,4,65+,Males,Employment to population ratio,18.9
2026-04-01,2026,4,65+,Females,Employment to population ratio,12.12
2026-04-01,2026,4,65+,Persons,Unemployed total,14.35
2026-04-01,2026,4,65+,Males,Unemployed total,8.24
2026-04-01,2026,4,65+,Females,Unemployed total,6.11
2026-04-01,2026,4,65+,Persons,Unemployment rate,1.86
2026-04-01,2026,4,65+,Males,Unemployment rate,1.85
2026-04-01,2026,4,65+,Females,Unemployment rate,1.87
2026-04-01,2026,4,65+,Persons,Labour force total,772.68
2026-04-01,2026,4,65+,Males,Labour force total,445.47
2026-04-01,2026,4,65+,Females,Labour force total,327.22
2026-04-01,2026,4,65+,Persons,Participation rate,15.57
2026-04-01,2026,4,65+,Males,Participation rate,19.25
2026-04-01,2026,4,65+,Females,Participation rate,12.35
2026-04-01,2026,4,65+,Persons,Employed total,14695.97
2026-04-01,2026,4,65+,Males,Employed total,7675.27
2026-04-01,2026,4,65+,Females,Employed total,7020.7
2026-04-01,2026,4,65+,Persons,Employment to population ratio,63.65
2026-04-01,2026,4,65+,Males,Employment to population ratio,67.57
2026-04-01,2026,4,65+,Females,Employment to population ratio,59.85
2026-04-01,2026,4,65+,Persons,Unemployed total,706.2
2026-04-01,2026,4,65+,Males,Unemployed total,373.64
2026-04-01,2026,4,65+,Females,Unemployed total,332.56
2026-04-01,2026,4,65+,Persons,Unemployment rate,4.59
2026-04-01,2026,4,65+,Males,Unemployment rate,4.64
2026-04-01,2026,4,65+,Females,Unemployment rate,4.52
2026-04-01,2026,4,65+,Persons,Labour force total,15402.16
2026-04-01,2026,4,65+,Males,Labour force total,8048.91
2026-04-01,2026,4,65+,Females,Labour force total,7353.26
2026-04-01,2026,4,65+,Persons,Participation rate,66.71
2026-04-01,2026,4,65+,Males,Participation rate,70.86
2026-04-01,2026,4,65+,Females,Participation rate,62.68
2026-05-01,2026,5,55-64,Persons,Employed total,2119.49
2026-05-01,2026,5,55-64,Males,Employed total,1091.87
2026-05-01,2026,5,55-64,Females,Employed total,1027.62
2026-05-01,2026,5,55-64,Persons,Employment to population ratio,67.96
2026-05-01,2026,5,55-64,Males,Employment to population ratio,71.76
2026-05-01,2026,5,55-64,Females,Employment to population ratio,64.34
2026-05-01,2026,5,55-64,Persons,Unemployed total,69.87
2026-05-01,2026,5,55-64,Males,Unemployed total,42.29
2026-05-01,2026,5,55-64,Females,Unemployed total,27.58
2026-05-01,2026,5,55-64,Persons,Unemployment rate,3.19
2026-05-01,2026,5,55-64,Males,Unemployment rate,3.73
2026-05-01,2026,5,55-64,Females,Unemployment rate,2.61
2026-05-01,2026,5,55-64,Persons,Labour force total,2189.36
2026-05-01,2026,5,55-64,Males,Labour force total,1134.16
2026-05-01,2026,5,55-64,Females,Labour force total,1055.19
2026-05-01,2026,5,55-64,Persons,Participation rate,70.2
2026-05-01,2026,5,55-64,Males,Participation rate,74.54
2026-05-01,2026,5,55-64,Females,Participation rate,66.06
2026-05-01,2026,5,65+,Persons,Employed total,788.32
2026-05-01,2026,5,65+,Males,Employed total,451.96
2026-05-01,2026,5,65+,Females,Employed total,336.36
2026-05-01,2026,5,65+,Persons,Employment to population ratio,15.85
2026-05-01,2026,5,65+,Males,Employment to population ratio,19.49
2026-05-01,2026,5,65+,Females,Employment to population ratio,12.67
2026-05-01,2026,5,65+,Persons,Unemployed total,16.48
2026-05-01,2026,5,65+,Males,Unemployed total,11.05
2026-05-01,2026,5,65+,Females,Unemployed total,5.43
2026-05-01,2026,5,65+,Persons,Unemployment rate,2.05
2026-05-01,2026,5,65+,Males,Unemployment rate,2.39
2026-05-01,2026,5,65+,Females,Unemployment rate,1.59
2026-05-01,2026,5,65+,Persons,Labour force total,804.8
2026-05-01,2026,5,65+,Males,Labour force total,463.01
2026-05-01,2026,5,65+,Females,Labour force total,341.79
2026-05-01,2026,5,65+,Persons,Participation rate,16.18
2026-05-01,2026,5,65+,Males,Participation rate,19.96
2026-05-01,2026,5,65+,Females,Participation rate,12.87
2026-05-01,2026,5,65+,Persons,Employed total,14830.73
2026-05-01,2026,5,65+,Males,Employed total,7699.97
2026-05-01,2026,5,65+,Females,Employed total,7130.77
2026-05-01,2026,5,65+,Persons,Employment to population ratio,64.15
2026-05-01,2026,5,65+,Males,Employment to population ratio,67.7
2026-05-01,2026,5,65+,Females,Employment to population ratio,60.71
2026-05-01,2026,5,65+,Persons,Unemployed total,668.24
2026-05-01,2026,5,65+,Males,Unemployed total,360.87
2026-05-01,2026,5,65+,Females,Unemployed total,307.36
2026-05-01,2026,5,65+,Persons,Unemployment rate,4.31
2026-05-01,2026,5,65+,Males,Unemployment rate,4.48
2026-05-01,2026,5,65+,Females,Unemployment rate,4.13
2026-05-01,2026,5,65+,Persons,Labour force total,15498.97
2026-05-01,2026,5,65+,Males,Labour force total,8060.84
2026-05-01,2026,5,65+,Females,Labour force total,7438.13
2026-05-01,2026,5,65+,Persons,Participation rate,67.04
2026-05-01,2026,5,65+,Males,Participation rate,70.88
2026-05-01,2026,5,65+,Females,Participation rate,63.33
2026-06-01,2026,6,55-64,Persons,Employed total,2139.5
2026-06-01,2026,6,55-64,Males,Employed total,1106.98
2026-06-01,2026,6,55-64,Females,Employed total,1032.52
2026-06-01,2026,6,55-64,Persons,Employment to population ratio,68.53
2026-06-01,2026,6,55-64,Males,Employment to population ratio,72.69
2026-06-01,2026,6,55-64,Females,Employment to population ratio,64.57
2026-06-01,2026,6,55-64,Persons,Unemployed total,63.6
2026-06-01,2026,6,55-64,Males,Unemployed total,36.51
2026-06-01,2026,6,55-64,Females,Unemployed total,27.09
2026-06-01,2026,6,55-64,Persons,Unemployment rate,2.89
2026-06-01,2026,6,55-64,Males,Unemployment rate,3.19
2026-06-01,2026,6,55-64,Females,Unemployment rate,2.56
2026-06-01,2026,6,55-64,Persons,Labour force total,2203.1
2026-06-01,2026,6,55-64,Males,Labour force total,1143.49
2026-06-01,2026,6,55-64,Females,Labour force total,1059.61
2026-06-01,2026,6,55-64,Persons,Participation rate,70.57
2026-06-01,2026,6,55-64,Males,Participation rate,75.08
2026-06-01,2026,6,55-64,Females,Participation rate,66.27
2026-06-01,2026,6,65+,Persons,Employed total,789.94
2026-06-01,2026,6,65+,Males,Employed total,446.92
2026-06-01,2026,6,65+,Females,Employed total,343.02
2026-06-01,2026,6,65+,Persons,Employment to population ratio,15.84
2026-06-01,2026,6,65+,Males,Employment to population ratio,19.22
2026-06-01,2026,6,65+,Females,Employment to population ratio,12.88
2026-06-01,2026,6,65+,Persons,Unemployed total,16.0
2026-06-01,2026,6,65+,Males,Unemployed total,11.07
2026-06-01,2026,6,65+,Females,Unemployed total,4.93
2026-06-01,2026,6,65+,Persons,Unemployment rate,1.99
2026-06-01,2026,6,65+,Males,Unemployment rate,2.42
2026-06-01,2026,6,65+,Females,Unemployment rate,1.42
2026-06-01,2026,6,65+,Persons,Labour force total,805.95
2026-06-01,2026,6,65+,Males,Labour force total,458.0
2026-06-01,2026,6,65+,Females,Labour force total,347.95
2026-06-01,2026,6,65+,Persons,Participation rate,16.16
2026-06-01,2026,6,65+,Males,Participation rate,19.7
2026-06-01,2026,6,65+,Females,Participation rate,13.07
2026-06-01,2026,6,65+,Persons,Employed total,14875.55
2026-06-01,2026,6,65+,Males,Employed total,7731.39
2026-06-01,2026,6,65+,Females,Employed total,7144.17
2026-06-01,2026,6,65+,Persons,Employment to population ratio,64.27
2026-06-01,2026,6,65+,Males,Employment to population ratio,67.9
2026-06-01,2026,6,65+,Females,Employment to population ratio,60.75
2026-06-01,2026,6,65+,Persons,Unemployed total,668.53
2026-06-01,2026,6,65+,Males,Unemployed total,349.97
2026-06-01,2026,6,65+,Females,Unemployed total,318.56
2026-06-01,2026,6,65+,Persons,Unemployment rate,4.3
2026-06-01,2026,6,65+,Males,Unemployment rate,4.33
2026-06-01,2026,6,65+,Females,Unemployment rate,4.27
2026-06-01,2026,6,65+,Persons,Labour force total,15544.09
2026-06-01,2026,6,65+,Males,Labour force total,8081.36
2026-06-01,2026,6,65+,Females,Labour force total,7462.73
2026-06-01,2026,6,65+,Persons,Participation rate,67.16
2026-06-01,2026,6,65+,Males,Participation rate,70.97
2026-06-01,2026,6,65+,Females,Participation rate,63.46
2026-07-01,2026,7,55-64,Persons,Employed total,2122.57
2026-07-01,2026,7,55-64,Males,Employed total,1114.34
2026-07-01,2026,7,55-64,Females,Employed total,1008.23
2026-07-01,2026,7,55-64,Persons,Employment to population ratio,67.94
2026-07-01,2026,7,55-64,Males,Employment to population ratio,73.12
2026-07-01,2026,7,55-64,Females,Employment to population ratio,63.0
2026-07-01,2026,7,55-64,Persons,Unemployed total,69.34
2026-07-01,2026,7,55-64,Males,Unemployed total,38.55
2026-07-01,2026,7,55-64,Females,Unemployed total,30.8
2026-07-01,2026,7,55-64,Persons,Unemployment rate,3.16
2026-07-01,2026,7,55-64,Males,Unemployment rate,3.34
2026-07-01,2026,7,55-64,Females,Unemployment rate,2.96
2026-07-01,2026,7,55-64,Persons,Labour force total,2191.92
2026-07-01,2026,7,55-64,Males,Labour force total,1152.89
2026-07-01,2026,7,55-64,Females,Labour force total,1039.03
2026-07-01,2026,7,55-64,Persons,Participation rate,70.16
2026-07-01,2026,7,55-64,Males,Participation rate,75.65
2026-07-01,2026,7,55-64,Females,Participation rate,64.93
2026-07-01,2026,7,65+,Persons,Employed total,784.0
2026-07-01,2026,7,65+,Males,Employed total,433.48
2026-07-01,2026,7,65+,Females,Employed total,350.52
2026-07-01,2026,7,65+,Persons,Employment to population ratio,15.68
2026-07-01,2026,7,65+,Males,Employment to population ratio,18.6
2026-07-01,2026,7,65+,Females,Employment to population ratio,13.13
2026-07-01,2026,7,65+,Persons,Unemployed total,22.51
2026-07-01,2026,7,65+,Males,Unemployed total,13.4
2026-07-01,2026,7,65+,Females,Unemployed total,9.11
2026-07-01,2026,7,65+,Persons,Unemployment rate,2.79
2026-07-01,2026,7,65+,Males,Unemployment rate,3.0
2026-07-01,2026,7,65+,Females,Unemployment rate,2.53
2026-07-01,2026,7,65+,Persons,Labour force total,806.51
2026-07-01,2026,7,65+,Males,Labour force total,446.89
2026-07-01,2026,7,65+,Females,Labour force total,359.63
2026-07-01,2026,7,65+,Persons,Participation rate,16.13
2026-07-01,2026,7,65+,Males,Participation rate,19.17
2026-07-01,2026,7,65+,Females,Participation rate,13.47
2026-07-01,2026,7,65+,Persons,Employed total,14793.51
2026-07-01,2026,7,65+,Males,Employed total,7688.16
2026-07-01,2026,7,65+,Females,Employed total,7105.35
2026-07-01,2026,7,65+,Persons,Employment to population ratio,63.81
2026-07-01,2026,7,65+,Males,Employment to population ratio,67.41
2026-07-01,2026,7,65+,Females,Employment to population ratio,60.33
2026-07-01,2026,7,65+,Persons,Unemployed total,680.97
2026-07-01,2026,7,65+,Males,Unemployed total,360.03
2026-07-01,2026,7,65+,Females,Unemployed total,320.94
2026-07-01,2026,7,65+,Persons,Unemployment rate,4.4
2026-07-01,2026,7,65+,Males,Unemployment rate,4.47
2026-07-01,2026,7,65+,Females,Unemployment rate,4.32
2026-07-01,2026,7,65+,Persons,Labour force total,15474.49
2026-07-01,2026,7,65+,Males,Labour force total,8048.19
2026-07-01,2026,7,65+,Females,Labour force total,7426.3
2026-07-01,2026,7,65+,Persons,Participation rate,66.75
2026-07-01,2026,7,65+,Males,Participation rate,70.56
2026-07-01,2026,7,65+,Females,Participation rate,63.05
