date,year,month,state,age_group,metric,value
2016-01-01,2016,1,Australia,15-24,Employed total,1859.39
2016-01-01,2016,1,Australia,15-24,Employment to population ratio,59.1
2016-01-01,2016,1,Australia,15-24,Unemployed total,300.08
2016-01-01,2016,1,Australia,15-24,Unemployment rate,13.9
2016-01-01,2016,1,Australia,15-24,Labour force total,2159.47
2016-01-01,2016,1,Australia,15-24,Participation rate,68.64
2016-01-01,2016,1,New South Wales,15-24,Employed total,573.98
2016-01-01,2016,1,New South Wales,15-24,Employment to population ratio,58.02
2016-01-01,2016,1,New South Wales,15-24,Unemployed total,86.27
2016-01-01,2016,1,New South Wales,15-24,Unemployment rate,13.07
2016-01-01,2016,1,New South Wales,15-24,Labour force total,660.25
2016-01-01,2016,1,New South Wales,15-24,Participation rate,66.74
2016-01-01,2016,1,Victoria,15-24,Employed total,462.83
2016-01-01,2016,1,Victoria,15-24,Employment to population ratio,56.83
2016-01-01,2016,1,Victoria,15-24,Unemployed total,78.3
2016-01-01,2016,1,Victoria,15-24,Unemployment rate,14.47
2016-01-01,2016,1,Victoria,15-24,Labour force total,541.13
2016-01-01,2016,1,Victoria,15-24,Participation rate,66.44
2016-01-01,2016,1,Queensland,15-24,Employed total,397.65
2016-01-01,2016,1,Queensland,15-24,Employment to population ratio,61.93
2016-01-01,2016,1,Queensland,15-24,Unemployed total,68.01
2016-01-01,2016,1,Queensland,15-24,Unemployment rate,14.61
2016-01-01,2016,1,Queensland,15-24,Labour force total,465.66
2016-01-01,2016,1,Queensland,15-24,Participation rate,72.52
2016-01-01,2016,1,South Australia,15-24,Employed total,123.22
2016-01-01,2016,1,South Australia,15-24,Employment to population ratio,56.25
2016-01-01,2016,1,South Australia,15-24,Unemployed total,23.82
2016-01-01,2016,1,South Australia,15-24,Unemployment rate,16.2
2016-01-01,2016,1,South Australia,15-24,Labour force total,147.04
2016-01-01,2016,1,South Australia,15-24,Participation rate,67.13
2016-01-01,2016,1,Western Australia,15-24,Employed total,208.4
2016-01-01,2016,1,Western Australia,15-24,Employment to population ratio,63.22
2016-01-01,2016,1,Western Australia,15-24,Unemployed total,30.8
2016-01-01,2016,1,Western Australia,15-24,Unemployment rate,12.88
2016-01-01,2016,1,Western Australia,15-24,Labour force total,239.21
2016-01-01,2016,1,Western Australia,15-24,Participation rate,72.56
2016-01-01,2016,1,Tasmania,15-24,Employed total,38.54
2016-01-01,2016,1,Tasmania,15-24,Employment to population ratio,60.72
2016-01-01,2016,1,Tasmania,15-24,Unemployed total,6.73
2016-01-01,2016,1,Tasmania,15-24,Unemployment rate,14.87
2016-01-01,2016,1,Tasmania,15-24,Labour force total,45.27
2016-01-01,2016,1,Tasmania,15-24,Participation rate,71.33
2016-01-01,2016,1,Northern Territory,15-24,Employed total,19.52
2016-01-01,2016,1,Northern Territory,15-24,Employment to population ratio,61.3
2016-01-01,2016,1,Northern Territory,15-24,Unemployed total,1.97
2016-01-01,2016,1,Northern Territory,15-24,Unemployment rate,9.17
2016-01-01,2016,1,Northern Territory,15-24,Labour force total,21.49
2016-01-01,2016,1,Northern Territory,15-24,Participation rate,67.49
2016-01-01,2016,1,Australian Capital Territory,15-24,Employed total,35.24
2016-01-01,2016,1,Australian Capital Territory,15-24,Employment to population ratio,62.65
2016-01-01,2016,1,Australian Capital Territory,15-24,Unemployed total,4.18
2016-01-01,2016,1,Australian Capital Territory,15-24,Unemployment rate,10.6
2016-01-01,2016,1,Australian Capital Territory,15-24,Labour force total,39.42
2016-01-01,2016,1,Australian Capital Territory,15-24,Participation rate,70.08
2016-02-01,2016,2,Australia,15-24,Employed total,1882.77
2016-02-01,2016,2,Australia,15-24,Employment to population ratio,59.72
2016-02-01,2016,2,Australia,15-24,Unemployed total,275.17
2016-02-01,2016,2,Australia,15-24,Unemployment rate,12.75
2016-02-01,2016,2,Australia,15-24,Labour force total,2157.94
2016-02-01,2016,2,Australia,15-24,Participation rate,68.44
2016-02-01,2016,2,New South Wales,15-24,Employed total,581.5
2016-02-01,2016,2,New South Wales,15-24,Employment to population ratio,58.65
2016-02-01,2016,2,New South Wales,15-24,Unemployed total,77.51
2016-02-01,2016,2,New South Wales,15-24,Unemployment rate,11.76
2016-02-01,2016,2,New South Wales,15-24,Labour force total,659.01
2016-02-01,2016,2,New South Wales,15-24,Participation rate,66.47
2016-02-01,2016,2,Victoria,15-24,Employed total,477.66
2016-02-01,2016,2,Victoria,15-24,Employment to population ratio,58.45
2016-02-01,2016,2,Victoria,15-24,Unemployed total,74.03
2016-02-01,2016,2,Victoria,15-24,Unemployment rate,13.42
2016-02-01,2016,2,Victoria,15-24,Labour force total,551.7
2016-02-01,2016,2,Victoria,15-24,Participation rate,67.5
2016-02-01,2016,2,Queensland,15-24,Employed total,401.29
2016-02-01,2016,2,Queensland,15-24,Employment to population ratio,62.38
2016-02-01,2016,2,Queensland,15-24,Unemployed total,58.33
2016-02-01,2016,2,Queensland,15-24,Unemployment rate,12.69
2016-02-01,2016,2,Queensland,15-24,Labour force total,459.62
2016-02-01,2016,2,Queensland,15-24,Participation rate,71.45
2016-02-01,2016,2,South Australia,15-24,Employed total,126.18
2016-02-01,2016,2,South Australia,15-24,Employment to population ratio,57.55
2016-02-01,2016,2,South Australia,15-24,Unemployed total,21.85
2016-02-01,2016,2,South Australia,15-24,Unemployment rate,14.76
2016-02-01,2016,2,South Australia,15-24,Labour force total,148.03
2016-02-01,2016,2,South Australia,15-24,Participation rate,67.51
2016-02-01,2016,2,Western Australia,15-24,Employed total,208.75
2016-02-01,2016,2,Western Australia,15-24,Employment to population ratio,63.31
2016-02-01,2016,2,Western Australia,15-24,Unemployed total,30.09
2016-02-01,2016,2,Western Australia,15-24,Unemployment rate,12.6
2016-02-01,2016,2,Western Australia,15-24,Labour force total,238.85
2016-02-01,2016,2,Western Australia,15-24,Participation rate,72.44
2016-02-01,2016,2,Tasmania,15-24,Employed total,35.36
2016-02-01,2016,2,Tasmania,15-24,Employment to population ratio,55.64
2016-02-01,2016,2,Tasmania,15-24,Unemployed total,7.47
2016-02-01,2016,2,Tasmania,15-24,Unemployment rate,17.44
2016-02-01,2016,2,Tasmania,15-24,Labour force total,42.82
2016-02-01,2016,2,Tasmania,15-24,Participation rate,67.4
2016-02-01,2016,2,Northern Territory,15-24,Employed total,18.98
2016-02-01,2016,2,Northern Territory,15-24,Employment to population ratio,59.6
2016-02-01,2016,2,Northern Territory,15-24,Unemployed total,1.51
2016-02-01,2016,2,Northern Territory,15-24,Unemployment rate,7.37
2016-02-01,2016,2,Northern Territory,15-24,Labour force total,20.49
2016-02-01,2016,2,Northern Territory,15-24,Participation rate,64.34
2016-02-01,2016,2,Australian Capital Territory,15-24,Employed total,33.05
2016-02-01,2016,2,Australian Capital Territory,15-24,Employment to population ratio,58.59
2016-02-01,2016,2,Australian Capital Territory,15-24,Unemployed total,4.37
2016-02-01,2016,2,Australian Capital Territory,15-24,Unemployment rate,11.68
2016-02-01,2016,2,Australian Capital Territory,15-24,Labour force total,37.42
2016-02-01,2016,2,Australian Capital Territory,15-24,Participation rate,66.34
2016-03-01,2016,3,Australia,15-24,Employed total,1853.27
2016-03-01,2016,3,Australia,15-24,Employment to population ratio,58.65
2016-03-01,2016,3,Australia,15-24,Unemployed total,273.81
2016-03-01,2016,3,Australia,15-24,Unemployment rate,12.87
2016-03-01,2016,3,Australia,15-24,Labour force total,2127.08
2016-03-01,2016,3,Australia,15-24,Participation rate,67.32
2016-03-01,2016,3,New South Wales,15-24,Employed total,584.6
2016-03-01,2016,3,New South Wales,15-24,Employment to population ratio,58.83
2016-03-01,2016,3,New South Wales,15-24,Unemployed total,74.71
2016-03-01,2016,3,New South Wales,15-24,Unemployment rate,11.33
2016-03-01,2016,3,New South Wales,15-24,Labour force total,659.31
2016-03-01,2016,3,New South Wales,15-24,Participation rate,66.34
2016-03-01,2016,3,Victoria,15-24,Employed total,476.56
2016-03-01,2016,3,Victoria,15-24,Employment to population ratio,58.11
2016-03-01,2016,3,Victoria,15-24,Unemployed total,69.05
2016-03-01,2016,3,Victoria,15-24,Unemployment rate,12.66
2016-03-01,2016,3,Victoria,15-24,Labour force total,545.61
2016-03-01,2016,3,Victoria,15-24,Participation rate,66.53
2016-03-01,2016,3,Queensland,15-24,Employed total,380.49
2016-03-01,2016,3,Queensland,15-24,Employment to population ratio,59.04
2016-03-01,2016,3,Queensland,15-24,Unemployed total,64.0
2016-03-01,2016,3,Queensland,15-24,Unemployment rate,14.4
2016-03-01,2016,3,Queensland,15-24,Labour force total,444.49
2016-03-01,2016,3,Queensland,15-24,Participation rate,68.97
2016-03-01,2016,3,South Australia,15-24,Employed total,119.21
2016-03-01,2016,3,South Australia,15-24,Employment to population ratio,54.32
2016-03-01,2016,3,South Australia,15-24,Unemployed total,25.32
2016-03-01,2016,3,South Australia,15-24,Unemployment rate,17.52
2016-03-01,2016,3,South Australia,15-24,Labour force total,144.53
2016-03-01,2016,3,South Australia,15-24,Participation rate,65.86
2016-03-01,2016,3,Western Australia,15-24,Employed total,203.7
2016-03-01,2016,3,Western Australia,15-24,Employment to population ratio,61.77
2016-03-01,2016,3,Western Australia,15-24,Unemployed total,28.71
2016-03-01,2016,3,Western Australia,15-24,Unemployment rate,12.35
2016-03-01,2016,3,Western Australia,15-24,Labour force total,232.41
2016-03-01,2016,3,Western Australia,15-24,Participation rate,70.47
2016-03-01,2016,3,Tasmania,15-24,Employed total,36.19
2016-03-01,2016,3,Tasmania,15-24,Employment to population ratio,56.9
2016-03-01,2016,3,Tasmania,15-24,Unemployed total,7.23
2016-03-01,2016,3,Tasmania,15-24,Unemployment rate,16.65
2016-03-01,2016,3,Tasmania,15-24,Labour force total,43.42
2016-03-01,2016,3,Tasmania,15-24,Participation rate,68.27
2016-03-01,2016,3,Northern Territory,15-24,Employed total,18.44
2016-03-01,2016,3,Northern Territory,15-24,Employment to population ratio,57.89
2016-03-01,2016,3,Northern Territory,15-24,Unemployed total,1.91
2016-03-01,2016,3,Northern Territory,15-24,Unemployment rate,9.38
2016-03-01,2016,3,Northern Territory,15-24,Labour force total,20.34
2016-03-01,2016,3,Northern Territory,15-24,Participation rate,63.88
2016-03-01,2016,3,Australian Capital Territory,15-24,Employed total,34.08
2016-03-01,2016,3,Australian Capital Territory,15-24,Employment to population ratio,60.26
2016-03-01,2016,3,Australian Capital Territory,15-24,Unemployed total,2.88
2016-03-01,2016,3,Australian Capital Territory,15-24,Unemployment rate,7.8
2016-03-01,2016,3,Australian Capital Territory,15-24,Labour force total,36.96
2016-03-01,2016,3,Australian Capital Territory,15-24,Participation rate,65.35
2016-04-01,2016,4,Australia,15-24,Employed total,1863.4
2016-04-01,2016,4,Australia,15-24,Employment to population ratio,59.0
2016-04-01,2016,4,Australia,15-24,Unemployed total,257.04
2016-04-01,2016,4,Australia,15-24,Unemployment rate,12.12
2016-04-01,2016,4,Australia,15-24,Labour force total,2120.44
2016-04-01,2016,4,Australia,15-24,Participation rate,67.14
2016-04-01,2016,4,New South Wales,15-24,Employed total,587.89
2016-04-01,2016,4,New South Wales,15-24,Employment to population ratio,59.18
2016-04-01,2016,4,New South Wales,15-24,Unemployed total,71.57
2016-04-01,2016,4,New South Wales,15-24,Unemployment rate,10.85
2016-04-01,2016,4,New South Wales,15-24,Labour force total,659.46
2016-04-01,2016,4,New South Wales,15-24,Participation rate,66.39
2016-04-01,2016,4,Victoria,15-24,Employed total,477.38
2016-04-01,2016,4,Victoria,15-24,Employment to population ratio,58.2
2016-04-01,2016,4,Victoria,15-24,Unemployed total,63.13
2016-04-01,2016,4,Victoria,15-24,Unemployment rate,11.68
2016-04-01,2016,4,Victoria,15-24,Labour force total,540.51
2016-04-01,2016,4,Victoria,15-24,Participation rate,65.9
2016-04-01,2016,4,Queensland,15-24,Employed total,379.69
2016-04-01,2016,4,Queensland,15-24,Employment to population ratio,58.92
2016-04-01,2016,4,Queensland,15-24,Unemployed total,66.63
2016-04-01,2016,4,Queensland,15-24,Unemployment rate,14.93
2016-04-01,2016,4,Queensland,15-24,Labour force total,446.32
2016-04-01,2016,4,Queensland,15-24,Participation rate,69.26
2016-04-01,2016,4,South Australia,15-24,Employed total,120.82
2016-04-01,2016,4,South Australia,15-24,Employment to population ratio,55.1
2016-04-01,2016,4,South Australia,15-24,Unemployed total,20.46
2016-04-01,2016,4,South Australia,15-24,Unemployment rate,14.48
2016-04-01,2016,4,South Australia,15-24,Labour force total,141.28
2016-04-01,2016,4,South Australia,15-24,Participation rate,64.43
2016-04-01,2016,4,Western Australia,15-24,Employed total,208.09
2016-04-01,2016,4,Western Australia,15-24,Employment to population ratio,63.23
2016-04-01,2016,4,Western Australia,15-24,Unemployed total,24.06
2016-04-01,2016,4,Western Australia,15-24,Unemployment rate,10.36
2016-04-01,2016,4,Western Australia,15-24,Labour force total,232.15
2016-04-01,2016,4,Western Australia,15-24,Participation rate,70.54
2016-04-01,2016,4,Tasmania,15-24,Employed total,35.13
2016-04-01,2016,4,Tasmania,15-24,Employment to population ratio,55.3
2016-04-01,2016,4,Tasmania,15-24,Unemployed total,6.38
2016-04-01,2016,4,Tasmania,15-24,Unemployment rate,15.37
2016-04-01,2016,4,Tasmania,15-24,Labour force total,41.52
2016-04-01,2016,4,Tasmania,15-24,Participation rate,65.34
2016-04-01,2016,4,Northern Territory,15-24,Employed total,20.05
2016-04-01,2016,4,Northern Territory,15-24,Employment to population ratio,62.91
2016-04-01,2016,4,Northern Territory,15-24,Unemployed total,1.47
2016-04-01,2016,4,Northern Territory,15-24,Unemployment rate,6.81
2016-04-01,2016,4,Northern Territory,15-24,Labour force total,21.52
2016-04-01,2016,4,Northern Territory,15-24,Participation rate,67.5
2016-04-01,2016,4,Australian Capital Territory,15-24,Employed total,34.34
2016-04-01,2016,4,Australian Capital Territory,15-24,Employment to population ratio,60.81
2016-04-01,2016,4,Australian Capital Territory,15-24,Unemployed total,3.34
2016-04-01,2016,4,Australian Capital Territory,15-24,Unemployment rate,8.86
2016-04-01,2016,4,Australian Capital Territory,15-24,Labour force total,37.68
2016-04-01,2016,4,Australian Capital Territory,15-24,Participation rate,66.72
2016-05-01,2016,5,Australia,15-24,Employed total,1864.31
2016-05-01,2016,5,Australia,15-24,Employment to population ratio,59.06
2016-05-01,2016,5,Australia,15-24,Unemployed total,253.25
2016-05-01,2016,5,Australia,15-24,Unemployment rate,11.96
2016-05-01,2016,5,Australia,15-24,Labour force total,2117.56
2016-05-01,2016,5,Australia,15-24,Participation rate,67.08
2016-05-01,2016,5,New South Wales,15-24,Employed total,587.38
2016-05-01,2016,5,New South Wales,15-24,Employment to population ratio,59.16
2016-05-01,2016,5,New South Wales,15-24,Unemployed total,75.14
2016-05-01,2016,5,New South Wales,15-24,Unemployment rate,11.34
2016-05-01,2016,5,New South Wales,15-24,Labour force total,662.51
2016-05-01,2016,5,New South Wales,15-24,Participation rate,66.73
2016-05-01,2016,5,Victoria,15-24,Employed total,476.03
2016-05-01,2016,5,Victoria,15-24,Employment to population ratio,58.03
2016-05-01,2016,5,Victoria,15-24,Unemployed total,66.59
2016-05-01,2016,5,Victoria,15-24,Unemployment rate,12.27
2016-05-01,2016,5,Victoria,15-24,Labour force total,542.61
2016-05-01,2016,5,Victoria,15-24,Participation rate,66.14
2016-05-01,2016,5,Queensland,15-24,Employed total,389.43
2016-05-01,2016,5,Queensland,15-24,Employment to population ratio,60.43
2016-05-01,2016,5,Queensland,15-24,Unemployed total,57.77
2016-05-01,2016,5,Queensland,15-24,Unemployment rate,12.92
2016-05-01,2016,5,Queensland,15-24,Labour force total,447.2
2016-05-01,2016,5,Queensland,15-24,Participation rate,69.4
2016-05-01,2016,5,South Australia,15-24,Employed total,118.38
2016-05-01,2016,5,South Australia,15-24,Employment to population ratio,54.03
2016-05-01,2016,5,South Australia,15-24,Unemployed total,18.55
2016-05-01,2016,5,South Australia,15-24,Unemployment rate,13.55
2016-05-01,2016,5,South Australia,15-24,Labour force total,136.93
2016-05-01,2016,5,South Australia,15-24,Participation rate,62.5
2016-05-01,2016,5,Western Australia,15-24,Employed total,203.23
2016-05-01,2016,5,Western Australia,15-24,Employment to population ratio,61.89
2016-05-01,2016,5,Western Australia,15-24,Unemployed total,24.46
2016-05-01,2016,5,Western Australia,15-24,Unemployment rate,10.74
2016-05-01,2016,5,Western Australia,15-24,Labour force total,227.69
2016-05-01,2016,5,Western Australia,15-24,Participation rate,69.34
2016-05-01,2016,5,Tasmania,15-24,Employed total,34.74
2016-05-01,2016,5,Tasmania,15-24,Employment to population ratio,54.74
2016-05-01,2016,5,Tasmania,15-24,Unemployed total,6.54
2016-05-01,2016,5,Tasmania,15-24,Unemployment rate,15.84
2016-05-01,2016,5,Tasmania,15-24,Labour force total,41.28
2016-05-01,2016,5,Tasmania,15-24,Participation rate,65.05
2016-05-01,2016,5,Northern Territory,15-24,Employed total,21.85
2016-05-01,2016,5,Northern Territory,15-24,Employment to population ratio,68.48
2016-05-01,2016,5,Northern Territory,15-24,Unemployed total,1.2
2016-05-01,2016,5,Northern Territory,15-24,Unemployment rate,5.19
2016-05-01,2016,5,Northern Territory,15-24,Labour force total,23.05
2016-05-01,2016,5,Northern Territory,15-24,Participation rate,72.22
2016-05-01,2016,5,Australian Capital Territory,15-24,Employed total,33.29
2016-05-01,2016,5,Australian Capital Territory,15-24,Employment to population ratio,59.04
2016-05-01,2016,5,Australian Capital Territory,15-24,Unemployed total,3.0
2016-05-01,2016,5,Australian Capital Territory,15-24,Unemployment rate,8.28
2016-05-01,2016,5,Australian Capital Territory,15-24,Labour force total,36.3
2016-05-01,2016,5,Australian Capital Territory,15-24,Participation rate,64.37
2016-06-01,2016,6,Australia,15-24,Employed total,1841.29
2016-06-01,2016,6,Australia,15-24,Employment to population ratio,58.35
2016-06-01,2016,6,Australia,15-24,Unemployed total,260.17
2016-06-01,2016,6,Australia,15-24,Unemployment rate,12.38
2016-06-01,2016,6,Australia,15-24,Labour force total,2101.45
2016-06-01,2016,6,Australia,15-24,Participation rate,66.6
2016-06-01,2016,6,New South Wales,15-24,Employed total,572.96
2016-06-01,2016,6,New South Wales,15-24,Employment to population ratio,57.73
2016-06-01,2016,6,New South Wales,15-24,Unemployed total,75.58
2016-06-01,2016,6,New South Wales,15-24,Unemployment rate,11.65
2016-06-01,2016,6,New South Wales,15-24,Labour force total,648.55
2016-06-01,2016,6,New South Wales,15-24,Participation rate,65.35
2016-06-01,2016,6,Victoria,15-24,Employed total,470.94
2016-06-01,2016,6,Victoria,15-24,Employment to population ratio,57.4
2016-06-01,2016,6,Victoria,15-24,Unemployed total,71.67
2016-06-01,2016,6,Victoria,15-24,Unemployment rate,13.21
2016-06-01,2016,6,Victoria,15-24,Labour force total,542.61
2016-06-01,2016,6,Victoria,15-24,Participation rate,66.13
2016-06-01,2016,6,Queensland,15-24,Employed total,381.22
2016-06-01,2016,6,Queensland,15-24,Employment to population ratio,59.16
2016-06-01,2016,6,Queensland,15-24,Unemployed total,60.81
2016-06-01,2016,6,Queensland,15-24,Unemployment rate,13.76
2016-06-01,2016,6,Queensland,15-24,Labour force total,442.04
2016-06-01,2016,6,Queensland,15-24,Participation rate,68.6
2016-06-01,2016,6,South Australia,15-24,Employed total,121.89
2016-06-01,2016,6,South Australia,15-24,Employment to population ratio,55.69
2016-06-01,2016,6,South Australia,15-24,Unemployed total,19.85
2016-06-01,2016,6,South Australia,15-24,Unemployment rate,14.01
2016-06-01,2016,6,South Australia,15-24,Labour force total,141.74
2016-06-01,2016,6,South Australia,15-24,Participation rate,64.76
2016-06-01,2016,6,Western Australia,15-24,Employed total,205.34
2016-06-01,2016,6,Western Australia,15-24,Employment to population ratio,62.67
2016-06-01,2016,6,Western Australia,15-24,Unemployed total,20.96
2016-06-01,2016,6,Western Australia,15-24,Unemployment rate,9.26
2016-06-01,2016,6,Western Australia,15-24,Labour force total,226.3
2016-06-01,2016,6,Western Australia,15-24,Participation rate,69.06
2016-06-01,2016,6,Tasmania,15-24,Employed total,34.1
2016-06-01,2016,6,Tasmania,15-24,Employment to population ratio,53.79
2016-06-01,2016,6,Tasmania,15-24,Unemployed total,6.58
2016-06-01,2016,6,Tasmania,15-24,Unemployment rate,16.17
2016-06-01,2016,6,Tasmania,15-24,Labour force total,40.68
2016-06-01,2016,6,Tasmania,15-24,Participation rate,64.17
2016-06-01,2016,6,Northern Territory,15-24,Employed total,20.63
2016-06-01,2016,6,Northern Territory,15-24,Employment to population ratio,64.6
2016-06-01,2016,6,Northern Territory,15-24,Unemployed total,2.03
2016-06-01,2016,6,Northern Territory,15-24,Unemployment rate,8.96
2016-06-01,2016,6,Northern Territory,15-24,Labour force total,22.66
2016-06-01,2016,6,Northern Territory,15-24,Participation rate,70.95
2016-06-01,2016,6,Australian Capital Territory,15-24,Employed total,34.2
2016-06-01,2016,6,Australian Capital Territory,15-24,Employment to population ratio,60.74
2016-06-01,2016,6,Australian Capital Territory,15-24,Unemployed total,2.68
2016-06-01,2016,6,Australian Capital Territory,15-24,Unemployment rate,7.26
2016-06-01,2016,6,Australian Capital Territory,15-24,Labour force total,36.87
2016-06-01,2016,6,Australian Capital Territory,15-24,Participation rate,65.5
2016-07-01,2016,7,Australia,15-24,Employed total,1841.22
2016-07-01,2016,7,Australia,15-24,Employment to population ratio,58.27
2016-07-01,2016,7,Australia,15-24,Unemployed total,268.21
2016-07-01,2016,7,Australia,15-24,Unemployment rate,12.71
2016-07-01,2016,7,Australia,15-24,Labour force total,2109.43
2016-07-01,2016,7,Australia,15-24,Participation rate,66.76
2016-07-01,2016,7,New South Wales,15-24,Employed total,572.77
2016-07-01,2016,7,New South Wales,15-24,Employment to population ratio,57.61
2016-07-01,2016,7,New South Wales,15-24,Unemployed total,79.26
2016-07-01,2016,7,New South Wales,15-24,Unemployment rate,12.16
2016-07-01,2016,7,New South Wales,15-24,Labour force total,652.03
2016-07-01,2016,7,New South Wales,15-24,Participation rate,65.59
2016-07-01,2016,7,Victoria,15-24,Employed total,468.81
2016-07-01,2016,7,Victoria,15-24,Employment to population ratio,57.02
2016-07-01,2016,7,Victoria,15-24,Unemployed total,71.97
2016-07-01,2016,7,Victoria,15-24,Unemployment rate,13.31
2016-07-01,2016,7,Victoria,15-24,Labour force total,540.78
2016-07-01,2016,7,Victoria,15-24,Participation rate,65.77
2016-07-01,2016,7,Queensland,15-24,Employed total,383.67
2016-07-01,2016,7,Queensland,15-24,Employment to population ratio,59.5
2016-07-01,2016,7,Queensland,15-24,Unemployed total,61.54
2016-07-01,2016,7,Queensland,15-24,Unemployment rate,13.82
2016-07-01,2016,7,Queensland,15-24,Labour force total,445.21
2016-07-01,2016,7,Queensland,15-24,Participation rate,69.04
2016-07-01,2016,7,South Australia,15-24,Employed total,122.03
2016-07-01,2016,7,South Australia,15-24,Employment to population ratio,55.76
2016-07-01,2016,7,South Australia,15-24,Unemployed total,17.49
2016-07-01,2016,7,South Australia,15-24,Unemployment rate,12.54
2016-07-01,2016,7,South Australia,15-24,Labour force total,139.53
2016-07-01,2016,7,South Australia,15-24,Participation rate,63.75
2016-07-01,2016,7,Western Australia,15-24,Employed total,204.92
2016-07-01,2016,7,Western Australia,15-24,Employment to population ratio,62.54
2016-07-01,2016,7,Western Australia,15-24,Unemployed total,26.65
2016-07-01,2016,7,Western Australia,15-24,Unemployment rate,11.51
2016-07-01,2016,7,Western Australia,15-24,Labour force total,231.58
2016-07-01,2016,7,Western Australia,15-24,Participation rate,70.67
2016-07-01,2016,7,Tasmania,15-24,Employed total,34.9
2016-07-01,2016,7,Tasmania,15-24,Employment to population ratio,54.94
2016-07-01,2016,7,Tasmania,15-24,Unemployed total,6.3
2016-07-01,2016,7,Tasmania,15-24,Unemployment rate,15.29
2016-07-01,2016,7,Tasmania,15-24,Labour force total,41.2
2016-07-01,2016,7,Tasmania,15-24,Participation rate,64.86
2016-07-01,2016,7,Northern Territory,15-24,Employed total,19.38
2016-07-01,2016,7,Northern Territory,15-24,Employment to population ratio,60.64
2016-07-01,2016,7,Northern Territory,15-24,Unemployed total,1.75
2016-07-01,2016,7,Northern Territory,15-24,Unemployment rate,8.27
2016-07-01,2016,7,Northern Territory,15-24,Labour force total,21.13
2016-07-01,2016,7,Northern Territory,15-24,Participation rate,66.1
2016-07-01,2016,7,Australian Capital Territory,15-24,Employed total,34.73
2016-07-01,2016,7,Australian Capital Territory,15-24,Employment to population ratio,61.42
2016-07-01,2016,7,Australian Capital Territory,15-24,Unemployed total,3.25
2016-07-01,2016,7,Australian Capital Territory,15-24,Unemployment rate,8.57
2016-07-01,2016,7,Australian Capital Territory,15-24,Labour force total,37.98
2016-07-01,2016,7,Australian Capital Territory,15-24,Participation rate,67.18
2016-08-01,2016,8,Australia,15-24,Employed total,1786.41
2016-08-01,2016,8,Australia,15-24,Employment to population ratio,56.46
2016-08-01,2016,8,Australia,15-24,Unemployed total,259.63
2016-08-01,2016,8,Australia,15-24,Unemployment rate,12.69
2016-08-01,2016,8,Australia,15-24,Labour force total,2046.04
2016-08-01,2016,8,Australia,15-24,Participation rate,64.67
2016-08-01,2016,8,New South Wales,15-24,Employed total,551.12
2016-08-01,2016,8,New South Wales,15-24,Employment to population ratio,55.34
2016-08-01,2016,8,New South Wales,15-24,Unemployed total,73.73
2016-08-01,2016,8,New South Wales,15-24,Unemployment rate,11.8
2016-08-01,2016,8,New South Wales,15-24,Labour force total,624.86
2016-08-01,2016,8,New South Wales,15-24,Participation rate,62.74
2016-08-01,2016,8,Victoria,15-24,Employed total,461.74
2016-08-01,2016,8,Victoria,15-24,Employment to population ratio,56.05
2016-08-01,2016,8,Victoria,15-24,Unemployed total,70.28
2016-08-01,2016,8,Victoria,15-24,Unemployment rate,13.21
2016-08-01,2016,8,Victoria,15-24,Labour force total,532.02
2016-08-01,2016,8,Victoria,15-24,Participation rate,64.58
2016-08-01,2016,8,Queensland,15-24,Employed total,370.14
2016-08-01,2016,8,Queensland,15-24,Employment to population ratio,57.36
2016-08-01,2016,8,Queensland,15-24,Unemployed total,58.06
2016-08-01,2016,8,Queensland,15-24,Unemployment rate,13.56
2016-08-01,2016,8,Queensland,15-24,Labour force total,428.21
2016-08-01,2016,8,Queensland,15-24,Participation rate,66.36
2016-08-01,2016,8,South Australia,15-24,Employed total,120.19
2016-08-01,2016,8,South Australia,15-24,Employment to population ratio,54.92
2016-08-01,2016,8,South Australia,15-24,Unemployed total,18.7
2016-08-01,2016,8,South Australia,15-24,Unemployment rate,13.47
2016-08-01,2016,8,South Australia,15-24,Labour force total,138.89
2016-08-01,2016,8,South Australia,15-24,Participation rate,63.47
2016-08-01,2016,8,Western Australia,15-24,Employed total,197.28
2016-08-01,2016,8,Western Australia,15-24,Employment to population ratio,60.2
2016-08-01,2016,8,Western Australia,15-24,Unemployed total,24.54
2016-08-01,2016,8,Western Australia,15-24,Unemployment rate,11.06
2016-08-01,2016,8,Western Australia,15-24,Labour force total,221.82
2016-08-01,2016,8,Western Australia,15-24,Participation rate,67.69
2016-08-01,2016,8,Tasmania,15-24,Employed total,35.16
2016-08-01,2016,8,Tasmania,15-24,Employment to population ratio,55.25
2016-08-01,2016,8,Tasmania,15-24,Unemployed total,8.03
2016-08-01,2016,8,Tasmania,15-24,Unemployment rate,18.59
2016-08-01,2016,8,Tasmania,15-24,Labour force total,43.19
2016-08-01,2016,8,Tasmania,15-24,Participation rate,67.86
2016-08-01,2016,8,Northern Territory,15-24,Employed total,17.84
2016-08-01,2016,8,Northern Territory,15-24,Employment to population ratio,55.83
2016-08-01,2016,8,Northern Territory,15-24,Unemployed total,1.85
2016-08-01,2016,8,Northern Territory,15-24,Unemployment rate,9.42
2016-08-01,2016,8,Northern Territory,15-24,Labour force total,19.69
2016-08-01,2016,8,Northern Territory,15-24,Participation rate,61.63
2016-08-01,2016,8,Australian Capital Territory,15-24,Employed total,32.94
2016-08-01,2016,8,Australian Capital Territory,15-24,Employment to population ratio,58.01
2016-08-01,2016,8,Australian Capital Territory,15-24,Unemployed total,4.42
2016-08-01,2016,8,Australian Capital Territory,15-24,Unemployment rate,11.84
2016-08-01,2016,8,Australian Capital Territory,15-24,Labour force total,37.37
2016-08-01,2016,8,Australian Capital Territory,15-24,Participation rate,65.8
2016-09-01,2016,9,Australia,15-24,Employed total,1811.54
2016-09-01,2016,9,Australia,15-24,Employment to population ratio,57.18
2016-09-01,2016,9,Australia,15-24,Unemployed total,254.84
2016-09-01,2016,9,Australia,15-24,Unemployment rate,12.33
2016-09-01,2016,9,Australia,15-24,Labour force total,2066.38
2016-09-01,2016,9,Australia,15-24,Participation rate,65.22
2016-09-01,2016,9,New South Wales,15-24,Employed total,582.37
2016-09-01,2016,9,New South Wales,15-24,Employment to population ratio,58.38
2016-09-01,2016,9,New South Wales,15-24,Unemployed total,68.0
2016-09-01,2016,9,New South Wales,15-24,Unemployment rate,10.46
2016-09-01,2016,9,New South Wales,15-24,Labour force total,650.37
2016-09-01,2016,9,New South Wales,15-24,Participation rate,65.19
2016-09-01,2016,9,Victoria,15-24,Employed total,461.45
2016-09-01,2016,9,Victoria,15-24,Employment to population ratio,55.9
2016-09-01,2016,9,Victoria,15-24,Unemployed total,69.4
2016-09-01,2016,9,Victoria,15-24,Unemployment rate,13.07
2016-09-01,2016,9,Victoria,15-24,Labour force total,530.85
2016-09-01,2016,9,Victoria,15-24,Participation rate,64.3
2016-09-01,2016,9,Queensland,15-24,Employed total,369.63
2016-09-01,2016,9,Queensland,15-24,Employment to population ratio,57.24
2016-09-01,2016,9,Queensland,15-24,Unemployed total,58.78
2016-09-01,2016,9,Queensland,15-24,Unemployment rate,13.72
2016-09-01,2016,9,Queensland,15-24,Labour force total,428.41
2016-09-01,2016,9,Queensland,15-24,Participation rate,66.34
2016-09-01,2016,9,South Australia,15-24,Employed total,120.73
2016-09-01,2016,9,South Australia,15-24,Employment to population ratio,55.18
2016-09-01,2016,9,South Australia,15-24,Unemployed total,19.37
2016-09-01,2016,9,South Australia,15-24,Unemployment rate,13.83
2016-09-01,2016,9,South Australia,15-24,Labour force total,140.09
2016-09-01,2016,9,South Australia,15-24,Participation rate,64.03
2016-09-01,2016,9,Western Australia,15-24,Employed total,191.12
2016-09-01,2016,9,Western Australia,15-24,Employment to population ratio,58.32
2016-09-01,2016,9,Western Australia,15-24,Unemployed total,26.96
2016-09-01,2016,9,Western Australia,15-24,Unemployment rate,12.36
2016-09-01,2016,9,Western Australia,15-24,Labour force total,218.08
2016-09-01,2016,9,Western Australia,15-24,Participation rate,66.55
2016-09-01,2016,9,Tasmania,15-24,Employed total,35.88
2016-09-01,2016,9,Tasmania,15-24,Employment to population ratio,56.26
2016-09-01,2016,9,Tasmania,15-24,Unemployed total,6.61
2016-09-01,2016,9,Tasmania,15-24,Unemployment rate,15.55
2016-09-01,2016,9,Tasmania,15-24,Labour force total,42.49
2016-09-01,2016,9,Tasmania,15-24,Participation rate,66.63
2016-09-01,2016,9,Northern Territory,15-24,Employed total,18.71
2016-09-01,2016,9,Northern Territory,15-24,Employment to population ratio,58.57
2016-09-01,2016,9,Northern Territory,15-24,Unemployed total,1.61
2016-09-01,2016,9,Northern Territory,15-24,Unemployment rate,7.93
2016-09-01,2016,9,Northern Territory,15-24,Labour force total,20.32
2016-09-01,2016,9,Northern Territory,15-24,Participation rate,63.62
2016-09-01,2016,9,Australian Capital Territory,15-24,Employed total,31.65
2016-09-01,2016,9,Australian Capital Territory,15-24,Employment to population ratio,55.5
2016-09-01,2016,9,Australian Capital Territory,15-24,Unemployed total,4.11
2016-09-01,2016,9,Australian Capital Territory,15-24,Unemployment rate,11.5
2016-09-01,2016,9,Australian Capital Territory,15-24,Labour force total,35.76
2016-09-01,2016,9,Australian Capital Territory,15-24,Participation rate,62.71
2016-10-01,2016,10,Australia,15-24,Employed total,1805.91
2016-10-01,2016,10,Australia,15-24,Employment to population ratio,57.03
2016-10-01,2016,10,Australia,15-24,Unemployed total,247.64
2016-10-01,2016,10,Australia,15-24,Unemployment rate,12.06
2016-10-01,2016,10,Australia,15-24,Labour force total,2053.55
2016-10-01,2016,10,Australia,15-24,Participation rate,64.85
2016-10-01,2016,10,New South Wales,15-24,Employed total,562.5
2016-10-01,2016,10,New South Wales,15-24,Employment to population ratio,56.4
2016-10-01,2016,10,New South Wales,15-24,Unemployed total,72.52
2016-10-01,2016,10,New South Wales,15-24,Unemployment rate,11.42
2016-10-01,2016,10,New South Wales,15-24,Labour force total,635.03
2016-10-01,2016,10,New South Wales,15-24,Participation rate,63.67
2016-10-01,2016,10,Victoria,15-24,Employed total,475.84
2016-10-01,2016,10,Victoria,15-24,Employment to population ratio,57.64
2016-10-01,2016,10,Victoria,15-24,Unemployed total,63.07
2016-10-01,2016,10,Victoria,15-24,Unemployment rate,11.7
2016-10-01,2016,10,Victoria,15-24,Labour force total,538.92
2016-10-01,2016,10,Victoria,15-24,Participation rate,65.28
2016-10-01,2016,10,Queensland,15-24,Employed total,368.47
2016-10-01,2016,10,Queensland,15-24,Employment to population ratio,57.08
2016-10-01,2016,10,Queensland,15-24,Unemployed total,54.38
2016-10-01,2016,10,Queensland,15-24,Unemployment rate,12.86
2016-10-01,2016,10,Queensland,15-24,Labour force total,422.85
2016-10-01,2016,10,Queensland,15-24,Participation rate,65.5
2016-10-01,2016,10,South Australia,15-24,Employed total,121.72
2016-10-01,2016,10,South Australia,15-24,Employment to population ratio,55.7
2016-10-01,2016,10,South Australia,15-24,Unemployed total,18.81
2016-10-01,2016,10,South Australia,15-24,Unemployment rate,13.39
2016-10-01,2016,10,South Australia,15-24,Labour force total,140.54
2016-10-01,2016,10,South Australia,15-24,Participation rate,64.31
2016-10-01,2016,10,Western Australia,15-24,Employed total,190.2
2016-10-01,2016,10,Western Australia,15-24,Employment to population ratio,58.15
2016-10-01,2016,10,Western Australia,15-24,Unemployed total,24.97
2016-10-01,2016,10,Western Australia,15-24,Unemployment rate,11.61
2016-10-01,2016,10,Western Australia,15-24,Labour force total,215.17
2016-10-01,2016,10,Western Australia,15-24,Participation rate,65.78
2016-10-01,2016,10,Tasmania,15-24,Employed total,36.11
2016-10-01,2016,10,Tasmania,15-24,Employment to population ratio,56.62
2016-10-01,2016,10,Tasmania,15-24,Unemployed total,7.8
2016-10-01,2016,10,Tasmania,15-24,Unemployment rate,17.77
2016-10-01,2016,10,Tasmania,15-24,Labour force total,43.92
2016-10-01,2016,10,Tasmania,15-24,Participation rate,68.85
2016-10-01,2016,10,Northern Territory,15-24,Employed total,20.1
2016-10-01,2016,10,Northern Territory,15-24,Employment to population ratio,63.32
2016-10-01,2016,10,Northern Territory,15-24,Unemployed total,1.67
2016-10-01,2016,10,Northern Territory,15-24,Unemployment rate,7.66
2016-10-01,2016,10,Northern Territory,15-24,Labour force total,21.77
2016-10-01,2016,10,Northern Territory,15-24,Participation rate,68.57
2016-10-01,2016,10,Australian Capital Territory,15-24,Employed total,30.96
2016-10-01,2016,10,Australian Capital Territory,15-24,Employment to population ratio,54.19
2016-10-01,2016,10,Australian Capital Territory,15-24,Unemployed total,4.42
2016-10-01,2016,10,Australian Capital Territory,15-24,Unemployment rate,12.48
2016-10-01,2016,10,Australian Capital Territory,15-24,Labour force total,35.37
2016-10-01,2016,10,Australian Capital Territory,15-24,Participation rate,61.92
2016-11-01,2016,11,Australia,15-24,Employed total,1794.87
2016-11-01,2016,11,Australia,15-24,Employment to population ratio,56.7
2016-11-01,2016,11,Australia,15-24,Unemployed total,261.15
2016-11-01,2016,11,Australia,15-24,Unemployment rate,12.7
2016-11-01,2016,11,Australia,15-24,Labour force total,2056.02
2016-11-01,2016,11,Australia,15-24,Participation rate,64.95
2016-11-01,2016,11,New South Wales,15-24,Employed total,556.56
2016-11-01,2016,11,New South Wales,15-24,Employment to population ratio,55.82
2016-11-01,2016,11,New South Wales,15-24,Unemployed total,80.94
2016-11-01,2016,11,New South Wales,15-24,Unemployment rate,12.7
2016-11-01,2016,11,New South Wales,15-24,Labour force total,637.5
2016-11-01,2016,11,New South Wales,15-24,Participation rate,63.93
2016-11-01,2016,11,Victoria,15-24,Employed total,454.84
2016-11-01,2016,11,Victoria,15-24,Employment to population ratio,55.1
2016-11-01,2016,11,Victoria,15-24,Unemployed total,68.93
2016-11-01,2016,11,Victoria,15-24,Unemployment rate,13.16
2016-11-01,2016,11,Victoria,15-24,Labour force total,523.77
2016-11-01,2016,11,Victoria,15-24,Participation rate,63.45
2016-11-01,2016,11,Queensland,15-24,Employed total,380.37
2016-11-01,2016,11,Queensland,15-24,Employment to population ratio,58.95
2016-11-01,2016,11,Queensland,15-24,Unemployed total,49.72
2016-11-01,2016,11,Queensland,15-24,Unemployment rate,11.56
2016-11-01,2016,11,Queensland,15-24,Labour force total,430.09
2016-11-01,2016,11,Queensland,15-24,Participation rate,66.65
2016-11-01,2016,11,South Australia,15-24,Employed total,118.56
2016-11-01,2016,11,South Australia,15-24,Employment to population ratio,54.31
2016-11-01,2016,11,South Australia,15-24,Unemployed total,22.04
2016-11-01,2016,11,South Australia,15-24,Unemployment rate,15.68
2016-11-01,2016,11,South Australia,15-24,Labour force total,140.6
2016-11-01,2016,11,South Australia,15-24,Participation rate,64.4
2016-11-01,2016,11,Western Australia,15-24,Employed total,194.47
2016-11-01,2016,11,Western Australia,15-24,Employment to population ratio,59.56
2016-11-01,2016,11,Western Australia,15-24,Unemployed total,27.41
2016-11-01,2016,11,Western Australia,15-24,Unemployment rate,12.35
2016-11-01,2016,11,Western Australia,15-24,Labour force total,221.88
2016-11-01,2016,11,Western Australia,15-24,Participation rate,67.95
2016-11-01,2016,11,Tasmania,15-24,Employed total,37.8
2016-11-01,2016,11,Tasmania,15-24,Employment to population ratio,59.24
2016-11-01,2016,11,Tasmania,15-24,Unemployed total,6.26
2016-11-01,2016,11,Tasmania,15-24,Unemployment rate,14.21
2016-11-01,2016,11,Tasmania,15-24,Labour force total,44.06
2016-11-01,2016,11,Tasmania,15-24,Participation rate,69.06
2016-11-01,2016,11,Northern Territory,15-24,Employed total,18.72
2016-11-01,2016,11,Northern Territory,15-24,Employment to population ratio,59.33
2016-11-01,2016,11,Northern Territory,15-24,Unemployed total,1.74
2016-11-01,2016,11,Northern Territory,15-24,Unemployment rate,8.49
2016-11-01,2016,11,Northern Territory,15-24,Labour force total,20.45
2016-11-01,2016,11,Northern Territory,15-24,Participation rate,64.84
2016-11-01,2016,11,Australian Capital Territory,15-24,Employed total,33.56
2016-11-01,2016,11,Australian Capital Territory,15-24,Employment to population ratio,58.66
2016-11-01,2016,11,Australian Capital Territory,15-24,Unemployed total,4.1
2016-11-01,2016,11,Australian Capital Territory,15-24,Unemployment rate,10.89
2016-11-01,2016,11,Australian Capital Territory,15-24,Labour force total,37.66
2016-11-01,2016,11,Australian Capital Territory,15-24,Participation rate,65.83
2016-12-01,2016,12,Australia,15-24,Employed total,1885.26
2016-12-01,2016,12,Australia,15-24,Employment to population ratio,59.59
2016-12-01,2016,12,Australia,15-24,Unemployed total,292.31
2016-12-01,2016,12,Australia,15-24,Unemployment rate,13.42
2016-12-01,2016,12,Australia,15-24,Labour force total,2177.57
2016-12-01,2016,12,Australia,15-24,Participation rate,68.82
2016-12-01,2016,12,New South Wales,15-24,Employed total,590.55
2016-12-01,2016,12,New South Wales,15-24,Employment to population ratio,59.24
2016-12-01,2016,12,New South Wales,15-24,Unemployed total,84.76
2016-12-01,2016,12,New South Wales,15-24,Unemployment rate,12.55
2016-12-01,2016,12,New South Wales,15-24,Labour force total,675.3
2016-12-01,2016,12,New South Wales,15-24,Participation rate,67.74
2016-12-01,2016,12,Victoria,15-24,Employed total,491.4
2016-12-01,2016,12,Victoria,15-24,Employment to population ratio,59.53
2016-12-01,2016,12,Victoria,15-24,Unemployed total,80.12
2016-12-01,2016,12,Victoria,15-24,Unemployment rate,14.02
2016-12-01,2016,12,Victoria,15-24,Labour force total,571.52
2016-12-01,2016,12,Victoria,15-24,Participation rate,69.23
2016-12-01,2016,12,Queensland,15-24,Employed total,389.93
2016-12-01,2016,12,Queensland,15-24,Employment to population ratio,60.45
2016-12-01,2016,12,Queensland,15-24,Unemployed total,58.17
2016-12-01,2016,12,Queensland,15-24,Unemployment rate,12.98
2016-12-01,2016,12,Queensland,15-24,Labour force total,448.11
2016-12-01,2016,12,Queensland,15-24,Participation rate,69.47
2016-12-01,2016,12,South Australia,15-24,Employed total,122.6
2016-12-01,2016,12,South Australia,15-24,Employment to population ratio,56.23
2016-12-01,2016,12,South Australia,15-24,Unemployed total,22.14
2016-12-01,2016,12,South Australia,15-24,Unemployment rate,15.29
2016-12-01,2016,12,South Australia,15-24,Labour force total,144.74
2016-12-01,2016,12,South Australia,15-24,Participation rate,66.38
2016-12-01,2016,12,Western Australia,15-24,Employed total,195.53
2016-12-01,2016,12,Western Australia,15-24,Employment to population ratio,59.99
2016-12-01,2016,12,Western Australia,15-24,Unemployed total,34.04
2016-12-01,2016,12,Western Australia,15-24,Unemployment rate,14.83
2016-12-01,2016,12,Western Australia,15-24,Labour force total,229.57
2016-12-01,2016,12,Western Australia,15-24,Participation rate,70.44
2016-12-01,2016,12,Tasmania,15-24,Employed total,38.91
2016-12-01,2016,12,Tasmania,15-24,Employment to population ratio,60.97
2016-12-01,2016,12,Tasmania,15-24,Unemployed total,7.17
2016-12-01,2016,12,Tasmania,15-24,Unemployment rate,15.55
2016-12-01,2016,12,Tasmania,15-24,Labour force total,46.08
2016-12-01,2016,12,Tasmania,15-24,Participation rate,72.2
2016-12-01,2016,12,Northern Territory,15-24,Employed total,19.08
2016-12-01,2016,12,Northern Territory,15-24,Employment to population ratio,60.85
2016-12-01,2016,12,Northern Territory,15-24,Unemployed total,1.63
2016-12-01,2016,12,Northern Territory,15-24,Unemployment rate,7.88
2016-12-01,2016,12,Northern Territory,15-24,Labour force total,20.71
2016-12-01,2016,12,Northern Territory,15-24,Participation rate,66.06
2016-12-01,2016,12,Australian Capital Territory,15-24,Employed total,37.26
2016-12-01,2016,12,Australian Capital Territory,15-24,Employment to population ratio,65.03
2016-12-01,2016,12,Australian Capital Territory,15-24,Unemployed total,4.28
2016-12-01,2016,12,Australian Capital Territory,15-24,Unemployment rate,10.3
2016-12-01,2016,12,Australian Capital Territory,15-24,Labour force total,41.54
2016-12-01,2016,12,Australian Capital Territory,15-24,Participation rate,72.5
2017-01-01,2017,1,Australia,15-24,Employed total,1861.97
2017-01-01,2017,1,Australia,15-24,Employment to population ratio,58.71
2017-01-01,2017,1,Australia,15-24,Unemployed total,291.7
2017-01-01,2017,1,Australia,15-24,Unemployment rate,13.54
2017-01-01,2017,1,Australia,15-24,Labour force total,2153.67
2017-01-01,2017,1,Australia,15-24,Participation rate,67.91
2017-01-01,2017,1,New South Wales,15-24,Employed total,580.07
2017-01-01,2017,1,New South Wales,15-24,Employment to population ratio,58.04
2017-01-01,2017,1,New South Wales,15-24,Unemployed total,84.64
2017-01-01,2017,1,New South Wales,15-24,Unemployment rate,12.73
2017-01-01,2017,1,New South Wales,15-24,Labour force total,664.71
2017-01-01,2017,1,New South Wales,15-24,Participation rate,66.51
2017-01-01,2017,1,Victoria,15-24,Employed total,486.16
2017-01-01,2017,1,Victoria,15-24,Employment to population ratio,58.67
2017-01-01,2017,1,Victoria,15-24,Unemployed total,80.64
2017-01-01,2017,1,Victoria,15-24,Unemployment rate,14.23
2017-01-01,2017,1,Victoria,15-24,Labour force total,566.8
2017-01-01,2017,1,Victoria,15-24,Participation rate,68.4
2017-01-01,2017,1,Queensland,15-24,Employed total,388.42
2017-01-01,2017,1,Queensland,15-24,Employment to population ratio,60.12
2017-01-01,2017,1,Queensland,15-24,Unemployed total,55.14
2017-01-01,2017,1,Queensland,15-24,Unemployment rate,12.43
2017-01-01,2017,1,Queensland,15-24,Labour force total,443.56
2017-01-01,2017,1,Queensland,15-24,Participation rate,68.65
2017-01-01,2017,1,South Australia,15-24,Employed total,121.99
2017-01-01,2017,1,South Australia,15-24,Employment to population ratio,55.87
2017-01-01,2017,1,South Australia,15-24,Unemployed total,24.56
2017-01-01,2017,1,South Australia,15-24,Unemployment rate,16.76
2017-01-01,2017,1,South Australia,15-24,Labour force total,146.55
2017-01-01,2017,1,South Australia,15-24,Participation rate,67.12
2017-01-01,2017,1,Western Australia,15-24,Employed total,192.76
2017-01-01,2017,1,Western Australia,15-24,Employment to population ratio,59.14
2017-01-01,2017,1,Western Australia,15-24,Unemployed total,34.17
2017-01-01,2017,1,Western Australia,15-24,Unemployment rate,15.06
2017-01-01,2017,1,Western Australia,15-24,Labour force total,226.93
2017-01-01,2017,1,Western Australia,15-24,Participation rate,69.63
2017-01-01,2017,1,Tasmania,15-24,Employed total,37.87
2017-01-01,2017,1,Tasmania,15-24,Employment to population ratio,59.21
2017-01-01,2017,1,Tasmania,15-24,Unemployed total,5.5
2017-01-01,2017,1,Tasmania,15-24,Unemployment rate,12.68
2017-01-01,2017,1,Tasmania,15-24,Labour force total,43.38
2017-01-01,2017,1,Tasmania,15-24,Participation rate,67.81
2017-01-01,2017,1,Northern Territory,15-24,Employed total,18.3
2017-01-01,2017,1,Northern Territory,15-24,Employment to population ratio,58.39
2017-01-01,2017,1,Northern Territory,15-24,Unemployed total,2.9
2017-01-01,2017,1,Northern Territory,15-24,Unemployment rate,13.69
2017-01-01,2017,1,Northern Territory,15-24,Labour force total,21.2
2017-01-01,2017,1,Northern Territory,15-24,Participation rate,67.65
2017-01-01,2017,1,Australian Capital Territory,15-24,Employed total,36.4
2017-01-01,2017,1,Australian Capital Territory,15-24,Employment to population ratio,63.13
2017-01-01,2017,1,Australian Capital Territory,15-24,Unemployed total,4.15
2017-01-01,2017,1,Australian Capital Territory,15-24,Unemployment rate,10.24
2017-01-01,2017,1,Australian Capital Territory,15-24,Labour force total,40.55
2017-01-01,2017,1,Australian Capital Territory,15-24,Participation rate,70.33
2017-02-01,2017,2,Australia,15-24,Employed total,1835.07
2017-02-01,2017,2,Australia,15-24,Employment to population ratio,57.73
2017-02-01,2017,2,Australia,15-24,Unemployed total,302.23
2017-02-01,2017,2,Australia,15-24,Unemployment rate,14.14
2017-02-01,2017,2,Australia,15-24,Labour force total,2137.3
2017-02-01,2017,2,Australia,15-24,Participation rate,67.23
2017-02-01,2017,2,New South Wales,15-24,Employed total,569.22
2017-02-01,2017,2,New South Wales,15-24,Employment to population ratio,56.81
2017-02-01,2017,2,New South Wales,15-24,Unemployed total,83.97
2017-02-01,2017,2,New South Wales,15-24,Unemployment rate,12.86
2017-02-01,2017,2,New South Wales,15-24,Labour force total,653.2
2017-02-01,2017,2,New South Wales,15-24,Participation rate,65.19
2017-02-01,2017,2,Victoria,15-24,Employed total,477.16
2017-02-01,2017,2,Victoria,15-24,Employment to population ratio,57.36
2017-02-01,2017,2,Victoria,15-24,Unemployed total,77.42
2017-02-01,2017,2,Victoria,15-24,Unemployment rate,13.96
2017-02-01,2017,2,Victoria,15-24,Labour force total,554.58
2017-02-01,2017,2,Victoria,15-24,Participation rate,66.67
2017-02-01,2017,2,Queensland,15-24,Employed total,385.23
2017-02-01,2017,2,Queensland,15-24,Employment to population ratio,59.53
2017-02-01,2017,2,Queensland,15-24,Unemployed total,67.33
2017-02-01,2017,2,Queensland,15-24,Unemployment rate,14.88
2017-02-01,2017,2,Queensland,15-24,Labour force total,452.56
2017-02-01,2017,2,Queensland,15-24,Participation rate,69.94
2017-02-01,2017,2,South Australia,15-24,Employed total,124.3
2017-02-01,2017,2,South Australia,15-24,Employment to population ratio,56.85
2017-02-01,2017,2,South Australia,15-24,Unemployed total,24.05
2017-02-01,2017,2,South Australia,15-24,Unemployment rate,16.21
2017-02-01,2017,2,South Australia,15-24,Labour force total,148.36
2017-02-01,2017,2,South Australia,15-24,Participation rate,67.86
2017-02-01,2017,2,Western Australia,15-24,Employed total,187.59
2017-02-01,2017,2,Western Australia,15-24,Employment to population ratio,57.56
2017-02-01,2017,2,Western Australia,15-24,Unemployed total,35.54
2017-02-01,2017,2,Western Australia,15-24,Unemployment rate,15.93
2017-02-01,2017,2,Western Australia,15-24,Labour force total,223.13
2017-02-01,2017,2,Western Australia,15-24,Participation rate,68.46
2017-02-01,2017,2,Tasmania,15-24,Employed total,37.78
2017-02-01,2017,2,Tasmania,15-24,Employment to population ratio,58.92
2017-02-01,2017,2,Tasmania,15-24,Unemployed total,6.32
2017-02-01,2017,2,Tasmania,15-24,Unemployment rate,14.33
2017-02-01,2017,2,Tasmania,15-24,Labour force total,44.1
2017-02-01,2017,2,Tasmania,15-24,Participation rate,68.78
2017-02-01,2017,2,Northern Territory,15-24,Employed total,18.24
2017-02-01,2017,2,Northern Territory,15-24,Employment to population ratio,58.24
2017-02-01,2017,2,Northern Territory,15-24,Unemployed total,2.11
2017-02-01,2017,2,Northern Territory,15-24,Unemployment rate,10.39
2017-02-01,2017,2,Northern Territory,15-24,Labour force total,20.35
2017-02-01,2017,2,Northern Territory,15-24,Participation rate,64.99
2017-02-01,2017,2,Australian Capital Territory,15-24,Employed total,35.55
2017-02-01,2017,2,Australian Capital Territory,15-24,Employment to population ratio,61.27
2017-02-01,2017,2,Australian Capital Territory,15-24,Unemployed total,5.48
2017-02-01,2017,2,Australian Capital Territory,15-24,Unemployment rate,13.35
2017-02-01,2017,2,Australian Capital Territory,15-24,Labour force total,41.03
2017-02-01,2017,2,Australian Capital Territory,15-24,Participation rate,70.71
2017-03-01,2017,3,Australia,15-24,Employed total,1835.03
2017-03-01,2017,3,Australia,15-24,Employment to population ratio,57.59
2017-03-01,2017,3,Australia,15-24,Unemployed total,304.61
2017-03-01,2017,3,Australia,15-24,Unemployment rate,14.24
2017-03-01,2017,3,Australia,15-24,Labour force total,2139.64
2017-03-01,2017,3,Australia,15-24,Participation rate,67.15
2017-03-01,2017,3,New South Wales,15-24,Employed total,571.3
2017-03-01,2017,3,New South Wales,15-24,Employment to population ratio,56.87
2017-03-01,2017,3,New South Wales,15-24,Unemployed total,84.51
2017-03-01,2017,3,New South Wales,15-24,Unemployment rate,12.89
2017-03-01,2017,3,New South Wales,15-24,Labour force total,655.81
2017-03-01,2017,3,New South Wales,15-24,Participation rate,65.29
2017-03-01,2017,3,Victoria,15-24,Employed total,469.26
2017-03-01,2017,3,Victoria,15-24,Employment to population ratio,56.2
2017-03-01,2017,3,Victoria,15-24,Unemployed total,84.13
2017-03-01,2017,3,Victoria,15-24,Unemployment rate,15.2
2017-03-01,2017,3,Victoria,15-24,Labour force total,553.39
2017-03-01,2017,3,Victoria,15-24,Participation rate,66.27
2017-03-01,2017,3,Queensland,15-24,Employed total,388.66
2017-03-01,2017,3,Queensland,15-24,Employment to population ratio,59.97
2017-03-01,2017,3,Queensland,15-24,Unemployed total,63.28
2017-03-01,2017,3,Queensland,15-24,Unemployment rate,14.0
2017-03-01,2017,3,Queensland,15-24,Labour force total,451.94
2017-03-01,2017,3,Queensland,15-24,Participation rate,69.74
2017-03-01,2017,3,South Australia,15-24,Employed total,122.82
2017-03-01,2017,3,South Australia,15-24,Employment to population ratio,56.1
2017-03-01,2017,3,South Australia,15-24,Unemployed total,25.52
2017-03-01,2017,3,South Australia,15-24,Unemployment rate,17.2
2017-03-01,2017,3,South Australia,15-24,Labour force total,148.34
2017-03-01,2017,3,South Australia,15-24,Participation rate,67.76
2017-03-01,2017,3,Western Australia,15-24,Employed total,192.36
2017-03-01,2017,3,Western Australia,15-24,Employment to population ratio,59.02
2017-03-01,2017,3,Western Australia,15-24,Unemployed total,34.66
2017-03-01,2017,3,Western Australia,15-24,Unemployment rate,15.27
2017-03-01,2017,3,Western Australia,15-24,Labour force total,227.02
2017-03-01,2017,3,Western Australia,15-24,Participation rate,69.66
2017-03-01,2017,3,Tasmania,15-24,Employed total,37.91
2017-03-01,2017,3,Tasmania,15-24,Employment to population ratio,59.0
2017-03-01,2017,3,Tasmania,15-24,Unemployed total,4.65
2017-03-01,2017,3,Tasmania,15-24,Unemployment rate,10.92
2017-03-01,2017,3,Tasmania,15-24,Labour force total,42.56
2017-03-01,2017,3,Tasmania,15-24,Participation rate,66.24
2017-03-01,2017,3,Northern Territory,15-24,Employed total,17.47
2017-03-01,2017,3,Northern Territory,15-24,Employment to population ratio,55.82
2017-03-01,2017,3,Northern Territory,15-24,Unemployed total,2.5
2017-03-01,2017,3,Northern Territory,15-24,Unemployment rate,12.5
2017-03-01,2017,3,Northern Territory,15-24,Labour force total,19.97
2017-03-01,2017,3,Northern Territory,15-24,Participation rate,63.79
2017-03-01,2017,3,Australian Capital Territory,15-24,Employed total,35.25
2017-03-01,2017,3,Australian Capital Territory,15-24,Employment to population ratio,60.39
2017-03-01,2017,3,Australian Capital Territory,15-24,Unemployed total,5.36
2017-03-01,2017,3,Australian Capital Territory,15-24,Unemployment rate,13.2
2017-03-01,2017,3,Australian Capital Territory,15-24,Labour force total,40.62
2017-03-01,2017,3,Australian Capital Territory,15-24,Participation rate,69.57
2017-04-01,2017,4,Australia,15-24,Employed total,1844.38
2017-04-01,2017,4,Australia,15-24,Employment to population ratio,57.91
2017-04-01,2017,4,Australia,15-24,Unemployed total,267.67
2017-04-01,2017,4,Australia,15-24,Unemployment rate,12.67
2017-04-01,2017,4,Australia,15-24,Labour force total,2112.05
2017-04-01,2017,4,Australia,15-24,Participation rate,66.32
2017-04-01,2017,4,New South Wales,15-24,Employed total,576.17
2017-04-01,2017,4,New South Wales,15-24,Employment to population ratio,57.39
2017-04-01,2017,4,New South Wales,15-24,Unemployed total,71.64
2017-04-01,2017,4,New South Wales,15-24,Unemployment rate,11.06
2017-04-01,2017,4,New South Wales,15-24,Labour force total,647.81
2017-04-01,2017,4,New South Wales,15-24,Participation rate,64.53
2017-04-01,2017,4,Victoria,15-24,Employed total,478.22
2017-04-01,2017,4,Victoria,15-24,Employment to population ratio,57.31
2017-04-01,2017,4,Victoria,15-24,Unemployed total,68.35
2017-04-01,2017,4,Victoria,15-24,Unemployment rate,12.5
2017-04-01,2017,4,Victoria,15-24,Labour force total,546.56
2017-04-01,2017,4,Victoria,15-24,Participation rate,65.5
2017-04-01,2017,4,Queensland,15-24,Employed total,391.41
2017-04-01,2017,4,Queensland,15-24,Employment to population ratio,60.38
2017-04-01,2017,4,Queensland,15-24,Unemployed total,58.36
2017-04-01,2017,4,Queensland,15-24,Unemployment rate,12.98
2017-04-01,2017,4,Queensland,15-24,Labour force total,449.78
2017-04-01,2017,4,Queensland,15-24,Participation rate,69.38
2017-04-01,2017,4,South Australia,15-24,Employed total,116.18
2017-04-01,2017,4,South Australia,15-24,Employment to population ratio,53.1
2017-04-01,2017,4,South Australia,15-24,Unemployed total,26.41
2017-04-01,2017,4,South Australia,15-24,Unemployment rate,18.52
2017-04-01,2017,4,South Australia,15-24,Labour force total,142.6
2017-04-01,2017,4,South Australia,15-24,Participation rate,65.18
2017-04-01,2017,4,Western Australia,15-24,Employed total,191.74
2017-04-01,2017,4,Western Australia,15-24,Employment to population ratio,58.92
2017-04-01,2017,4,Western Australia,15-24,Unemployed total,29.65
2017-04-01,2017,4,Western Australia,15-24,Unemployment rate,13.39
2017-04-01,2017,4,Western Australia,15-24,Labour force total,221.39
2017-04-01,2017,4,Western Australia,15-24,Participation rate,68.03
2017-04-01,2017,4,Tasmania,15-24,Employed total,37.42
2017-04-01,2017,4,Tasmania,15-24,Employment to population ratio,58.22
2017-04-01,2017,4,Tasmania,15-24,Unemployed total,5.84
2017-04-01,2017,4,Tasmania,15-24,Unemployment rate,13.5
2017-04-01,2017,4,Tasmania,15-24,Labour force total,43.26
2017-04-01,2017,4,Tasmania,15-24,Participation rate,67.31
2017-04-01,2017,4,Northern Territory,15-24,Employed total,18.21
2017-04-01,2017,4,Northern Territory,15-24,Employment to population ratio,57.93
2017-04-01,2017,4,Northern Territory,15-24,Unemployed total,2.93
2017-04-01,2017,4,Northern Territory,15-24,Unemployment rate,13.87
2017-04-01,2017,4,Northern Territory,15-24,Labour force total,21.14
2017-04-01,2017,4,Northern Territory,15-24,Participation rate,67.25
2017-04-01,2017,4,Australian Capital Territory,15-24,Employed total,35.03
2017-04-01,2017,4,Australian Capital Territory,15-24,Employment to population ratio,60.04
2017-04-01,2017,4,Australian Capital Territory,15-24,Unemployed total,4.49
2017-04-01,2017,4,Australian Capital Territory,15-24,Unemployment rate,11.36
2017-04-01,2017,4,Australian Capital Territory,15-24,Labour force total,39.52
2017-04-01,2017,4,Australian Capital Territory,15-24,Participation rate,67.73
2017-05-01,2017,5,Australia,15-24,Employed total,1842.63
2017-05-01,2017,5,Australia,15-24,Employment to population ratio,57.88
2017-05-01,2017,5,Australia,15-24,Unemployed total,253.7
2017-05-01,2017,5,Australia,15-24,Unemployment rate,12.1
2017-05-01,2017,5,Australia,15-24,Labour force total,2096.34
2017-05-01,2017,5,Australia,15-24,Participation rate,65.85
2017-05-01,2017,5,New South Wales,15-24,Employed total,578.55
2017-05-01,2017,5,New South Wales,15-24,Employment to population ratio,57.67
2017-05-01,2017,5,New South Wales,15-24,Unemployed total,68.58
2017-05-01,2017,5,New South Wales,15-24,Unemployment rate,10.6
2017-05-01,2017,5,New South Wales,15-24,Labour force total,647.13
2017-05-01,2017,5,New South Wales,15-24,Participation rate,64.5
2017-05-01,2017,5,Victoria,15-24,Employed total,475.42
2017-05-01,2017,5,Victoria,15-24,Employment to population ratio,57.02
2017-05-01,2017,5,Victoria,15-24,Unemployed total,66.53
2017-05-01,2017,5,Victoria,15-24,Unemployment rate,12.28
2017-05-01,2017,5,Victoria,15-24,Labour force total,541.95
2017-05-01,2017,5,Victoria,15-24,Participation rate,64.99
2017-05-01,2017,5,Queensland,15-24,Employed total,387.3
2017-05-01,2017,5,Queensland,15-24,Employment to population ratio,59.72
2017-05-01,2017,5,Queensland,15-24,Unemployed total,58.44
2017-05-01,2017,5,Queensland,15-24,Unemployment rate,13.11
2017-05-01,2017,5,Queensland,15-24,Labour force total,445.74
2017-05-01,2017,5,Queensland,15-24,Participation rate,68.73
2017-05-01,2017,5,South Australia,15-24,Employed total,116.22
2017-05-01,2017,5,South Australia,15-24,Employment to population ratio,53.16
2017-05-01,2017,5,South Australia,15-24,Unemployed total,24.29
2017-05-01,2017,5,South Australia,15-24,Unemployment rate,17.29
2017-05-01,2017,5,South Australia,15-24,Labour force total,140.52
2017-05-01,2017,5,South Australia,15-24,Participation rate,64.27
2017-05-01,2017,5,Western Australia,15-24,Employed total,194.0
2017-05-01,2017,5,Western Australia,15-24,Employment to population ratio,59.7
2017-05-01,2017,5,Western Australia,15-24,Unemployed total,22.82
2017-05-01,2017,5,Western Australia,15-24,Unemployment rate,10.52
2017-05-01,2017,5,Western Australia,15-24,Labour force total,216.81
2017-05-01,2017,5,Western Australia,15-24,Participation rate,66.72
2017-05-01,2017,5,Tasmania,15-24,Employed total,38.31
2017-05-01,2017,5,Tasmania,15-24,Employment to population ratio,59.59
2017-05-01,2017,5,Tasmania,15-24,Unemployed total,6.57
2017-05-01,2017,5,Tasmania,15-24,Unemployment rate,14.65
2017-05-01,2017,5,Tasmania,15-24,Labour force total,44.89
2017-05-01,2017,5,Tasmania,15-24,Participation rate,69.82
2017-05-01,2017,5,Northern Territory,15-24,Employed total,18.22
2017-05-01,2017,5,Northern Territory,15-24,Employment to population ratio,57.72
2017-05-01,2017,5,Northern Territory,15-24,Unemployed total,2.2
2017-05-01,2017,5,Northern Territory,15-24,Unemployment rate,10.78
2017-05-01,2017,5,Northern Territory,15-24,Labour force total,20.42
2017-05-01,2017,5,Northern Territory,15-24,Participation rate,64.69
2017-05-01,2017,5,Australian Capital Territory,15-24,Employed total,34.62
2017-05-01,2017,5,Australian Capital Territory,15-24,Employment to population ratio,59.36
2017-05-01,2017,5,Australian Capital Territory,15-24,Unemployed total,4.26
2017-05-01,2017,5,Australian Capital Territory,15-24,Unemployment rate,10.96
2017-05-01,2017,5,Australian Capital Territory,15-24,Labour force total,38.88
2017-05-01,2017,5,Australian Capital Territory,15-24,Participation rate,66.67
2017-06-01,2017,6,Australia,15-24,Employed total,1824.06
2017-06-01,2017,6,Australia,15-24,Employment to population ratio,57.33
2017-06-01,2017,6,Australia,15-24,Unemployed total,261.63
2017-06-01,2017,6,Australia,15-24,Unemployment rate,12.54
2017-06-01,2017,6,Australia,15-24,Labour force total,2085.69
2017-06-01,2017,6,Australia,15-24,Participation rate,65.55
2017-06-01,2017,6,New South Wales,15-24,Employed total,570.43
2017-06-01,2017,6,New South Wales,15-24,Employment to population ratio,56.89
2017-06-01,2017,6,New South Wales,15-24,Unemployed total,71.23
2017-06-01,2017,6,New South Wales,15-24,Unemployment rate,11.1
2017-06-01,2017,6,New South Wales,15-24,Labour force total,641.66
2017-06-01,2017,6,New South Wales,15-24,Participation rate,64.0
2017-06-01,2017,6,Victoria,15-24,Employed total,462.93
2017-06-01,2017,6,Victoria,15-24,Employment to population ratio,55.56
2017-06-01,2017,6,Victoria,15-24,Unemployed total,66.17
2017-06-01,2017,6,Victoria,15-24,Unemployment rate,12.51
2017-06-01,2017,6,Victoria,15-24,Labour force total,529.1
2017-06-01,2017,6,Victoria,15-24,Participation rate,63.5
2017-06-01,2017,6,Queensland,15-24,Employed total,389.68
2017-06-01,2017,6,Queensland,15-24,Employment to population ratio,60.07
2017-06-01,2017,6,Queensland,15-24,Unemployed total,60.92
2017-06-01,2017,6,Queensland,15-24,Unemployment rate,13.52
2017-06-01,2017,6,Queensland,15-24,Labour force total,450.61
2017-06-01,2017,6,Queensland,15-24,Participation rate,69.46
2017-06-01,2017,6,South Australia,15-24,Employed total,117.25
2017-06-01,2017,6,South Australia,15-24,Employment to population ratio,53.67
2017-06-01,2017,6,South Australia,15-24,Unemployed total,25.07
2017-06-01,2017,6,South Australia,15-24,Unemployment rate,17.62
2017-06-01,2017,6,South Australia,15-24,Labour force total,142.32
2017-06-01,2017,6,South Australia,15-24,Participation rate,65.14
2017-06-01,2017,6,Western Australia,15-24,Employed total,191.84
2017-06-01,2017,6,Western Australia,15-24,Employment to population ratio,59.12
2017-06-01,2017,6,Western Australia,15-24,Unemployed total,25.01
2017-06-01,2017,6,Western Australia,15-24,Unemployment rate,11.54
2017-06-01,2017,6,Western Australia,15-24,Labour force total,216.85
2017-06-01,2017,6,Western Australia,15-24,Participation rate,66.82
2017-06-01,2017,6,Tasmania,15-24,Employed total,38.08
2017-06-01,2017,6,Tasmania,15-24,Employment to population ratio,59.21
2017-06-01,2017,6,Tasmania,15-24,Unemployed total,6.45
2017-06-01,2017,6,Tasmania,15-24,Unemployment rate,14.49
2017-06-01,2017,6,Tasmania,15-24,Labour force total,44.53
2017-06-01,2017,6,Tasmania,15-24,Participation rate,69.24
2017-06-01,2017,6,Northern Territory,15-24,Employed total,18.45
2017-06-01,2017,6,Northern Territory,15-24,Employment to population ratio,58.22
2017-06-01,2017,6,Northern Territory,15-24,Unemployed total,2.73
2017-06-01,2017,6,Northern Territory,15-24,Unemployment rate,12.9
2017-06-01,2017,6,Northern Territory,15-24,Labour force total,21.19
2017-06-01,2017,6,Northern Territory,15-24,Participation rate,66.85
2017-06-01,2017,6,Australian Capital Territory,15-24,Employed total,35.4
2017-06-01,2017,6,Australian Capital Territory,15-24,Employment to population ratio,60.75
2017-06-01,2017,6,Australian Capital Territory,15-24,Unemployed total,4.04
2017-06-01,2017,6,Australian Capital Territory,15-24,Unemployment rate,10.25
2017-06-01,2017,6,Australian Capital Territory,15-24,Labour force total,39.45
2017-06-01,2017,6,Australian Capital Territory,15-24,Participation rate,67.68
2017-07-01,2017,7,Australia,15-24,Employed total,1845.46
2017-07-01,2017,7,Australia,15-24,Employment to population ratio,57.92
2017-07-01,2017,7,Australia,15-24,Unemployed total,261.5
2017-07-01,2017,7,Australia,15-24,Unemployment rate,12.41
2017-07-01,2017,7,Australia,15-24,Labour force total,2106.96
2017-07-01,2017,7,Australia,15-24,Participation rate,66.13
2017-07-01,2017,7,New South Wales,15-24,Employed total,576.44
2017-07-01,2017,7,New South Wales,15-24,Employment to population ratio,57.38
2017-07-01,2017,7,New South Wales,15-24,Unemployed total,75.05
2017-07-01,2017,7,New South Wales,15-24,Unemployment rate,11.52
2017-07-01,2017,7,New South Wales,15-24,Labour force total,651.49
2017-07-01,2017,7,New South Wales,15-24,Participation rate,64.85
2017-07-01,2017,7,Victoria,15-24,Employed total,472.58
2017-07-01,2017,7,Victoria,15-24,Employment to population ratio,56.59
2017-07-01,2017,7,Victoria,15-24,Unemployed total,64.43
2017-07-01,2017,7,Victoria,15-24,Unemployment rate,12.0
2017-07-01,2017,7,Victoria,15-24,Labour force total,537.01
2017-07-01,2017,7,Victoria,15-24,Participation rate,64.31
2017-07-01,2017,7,Queensland,15-24,Employed total,402.71
2017-07-01,2017,7,Queensland,15-24,Employment to population ratio,62.07
2017-07-01,2017,7,Queensland,15-24,Unemployed total,57.99
2017-07-01,2017,7,Queensland,15-24,Unemployment rate,12.59
2017-07-01,2017,7,Queensland,15-24,Labour force total,460.7
2017-07-01,2017,7,Queensland,15-24,Participation rate,71.01
2017-07-01,2017,7,South Australia,15-24,Employed total,116.53
2017-07-01,2017,7,South Australia,15-24,Employment to population ratio,53.32
2017-07-01,2017,7,South Australia,15-24,Unemployed total,24.56
2017-07-01,2017,7,South Australia,15-24,Unemployment rate,17.41
2017-07-01,2017,7,South Australia,15-24,Labour force total,141.09
2017-07-01,2017,7,South Australia,15-24,Participation rate,64.56
2017-07-01,2017,7,Western Australia,15-24,Employed total,186.29
2017-07-01,2017,7,Western Australia,15-24,Employment to population ratio,57.42
2017-07-01,2017,7,Western Australia,15-24,Unemployed total,27.17
2017-07-01,2017,7,Western Australia,15-24,Unemployment rate,12.73
2017-07-01,2017,7,Western Australia,15-24,Labour force total,213.46
2017-07-01,2017,7,Western Australia,15-24,Participation rate,65.8
2017-07-01,2017,7,Tasmania,15-24,Employed total,37.88
2017-07-01,2017,7,Tasmania,15-24,Employment to population ratio,58.8
2017-07-01,2017,7,Tasmania,15-24,Unemployed total,6.39
2017-07-01,2017,7,Tasmania,15-24,Unemployment rate,14.43
2017-07-01,2017,7,Tasmania,15-24,Labour force total,44.27
2017-07-01,2017,7,Tasmania,15-24,Participation rate,68.72
2017-07-01,2017,7,Northern Territory,15-24,Employed total,18.49
2017-07-01,2017,7,Northern Territory,15-24,Employment to population ratio,58.39
2017-07-01,2017,7,Northern Territory,15-24,Unemployed total,2.28
2017-07-01,2017,7,Northern Territory,15-24,Unemployment rate,10.98
2017-07-01,2017,7,Northern Territory,15-24,Labour force total,20.77
2017-07-01,2017,7,Northern Territory,15-24,Participation rate,65.59
2017-07-01,2017,7,Australian Capital Territory,15-24,Employed total,34.55
2017-07-01,2017,7,Australian Capital Territory,15-24,Employment to population ratio,59.03
2017-07-01,2017,7,Australian Capital Territory,15-24,Unemployed total,3.62
2017-07-01,2017,7,Australian Capital Territory,15-24,Unemployment rate,9.49
2017-07-01,2017,7,Australian Capital Territory,15-24,Labour force total,38.17
2017-07-01,2017,7,Australian Capital Territory,15-24,Participation rate,65.22
2017-08-01,2017,8,Australia,15-24,Employed total,1823.8
2017-08-01,2017,8,Australia,15-24,Employment to population ratio,57.17
2017-08-01,2017,8,Australia,15-24,Unemployed total,262.19
2017-08-01,2017,8,Australia,15-24,Unemployment rate,12.57
2017-08-01,2017,8,Australia,15-24,Labour force total,2085.99
2017-08-01,2017,8,Australia,15-24,Participation rate,65.39
2017-08-01,2017,8,New South Wales,15-24,Employed total,579.3
2017-08-01,2017,8,New South Wales,15-24,Employment to population ratio,57.56
2017-08-01,2017,8,New South Wales,15-24,Unemployed total,67.98
2017-08-01,2017,8,New South Wales,15-24,Unemployment rate,10.5
2017-08-01,2017,8,New South Wales,15-24,Labour force total,647.28
2017-08-01,2017,8,New South Wales,15-24,Participation rate,64.31
2017-08-01,2017,8,Victoria,15-24,Employed total,448.69
2017-08-01,2017,8,Victoria,15-24,Employment to population ratio,53.62
2017-08-01,2017,8,Victoria,15-24,Unemployed total,70.64
2017-08-01,2017,8,Victoria,15-24,Unemployment rate,13.6
2017-08-01,2017,8,Victoria,15-24,Labour force total,519.32
2017-08-01,2017,8,Victoria,15-24,Participation rate,62.06
2017-08-01,2017,8,Queensland,15-24,Employed total,405.66
2017-08-01,2017,8,Queensland,15-24,Employment to population ratio,62.52
2017-08-01,2017,8,Queensland,15-24,Unemployed total,61.23
2017-08-01,2017,8,Queensland,15-24,Unemployment rate,13.11
2017-08-01,2017,8,Queensland,15-24,Labour force total,466.89
2017-08-01,2017,8,Queensland,15-24,Participation rate,71.96
2017-08-01,2017,8,South Australia,15-24,Employed total,117.06
2017-08-01,2017,8,South Australia,15-24,Employment to population ratio,53.55
2017-08-01,2017,8,South Australia,15-24,Unemployed total,21.97
2017-08-01,2017,8,South Australia,15-24,Unemployment rate,15.8
2017-08-01,2017,8,South Australia,15-24,Labour force total,139.02
2017-08-01,2017,8,South Australia,15-24,Participation rate,63.6
2017-08-01,2017,8,Western Australia,15-24,Employed total,184.18
2017-08-01,2017,8,Western Australia,15-24,Employment to population ratio,56.79
2017-08-01,2017,8,Western Australia,15-24,Unemployed total,28.18
2017-08-01,2017,8,Western Australia,15-24,Unemployment rate,13.27
2017-08-01,2017,8,Western Australia,15-24,Labour force total,212.35
2017-08-01,2017,8,Western Australia,15-24,Participation rate,65.47
2017-08-01,2017,8,Tasmania,15-24,Employed total,36.93
2017-08-01,2017,8,Tasmania,15-24,Employment to population ratio,57.23
2017-08-01,2017,8,Tasmania,15-24,Unemployed total,6.45
2017-08-01,2017,8,Tasmania,15-24,Unemployment rate,14.86
2017-08-01,2017,8,Tasmania,15-24,Labour force total,43.38
2017-08-01,2017,8,Tasmania,15-24,Participation rate,67.22
2017-08-01,2017,8,Northern Territory,15-24,Employed total,18.66
2017-08-01,2017,8,Northern Territory,15-24,Employment to population ratio,58.98
2017-08-01,2017,8,Northern Territory,15-24,Unemployed total,2.37
2017-08-01,2017,8,Northern Territory,15-24,Unemployment rate,11.28
2017-08-01,2017,8,Northern Territory,15-24,Labour force total,21.03
2017-08-01,2017,8,Northern Territory,15-24,Participation rate,66.48
2017-08-01,2017,8,Australian Capital Territory,15-24,Employed total,33.33
2017-08-01,2017,8,Australian Capital Territory,15-24,Employment to population ratio,56.72
2017-08-01,2017,8,Australian Capital Territory,15-24,Unemployed total,3.39
2017-08-01,2017,8,Australian Capital Territory,15-24,Unemployment rate,9.23
2017-08-01,2017,8,Australian Capital Territory,15-24,Labour force total,36.72
2017-08-01,2017,8,Australian Capital Territory,15-24,Participation rate,62.49
2017-09-01,2017,9,Australia,15-24,Employed total,1860.92
2017-09-01,2017,9,Australia,15-24,Employment to population ratio,58.26
2017-09-01,2017,9,Australia,15-24,Unemployed total,257.28
2017-09-01,2017,9,Australia,15-24,Unemployment rate,12.15
2017-09-01,2017,9,Australia,15-24,Labour force total,2118.2
2017-09-01,2017,9,Australia,15-24,Participation rate,66.32
2017-09-01,2017,9,New South Wales,15-24,Employed total,594.51
2017-09-01,2017,9,New South Wales,15-24,Employment to population ratio,58.95
2017-09-01,2017,9,New South Wales,15-24,Unemployed total,65.87
2017-09-01,2017,9,New South Wales,15-24,Unemployment rate,9.97
2017-09-01,2017,9,New South Wales,15-24,Labour force total,660.38
2017-09-01,2017,9,New South Wales,15-24,Participation rate,65.49
2017-09-01,2017,9,Victoria,15-24,Employed total,461.68
2017-09-01,2017,9,Victoria,15-24,Employment to population ratio,55.05
2017-09-01,2017,9,Victoria,15-24,Unemployed total,72.8
2017-09-01,2017,9,Victoria,15-24,Unemployment rate,13.62
2017-09-01,2017,9,Victoria,15-24,Labour force total,534.48
2017-09-01,2017,9,Victoria,15-24,Participation rate,63.73
2017-09-01,2017,9,Queensland,15-24,Employed total,411.21
2017-09-01,2017,9,Queensland,15-24,Employment to population ratio,63.37
2017-09-01,2017,9,Queensland,15-24,Unemployed total,56.89
2017-09-01,2017,9,Queensland,15-24,Unemployment rate,12.15
2017-09-01,2017,9,Queensland,15-24,Labour force total,468.1
2017-09-01,2017,9,Queensland,15-24,Participation rate,72.14
2017-09-01,2017,9,South Australia,15-24,Employed total,118.46
2017-09-01,2017,9,South Australia,15-24,Employment to population ratio,54.18
2017-09-01,2017,9,South Australia,15-24,Unemployed total,19.78
2017-09-01,2017,9,South Australia,15-24,Unemployment rate,14.31
2017-09-01,2017,9,South Australia,15-24,Labour force total,138.23
2017-09-01,2017,9,South Australia,15-24,Participation rate,63.22
2017-09-01,2017,9,Western Australia,15-24,Employed total,183.63
2017-09-01,2017,9,Western Australia,15-24,Employment to population ratio,56.63
2017-09-01,2017,9,Western Australia,15-24,Unemployed total,30.95
2017-09-01,2017,9,Western Australia,15-24,Unemployment rate,14.42
2017-09-01,2017,9,Western Australia,15-24,Labour force total,214.58
2017-09-01,2017,9,Western Australia,15-24,Participation rate,66.18
2017-09-01,2017,9,Tasmania,15-24,Employed total,39.2
2017-09-01,2017,9,Tasmania,15-24,Employment to population ratio,60.65
2017-09-01,2017,9,Tasmania,15-24,Unemployed total,5.11
2017-09-01,2017,9,Tasmania,15-24,Unemployment rate,11.53
2017-09-01,2017,9,Tasmania,15-24,Labour force total,44.31
2017-09-01,2017,9,Tasmania,15-24,Participation rate,68.55
2017-09-01,2017,9,Northern Territory,15-24,Employed total,18.76
2017-09-01,2017,9,Northern Territory,15-24,Employment to population ratio,59.35
2017-09-01,2017,9,Northern Territory,15-24,Unemployed total,1.79
2017-09-01,2017,9,Northern Territory,15-24,Unemployment rate,8.72
2017-09-01,2017,9,Northern Territory,15-24,Labour force total,20.55
2017-09-01,2017,9,Northern Territory,15-24,Participation rate,65.02
2017-09-01,2017,9,Australian Capital Territory,15-24,Employed total,33.47
2017-09-01,2017,9,Australian Capital Territory,15-24,Employment to population ratio,56.73
2017-09-01,2017,9,Australian Capital Territory,15-24,Unemployed total,4.1
2017-09-01,2017,9,Australian Capital Territory,15-24,Unemployment rate,10.92
2017-09-01,2017,9,Australian Capital Territory,15-24,Labour force total,37.58
2017-09-01,2017,9,Australian Capital Territory,15-24,Participation rate,63.69
2017-10-01,2017,10,Australia,15-24,Employed total,1848.34
2017-10-01,2017,10,Australia,15-24,Employment to population ratio,57.93
2017-10-01,2017,10,Australia,15-24,Unemployed total,242.47
2017-10-01,2017,10,Australia,15-24,Unemployment rate,11.6
2017-10-01,2017,10,Australia,15-24,Labour force total,2090.81
2017-10-01,2017,10,Australia,15-24,Participation rate,65.52
2017-10-01,2017,10,New South Wales,15-24,Employed total,590.32
2017-10-01,2017,10,New South Wales,15-24,Employment to population ratio,58.59
2017-10-01,2017,10,New South Wales,15-24,Unemployed total,72.01
2017-10-01,2017,10,New South Wales,15-24,Unemployment rate,10.87
2017-10-01,2017,10,New South Wales,15-24,Labour force total,662.33
2017-10-01,2017,10,New South Wales,15-24,Participation rate,65.74
2017-10-01,2017,10,Victoria,15-24,Employed total,461.36
2017-10-01,2017,10,Victoria,15-24,Employment to population ratio,55.05
2017-10-01,2017,10,Victoria,15-24,Unemployed total,57.83
2017-10-01,2017,10,Victoria,15-24,Unemployment rate,11.14
2017-10-01,2017,10,Victoria,15-24,Labour force total,519.18
2017-10-01,2017,10,Victoria,15-24,Participation rate,61.95
2017-10-01,2017,10,Queensland,15-24,Employed total,416.89
2017-10-01,2017,10,Queensland,15-24,Employment to population ratio,64.32
2017-10-01,2017,10,Queensland,15-24,Unemployed total,54.32
2017-10-01,2017,10,Queensland,15-24,Unemployment rate,11.53
2017-10-01,2017,10,Queensland,15-24,Labour force total,471.21
2017-10-01,2017,10,Queensland,15-24,Participation rate,72.7
2017-10-01,2017,10,South Australia,15-24,Employed total,115.18
2017-10-01,2017,10,South Australia,15-24,Employment to population ratio,52.75
2017-10-01,2017,10,South Australia,15-24,Unemployed total,18.29
2017-10-01,2017,10,South Australia,15-24,Unemployment rate,13.71
2017-10-01,2017,10,South Australia,15-24,Labour force total,133.47
2017-10-01,2017,10,South Australia,15-24,Participation rate,61.13
2017-10-01,2017,10,Western Australia,15-24,Employed total,174.42
2017-10-01,2017,10,Western Australia,15-24,Employment to population ratio,53.89
2017-10-01,2017,10,Western Australia,15-24,Unemployed total,28.94
2017-10-01,2017,10,Western Australia,15-24,Unemployment rate,14.23
2017-10-01,2017,10,Western Australia,15-24,Labour force total,203.36
2017-10-01,2017,10,Western Australia,15-24,Participation rate,62.83
2017-10-01,2017,10,Tasmania,15-24,Employed total,37.85
2017-10-01,2017,10,Tasmania,15-24,Employment to population ratio,58.61
2017-10-01,2017,10,Tasmania,15-24,Unemployed total,5.21
2017-10-01,2017,10,Tasmania,15-24,Unemployment rate,12.09
2017-10-01,2017,10,Tasmania,15-24,Labour force total,43.06
2017-10-01,2017,10,Tasmania,15-24,Participation rate,66.67
2017-10-01,2017,10,Northern Territory,15-24,Employed total,18.41
2017-10-01,2017,10,Northern Territory,15-24,Employment to population ratio,58.47
2017-10-01,2017,10,Northern Territory,15-24,Unemployed total,1.87
2017-10-01,2017,10,Northern Territory,15-24,Unemployment rate,9.23
2017-10-01,2017,10,Northern Territory,15-24,Labour force total,20.28
2017-10-01,2017,10,Northern Territory,15-24,Participation rate,64.42
2017-10-01,2017,10,Australian Capital Territory,15-24,Employed total,33.91
2017-10-01,2017,10,Australian Capital Territory,15-24,Employment to population ratio,57.4
2017-10-01,2017,10,Australian Capital Territory,15-24,Unemployed total,4.0
2017-10-01,2017,10,Australian Capital Territory,15-24,Unemployment rate,10.55
2017-10-01,2017,10,Australian Capital Territory,15-24,Labour force total,37.91
2017-10-01,2017,10,Australian Capital Territory,15-24,Participation rate,64.17
2017-11-01,2017,11,Australia,15-24,Employed total,1863.18
2017-11-01,2017,11,Australia,15-24,Employment to population ratio,58.45
2017-11-01,2017,11,Australia,15-24,Unemployed total,243.34
2017-11-01,2017,11,Australia,15-24,Unemployment rate,11.55
2017-11-01,2017,11,Australia,15-24,Labour force total,2106.52
2017-11-01,2017,11,Australia,15-24,Participation rate,66.08
2017-11-01,2017,11,New South Wales,15-24,Employed total,589.72
2017-11-01,2017,11,New South Wales,15-24,Employment to population ratio,58.59
2017-11-01,2017,11,New South Wales,15-24,Unemployed total,64.35
2017-11-01,2017,11,New South Wales,15-24,Unemployment rate,9.84
2017-11-01,2017,11,New South Wales,15-24,Labour force total,654.07
2017-11-01,2017,11,New South Wales,15-24,Participation rate,64.98
2017-11-01,2017,11,Victoria,15-24,Employed total,476.2
2017-11-01,2017,11,Victoria,15-24,Employment to population ratio,56.86
2017-11-01,2017,11,Victoria,15-24,Unemployed total,62.78
2017-11-01,2017,11,Victoria,15-24,Unemployment rate,11.65
2017-11-01,2017,11,Victoria,15-24,Labour force total,538.98
2017-11-01,2017,11,Victoria,15-24,Participation rate,64.36
2017-11-01,2017,11,Queensland,15-24,Employed total,411.38
2017-11-01,2017,11,Queensland,15-24,Employment to population ratio,63.54
2017-11-01,2017,11,Queensland,15-24,Unemployed total,53.64
2017-11-01,2017,11,Queensland,15-24,Unemployment rate,11.53
2017-11-01,2017,11,Queensland,15-24,Labour force total,465.01
2017-11-01,2017,11,Queensland,15-24,Participation rate,71.83
2017-11-01,2017,11,South Australia,15-24,Employed total,117.29
2017-11-01,2017,11,South Australia,15-24,Employment to population ratio,53.79
2017-11-01,2017,11,South Australia,15-24,Unemployed total,20.24
2017-11-01,2017,11,South Australia,15-24,Unemployment rate,14.72
2017-11-01,2017,11,South Australia,15-24,Labour force total,137.53
2017-11-01,2017,11,South Australia,15-24,Participation rate,63.08
2017-11-01,2017,11,Western Australia,15-24,Employed total,177.48
2017-11-01,2017,11,Western Australia,15-24,Employment to population ratio,54.93
2017-11-01,2017,11,Western Australia,15-24,Unemployed total,29.96
2017-11-01,2017,11,Western Australia,15-24,Unemployment rate,14.44
2017-11-01,2017,11,Western Australia,15-24,Labour force total,207.44
2017-11-01,2017,11,Western Australia,15-24,Participation rate,64.2
2017-11-01,2017,11,Tasmania,15-24,Employed total,39.23
2017-11-01,2017,11,Tasmania,15-24,Employment to population ratio,60.78
2017-11-01,2017,11,Tasmania,15-24,Unemployed total,6.0
2017-11-01,2017,11,Tasmania,15-24,Unemployment rate,13.26
2017-11-01,2017,11,Tasmania,15-24,Labour force total,45.22
2017-11-01,2017,11,Tasmania,15-24,Participation rate,70.08
2017-11-01,2017,11,Northern Territory,15-24,Employed total,17.92
2017-11-01,2017,11,Northern Territory,15-24,Employment to population ratio,57.12
2017-11-01,2017,11,Northern Territory,15-24,Unemployed total,2.41
2017-11-01,2017,11,Northern Territory,15-24,Unemployment rate,11.86
2017-11-01,2017,11,Northern Territory,15-24,Labour force total,20.33
2017-11-01,2017,11,Northern Territory,15-24,Participation rate,64.81
2017-11-01,2017,11,Australian Capital Territory,15-24,Employed total,33.97
2017-11-01,2017,11,Australian Capital Territory,15-24,Employment to population ratio,57.42
2017-11-01,2017,11,Australian Capital Territory,15-24,Unemployed total,3.97
2017-11-01,2017,11,Australian Capital Territory,15-24,Unemployment rate,10.46
2017-11-01,2017,11,Australian Capital Territory,15-24,Labour force total,37.94
2017-11-01,2017,11,Australian Capital Territory,15-24,Participation rate,64.13
2017-12-01,2017,12,Australia,15-24,Employed total,1937.53
2017-12-01,2017,12,Australia,15-24,Employment to population ratio,60.85
2017-12-01,2017,12,Australia,15-24,Unemployed total,277.62
2017-12-01,2017,12,Australia,15-24,Unemployment rate,12.53
2017-12-01,2017,12,Australia,15-24,Labour force total,2215.15
2017-12-01,2017,12,Australia,15-24,Participation rate,69.56
2017-12-01,2017,12,New South Wales,15-24,Employed total,618.41
2017-12-01,2017,12,New South Wales,15-24,Employment to population ratio,61.5
2017-12-01,2017,12,New South Wales,15-24,Unemployed total,69.63
2017-12-01,2017,12,New South Wales,15-24,Unemployment rate,10.12
2017-12-01,2017,12,New South Wales,15-24,Labour force total,688.04
2017-12-01,2017,12,New South Wales,15-24,Participation rate,68.42
2017-12-01,2017,12,Victoria,15-24,Employed total,487.07
2017-12-01,2017,12,Victoria,15-24,Employment to population ratio,58.2
2017-12-01,2017,12,Victoria,15-24,Unemployed total,85.5
2017-12-01,2017,12,Victoria,15-24,Unemployment rate,14.93
2017-12-01,2017,12,Victoria,15-24,Labour force total,572.57
2017-12-01,2017,12,Victoria,15-24,Participation rate,68.41
2017-12-01,2017,12,Queensland,15-24,Employed total,429.11
2017-12-01,2017,12,Queensland,15-24,Employment to population ratio,66.36
2017-12-01,2017,12,Queensland,15-24,Unemployed total,56.78
2017-12-01,2017,12,Queensland,15-24,Unemployment rate,11.69
2017-12-01,2017,12,Queensland,15-24,Labour force total,485.89
2017-12-01,2017,12,Queensland,15-24,Participation rate,75.14
2017-12-01,2017,12,South Australia,15-24,Employed total,122.43
2017-12-01,2017,12,South Australia,15-24,Employment to population ratio,56.23
2017-12-01,2017,12,South Australia,15-24,Unemployed total,18.2
2017-12-01,2017,12,South Australia,15-24,Unemployment rate,12.94
2017-12-01,2017,12,South Australia,15-24,Labour force total,140.63
2017-12-01,2017,12,South Australia,15-24,Participation rate,64.59
2017-12-01,2017,12,Western Australia,15-24,Employed total,188.14
2017-12-01,2017,12,Western Australia,15-24,Employment to population ratio,58.33
2017-12-01,2017,12,Western Australia,15-24,Unemployed total,31.51
2017-12-01,2017,12,Western Australia,15-24,Unemployment rate,14.34
2017-12-01,2017,12,Western Australia,15-24,Labour force total,219.65
2017-12-01,2017,12,Western Australia,15-24,Participation rate,68.1
2017-12-01,2017,12,Tasmania,15-24,Employed total,38.21
2017-12-01,2017,12,Tasmania,15-24,Employment to population ratio,59.25
2017-12-01,2017,12,Tasmania,15-24,Unemployed total,8.06
2017-12-01,2017,12,Tasmania,15-24,Unemployment rate,17.43
2017-12-01,2017,12,Tasmania,15-24,Labour force total,46.27
2017-12-01,2017,12,Tasmania,15-24,Participation rate,71.76
2017-12-01,2017,12,Northern Territory,15-24,Employed total,17.41
2017-12-01,2017,12,Northern Territory,15-24,Employment to population ratio,55.71
2017-12-01,2017,12,Northern Territory,15-24,Unemployed total,3.17
2017-12-01,2017,12,Northern Territory,15-24,Unemployment rate,15.41
2017-12-01,2017,12,Northern Territory,15-24,Labour force total,20.58
2017-12-01,2017,12,Northern Territory,15-24,Participation rate,65.86
2017-12-01,2017,12,Australian Capital Territory,15-24,Employed total,36.75
2017-12-01,2017,12,Australian Capital Territory,15-24,Employment to population ratio,62.03
2017-12-01,2017,12,Australian Capital Territory,15-24,Unemployed total,4.77
2017-12-01,2017,12,Australian Capital Territory,15-24,Unemployment rate,11.49
2017-12-01,2017,12,Australian Capital Territory,15-24,Labour force total,41.53
2017-12-01,2017,12,Australian Capital Territory,15-24,Participation rate,70.08
2018-01-01,2018,1,Australia,15-24,Employed total,1898.42
2018-01-01,2018,1,Australia,15-24,Employment to population ratio,59.46
2018-01-01,2018,1,Australia,15-24,Unemployed total,297.01
2018-01-01,2018,1,Australia,15-24,Unemployment rate,13.53
2018-01-01,2018,1,Australia,15-24,Labour force total,2195.43
2018-01-01,2018,1,Australia,15-24,Participation rate,68.77
2018-01-01,2018,1,New South Wales,15-24,Employed total,599.35
2018-01-01,2018,1,New South Wales,15-24,Employment to population ratio,59.43
2018-01-01,2018,1,New South Wales,15-24,Unemployed total,75.73
2018-01-01,2018,1,New South Wales,15-24,Unemployment rate,11.22
2018-01-01,2018,1,New South Wales,15-24,Labour force total,675.08
2018-01-01,2018,1,New South Wales,15-24,Participation rate,66.94
2018-01-01,2018,1,Victoria,15-24,Employed total,486.33
2018-01-01,2018,1,Victoria,15-24,Employment to population ratio,57.9
2018-01-01,2018,1,Victoria,15-24,Unemployed total,86.31
2018-01-01,2018,1,Victoria,15-24,Unemployment rate,15.07
2018-01-01,2018,1,Victoria,15-24,Labour force total,572.64
2018-01-01,2018,1,Victoria,15-24,Participation rate,68.17
2018-01-01,2018,1,Queensland,15-24,Employed total,408.6
2018-01-01,2018,1,Queensland,15-24,Employment to population ratio,63.06
2018-01-01,2018,1,Queensland,15-24,Unemployed total,68.45
2018-01-01,2018,1,Queensland,15-24,Unemployment rate,14.35
2018-01-01,2018,1,Queensland,15-24,Labour force total,477.05
2018-01-01,2018,1,Queensland,15-24,Participation rate,73.62
2018-01-01,2018,1,South Australia,15-24,Employed total,122.36
2018-01-01,2018,1,South Australia,15-24,Employment to population ratio,56.12
2018-01-01,2018,1,South Australia,15-24,Unemployed total,21.98
2018-01-01,2018,1,South Australia,15-24,Unemployment rate,15.23
2018-01-01,2018,1,South Australia,15-24,Labour force total,144.34
2018-01-01,2018,1,South Australia,15-24,Participation rate,66.2
2018-01-01,2018,1,Western Australia,15-24,Employed total,188.39
2018-01-01,2018,1,Western Australia,15-24,Employment to population ratio,58.36
2018-01-01,2018,1,Western Australia,15-24,Unemployed total,30.07
2018-01-01,2018,1,Western Australia,15-24,Unemployment rate,13.76
2018-01-01,2018,1,Western Australia,15-24,Labour force total,218.46
2018-01-01,2018,1,Western Australia,15-24,Participation rate,67.67
2018-01-01,2018,1,Tasmania,15-24,Employed total,39.6
2018-01-01,2018,1,Tasmania,15-24,Employment to population ratio,61.35
2018-01-01,2018,1,Tasmania,15-24,Unemployed total,5.78
2018-01-01,2018,1,Tasmania,15-24,Unemployment rate,12.74
2018-01-01,2018,1,Tasmania,15-24,Labour force total,45.39
2018-01-01,2018,1,Tasmania,15-24,Participation rate,70.31
2018-01-01,2018,1,Northern Territory,15-24,Employed total,17.47
2018-01-01,2018,1,Northern Territory,15-24,Employment to population ratio,55.72
2018-01-01,2018,1,Northern Territory,15-24,Unemployed total,2.77
2018-01-01,2018,1,Northern Territory,15-24,Unemployment rate,13.68
2018-01-01,2018,1,Northern Territory,15-24,Labour force total,20.24
2018-01-01,2018,1,Northern Territory,15-24,Participation rate,64.54
2018-01-01,2018,1,Australian Capital Territory,15-24,Employed total,36.32
2018-01-01,2018,1,Australian Capital Territory,15-24,Employment to population ratio,61.08
2018-01-01,2018,1,Australian Capital Territory,15-24,Unemployed total,5.92
2018-01-01,2018,1,Australian Capital Territory,15-24,Unemployment rate,14.02
2018-01-01,2018,1,Australian Capital Territory,15-24,Labour force total,42.24
2018-01-01,2018,1,Australian Capital Territory,15-24,Participation rate,71.04
2018-02-01,2018,2,Australia,15-24,Employed total,1893.71
2018-02-01,2018,2,Australia,15-24,Employment to population ratio,59.16
2018-02-01,2018,2,Australia,15-24,Unemployed total,313.62
2018-02-01,2018,2,Australia,15-24,Unemployment rate,14.21
2018-02-01,2018,2,Australia,15-24,Labour force total,2207.33
2018-02-01,2018,2,Australia,15-24,Participation rate,68.96
2018-02-01,2018,2,New South Wales,15-24,Employed total,610.36
2018-02-01,2018,2,New South Wales,15-24,Employment to population ratio,60.36
2018-02-01,2018,2,New South Wales,15-24,Unemployed total,81.83
2018-02-01,2018,2,New South Wales,15-24,Unemployment rate,11.82
2018-02-01,2018,2,New South Wales,15-24,Labour force total,692.19
2018-02-01,2018,2,New South Wales,15-24,Participation rate,68.45
2018-02-01,2018,2,Victoria,15-24,Employed total,478.72
2018-02-01,2018,2,Victoria,15-24,Employment to population ratio,56.78
2018-02-01,2018,2,Victoria,15-24,Unemployed total,82.62
2018-02-01,2018,2,Victoria,15-24,Unemployment rate,14.72
2018-02-01,2018,2,Victoria,15-24,Labour force total,561.34
2018-02-01,2018,2,Victoria,15-24,Participation rate,66.58
2018-02-01,2018,2,Queensland,15-24,Employed total,408.95
2018-02-01,2018,2,Queensland,15-24,Employment to population ratio,62.99
2018-02-01,2018,2,Queensland,15-24,Unemployed total,73.44
2018-02-01,2018,2,Queensland,15-24,Unemployment rate,15.22
2018-02-01,2018,2,Queensland,15-24,Labour force total,482.39
2018-02-01,2018,2,Queensland,15-24,Participation rate,74.3
2018-02-01,2018,2,South Australia,15-24,Employed total,122.76
2018-02-01,2018,2,South Australia,15-24,Employment to population ratio,56.23
2018-02-01,2018,2,South Australia,15-24,Unemployed total,23.42
2018-02-01,2018,2,South Australia,15-24,Unemployment rate,16.02
2018-02-01,2018,2,South Australia,15-24,Labour force total,146.18
2018-02-01,2018,2,South Australia,15-24,Participation rate,66.96
2018-02-01,2018,2,Western Australia,15-24,Employed total,181.85
2018-02-01,2018,2,Western Australia,15-24,Employment to population ratio,56.28
2018-02-01,2018,2,Western Australia,15-24,Unemployed total,36.87
2018-02-01,2018,2,Western Australia,15-24,Unemployment rate,16.86
2018-02-01,2018,2,Western Australia,15-24,Labour force total,218.71
2018-02-01,2018,2,Western Australia,15-24,Participation rate,67.69
2018-02-01,2018,2,Tasmania,15-24,Employed total,37.78
2018-02-01,2018,2,Tasmania,15-24,Employment to population ratio,58.46
2018-02-01,2018,2,Tasmania,15-24,Unemployed total,7.02
2018-02-01,2018,2,Tasmania,15-24,Unemployment rate,15.67
2018-02-01,2018,2,Tasmania,15-24,Labour force total,44.8
2018-02-01,2018,2,Tasmania,15-24,Participation rate,69.32
2018-02-01,2018,2,Northern Territory,15-24,Employed total,17.59
2018-02-01,2018,2,Northern Territory,15-24,Employment to population ratio,55.93
2018-02-01,2018,2,Northern Territory,15-24,Unemployed total,3.17
2018-02-01,2018,2,Northern Territory,15-24,Unemployment rate,15.26
2018-02-01,2018,2,Northern Territory,15-24,Labour force total,20.76
2018-02-01,2018,2,Northern Territory,15-24,Participation rate,66.01
2018-02-01,2018,2,Australian Capital Territory,15-24,Employed total,35.7
2018-02-01,2018,2,Australian Capital Territory,15-24,Employment to population ratio,59.83
2018-02-01,2018,2,Australian Capital Territory,15-24,Unemployed total,5.26
2018-02-01,2018,2,Australian Capital Territory,15-24,Unemployment rate,12.83
2018-02-01,2018,2,Australian Capital Territory,15-24,Labour force total,40.95
2018-02-01,2018,2,Australian Capital Territory,15-24,Participation rate,68.64
2018-03-01,2018,3,Australia,15-24,Employed total,1895.5
2018-03-01,2018,3,Australia,15-24,Employment to population ratio,59.07
2018-03-01,2018,3,Australia,15-24,Unemployed total,293.27
2018-03-01,2018,3,Australia,15-24,Unemployment rate,13.4
2018-03-01,2018,3,Australia,15-24,Labour force total,2188.77
2018-03-01,2018,3,Australia,15-24,Participation rate,68.21
2018-03-01,2018,3,New South Wales,15-24,Employed total,608.54
2018-03-01,2018,3,New South Wales,15-24,Employment to population ratio,60.01
2018-03-01,2018,3,New South Wales,15-24,Unemployed total,87.71
2018-03-01,2018,3,New South Wales,15-24,Unemployment rate,12.6
2018-03-01,2018,3,New South Wales,15-24,Labour force total,696.25
2018-03-01,2018,3,New South Wales,15-24,Participation rate,68.66
2018-03-01,2018,3,Victoria,15-24,Employed total,480.58
2018-03-01,2018,3,Victoria,15-24,Employment to population ratio,56.79
2018-03-01,2018,3,Victoria,15-24,Unemployed total,69.55
2018-03-01,2018,3,Victoria,15-24,Unemployment rate,12.64
2018-03-01,2018,3,Victoria,15-24,Labour force total,550.14
2018-03-01,2018,3,Victoria,15-24,Participation rate,65.01
2018-03-01,2018,3,Queensland,15-24,Employed total,404.68
2018-03-01,2018,3,Queensland,15-24,Employment to population ratio,62.2
2018-03-01,2018,3,Queensland,15-24,Unemployed total,66.5
2018-03-01,2018,3,Queensland,15-24,Unemployment rate,14.11
2018-03-01,2018,3,Queensland,15-24,Labour force total,471.18
2018-03-01,2018,3,Queensland,15-24,Participation rate,72.42
2018-03-01,2018,3,South Australia,15-24,Employed total,125.41
2018-03-01,2018,3,South Australia,15-24,Employment to population ratio,57.36
2018-03-01,2018,3,South Australia,15-24,Unemployed total,16.61
2018-03-01,2018,3,South Australia,15-24,Unemployment rate,11.7
2018-03-01,2018,3,South Australia,15-24,Labour force total,142.03
2018-03-01,2018,3,South Australia,15-24,Participation rate,64.96
2018-03-01,2018,3,Western Australia,15-24,Employed total,186.5
2018-03-01,2018,3,Western Australia,15-24,Employment to population ratio,57.67
2018-03-01,2018,3,Western Australia,15-24,Unemployed total,38.57
2018-03-01,2018,3,Western Australia,15-24,Unemployment rate,17.13
2018-03-01,2018,3,Western Australia,15-24,Labour force total,225.07
2018-03-01,2018,3,Western Australia,15-24,Participation rate,69.59
2018-03-01,2018,3,Tasmania,15-24,Employed total,37.24
2018-03-01,2018,3,Tasmania,15-24,Employment to population ratio,57.57
2018-03-01,2018,3,Tasmania,15-24,Unemployed total,7.4
2018-03-01,2018,3,Tasmania,15-24,Unemployment rate,16.58
2018-03-01,2018,3,Tasmania,15-24,Labour force total,44.64
2018-03-01,2018,3,Tasmania,15-24,Participation rate,69.01
2018-03-01,2018,3,Northern Territory,15-24,Employed total,17.88
2018-03-01,2018,3,Northern Territory,15-24,Employment to population ratio,56.68
2018-03-01,2018,3,Northern Territory,15-24,Unemployed total,2.66
2018-03-01,2018,3,Northern Territory,15-24,Unemployment rate,12.93
2018-03-01,2018,3,Northern Territory,15-24,Labour force total,20.54
2018-03-01,2018,3,Northern Territory,15-24,Participation rate,65.1
2018-03-01,2018,3,Australian Capital Territory,15-24,Employed total,34.65
2018-03-01,2018,3,Australian Capital Territory,15-24,Employment to population ratio,57.89
2018-03-01,2018,3,Australian Capital Territory,15-24,Unemployed total,4.27
2018-03-01,2018,3,Australian Capital Territory,15-24,Unemployment rate,10.97
2018-03-01,2018,3,Australian Capital Territory,15-24,Labour force total,38.93
2018-03-01,2018,3,Australian Capital Territory,15-24,Participation rate,65.02
2018-04-01,2018,4,Australia,15-24,Employed total,1909.31
2018-04-01,2018,4,Australia,15-24,Employment to population ratio,59.52
2018-04-01,2018,4,Australia,15-24,Unemployed total,274.75
2018-04-01,2018,4,Australia,15-24,Unemployment rate,12.58
2018-04-01,2018,4,Australia,15-24,Labour force total,2184.06
2018-04-01,2018,4,Australia,15-24,Participation rate,68.08
2018-04-01,2018,4,New South Wales,15-24,Employed total,615.36
2018-04-01,2018,4,New South Wales,15-24,Employment to population ratio,60.69
2018-04-01,2018,4,New South Wales,15-24,Unemployed total,75.39
2018-04-01,2018,4,New South Wales,15-24,Unemployment rate,10.91
2018-04-01,2018,4,New South Wales,15-24,Labour force total,690.76
2018-04-01,2018,4,New South Wales,15-24,Participation rate,68.13
2018-04-01,2018,4,Victoria,15-24,Employed total,478.85
2018-04-01,2018,4,Victoria,15-24,Employment to population ratio,56.61
2018-04-01,2018,4,Victoria,15-24,Unemployed total,68.89
2018-04-01,2018,4,Victoria,15-24,Unemployment rate,12.58
2018-04-01,2018,4,Victoria,15-24,Labour force total,547.73
2018-04-01,2018,4,Victoria,15-24,Participation rate,64.76
2018-04-01,2018,4,Queensland,15-24,Employed total,408.55
2018-04-01,2018,4,Queensland,15-24,Employment to population ratio,62.81
2018-04-01,2018,4,Queensland,15-24,Unemployed total,61.68
2018-04-01,2018,4,Queensland,15-24,Unemployment rate,13.12
2018-04-01,2018,4,Queensland,15-24,Labour force total,470.22
2018-04-01,2018,4,Queensland,15-24,Participation rate,72.29
2018-04-01,2018,4,South Australia,15-24,Employed total,126.68
2018-04-01,2018,4,South Australia,15-24,Employment to population ratio,57.99
2018-04-01,2018,4,South Australia,15-24,Unemployed total,18.41
2018-04-01,2018,4,South Australia,15-24,Unemployment rate,12.69
2018-04-01,2018,4,South Australia,15-24,Labour force total,145.09
2018-04-01,2018,4,South Australia,15-24,Participation rate,66.41
2018-04-01,2018,4,Western Australia,15-24,Employed total,190.31
2018-04-01,2018,4,Western Australia,15-24,Employment to population ratio,58.9
2018-04-01,2018,4,Western Australia,15-24,Unemployed total,37.28
2018-04-01,2018,4,Western Australia,15-24,Unemployment rate,16.38
2018-04-01,2018,4,Western Australia,15-24,Labour force total,227.59
2018-04-01,2018,4,Western Australia,15-24,Participation rate,70.44
2018-04-01,2018,4,Tasmania,15-24,Employed total,38.05
2018-04-01,2018,4,Tasmania,15-24,Employment to population ratio,58.82
2018-04-01,2018,4,Tasmania,15-24,Unemployed total,6.17
2018-04-01,2018,4,Tasmania,15-24,Unemployment rate,13.95
2018-04-01,2018,4,Tasmania,15-24,Labour force total,44.22
2018-04-01,2018,4,Tasmania,15-24,Participation rate,68.36
2018-04-01,2018,4,Northern Territory,15-24,Employed total,17.22
2018-04-01,2018,4,Northern Territory,15-24,Employment to population ratio,54.5
2018-04-01,2018,4,Northern Territory,15-24,Unemployed total,3.01
2018-04-01,2018,4,Northern Territory,15-24,Unemployment rate,14.88
2018-04-01,2018,4,Northern Territory,15-24,Labour force total,20.23
2018-04-01,2018,4,Northern Territory,15-24,Participation rate,64.03
2018-04-01,2018,4,Australian Capital Territory,15-24,Employed total,34.29
2018-04-01,2018,4,Australian Capital Territory,15-24,Employment to population ratio,57.25
2018-04-01,2018,4,Australian Capital Territory,15-24,Unemployed total,3.92
2018-04-01,2018,4,Australian Capital Territory,15-24,Unemployment rate,10.26
2018-04-01,2018,4,Australian Capital Territory,15-24,Labour force total,38.21
2018-04-01,2018,4,Australian Capital Territory,15-24,Participation rate,63.8
2018-05-01,2018,5,Australia,15-24,Employed total,1927.91
2018-05-01,2018,5,Australia,15-24,Employment to population ratio,60.12
2018-05-01,2018,5,Australia,15-24,Unemployed total,241.96
2018-05-01,2018,5,Australia,15-24,Unemployment rate,11.15
2018-05-01,2018,5,Australia,15-24,Labour force total,2169.86
2018-05-01,2018,5,Australia,15-24,Participation rate,67.66
2018-05-01,2018,5,New South Wales,15-24,Employed total,624.26
2018-05-01,2018,5,New South Wales,15-24,Employment to population ratio,61.59
2018-05-01,2018,5,New South Wales,15-24,Unemployed total,62.12
2018-05-01,2018,5,New South Wales,15-24,Unemployment rate,9.05
2018-05-01,2018,5,New South Wales,15-24,Labour force total,686.39
2018-05-01,2018,5,New South Wales,15-24,Participation rate,67.71
2018-05-01,2018,5,Victoria,15-24,Employed total,490.15
2018-05-01,2018,5,Victoria,15-24,Employment to population ratio,57.97
2018-05-01,2018,5,Victoria,15-24,Unemployed total,55.47
2018-05-01,2018,5,Victoria,15-24,Unemployment rate,10.17
2018-05-01,2018,5,Victoria,15-24,Labour force total,545.62
2018-05-01,2018,5,Victoria,15-24,Participation rate,64.53
2018-05-01,2018,5,Queensland,15-24,Employed total,404.77
2018-05-01,2018,5,Queensland,15-24,Employment to population ratio,62.23
2018-05-01,2018,5,Queensland,15-24,Unemployed total,59.01
2018-05-01,2018,5,Queensland,15-24,Unemployment rate,12.72
2018-05-01,2018,5,Queensland,15-24,Labour force total,463.78
2018-05-01,2018,5,Queensland,15-24,Participation rate,71.31
2018-05-01,2018,5,South Australia,15-24,Employed total,128.5
2018-05-01,2018,5,South Australia,15-24,Employment to population ratio,58.87
2018-05-01,2018,5,South Australia,15-24,Unemployed total,18.14
2018-05-01,2018,5,South Australia,15-24,Unemployment rate,12.37
2018-05-01,2018,5,South Australia,15-24,Labour force total,146.64
2018-05-01,2018,5,South Australia,15-24,Participation rate,67.18
2018-05-01,2018,5,Western Australia,15-24,Employed total,191.49
2018-05-01,2018,5,Western Australia,15-24,Employment to population ratio,59.32
2018-05-01,2018,5,Western Australia,15-24,Unemployed total,34.11
2018-05-01,2018,5,Western Australia,15-24,Unemployment rate,15.12
2018-05-01,2018,5,Western Australia,15-24,Labour force total,225.6
2018-05-01,2018,5,Western Australia,15-24,Participation rate,69.88
2018-05-01,2018,5,Tasmania,15-24,Employed total,37.07
2018-05-01,2018,5,Tasmania,15-24,Employment to population ratio,57.31
2018-05-01,2018,5,Tasmania,15-24,Unemployed total,7.3
2018-05-01,2018,5,Tasmania,15-24,Unemployment rate,16.45
2018-05-01,2018,5,Tasmania,15-24,Labour force total,44.37
2018-05-01,2018,5,Tasmania,15-24,Participation rate,68.59
2018-05-01,2018,5,Northern Territory,15-24,Employed total,17.6
2018-05-01,2018,5,Northern Territory,15-24,Employment to population ratio,55.62
2018-05-01,2018,5,Northern Territory,15-24,Unemployed total,2.47
2018-05-01,2018,5,Northern Territory,15-24,Unemployment rate,12.3
2018-05-01,2018,5,Northern Territory,15-24,Labour force total,20.07
2018-05-01,2018,5,Northern Territory,15-24,Participation rate,63.42
2018-05-01,2018,5,Australian Capital Territory,15-24,Employed total,34.07
2018-05-01,2018,5,Australian Capital Territory,15-24,Employment to population ratio,56.86
2018-05-01,2018,5,Australian Capital Territory,15-24,Unemployed total,3.33
2018-05-01,2018,5,Australian Capital Territory,15-24,Unemployment rate,8.9
2018-05-01,2018,5,Australian Capital Territory,15-24,Labour force total,37.4
2018-05-01,2018,5,Australian Capital Territory,15-24,Participation rate,62.42
2018-06-01,2018,6,Australia,15-24,Employed total,1923.18
2018-06-01,2018,6,Australia,15-24,Employment to population ratio,59.99
2018-06-01,2018,6,Australia,15-24,Unemployed total,231.7
2018-06-01,2018,6,Australia,15-24,Unemployment rate,10.75
2018-06-01,2018,6,Australia,15-24,Labour force total,2154.88
2018-06-01,2018,6,Australia,15-24,Participation rate,67.22
2018-06-01,2018,6,New South Wales,15-24,Employed total,615.9
2018-06-01,2018,6,New South Wales,15-24,Employment to population ratio,60.78
2018-06-01,2018,6,New South Wales,15-24,Unemployed total,60.47
2018-06-01,2018,6,New South Wales,15-24,Unemployment rate,8.94
2018-06-01,2018,6,New South Wales,15-24,Labour force total,676.37
2018-06-01,2018,6,New South Wales,15-24,Participation rate,66.74
2018-06-01,2018,6,Victoria,15-24,Employed total,486.38
2018-06-01,2018,6,Victoria,15-24,Employment to population ratio,57.55
2018-06-01,2018,6,Victoria,15-24,Unemployed total,62.73
2018-06-01,2018,6,Victoria,15-24,Unemployment rate,11.42
2018-06-01,2018,6,Victoria,15-24,Labour force total,549.11
2018-06-01,2018,6,Victoria,15-24,Participation rate,64.97
2018-06-01,2018,6,Queensland,15-24,Employed total,413.13
2018-06-01,2018,6,Queensland,15-24,Employment to population ratio,63.53
2018-06-01,2018,6,Queensland,15-24,Unemployed total,51.69
2018-06-01,2018,6,Queensland,15-24,Unemployment rate,11.12
2018-06-01,2018,6,Queensland,15-24,Labour force total,464.82
2018-06-01,2018,6,Queensland,15-24,Participation rate,71.48
2018-06-01,2018,6,South Australia,15-24,Employed total,126.91
2018-06-01,2018,6,South Australia,15-24,Employment to population ratio,58.19
2018-06-01,2018,6,South Australia,15-24,Unemployed total,17.73
2018-06-01,2018,6,South Australia,15-24,Unemployment rate,12.26
2018-06-01,2018,6,South Australia,15-24,Labour force total,144.65
2018-06-01,2018,6,South Australia,15-24,Participation rate,66.32
2018-06-01,2018,6,Western Australia,15-24,Employed total,190.98
2018-06-01,2018,6,Western Australia,15-24,Employment to population ratio,59.21
2018-06-01,2018,6,Western Australia,15-24,Unemployed total,27.72
2018-06-01,2018,6,Western Australia,15-24,Unemployment rate,12.67
2018-06-01,2018,6,Western Australia,15-24,Labour force total,218.7
2018-06-01,2018,6,Western Australia,15-24,Participation rate,67.81
2018-06-01,2018,6,Tasmania,15-24,Employed total,35.57
2018-06-01,2018,6,Tasmania,15-24,Employment to population ratio,54.98
2018-06-01,2018,6,Tasmania,15-24,Unemployed total,6.02
2018-06-01,2018,6,Tasmania,15-24,Unemployment rate,14.48
2018-06-01,2018,6,Tasmania,15-24,Labour force total,41.59
2018-06-01,2018,6,Tasmania,15-24,Participation rate,64.29
2018-06-01,2018,6,Northern Territory,15-24,Employed total,18.44
2018-06-01,2018,6,Northern Territory,15-24,Employment to population ratio,58.2
2018-06-01,2018,6,Northern Territory,15-24,Unemployed total,2.78
2018-06-01,2018,6,Northern Territory,15-24,Unemployment rate,13.11
2018-06-01,2018,6,Northern Territory,15-24,Labour force total,21.22
2018-06-01,2018,6,Northern Territory,15-24,Participation rate,66.98
2018-06-01,2018,6,Australian Capital Territory,15-24,Employed total,35.88
2018-06-01,2018,6,Australian Capital Territory,15-24,Employment to population ratio,59.85
2018-06-01,2018,6,Australian Capital Territory,15-24,Unemployed total,2.55
2018-06-01,2018,6,Australian Capital Territory,15-24,Unemployment rate,6.64
2018-06-01,2018,6,Australian Capital Territory,15-24,Labour force total,38.43
2018-06-01,2018,6,Australian Capital Territory,15-24,Participation rate,64.11
2018-07-01,2018,7,Australia,15-24,Employed total,1908.09
2018-07-01,2018,7,Australia,15-24,Employment to population ratio,59.43
2018-07-01,2018,7,Australia,15-24,Unemployed total,229.67
2018-07-01,2018,7,Australia,15-24,Unemployment rate,10.74
2018-07-01,2018,7,Australia,15-24,Labour force total,2137.76
2018-07-01,2018,7,Australia,15-24,Participation rate,66.58
2018-07-01,2018,7,New South Wales,15-24,Employed total,611.89
2018-07-01,2018,7,New South Wales,15-24,Employment to population ratio,60.26
2018-07-01,2018,7,New South Wales,15-24,Unemployed total,65.99
2018-07-01,2018,7,New South Wales,15-24,Unemployment rate,9.73
2018-07-01,2018,7,New South Wales,15-24,Labour force total,677.88
2018-07-01,2018,7,New South Wales,15-24,Participation rate,66.75
2018-07-01,2018,7,Victoria,15-24,Employed total,486.65
2018-07-01,2018,7,Victoria,15-24,Employment to population ratio,57.47
2018-07-01,2018,7,Victoria,15-24,Unemployed total,51.83
2018-07-01,2018,7,Victoria,15-24,Unemployment rate,9.63
2018-07-01,2018,7,Victoria,15-24,Labour force total,538.48
2018-07-01,2018,7,Victoria,15-24,Participation rate,63.59
2018-07-01,2018,7,Queensland,15-24,Employed total,412.99
2018-07-01,2018,7,Queensland,15-24,Employment to population ratio,63.45
2018-07-01,2018,7,Queensland,15-24,Unemployed total,49.26
2018-07-01,2018,7,Queensland,15-24,Unemployment rate,10.66
2018-07-01,2018,7,Queensland,15-24,Labour force total,462.25
2018-07-01,2018,7,Queensland,15-24,Participation rate,71.02
2018-07-01,2018,7,South Australia,15-24,Employed total,130.56
2018-07-01,2018,7,South Australia,15-24,Employment to population ratio,59.81
2018-07-01,2018,7,South Australia,15-24,Unemployed total,17.97
2018-07-01,2018,7,South Australia,15-24,Unemployment rate,12.1
2018-07-01,2018,7,South Australia,15-24,Labour force total,148.53
2018-07-01,2018,7,South Australia,15-24,Participation rate,68.04
2018-07-01,2018,7,Western Australia,15-24,Employed total,180.27
2018-07-01,2018,7,Western Australia,15-24,Employment to population ratio,55.84
2018-07-01,2018,7,Western Australia,15-24,Unemployed total,31.3
2018-07-01,2018,7,Western Australia,15-24,Unemployment rate,14.8
2018-07-01,2018,7,Western Australia,15-24,Labour force total,211.57
2018-07-01,2018,7,Western Australia,15-24,Participation rate,65.53
2018-07-01,2018,7,Tasmania,15-24,Employed total,33.6
2018-07-01,2018,7,Tasmania,15-24,Employment to population ratio,51.9
2018-07-01,2018,7,Tasmania,15-24,Unemployed total,7.24
2018-07-01,2018,7,Tasmania,15-24,Unemployment rate,17.74
2018-07-01,2018,7,Tasmania,15-24,Labour force total,40.84
2018-07-01,2018,7,Tasmania,15-24,Participation rate,63.09
2018-07-01,2018,7,Northern Territory,15-24,Employed total,17.45
2018-07-01,2018,7,Northern Territory,15-24,Employment to population ratio,55.12
2018-07-01,2018,7,Northern Territory,15-24,Unemployed total,2.84
2018-07-01,2018,7,Northern Territory,15-24,Unemployment rate,14.01
2018-07-01,2018,7,Northern Territory,15-24,Labour force total,20.29
2018-07-01,2018,7,Northern Territory,15-24,Participation rate,64.11
2018-07-01,2018,7,Australian Capital Territory,15-24,Employed total,34.68
2018-07-01,2018,7,Australian Capital Territory,15-24,Employment to population ratio,57.74
2018-07-01,2018,7,Australian Capital Territory,15-24,Unemployed total,3.23
2018-07-01,2018,7,Australian Capital Territory,15-24,Unemployment rate,8.51
2018-07-01,2018,7,Australian Capital Territory,15-24,Labour force total,37.91
2018-07-01,2018,7,Australian Capital Territory,15-24,Participation rate,63.11
2018-08-01,2018,8,Australia,15-24,Employed total,1877.38
2018-08-01,2018,8,Australia,15-24,Employment to population ratio,58.38
2018-08-01,2018,8,Australia,15-24,Unemployed total,245.73
2018-08-01,2018,8,Australia,15-24,Unemployment rate,11.57
2018-08-01,2018,8,Australia,15-24,Labour force total,2123.11
2018-08-01,2018,8,Australia,15-24,Participation rate,66.02
2018-08-01,2018,8,New South Wales,15-24,Employed total,614.96
2018-08-01,2018,8,New South Wales,15-24,Employment to population ratio,60.43
2018-08-01,2018,8,New South Wales,15-24,Unemployed total,68.79
2018-08-01,2018,8,New South Wales,15-24,Unemployment rate,10.06
2018-08-01,2018,8,New South Wales,15-24,Labour force total,683.75
2018-08-01,2018,8,New South Wales,15-24,Participation rate,67.19
2018-08-01,2018,8,Victoria,15-24,Employed total,466.63
2018-08-01,2018,8,Victoria,15-24,Employment to population ratio,55.0
2018-08-01,2018,8,Victoria,15-24,Unemployed total,56.71
2018-08-01,2018,8,Victoria,15-24,Unemployment rate,10.84
2018-08-01,2018,8,Victoria,15-24,Labour force total,523.34
2018-08-01,2018,8,Victoria,15-24,Participation rate,61.68
2018-08-01,2018,8,Queensland,15-24,Employed total,401.41
2018-08-01,2018,8,Queensland,15-24,Employment to population ratio,61.62
2018-08-01,2018,8,Queensland,15-24,Unemployed total,57.66
2018-08-01,2018,8,Queensland,15-24,Unemployment rate,12.56
2018-08-01,2018,8,Queensland,15-24,Labour force total,459.07
2018-08-01,2018,8,Queensland,15-24,Participation rate,70.47
2018-08-01,2018,8,South Australia,15-24,Employed total,125.27
2018-08-01,2018,8,South Australia,15-24,Employment to population ratio,57.33
2018-08-01,2018,8,South Australia,15-24,Unemployed total,18.1
2018-08-01,2018,8,South Australia,15-24,Unemployment rate,12.62
2018-08-01,2018,8,South Australia,15-24,Labour force total,143.36
2018-08-01,2018,8,South Australia,15-24,Participation rate,65.61
2018-08-01,2018,8,Western Australia,15-24,Employed total,182.79
2018-08-01,2018,8,Western Australia,15-24,Employment to population ratio,56.56
2018-08-01,2018,8,Western Australia,15-24,Unemployed total,32.1
2018-08-01,2018,8,Western Australia,15-24,Unemployment rate,14.94
2018-08-01,2018,8,Western Australia,15-24,Labour force total,214.89
2018-08-01,2018,8,Western Australia,15-24,Participation rate,66.49
2018-08-01,2018,8,Tasmania,15-24,Employed total,35.76
2018-08-01,2018,8,Tasmania,15-24,Employment to population ratio,55.21
2018-08-01,2018,8,Tasmania,15-24,Unemployed total,7.14
2018-08-01,2018,8,Tasmania,15-24,Unemployment rate,16.65
2018-08-01,2018,8,Tasmania,15-24,Labour force total,42.9
2018-08-01,2018,8,Tasmania,15-24,Participation rate,66.24
2018-08-01,2018,8,Northern Territory,15-24,Employed total,18.29
2018-08-01,2018,8,Northern Territory,15-24,Employment to population ratio,57.81
2018-08-01,2018,8,Northern Territory,15-24,Unemployed total,2.21
2018-08-01,2018,8,Northern Territory,15-24,Unemployment rate,10.8
2018-08-01,2018,8,Northern Territory,15-24,Labour force total,20.5
2018-08-01,2018,8,Northern Territory,15-24,Participation rate,64.81
2018-08-01,2018,8,Australian Capital Territory,15-24,Employed total,32.28
2018-08-01,2018,8,Australian Capital Territory,15-24,Employment to population ratio,53.64
2018-08-01,2018,8,Australian Capital Territory,15-24,Unemployed total,3.01
2018-08-01,2018,8,Australian Capital Territory,15-24,Unemployment rate,8.54
2018-08-01,2018,8,Australian Capital Territory,15-24,Labour force total,35.3
2018-08-01,2018,8,Australian Capital Territory,15-24,Participation rate,58.65
2018-09-01,2018,9,Australia,15-24,Employed total,1895.3
2018-09-01,2018,9,Australia,15-24,Employment to population ratio,58.85
2018-09-01,2018,9,Australia,15-24,Unemployed total,237.63
2018-09-01,2018,9,Australia,15-24,Unemployment rate,11.14
2018-09-01,2018,9,Australia,15-24,Labour force total,2132.93
2018-09-01,2018,9,Australia,15-24,Participation rate,66.22
2018-09-01,2018,9,New South Wales,15-24,Employed total,608.85
2018-09-01,2018,9,New South Wales,15-24,Employment to population ratio,59.71
2018-09-01,2018,9,New South Wales,15-24,Unemployed total,63.64
2018-09-01,2018,9,New South Wales,15-24,Unemployment rate,9.46
2018-09-01,2018,9,New South Wales,15-24,Labour force total,672.49
2018-09-01,2018,9,New South Wales,15-24,Participation rate,65.95
2018-09-01,2018,9,Victoria,15-24,Employed total,478.17
2018-09-01,2018,9,Victoria,15-24,Employment to population ratio,56.25
2018-09-01,2018,9,Victoria,15-24,Unemployed total,56.32
2018-09-01,2018,9,Victoria,15-24,Unemployment rate,10.54
2018-09-01,2018,9,Victoria,15-24,Labour force total,534.49
2018-09-01,2018,9,Victoria,15-24,Participation rate,62.87
2018-09-01,2018,9,Queensland,15-24,Employed total,397.34
2018-09-01,2018,9,Queensland,15-24,Employment to population ratio,60.93
2018-09-01,2018,9,Queensland,15-24,Unemployed total,59.67
2018-09-01,2018,9,Queensland,15-24,Unemployment rate,13.06
2018-09-01,2018,9,Queensland,15-24,Labour force total,457.01
2018-09-01,2018,9,Queensland,15-24,Participation rate,70.09
2018-09-01,2018,9,South Australia,15-24,Employed total,129.6
2018-09-01,2018,9,South Australia,15-24,Employment to population ratio,59.26
2018-09-01,2018,9,South Australia,15-24,Unemployed total,17.68
2018-09-01,2018,9,South Australia,15-24,Unemployment rate,12.01
2018-09-01,2018,9,South Australia,15-24,Labour force total,147.28
2018-09-01,2018,9,South Australia,15-24,Participation rate,67.34
2018-09-01,2018,9,Western Australia,15-24,Employed total,190.56
2018-09-01,2018,9,Western Australia,15-24,Employment to population ratio,58.91
2018-09-01,2018,9,Western Australia,15-24,Unemployed total,29.46
2018-09-01,2018,9,Western Australia,15-24,Unemployment rate,13.39
2018-09-01,2018,9,Western Australia,15-24,Labour force total,220.02
2018-09-01,2018,9,Western Australia,15-24,Participation rate,68.01
2018-09-01,2018,9,Tasmania,15-24,Employed total,36.78
2018-09-01,2018,9,Tasmania,15-24,Employment to population ratio,56.76
2018-09-01,2018,9,Tasmania,15-24,Unemployed total,6.13
2018-09-01,2018,9,Tasmania,15-24,Unemployment rate,14.29
2018-09-01,2018,9,Tasmania,15-24,Labour force total,42.92
2018-09-01,2018,9,Tasmania,15-24,Participation rate,66.22
2018-09-01,2018,9,Northern Territory,15-24,Employed total,18.37
2018-09-01,2018,9,Northern Territory,15-24,Employment to population ratio,58.13
2018-09-01,2018,9,Northern Territory,15-24,Unemployed total,2.17
2018-09-01,2018,9,Northern Territory,15-24,Unemployment rate,10.54
2018-09-01,2018,9,Northern Territory,15-24,Labour force total,20.53
2018-09-01,2018,9,Northern Territory,15-24,Participation rate,64.99
2018-09-01,2018,9,Australian Capital Territory,15-24,Employed total,35.64
2018-09-01,2018,9,Australian Capital Territory,15-24,Employment to population ratio,59.11
2018-09-01,2018,9,Australian Capital Territory,15-24,Unemployed total,2.56
2018-09-01,2018,9,Australian Capital Territory,15-24,Unemployment rate,6.69
2018-09-01,2018,9,Australian Capital Territory,15-24,Labour force total,38.2
2018-09-01,2018,9,Australian Capital Territory,15-24,Participation rate,63.35
2018-10-01,2018,10,Australia,15-24,Employed total,1891.61
2018-10-01,2018,10,Australia,15-24,Employment to population ratio,58.78
2018-10-01,2018,10,Australia,15-24,Unemployed total,229.92
2018-10-01,2018,10,Australia,15-24,Unemployment rate,10.84
2018-10-01,2018,10,Australia,15-24,Labour force total,2121.53
2018-10-01,2018,10,Australia,15-24,Participation rate,65.92
2018-10-01,2018,10,New South Wales,15-24,Employed total,605.78
2018-10-01,2018,10,New South Wales,15-24,Employment to population ratio,59.45
2018-10-01,2018,10,New South Wales,15-24,Unemployed total,67.61
2018-10-01,2018,10,New South Wales,15-24,Unemployment rate,10.04
2018-10-01,2018,10,New South Wales,15-24,Labour force total,673.4
2018-10-01,2018,10,New South Wales,15-24,Participation rate,66.09
2018-10-01,2018,10,Victoria,15-24,Employed total,470.92
2018-10-01,2018,10,Victoria,15-24,Employment to population ratio,55.44
2018-10-01,2018,10,Victoria,15-24,Unemployed total,52.28
2018-10-01,2018,10,Victoria,15-24,Unemployment rate,9.99
2018-10-01,2018,10,Victoria,15-24,Labour force total,523.2
2018-10-01,2018,10,Victoria,15-24,Participation rate,61.59
2018-10-01,2018,10,Queensland,15-24,Employed total,404.44
2018-10-01,2018,10,Queensland,15-24,Employment to population ratio,62.07
2018-10-01,2018,10,Queensland,15-24,Unemployed total,53.56
2018-10-01,2018,10,Queensland,15-24,Unemployment rate,11.69
2018-10-01,2018,10,Queensland,15-24,Labour force total,458.0
2018-10-01,2018,10,Queensland,15-24,Participation rate,70.29
2018-10-01,2018,10,South Australia,15-24,Employed total,130.55
2018-10-01,2018,10,South Australia,15-24,Employment to population ratio,59.77
2018-10-01,2018,10,South Australia,15-24,Unemployed total,16.6
2018-10-01,2018,10,South Australia,15-24,Unemployment rate,11.28
2018-10-01,2018,10,South Australia,15-24,Labour force total,147.15
2018-10-01,2018,10,South Australia,15-24,Participation rate,67.38
2018-10-01,2018,10,Western Australia,15-24,Employed total,186.98
2018-10-01,2018,10,Western Australia,15-24,Employment to population ratio,57.84
2018-10-01,2018,10,Western Australia,15-24,Unemployed total,27.98
2018-10-01,2018,10,Western Australia,15-24,Unemployment rate,13.01
2018-10-01,2018,10,Western Australia,15-24,Labour force total,214.96
2018-10-01,2018,10,Western Australia,15-24,Participation rate,66.49
2018-10-01,2018,10,Tasmania,15-24,Employed total,39.01
2018-10-01,2018,10,Tasmania,15-24,Employment to population ratio,60.27
2018-10-01,2018,10,Tasmania,15-24,Unemployed total,5.41
2018-10-01,2018,10,Tasmania,15-24,Unemployment rate,12.17
2018-10-01,2018,10,Tasmania,15-24,Labour force total,44.41
2018-10-01,2018,10,Tasmania,15-24,Participation rate,68.62
2018-10-01,2018,10,Northern Territory,15-24,Employed total,17.72
2018-10-01,2018,10,Northern Territory,15-24,Employment to population ratio,56.37
2018-10-01,2018,10,Northern Territory,15-24,Unemployed total,2.82
2018-10-01,2018,10,Northern Territory,15-24,Unemployment rate,13.75
2018-10-01,2018,10,Northern Territory,15-24,Labour force total,20.55
2018-10-01,2018,10,Northern Territory,15-24,Participation rate,65.35
2018-10-01,2018,10,Australian Capital Territory,15-24,Employed total,36.21
2018-10-01,2018,10,Australian Capital Territory,15-24,Employment to population ratio,60.07
2018-10-01,2018,10,Australian Capital Territory,15-24,Unemployed total,3.65
2018-10-01,2018,10,Australian Capital Territory,15-24,Unemployment rate,9.17
2018-10-01,2018,10,Australian Capital Territory,15-24,Labour force total,39.86
2018-10-01,2018,10,Australian Capital Territory,15-24,Participation rate,66.13
2018-11-01,2018,11,Australia,15-24,Employed total,1905.59
2018-11-01,2018,11,Australia,15-24,Employment to population ratio,59.26
2018-11-01,2018,11,Australia,15-24,Unemployed total,233.91
2018-11-01,2018,11,Australia,15-24,Unemployment rate,10.93
2018-11-01,2018,11,Australia,15-24,Labour force total,2139.5
2018-11-01,2018,11,Australia,15-24,Participation rate,66.54
2018-11-01,2018,11,New South Wales,15-24,Employed total,600.68
2018-11-01,2018,11,New South Wales,15-24,Employment to population ratio,58.99
2018-11-01,2018,11,New South Wales,15-24,Unemployed total,66.95
2018-11-01,2018,11,New South Wales,15-24,Unemployment rate,10.03
2018-11-01,2018,11,New South Wales,15-24,Labour force total,667.63
2018-11-01,2018,11,New South Wales,15-24,Participation rate,65.57
2018-11-01,2018,11,Victoria,15-24,Employed total,485.5
2018-11-01,2018,11,Victoria,15-24,Employment to population ratio,57.2
2018-11-01,2018,11,Victoria,15-24,Unemployed total,55.39
2018-11-01,2018,11,Victoria,15-24,Unemployment rate,10.24
2018-11-01,2018,11,Victoria,15-24,Labour force total,540.89
2018-11-01,2018,11,Victoria,15-24,Participation rate,63.73
2018-11-01,2018,11,Queensland,15-24,Employed total,403.83
2018-11-01,2018,11,Queensland,15-24,Employment to population ratio,62.02
2018-11-01,2018,11,Queensland,15-24,Unemployed total,53.29
2018-11-01,2018,11,Queensland,15-24,Unemployment rate,11.66
2018-11-01,2018,11,Queensland,15-24,Labour force total,457.12
2018-11-01,2018,11,Queensland,15-24,Participation rate,70.21
2018-11-01,2018,11,South Australia,15-24,Employed total,129.06
2018-11-01,2018,11,South Australia,15-24,Employment to population ratio,59.17
2018-11-01,2018,11,South Australia,15-24,Unemployed total,17.02
2018-11-01,2018,11,South Australia,15-24,Unemployment rate,11.65
2018-11-01,2018,11,South Australia,15-24,Labour force total,146.08
2018-11-01,2018,11,South Australia,15-24,Participation rate,66.98
2018-11-01,2018,11,Western Australia,15-24,Employed total,192.31
2018-11-01,2018,11,Western Australia,15-24,Employment to population ratio,59.53
2018-11-01,2018,11,Western Australia,15-24,Unemployed total,29.6
2018-11-01,2018,11,Western Australia,15-24,Unemployment rate,13.34
2018-11-01,2018,11,Western Australia,15-24,Labour force total,221.92
2018-11-01,2018,11,Western Australia,15-24,Participation rate,68.69
2018-11-01,2018,11,Tasmania,15-24,Employed total,36.93
2018-11-01,2018,11,Tasmania,15-24,Employment to population ratio,57.14
2018-11-01,2018,11,Tasmania,15-24,Unemployed total,7.09
2018-11-01,2018,11,Tasmania,15-24,Unemployment rate,16.12
2018-11-01,2018,11,Tasmania,15-24,Labour force total,44.02
2018-11-01,2018,11,Tasmania,15-24,Participation rate,68.12
2018-11-01,2018,11,Northern Territory,15-24,Employed total,17.82
2018-11-01,2018,11,Northern Territory,15-24,Employment to population ratio,56.97
2018-11-01,2018,11,Northern Territory,15-24,Unemployed total,2.19
2018-11-01,2018,11,Northern Territory,15-24,Unemployment rate,10.93
2018-11-01,2018,11,Northern Territory,15-24,Labour force total,20.01
2018-11-01,2018,11,Northern Territory,15-24,Participation rate,63.96
2018-11-01,2018,11,Australian Capital Territory,15-24,Employed total,39.46
2018-11-01,2018,11,Australian Capital Territory,15-24,Employment to population ratio,65.49
2018-11-01,2018,11,Australian Capital Territory,15-24,Unemployed total,2.36
2018-11-01,2018,11,Australian Capital Territory,15-24,Unemployment rate,5.65
2018-11-01,2018,11,Australian Capital Territory,15-24,Labour force total,41.83
2018-11-01,2018,11,Australian Capital Territory,15-24,Participation rate,69.41
2018-12-01,2018,12,Australia,15-24,Employed total,1988.65
2018-12-01,2018,12,Australia,15-24,Employment to population ratio,61.9
2018-12-01,2018,12,Australia,15-24,Unemployed total,255.0
2018-12-01,2018,12,Australia,15-24,Unemployment rate,11.37
2018-12-01,2018,12,Australia,15-24,Labour force total,2243.65
2018-12-01,2018,12,Australia,15-24,Participation rate,69.83
2018-12-01,2018,12,New South Wales,15-24,Employed total,634.1
2018-12-01,2018,12,New South Wales,15-24,Employment to population ratio,62.32
2018-12-01,2018,12,New South Wales,15-24,Unemployed total,75.42
2018-12-01,2018,12,New South Wales,15-24,Unemployment rate,10.63
2018-12-01,2018,12,New South Wales,15-24,Labour force total,709.52
2018-12-01,2018,12,New South Wales,15-24,Participation rate,69.73
2018-12-01,2018,12,Victoria,15-24,Employed total,515.35
2018-12-01,2018,12,Victoria,15-24,Employment to population ratio,60.76
2018-12-01,2018,12,Victoria,15-24,Unemployed total,58.18
2018-12-01,2018,12,Victoria,15-24,Unemployment rate,10.14
2018-12-01,2018,12,Victoria,15-24,Labour force total,573.53
2018-12-01,2018,12,Victoria,15-24,Participation rate,67.62
2018-12-01,2018,12,Queensland,15-24,Employed total,418.56
2018-12-01,2018,12,Queensland,15-24,Employment to population ratio,64.33
2018-12-01,2018,12,Queensland,15-24,Unemployed total,52.37
2018-12-01,2018,12,Queensland,15-24,Unemployment rate,11.12
2018-12-01,2018,12,Queensland,15-24,Labour force total,470.93
2018-12-01,2018,12,Queensland,15-24,Participation rate,72.38
2018-12-01,2018,12,South Australia,15-24,Employed total,130.89
2018-12-01,2018,12,South Australia,15-24,Employment to population ratio,60.1
2018-12-01,2018,12,South Australia,15-24,Unemployed total,20.84
2018-12-01,2018,12,South Australia,15-24,Unemployment rate,13.74
2018-12-01,2018,12,South Australia,15-24,Labour force total,151.73
2018-12-01,2018,12,South Australia,15-24,Participation rate,69.67
2018-12-01,2018,12,Western Australia,15-24,Employed total,193.88
2018-12-01,2018,12,Western Australia,15-24,Employment to population ratio,60.05
2018-12-01,2018,12,Western Australia,15-24,Unemployed total,35.42
2018-12-01,2018,12,Western Australia,15-24,Unemployment rate,15.45
2018-12-01,2018,12,Western Australia,15-24,Labour force total,229.3
2018-12-01,2018,12,Western Australia,15-24,Participation rate,71.02
2018-12-01,2018,12,Tasmania,15-24,Employed total,37.6
2018-12-01,2018,12,Tasmania,15-24,Employment to population ratio,58.25
2018-12-01,2018,12,Tasmania,15-24,Unemployed total,6.32
2018-12-01,2018,12,Tasmania,15-24,Unemployment rate,14.39
2018-12-01,2018,12,Tasmania,15-24,Labour force total,43.92
2018-12-01,2018,12,Tasmania,15-24,Participation rate,68.05
2018-12-01,2018,12,Northern Territory,15-24,Employed total,18.25
2018-12-01,2018,12,Northern Territory,15-24,Employment to population ratio,58.63
2018-12-01,2018,12,Northern Territory,15-24,Unemployed total,2.68
2018-12-01,2018,12,Northern Territory,15-24,Unemployment rate,12.81
2018-12-01,2018,12,Northern Territory,15-24,Labour force total,20.93
2018-12-01,2018,12,Northern Territory,15-24,Participation rate,67.24
2018-12-01,2018,12,Australian Capital Territory,15-24,Employed total,40.02
2018-12-01,2018,12,Australian Capital Territory,15-24,Employment to population ratio,66.44
2018-12-01,2018,12,Australian Capital Territory,15-24,Unemployed total,3.76
2018-12-01,2018,12,Australian Capital Territory,15-24,Unemployment rate,8.6
2018-12-01,2018,12,Australian Capital Territory,15-24,Labour force total,43.78
2018-12-01,2018,12,Australian Capital Territory,15-24,Participation rate,72.69
2019-01-01,2019,1,Australia,15-24,Employed total,1942.19
2019-01-01,2019,1,Australia,15-24,Employment to population ratio,60.31
2019-01-01,2019,1,Australia,15-24,Unemployed total,283.47
2019-01-01,2019,1,Australia,15-24,Unemployment rate,12.74
2019-01-01,2019,1,Australia,15-24,Labour force total,2225.66
2019-01-01,2019,1,Australia,15-24,Participation rate,69.11
2019-01-01,2019,1,New South Wales,15-24,Employed total,626.32
2019-01-01,2019,1,New South Wales,15-24,Employment to population ratio,61.44
2019-01-01,2019,1,New South Wales,15-24,Unemployed total,72.89
2019-01-01,2019,1,New South Wales,15-24,Unemployment rate,10.43
2019-01-01,2019,1,New South Wales,15-24,Labour force total,699.21
2019-01-01,2019,1,New South Wales,15-24,Participation rate,68.59
2019-01-01,2019,1,Victoria,15-24,Employed total,500.02
2019-01-01,2019,1,Victoria,15-24,Employment to population ratio,58.75
2019-01-01,2019,1,Victoria,15-24,Unemployed total,69.7
2019-01-01,2019,1,Victoria,15-24,Unemployment rate,12.23
2019-01-01,2019,1,Victoria,15-24,Labour force total,569.71
2019-01-01,2019,1,Victoria,15-24,Participation rate,66.94
2019-01-01,2019,1,Queensland,15-24,Employed total,405.73
2019-01-01,2019,1,Queensland,15-24,Employment to population ratio,62.23
2019-01-01,2019,1,Queensland,15-24,Unemployed total,63.32
2019-01-01,2019,1,Queensland,15-24,Unemployment rate,13.5
2019-01-01,2019,1,Queensland,15-24,Labour force total,469.05
2019-01-01,2019,1,Queensland,15-24,Participation rate,71.95
2019-01-01,2019,1,South Australia,15-24,Employed total,128.46
2019-01-01,2019,1,South Australia,15-24,Employment to population ratio,58.85
2019-01-01,2019,1,South Australia,15-24,Unemployed total,23.42
2019-01-01,2019,1,South Australia,15-24,Unemployment rate,15.42
2019-01-01,2019,1,South Australia,15-24,Labour force total,151.88
2019-01-01,2019,1,South Australia,15-24,Participation rate,69.58
2019-01-01,2019,1,Western Australia,15-24,Employed total,187.38
2019-01-01,2019,1,Western Australia,15-24,Employment to population ratio,57.93
2019-01-01,2019,1,Western Australia,15-24,Unemployed total,39.13
2019-01-01,2019,1,Western Australia,15-24,Unemployment rate,17.27
2019-01-01,2019,1,Western Australia,15-24,Labour force total,226.51
2019-01-01,2019,1,Western Australia,15-24,Participation rate,70.03
2019-01-01,2019,1,Tasmania,15-24,Employed total,37.47
2019-01-01,2019,1,Tasmania,15-24,Employment to population ratio,58.01
2019-01-01,2019,1,Tasmania,15-24,Unemployed total,8.51
2019-01-01,2019,1,Tasmania,15-24,Unemployment rate,18.5
2019-01-01,2019,1,Tasmania,15-24,Labour force total,45.98
2019-01-01,2019,1,Tasmania,15-24,Participation rate,71.18
2019-01-01,2019,1,Northern Territory,15-24,Employed total,17.18
2019-01-01,2019,1,Northern Territory,15-24,Employment to population ratio,54.99
2019-01-01,2019,1,Northern Territory,15-24,Unemployed total,2.32
2019-01-01,2019,1,Northern Territory,15-24,Unemployment rate,11.91
2019-01-01,2019,1,Northern Territory,15-24,Labour force total,19.5
2019-01-01,2019,1,Northern Territory,15-24,Participation rate,62.42
2019-01-01,2019,1,Australian Capital Territory,15-24,Employed total,39.64
2019-01-01,2019,1,Australian Capital Territory,15-24,Employment to population ratio,65.69
2019-01-01,2019,1,Australian Capital Territory,15-24,Unemployed total,4.19
2019-01-01,2019,1,Australian Capital Territory,15-24,Unemployment rate,9.55
2019-01-01,2019,1,Australian Capital Territory,15-24,Labour force total,43.82
2019-01-01,2019,1,Australian Capital Territory,15-24,Participation rate,72.63
2019-02-01,2019,2,Australia,15-24,Employed total,1957.21
2019-02-01,2019,2,Australia,15-24,Employment to population ratio,60.63
2019-02-01,2019,2,Australia,15-24,Unemployed total,270.04
2019-02-01,2019,2,Australia,15-24,Unemployment rate,12.12
2019-02-01,2019,2,Australia,15-24,Labour force total,2227.25
2019-02-01,2019,2,Australia,15-24,Participation rate,69.0
2019-02-01,2019,2,New South Wales,15-24,Employed total,624.29
2019-02-01,2019,2,New South Wales,15-24,Employment to population ratio,61.13
2019-02-01,2019,2,New South Wales,15-24,Unemployed total,72.71
2019-02-01,2019,2,New South Wales,15-24,Unemployment rate,10.43
2019-02-01,2019,2,New South Wales,15-24,Labour force total,696.99
2019-02-01,2019,2,New South Wales,15-24,Participation rate,68.24
2019-02-01,2019,2,Victoria,15-24,Employed total,515.48
2019-02-01,2019,2,Victoria,15-24,Employment to population ratio,60.35
2019-02-01,2019,2,Victoria,15-24,Unemployed total,67.21
2019-02-01,2019,2,Victoria,15-24,Unemployment rate,11.53
2019-02-01,2019,2,Victoria,15-24,Labour force total,582.69
2019-02-01,2019,2,Victoria,15-24,Participation rate,68.22
2019-02-01,2019,2,Queensland,15-24,Employed total,409.96
2019-02-01,2019,2,Queensland,15-24,Employment to population ratio,62.75
2019-02-01,2019,2,Queensland,15-24,Unemployed total,59.09
2019-02-01,2019,2,Queensland,15-24,Unemployment rate,12.6
2019-02-01,2019,2,Queensland,15-24,Labour force total,469.05
2019-02-01,2019,2,Queensland,15-24,Participation rate,71.8
2019-02-01,2019,2,South Australia,15-24,Employed total,128.1
2019-02-01,2019,2,South Australia,15-24,Employment to population ratio,58.56
2019-02-01,2019,2,South Australia,15-24,Unemployed total,23.23
2019-02-01,2019,2,South Australia,15-24,Unemployment rate,15.35
2019-02-01,2019,2,South Australia,15-24,Labour force total,151.33
2019-02-01,2019,2,South Australia,15-24,Participation rate,69.18
2019-02-01,2019,2,Western Australia,15-24,Employed total,185.64
2019-02-01,2019,2,Western Australia,15-24,Employment to population ratio,57.29
2019-02-01,2019,2,Western Australia,15-24,Unemployed total,32.96
2019-02-01,2019,2,Western Australia,15-24,Unemployment rate,15.08
2019-02-01,2019,2,Western Australia,15-24,Labour force total,218.6
2019-02-01,2019,2,Western Australia,15-24,Participation rate,67.45
2019-02-01,2019,2,Tasmania,15-24,Employed total,37.52
2019-02-01,2019,2,Tasmania,15-24,Employment to population ratio,58.05
2019-02-01,2019,2,Tasmania,15-24,Unemployed total,7.91
2019-02-01,2019,2,Tasmania,15-24,Unemployment rate,17.41
2019-02-01,2019,2,Tasmania,15-24,Labour force total,45.44
2019-02-01,2019,2,Tasmania,15-24,Participation rate,70.29
2019-02-01,2019,2,Northern Territory,15-24,Employed total,17.54
2019-02-01,2019,2,Northern Territory,15-24,Employment to population ratio,55.97
2019-02-01,2019,2,Northern Territory,15-24,Unemployed total,3.26
2019-02-01,2019,2,Northern Territory,15-24,Unemployment rate,15.68
2019-02-01,2019,2,Northern Territory,15-24,Labour force total,20.8
2019-02-01,2019,2,Northern Territory,15-24,Participation rate,66.38
2019-02-01,2019,2,Australian Capital Territory,15-24,Employed total,38.68
2019-02-01,2019,2,Australian Capital Territory,15-24,Employment to population ratio,63.99
2019-02-01,2019,2,Australian Capital Territory,15-24,Unemployed total,3.67
2019-02-01,2019,2,Australian Capital Territory,15-24,Unemployment rate,8.67
2019-02-01,2019,2,Australian Capital Territory,15-24,Labour force total,42.35
2019-02-01,2019,2,Australian Capital Territory,15-24,Participation rate,70.07
2019-03-01,2019,3,Australia,15-24,Employed total,1927.67
2019-03-01,2019,3,Australia,15-24,Employment to population ratio,59.58
2019-03-01,2019,3,Australia,15-24,Unemployed total,285.42
2019-03-01,2019,3,Australia,15-24,Unemployment rate,12.9
2019-03-01,2019,3,Australia,15-24,Labour force total,2213.09
2019-03-01,2019,3,Australia,15-24,Participation rate,68.4
2019-03-01,2019,3,New South Wales,15-24,Employed total,608.97
2019-03-01,2019,3,New South Wales,15-24,Employment to population ratio,59.51
2019-03-01,2019,3,New South Wales,15-24,Unemployed total,79.25
2019-03-01,2019,3,New South Wales,15-24,Unemployment rate,11.52
2019-03-01,2019,3,New South Wales,15-24,Labour force total,688.23
2019-03-01,2019,3,New South Wales,15-24,Participation rate,67.26
2019-03-01,2019,3,Victoria,15-24,Employed total,509.4
2019-03-01,2019,3,Victoria,15-24,Employment to population ratio,59.43
2019-03-01,2019,3,Victoria,15-24,Unemployed total,66.68
2019-03-01,2019,3,Victoria,15-24,Unemployment rate,11.57
2019-03-01,2019,3,Victoria,15-24,Labour force total,576.08
2019-03-01,2019,3,Victoria,15-24,Participation rate,67.2
2019-03-01,2019,3,Queensland,15-24,Employed total,396.57
2019-03-01,2019,3,Queensland,15-24,Employment to population ratio,60.58
2019-03-01,2019,3,Queensland,15-24,Unemployed total,70.68
2019-03-01,2019,3,Queensland,15-24,Unemployment rate,15.13
2019-03-01,2019,3,Queensland,15-24,Labour force total,467.26
2019-03-01,2019,3,Queensland,15-24,Participation rate,71.38
2019-03-01,2019,3,South Australia,15-24,Employed total,131.68
2019-03-01,2019,3,South Australia,15-24,Employment to population ratio,60.07
2019-03-01,2019,3,South Australia,15-24,Unemployed total,23.42
2019-03-01,2019,3,South Australia,15-24,Unemployment rate,15.1
2019-03-01,2019,3,South Australia,15-24,Labour force total,155.1
2019-03-01,2019,3,South Australia,15-24,Participation rate,70.75
2019-03-01,2019,3,Western Australia,15-24,Employed total,188.18
2019-03-01,2019,3,Western Australia,15-24,Employment to population ratio,57.96
2019-03-01,2019,3,Western Australia,15-24,Unemployed total,30.86
2019-03-01,2019,3,Western Australia,15-24,Unemployment rate,14.09
2019-03-01,2019,3,Western Australia,15-24,Labour force total,219.04
2019-03-01,2019,3,Western Australia,15-24,Participation rate,67.47
2019-03-01,2019,3,Tasmania,15-24,Employed total,36.83
2019-03-01,2019,3,Tasmania,15-24,Employment to population ratio,56.93
2019-03-01,2019,3,Tasmania,15-24,Unemployed total,7.82
2019-03-01,2019,3,Tasmania,15-24,Unemployment rate,17.5
2019-03-01,2019,3,Tasmania,15-24,Labour force total,44.65
2019-03-01,2019,3,Tasmania,15-24,Participation rate,69.01
2019-03-01,2019,3,Northern Territory,15-24,Employed total,17.83
2019-03-01,2019,3,Northern Territory,15-24,Employment to population ratio,56.68
2019-03-01,2019,3,Northern Territory,15-24,Unemployed total,2.36
2019-03-01,2019,3,Northern Territory,15-24,Unemployment rate,11.7
2019-03-01,2019,3,Northern Territory,15-24,Labour force total,20.19
2019-03-01,2019,3,Northern Territory,15-24,Participation rate,64.19
2019-03-01,2019,3,Australian Capital Territory,15-24,Employed total,38.2
2019-03-01,2019,3,Australian Capital Territory,15-24,Employment to population ratio,63.1
2019-03-01,2019,3,Australian Capital Territory,15-24,Unemployed total,4.35
2019-03-01,2019,3,Australian Capital Territory,15-24,Unemployment rate,10.23
2019-03-01,2019,3,Australian Capital Territory,15-24,Labour force total,42.55
2019-03-01,2019,3,Australian Capital Territory,15-24,Participation rate,70.29
2019-04-01,2019,4,Australia,15-24,Employed total,1935.82
2019-04-01,2019,4,Australia,15-24,Employment to population ratio,59.91
2019-04-01,2019,4,Australia,15-24,Unemployed total,264.51
2019-04-01,2019,4,Australia,15-24,Unemployment rate,12.02
2019-04-01,2019,4,Australia,15-24,Labour force total,2200.33
2019-04-01,2019,4,Australia,15-24,Participation rate,68.1
2019-04-01,2019,4,New South Wales,15-24,Employed total,623.7
2019-04-01,2019,4,New South Wales,15-24,Employment to population ratio,61.06
2019-04-01,2019,4,New South Wales,15-24,Unemployed total,64.74
2019-04-01,2019,4,New South Wales,15-24,Unemployment rate,9.4
2019-04-01,2019,4,New South Wales,15-24,Labour force total,688.44
2019-04-01,2019,4,New South Wales,15-24,Participation rate,67.4
2019-04-01,2019,4,Victoria,15-24,Employed total,495.03
2019-04-01,2019,4,Victoria,15-24,Employment to population ratio,57.87
2019-04-01,2019,4,Victoria,15-24,Unemployed total,68.94
2019-04-01,2019,4,Victoria,15-24,Unemployment rate,12.22
2019-04-01,2019,4,Victoria,15-24,Labour force total,563.96
2019-04-01,2019,4,Victoria,15-24,Participation rate,65.93
2019-04-01,2019,4,Queensland,15-24,Employed total,401.52
2019-04-01,2019,4,Queensland,15-24,Employment to population ratio,61.37
2019-04-01,2019,4,Queensland,15-24,Unemployed total,63.75
2019-04-01,2019,4,Queensland,15-24,Unemployment rate,13.7
2019-04-01,2019,4,Queensland,15-24,Labour force total,465.27
2019-04-01,2019,4,Queensland,15-24,Participation rate,71.12
2019-04-01,2019,4,South Australia,15-24,Employed total,128.25
2019-04-01,2019,4,South Australia,15-24,Employment to population ratio,58.56
2019-04-01,2019,4,South Australia,15-24,Unemployed total,22.5
2019-04-01,2019,4,South Australia,15-24,Unemployment rate,14.93
2019-04-01,2019,4,South Australia,15-24,Labour force total,150.75
2019-04-01,2019,4,South Australia,15-24,Participation rate,68.83
2019-04-01,2019,4,Western Australia,15-24,Employed total,193.64
2019-04-01,2019,4,Western Australia,15-24,Employment to population ratio,59.67
2019-04-01,2019,4,Western Australia,15-24,Unemployed total,30.18
2019-04-01,2019,4,Western Australia,15-24,Unemployment rate,13.48
2019-04-01,2019,4,Western Australia,15-24,Labour force total,223.82
2019-04-01,2019,4,Western Australia,15-24,Participation rate,68.97
2019-04-01,2019,4,Tasmania,15-24,Employed total,37.82
2019-04-01,2019,4,Tasmania,15-24,Employment to population ratio,58.54
2019-04-01,2019,4,Tasmania,15-24,Unemployed total,6.46
2019-04-01,2019,4,Tasmania,15-24,Unemployment rate,14.58
2019-04-01,2019,4,Tasmania,15-24,Labour force total,44.27
2019-04-01,2019,4,Tasmania,15-24,Participation rate,68.54
2019-04-01,2019,4,Northern Territory,15-24,Employed total,17.51
2019-04-01,2019,4,Northern Territory,15-24,Employment to population ratio,55.61
2019-04-01,2019,4,Northern Territory,15-24,Unemployed total,2.59
2019-04-01,2019,4,Northern Territory,15-24,Unemployment rate,12.9
2019-04-01,2019,4,Northern Territory,15-24,Labour force total,20.11
2019-04-01,2019,4,Northern Territory,15-24,Participation rate,63.84
2019-04-01,2019,4,Australian Capital Territory,15-24,Employed total,38.35
2019-04-01,2019,4,Australian Capital Territory,15-24,Employment to population ratio,63.51
2019-04-01,2019,4,Australian Capital Territory,15-24,Unemployed total,5.35
2019-04-01,2019,4,Australian Capital Territory,15-24,Unemployment rate,12.25
2019-04-01,2019,4,Australian Capital Territory,15-24,Labour force total,43.7
2019-04-01,2019,4,Australian Capital Territory,15-24,Participation rate,72.37
2019-05-01,2019,5,Australia,15-24,Employed total,1936.55
2019-05-01,2019,5,Australia,15-24,Employment to population ratio,60.02
2019-05-01,2019,5,Australia,15-24,Unemployed total,251.44
2019-05-01,2019,5,Australia,15-24,Unemployment rate,11.49
2019-05-01,2019,5,Australia,15-24,Labour force total,2187.99
2019-05-01,2019,5,Australia,15-24,Participation rate,67.81
2019-05-01,2019,5,New South Wales,15-24,Employed total,618.43
2019-05-01,2019,5,New South Wales,15-24,Employment to population ratio,60.65
2019-05-01,2019,5,New South Wales,15-24,Unemployed total,70.55
2019-05-01,2019,5,New South Wales,15-24,Unemployment rate,10.24
2019-05-01,2019,5,New South Wales,15-24,Labour force total,688.98
2019-05-01,2019,5,New South Wales,15-24,Participation rate,67.57
2019-05-01,2019,5,Victoria,15-24,Employed total,508.48
2019-05-01,2019,5,Victoria,15-24,Employment to population ratio,59.58
2019-05-01,2019,5,Victoria,15-24,Unemployed total,54.37
2019-05-01,2019,5,Victoria,15-24,Unemployment rate,9.66
2019-05-01,2019,5,Victoria,15-24,Labour force total,562.84
2019-05-01,2019,5,Victoria,15-24,Participation rate,65.95
2019-05-01,2019,5,Queensland,15-24,Employed total,401.5
2019-05-01,2019,5,Queensland,15-24,Employment to population ratio,61.4
2019-05-01,2019,5,Queensland,15-24,Unemployed total,64.42
2019-05-01,2019,5,Queensland,15-24,Unemployment rate,13.83
2019-05-01,2019,5,Queensland,15-24,Labour force total,465.92
2019-05-01,2019,5,Queensland,15-24,Participation rate,71.25
2019-05-01,2019,5,South Australia,15-24,Employed total,129.44
2019-05-01,2019,5,South Australia,15-24,Employment to population ratio,59.16
2019-05-01,2019,5,South Australia,15-24,Unemployed total,17.59
2019-05-01,2019,5,South Australia,15-24,Unemployment rate,11.96
2019-05-01,2019,5,South Australia,15-24,Labour force total,147.03
2019-05-01,2019,5,South Australia,15-24,Participation rate,67.2
2019-05-01,2019,5,Western Australia,15-24,Employed total,185.41
2019-05-01,2019,5,Western Australia,15-24,Employment to population ratio,57.15
2019-05-01,2019,5,Western Australia,15-24,Unemployed total,30.8
2019-05-01,2019,5,Western Australia,15-24,Unemployment rate,14.24
2019-05-01,2019,5,Western Australia,15-24,Labour force total,216.21
2019-05-01,2019,5,Western Australia,15-24,Participation rate,66.65
2019-05-01,2019,5,Tasmania,15-24,Employed total,38.39
2019-05-01,2019,5,Tasmania,15-24,Employment to population ratio,59.52
2019-05-01,2019,5,Tasmania,15-24,Unemployed total,6.03
2019-05-01,2019,5,Tasmania,15-24,Unemployment rate,13.57
2019-05-01,2019,5,Tasmania,15-24,Labour force total,44.41
2019-05-01,2019,5,Tasmania,15-24,Participation rate,68.87
2019-05-01,2019,5,Northern Territory,15-24,Employed total,16.66
2019-05-01,2019,5,Northern Territory,15-24,Employment to population ratio,52.83
2019-05-01,2019,5,Northern Territory,15-24,Unemployed total,2.82
2019-05-01,2019,5,Northern Territory,15-24,Unemployment rate,14.47
2019-05-01,2019,5,Northern Territory,15-24,Labour force total,19.48
2019-05-01,2019,5,Northern Territory,15-24,Participation rate,61.76
2019-05-01,2019,5,Australian Capital Territory,15-24,Employed total,38.25
2019-05-01,2019,5,Australian Capital Territory,15-24,Employment to population ratio,63.51
2019-05-01,2019,5,Australian Capital Territory,15-24,Unemployed total,4.87
2019-05-01,2019,5,Australian Capital Territory,15-24,Unemployment rate,11.3
2019-05-01,2019,5,Australian Capital Territory,15-24,Labour force total,43.12
2019-05-01,2019,5,Australian Capital Territory,15-24,Participation rate,71.6
2019-06-01,2019,6,Australia,15-24,Employed total,1913.28
2019-06-01,2019,6,Australia,15-24,Employment to population ratio,59.38
2019-06-01,2019,6,Australia,15-24,Unemployed total,250.35
2019-06-01,2019,6,Australia,15-24,Unemployment rate,11.57
2019-06-01,2019,6,Australia,15-24,Labour force total,2163.63
2019-06-01,2019,6,Australia,15-24,Participation rate,67.15
2019-06-01,2019,6,New South Wales,15-24,Employed total,607.49
2019-06-01,2019,6,New South Wales,15-24,Employment to population ratio,59.68
2019-06-01,2019,6,New South Wales,15-24,Unemployed total,69.26
2019-06-01,2019,6,New South Wales,15-24,Unemployment rate,10.23
2019-06-01,2019,6,New South Wales,15-24,Labour force total,676.75
2019-06-01,2019,6,New South Wales,15-24,Participation rate,66.48
2019-06-01,2019,6,Victoria,15-24,Employed total,497.27
2019-06-01,2019,6,Victoria,15-24,Employment to population ratio,58.39
2019-06-01,2019,6,Victoria,15-24,Unemployed total,55.6
2019-06-01,2019,6,Victoria,15-24,Unemployment rate,10.06
2019-06-01,2019,6,Victoria,15-24,Labour force total,552.87
2019-06-01,2019,6,Victoria,15-24,Participation rate,64.92
2019-06-01,2019,6,Queensland,15-24,Employed total,391.81
2019-06-01,2019,6,Queensland,15-24,Employment to population ratio,59.94
2019-06-01,2019,6,Queensland,15-24,Unemployed total,70.09
2019-06-01,2019,6,Queensland,15-24,Unemployment rate,15.17
2019-06-01,2019,6,Queensland,15-24,Labour force total,461.9
2019-06-01,2019,6,Queensland,15-24,Participation rate,70.67
2019-06-01,2019,6,South Australia,15-24,Employed total,128.42
2019-06-01,2019,6,South Australia,15-24,Employment to population ratio,58.75
2019-06-01,2019,6,South Australia,15-24,Unemployed total,19.42
2019-06-01,2019,6,South Australia,15-24,Unemployment rate,13.14
2019-06-01,2019,6,South Australia,15-24,Labour force total,147.84
2019-06-01,2019,6,South Australia,15-24,Participation rate,67.64
2019-06-01,2019,6,Western Australia,15-24,Employed total,191.61
2019-06-01,2019,6,Western Australia,15-24,Employment to population ratio,59.09
2019-06-01,2019,6,Western Australia,15-24,Unemployed total,24.84
2019-06-01,2019,6,Western Australia,15-24,Unemployment rate,11.48
2019-06-01,2019,6,Western Australia,15-24,Labour force total,216.45
2019-06-01,2019,6,Western Australia,15-24,Participation rate,66.75
2019-06-01,2019,6,Tasmania,15-24,Employed total,37.68
2019-06-01,2019,6,Tasmania,15-24,Employment to population ratio,58.53
2019-06-01,2019,6,Tasmania,15-24,Unemployed total,5.98
2019-06-01,2019,6,Tasmania,15-24,Unemployment rate,13.7
2019-06-01,2019,6,Tasmania,15-24,Labour force total,43.67
2019-06-01,2019,6,Tasmania,15-24,Participation rate,67.82
2019-06-01,2019,6,Northern Territory,15-24,Employed total,17.64
2019-06-01,2019,6,Northern Territory,15-24,Employment to population ratio,55.85
2019-06-01,2019,6,Northern Territory,15-24,Unemployed total,3.01
2019-06-01,2019,6,Northern Territory,15-24,Unemployment rate,14.58
2019-06-01,2019,6,Northern Territory,15-24,Labour force total,20.65
2019-06-01,2019,6,Northern Territory,15-24,Participation rate,65.38
2019-06-01,2019,6,Australian Capital Territory,15-24,Employed total,41.35
2019-06-01,2019,6,Australian Capital Territory,15-24,Employment to population ratio,68.84
2019-06-01,2019,6,Australian Capital Territory,15-24,Unemployed total,2.15
2019-06-01,2019,6,Australian Capital Territory,15-24,Unemployment rate,4.94
2019-06-01,2019,6,Australian Capital Territory,15-24,Labour force total,43.5
2019-06-01,2019,6,Australian Capital Territory,15-24,Participation rate,72.41
2019-07-01,2019,7,Australia,15-24,Employed total,1918.19
2019-07-01,2019,7,Australia,15-24,Employment to population ratio,59.52
2019-07-01,2019,7,Australia,15-24,Unemployed total,253.79
2019-07-01,2019,7,Australia,15-24,Unemployment rate,11.68
2019-07-01,2019,7,Australia,15-24,Labour force total,2171.98
2019-07-01,2019,7,Australia,15-24,Participation rate,67.39
2019-07-01,2019,7,New South Wales,15-24,Employed total,606.68
2019-07-01,2019,7,New South Wales,15-24,Employment to population ratio,59.62
2019-07-01,2019,7,New South Wales,15-24,Unemployed total,65.06
2019-07-01,2019,7,New South Wales,15-24,Unemployment rate,9.69
2019-07-01,2019,7,New South Wales,15-24,Labour force total,671.74
2019-07-01,2019,7,New South Wales,15-24,Participation rate,66.01
2019-07-01,2019,7,Victoria,15-24,Employed total,505.57
2019-07-01,2019,7,Victoria,15-24,Employment to population ratio,59.35
2019-07-01,2019,7,Victoria,15-24,Unemployed total,52.73
2019-07-01,2019,7,Victoria,15-24,Unemployment rate,9.45
2019-07-01,2019,7,Victoria,15-24,Labour force total,558.3
2019-07-01,2019,7,Victoria,15-24,Participation rate,65.54
2019-07-01,2019,7,Queensland,15-24,Employed total,395.34
2019-07-01,2019,7,Queensland,15-24,Employment to population ratio,60.45
2019-07-01,2019,7,Queensland,15-24,Unemployed total,70.39
2019-07-01,2019,7,Queensland,15-24,Unemployment rate,15.11
2019-07-01,2019,7,Queensland,15-24,Labour force total,465.74
2019-07-01,2019,7,Queensland,15-24,Participation rate,71.21
2019-07-01,2019,7,South Australia,15-24,Employed total,126.93
2019-07-01,2019,7,South Australia,15-24,Employment to population ratio,58.07
2019-07-01,2019,7,South Australia,15-24,Unemployed total,24.89
2019-07-01,2019,7,South Australia,15-24,Unemployment rate,16.4
2019-07-01,2019,7,South Australia,15-24,Labour force total,151.82
2019-07-01,2019,7,South Australia,15-24,Participation rate,69.46
2019-07-01,2019,7,Western Australia,15-24,Employed total,188.69
2019-07-01,2019,7,Western Australia,15-24,Employment to population ratio,58.1
2019-07-01,2019,7,Western Australia,15-24,Unemployed total,27.89
2019-07-01,2019,7,Western Australia,15-24,Unemployment rate,12.88
2019-07-01,2019,7,Western Australia,15-24,Labour force total,216.58
2019-07-01,2019,7,Western Australia,15-24,Participation rate,66.69
2019-07-01,2019,7,Tasmania,15-24,Employed total,38.15
2019-07-01,2019,7,Tasmania,15-24,Employment to population ratio,59.34
2019-07-01,2019,7,Tasmania,15-24,Unemployed total,5.52
2019-07-01,2019,7,Tasmania,15-24,Unemployment rate,12.64
2019-07-01,2019,7,Tasmania,15-24,Labour force total,43.67
2019-07-01,2019,7,Tasmania,15-24,Participation rate,67.93
2019-07-01,2019,7,Northern Territory,15-24,Employed total,17.8
2019-07-01,2019,7,Northern Territory,15-24,Employment to population ratio,56.44
2019-07-01,2019,7,Northern Territory,15-24,Unemployed total,3.2
2019-07-01,2019,7,Northern Territory,15-24,Unemployment rate,15.25
2019-07-01,2019,7,Northern Territory,15-24,Labour force total,21.0
2019-07-01,2019,7,Northern Territory,15-24,Participation rate,66.59
2019-07-01,2019,7,Australian Capital Territory,15-24,Employed total,39.04
2019-07-01,2019,7,Australian Capital Territory,15-24,Employment to population ratio,64.9
2019-07-01,2019,7,Australian Capital Territory,15-24,Unemployed total,4.1
2019-07-01,2019,7,Australian Capital Territory,15-24,Unemployment rate,9.5
2019-07-01,2019,7,Australian Capital Territory,15-24,Labour force total,43.13
2019-07-01,2019,7,Australian Capital Territory,15-24,Participation rate,71.71
2019-08-01,2019,8,Australia,15-24,Employed total,1881.93
2019-08-01,2019,8,Australia,15-24,Employment to population ratio,58.38
2019-08-01,2019,8,Australia,15-24,Unemployed total,249.7
2019-08-01,2019,8,Australia,15-24,Unemployment rate,11.71
2019-08-01,2019,8,Australia,15-24,Labour force total,2131.62
2019-08-01,2019,8,Australia,15-24,Participation rate,66.13
2019-08-01,2019,8,New South Wales,15-24,Employed total,600.8
2019-08-01,2019,8,New South Wales,15-24,Employment to population ratio,59.06
2019-08-01,2019,8,New South Wales,15-24,Unemployed total,64.87
2019-08-01,2019,8,New South Wales,15-24,Unemployment rate,9.74
2019-08-01,2019,8,New South Wales,15-24,Labour force total,665.66
2019-08-01,2019,8,New South Wales,15-24,Participation rate,65.44
2019-08-01,2019,8,Victoria,15-24,Employed total,500.76
2019-08-01,2019,8,Victoria,15-24,Employment to population ratio,58.76
2019-08-01,2019,8,Victoria,15-24,Unemployed total,48.73
2019-08-01,2019,8,Victoria,15-24,Unemployment rate,8.87
2019-08-01,2019,8,Victoria,15-24,Labour force total,549.49
2019-08-01,2019,8,Victoria,15-24,Participation rate,64.48
2019-08-01,2019,8,Queensland,15-24,Employed total,381.74
2019-08-01,2019,8,Queensland,15-24,Employment to population ratio,58.33
2019-08-01,2019,8,Queensland,15-24,Unemployed total,67.23
2019-08-01,2019,8,Queensland,15-24,Unemployment rate,14.97
2019-08-01,2019,8,Queensland,15-24,Labour force total,448.97
2019-08-01,2019,8,Queensland,15-24,Participation rate,68.6
2019-08-01,2019,8,South Australia,15-24,Employed total,123.0
2019-08-01,2019,8,South Australia,15-24,Employment to population ratio,56.27
2019-08-01,2019,8,South Australia,15-24,Unemployed total,24.04
2019-08-01,2019,8,South Australia,15-24,Unemployment rate,16.35
2019-08-01,2019,8,South Australia,15-24,Labour force total,147.04
2019-08-01,2019,8,South Australia,15-24,Participation rate,67.27
2019-08-01,2019,8,Western Australia,15-24,Employed total,182.57
2019-08-01,2019,8,Western Australia,15-24,Employment to population ratio,56.13
2019-08-01,2019,8,Western Australia,15-24,Unemployed total,31.29
2019-08-01,2019,8,Western Australia,15-24,Unemployment rate,14.63
2019-08-01,2019,8,Western Australia,15-24,Labour force total,213.86
2019-08-01,2019,8,Western Australia,15-24,Participation rate,65.75
2019-08-01,2019,8,Tasmania,15-24,Employed total,37.49
2019-08-01,2019,8,Tasmania,15-24,Employment to population ratio,58.41
2019-08-01,2019,8,Tasmania,15-24,Unemployed total,6.18
2019-08-01,2019,8,Tasmania,15-24,Unemployment rate,14.15
2019-08-01,2019,8,Tasmania,15-24,Labour force total,43.67
2019-08-01,2019,8,Tasmania,15-24,Participation rate,68.03
2019-08-01,2019,8,Northern Territory,15-24,Employed total,17.18
2019-08-01,2019,8,Northern Territory,15-24,Employment to population ratio,54.52
2019-08-01,2019,8,Northern Territory,15-24,Unemployed total,2.82
2019-08-01,2019,8,Northern Territory,15-24,Unemployment rate,14.11
2019-08-01,2019,8,Northern Territory,15-24,Labour force total,20.0
2019-08-01,2019,8,Northern Territory,15-24,Participation rate,63.48
2019-08-01,2019,8,Australian Capital Territory,15-24,Employed total,38.4
2019-08-01,2019,8,Australian Capital Territory,15-24,Employment to population ratio,63.75
2019-08-01,2019,8,Australian Capital Territory,15-24,Unemployed total,4.53
2019-08-01,2019,8,Australian Capital Territory,15-24,Unemployment rate,10.56
2019-08-01,2019,8,Australian Capital Territory,15-24,Labour force total,42.93
2019-08-01,2019,8,Australian Capital Territory,15-24,Participation rate,71.28
2019-09-01,2019,9,Australia,15-24,Employed total,1897.81
2019-09-01,2019,9,Australia,15-24,Employment to population ratio,58.86
2019-09-01,2019,9,Australia,15-24,Unemployed total,245.45
2019-09-01,2019,9,Australia,15-24,Unemployment rate,11.45
2019-09-01,2019,9,Australia,15-24,Labour force total,2143.26
2019-09-01,2019,9,Australia,15-24,Participation rate,66.47
2019-09-01,2019,9,New South Wales,15-24,Employed total,598.06
2019-09-01,2019,9,New South Wales,15-24,Employment to population ratio,58.81
2019-09-01,2019,9,New South Wales,15-24,Unemployed total,67.26
2019-09-01,2019,9,New South Wales,15-24,Unemployment rate,10.11
2019-09-01,2019,9,New South Wales,15-24,Labour force total,665.32
2019-09-01,2019,9,New South Wales,15-24,Participation rate,65.42
2019-09-01,2019,9,Victoria,15-24,Employed total,493.25
2019-09-01,2019,9,Victoria,15-24,Employment to population ratio,57.86
2019-09-01,2019,9,Victoria,15-24,Unemployed total,50.99
2019-09-01,2019,9,Victoria,15-24,Unemployment rate,9.37
2019-09-01,2019,9,Victoria,15-24,Labour force total,544.24
2019-09-01,2019,9,Victoria,15-24,Participation rate,63.84
2019-09-01,2019,9,Queensland,15-24,Employed total,395.75
2019-09-01,2019,9,Queensland,15-24,Employment to population ratio,60.43
2019-09-01,2019,9,Queensland,15-24,Unemployed total,66.6
2019-09-01,2019,9,Queensland,15-24,Unemployment rate,14.41
2019-09-01,2019,9,Queensland,15-24,Labour force total,462.35
2019-09-01,2019,9,Queensland,15-24,Participation rate,70.6
2019-09-01,2019,9,South Australia,15-24,Employed total,126.76
2019-09-01,2019,9,South Australia,15-24,Employment to population ratio,57.99
2019-09-01,2019,9,South Australia,15-24,Unemployed total,18.26
2019-09-01,2019,9,South Australia,15-24,Unemployment rate,12.59
2019-09-01,2019,9,South Australia,15-24,Labour force total,145.01
2019-09-01,2019,9,South Australia,15-24,Participation rate,66.34
2019-09-01,2019,9,Western Australia,15-24,Employed total,187.93
2019-09-01,2019,9,Western Australia,15-24,Employment to population ratio,57.7
2019-09-01,2019,9,Western Australia,15-24,Unemployed total,30.11
2019-09-01,2019,9,Western Australia,15-24,Unemployment rate,13.81
2019-09-01,2019,9,Western Australia,15-24,Labour force total,218.04
2019-09-01,2019,9,Western Australia,15-24,Participation rate,66.94
2019-09-01,2019,9,Tasmania,15-24,Employed total,38.62
2019-09-01,2019,9,Tasmania,15-24,Employment to population ratio,60.26
2019-09-01,2019,9,Tasmania,15-24,Unemployed total,5.01
2019-09-01,2019,9,Tasmania,15-24,Unemployment rate,11.48
2019-09-01,2019,9,Tasmania,15-24,Labour force total,43.62
2019-09-01,2019,9,Tasmania,15-24,Participation rate,68.08
2019-09-01,2019,9,Northern Territory,15-24,Employed total,17.14
2019-09-01,2019,9,Northern Territory,15-24,Employment to population ratio,54.5
2019-09-01,2019,9,Northern Territory,15-24,Unemployed total,3.37
2019-09-01,2019,9,Northern Territory,15-24,Unemployment rate,16.44
2019-09-01,2019,9,Northern Territory,15-24,Labour force total,20.52
2019-09-01,2019,9,Northern Territory,15-24,Participation rate,65.22
2019-09-01,2019,9,Australian Capital Territory,15-24,Employed total,40.31
2019-09-01,2019,9,Australian Capital Territory,15-24,Employment to population ratio,66.84
2019-09-01,2019,9,Australian Capital Territory,15-24,Unemployed total,3.85
2019-09-01,2019,9,Australian Capital Territory,15-24,Unemployment rate,8.71
2019-09-01,2019,9,Australian Capital Territory,15-24,Labour force total,44.16
2019-09-01,2019,9,Australian Capital Territory,15-24,Participation rate,73.22
2019-10-01,2019,10,Australia,15-24,Employed total,1892.35
2019-10-01,2019,10,Australia,15-24,Employment to population ratio,58.86
2019-10-01,2019,10,Australia,15-24,Unemployed total,253.75
2019-10-01,2019,10,Australia,15-24,Unemployment rate,11.82
2019-10-01,2019,10,Australia,15-24,Labour force total,2146.1
2019-10-01,2019,10,Australia,15-24,Participation rate,66.76
2019-10-01,2019,10,New South Wales,15-24,Employed total,594.68
2019-10-01,2019,10,New South Wales,15-24,Employment to population ratio,58.67
2019-10-01,2019,10,New South Wales,15-24,Unemployed total,73.82
2019-10-01,2019,10,New South Wales,15-24,Unemployment rate,11.04
2019-10-01,2019,10,New South Wales,15-24,Labour force total,668.5
2019-10-01,2019,10,New South Wales,15-24,Participation rate,65.95
2019-10-01,2019,10,Victoria,15-24,Employed total,492.08
2019-10-01,2019,10,Victoria,15-24,Employment to population ratio,57.96
2019-10-01,2019,10,Victoria,15-24,Unemployed total,51.61
2019-10-01,2019,10,Victoria,15-24,Unemployment rate,9.49
2019-10-01,2019,10,Victoria,15-24,Labour force total,543.69
2019-10-01,2019,10,Victoria,15-24,Participation rate,64.04
2019-10-01,2019,10,Queensland,15-24,Employed total,391.06
2019-10-01,2019,10,Queensland,15-24,Employment to population ratio,59.84
2019-10-01,2019,10,Queensland,15-24,Unemployed total,68.88
2019-10-01,2019,10,Queensland,15-24,Unemployment rate,14.98
2019-10-01,2019,10,Queensland,15-24,Labour force total,459.94
2019-10-01,2019,10,Queensland,15-24,Participation rate,70.38
2019-10-01,2019,10,South Australia,15-24,Employed total,127.67
2019-10-01,2019,10,South Australia,15-24,Employment to population ratio,58.58
2019-10-01,2019,10,South Australia,15-24,Unemployed total,16.82
2019-10-01,2019,10,South Australia,15-24,Unemployment rate,11.64
2019-10-01,2019,10,South Australia,15-24,Labour force total,144.49
2019-10-01,2019,10,South Australia,15-24,Participation rate,66.29
2019-10-01,2019,10,Western Australia,15-24,Employed total,191.15
2019-10-01,2019,10,Western Australia,15-24,Employment to population ratio,58.71
2019-10-01,2019,10,Western Australia,15-24,Unemployed total,31.18
2019-10-01,2019,10,Western Australia,15-24,Unemployment rate,14.03
2019-10-01,2019,10,Western Australia,15-24,Labour force total,222.34
2019-10-01,2019,10,Western Australia,15-24,Participation rate,68.29
2019-10-01,2019,10,Tasmania,15-24,Employed total,39.97
2019-10-01,2019,10,Tasmania,15-24,Employment to population ratio,62.5
2019-10-01,2019,10,Tasmania,15-24,Unemployed total,4.91
2019-10-01,2019,10,Tasmania,15-24,Unemployment rate,10.93
2019-10-01,2019,10,Tasmania,15-24,Labour force total,44.87
2019-10-01,2019,10,Tasmania,15-24,Participation rate,70.17
2019-10-01,2019,10,Northern Territory,15-24,Employed total,16.84
2019-10-01,2019,10,Northern Territory,15-24,Employment to population ratio,53.74
2019-10-01,2019,10,Northern Territory,15-24,Unemployed total,3.45
2019-10-01,2019,10,Northern Territory,15-24,Unemployment rate,17.02
2019-10-01,2019,10,Northern Territory,15-24,Labour force total,20.29
2019-10-01,2019,10,Northern Territory,15-24,Participation rate,64.76
2019-10-01,2019,10,Australian Capital Territory,15-24,Employed total,38.9
2019-10-01,2019,10,Australian Capital Territory,15-24,Employment to population ratio,64.88
2019-10-01,2019,10,Australian Capital Territory,15-24,Unemployed total,3.07
2019-10-01,2019,10,Australian Capital Territory,15-24,Unemployment rate,7.32
2019-10-01,2019,10,Australian Capital Territory,15-24,Labour force total,41.98
2019-10-01,2019,10,Australian Capital Territory,15-24,Participation rate,70.01
2019-11-01,2019,11,Australia,15-24,Employed total,1897.54
2019-11-01,2019,11,Australia,15-24,Employment to population ratio,59.2
2019-11-01,2019,11,Australia,15-24,Unemployed total,232.0
2019-11-01,2019,11,Australia,15-24,Unemployment rate,10.89
2019-11-01,2019,11,Australia,15-24,Labour force total,2129.54
2019-11-01,2019,11,Australia,15-24,Participation rate,66.44
2019-11-01,2019,11,New South Wales,15-24,Employed total,588.43
2019-11-01,2019,11,New South Wales,15-24,Employment to population ratio,58.25
2019-11-01,2019,11,New South Wales,15-24,Unemployed total,69.24
2019-11-01,2019,11,New South Wales,15-24,Unemployment rate,10.53
2019-11-01,2019,11,New South Wales,15-24,Labour force total,657.67
2019-11-01,2019,11,New South Wales,15-24,Participation rate,65.1
2019-11-01,2019,11,Victoria,15-24,Employed total,500.78
2019-11-01,2019,11,Victoria,15-24,Employment to population ratio,59.23
2019-11-01,2019,11,Victoria,15-24,Unemployed total,51.35
2019-11-01,2019,11,Victoria,15-24,Unemployment rate,9.3
2019-11-01,2019,11,Victoria,15-24,Labour force total,552.13
2019-11-01,2019,11,Victoria,15-24,Participation rate,65.31
2019-11-01,2019,11,Queensland,15-24,Employed total,398.82
2019-11-01,2019,11,Queensland,15-24,Employment to population ratio,61.16
2019-11-01,2019,11,Queensland,15-24,Unemployed total,56.83
2019-11-01,2019,11,Queensland,15-24,Unemployment rate,12.47
2019-11-01,2019,11,Queensland,15-24,Labour force total,455.64
2019-11-01,2019,11,Queensland,15-24,Participation rate,69.87
2019-11-01,2019,11,South Australia,15-24,Employed total,125.27
2019-11-01,2019,11,South Australia,15-24,Employment to population ratio,57.65
2019-11-01,2019,11,South Australia,15-24,Unemployed total,18.21
2019-11-01,2019,11,South Australia,15-24,Unemployment rate,12.69
2019-11-01,2019,11,South Australia,15-24,Labour force total,143.48
2019-11-01,2019,11,South Australia,15-24,Participation rate,66.03
2019-11-01,2019,11,Western Australia,15-24,Employed total,188.81
2019-11-01,2019,11,Western Australia,15-24,Employment to population ratio,58.01
2019-11-01,2019,11,Western Australia,15-24,Unemployed total,26.21
2019-11-01,2019,11,Western Australia,15-24,Unemployment rate,12.19
2019-11-01,2019,11,Western Australia,15-24,Labour force total,215.01
2019-11-01,2019,11,Western Australia,15-24,Participation rate,66.07
2019-11-01,2019,11,Tasmania,15-24,Employed total,38.83
2019-11-01,2019,11,Tasmania,15-24,Employment to population ratio,60.83
2019-11-01,2019,11,Tasmania,15-24,Unemployed total,4.73
2019-11-01,2019,11,Tasmania,15-24,Unemployment rate,10.85
2019-11-01,2019,11,Tasmania,15-24,Labour force total,43.55
2019-11-01,2019,11,Tasmania,15-24,Participation rate,68.24
2019-11-01,2019,11,Northern Territory,15-24,Employed total,16.39
2019-11-01,2019,11,Northern Territory,15-24,Employment to population ratio,52.51
2019-11-01,2019,11,Northern Territory,15-24,Unemployed total,2.88
2019-11-01,2019,11,Northern Territory,15-24,Unemployment rate,14.94
2019-11-01,2019,11,Northern Territory,15-24,Labour force total,19.27
2019-11-01,2019,11,Northern Territory,15-24,Participation rate,61.73
2019-11-01,2019,11,Australian Capital Territory,15-24,Employed total,40.23
2019-11-01,2019,11,Australian Capital Territory,15-24,Employment to population ratio,67.48
2019-11-01,2019,11,Australian Capital Territory,15-24,Unemployed total,2.56
2019-11-01,2019,11,Australian Capital Territory,15-24,Unemployment rate,5.97
2019-11-01,2019,11,Australian Capital Territory,15-24,Labour force total,42.78
2019-11-01,2019,11,Australian Capital Territory,15-24,Participation rate,71.76
2019-12-01,2019,12,Australia,15-24,Employed total,1981.86
2019-12-01,2019,12,Australia,15-24,Employment to population ratio,62.02
2019-12-01,2019,12,Australia,15-24,Unemployed total,262.03
2019-12-01,2019,12,Australia,15-24,Unemployment rate,11.68
2019-12-01,2019,12,Australia,15-24,Labour force total,2243.89
2019-12-01,2019,12,Australia,15-24,Participation rate,70.22
2019-12-01,2019,12,New South Wales,15-24,Employed total,619.61
2019-12-01,2019,12,New South Wales,15-24,Employment to population ratio,61.54
2019-12-01,2019,12,New South Wales,15-24,Unemployed total,75.58
2019-12-01,2019,12,New South Wales,15-24,Unemployment rate,10.87
2019-12-01,2019,12,New South Wales,15-24,Labour force total,695.19
2019-12-01,2019,12,New South Wales,15-24,Participation rate,69.05
2019-12-01,2019,12,Victoria,15-24,Employed total,522.05
2019-12-01,2019,12,Victoria,15-24,Employment to population ratio,62.01
2019-12-01,2019,12,Victoria,15-24,Unemployed total,64.51
2019-12-01,2019,12,Victoria,15-24,Unemployment rate,11.0
2019-12-01,2019,12,Victoria,15-24,Labour force total,586.56
2019-12-01,2019,12,Victoria,15-24,Participation rate,69.67
2019-12-01,2019,12,Queensland,15-24,Employed total,413.74
2019-12-01,2019,12,Queensland,15-24,Employment to population ratio,63.58
2019-12-01,2019,12,Queensland,15-24,Unemployed total,56.06
2019-12-01,2019,12,Queensland,15-24,Unemployment rate,11.93
2019-12-01,2019,12,Queensland,15-24,Labour force total,469.8
2019-12-01,2019,12,Queensland,15-24,Participation rate,72.19
2019-12-01,2019,12,South Australia,15-24,Employed total,130.63
2019-12-01,2019,12,South Australia,15-24,Employment to population ratio,60.29
2019-12-01,2019,12,South Australia,15-24,Unemployed total,21.65
2019-12-01,2019,12,South Australia,15-24,Unemployment rate,14.22
2019-12-01,2019,12,South Australia,15-24,Labour force total,152.28
2019-12-01,2019,12,South Australia,15-24,Participation rate,70.28
2019-12-01,2019,12,Western Australia,15-24,Employed total,199.86
2019-12-01,2019,12,Western Australia,15-24,Employment to population ratio,61.44
2019-12-01,2019,12,Western Australia,15-24,Unemployed total,32.72
2019-12-01,2019,12,Western Australia,15-24,Unemployment rate,14.07
2019-12-01,2019,12,Western Australia,15-24,Labour force total,232.58
2019-12-01,2019,12,Western Australia,15-24,Participation rate,71.49
2019-12-01,2019,12,Tasmania,15-24,Employed total,38.92
2019-12-01,2019,12,Tasmania,15-24,Employment to population ratio,61.1
2019-12-01,2019,12,Tasmania,15-24,Unemployed total,6.25
2019-12-01,2019,12,Tasmania,15-24,Unemployment rate,13.83
2019-12-01,2019,12,Tasmania,15-24,Labour force total,45.16
2019-12-01,2019,12,Tasmania,15-24,Participation rate,70.91
2019-12-01,2019,12,Northern Territory,15-24,Employed total,17.0
2019-12-01,2019,12,Northern Territory,15-24,Employment to population ratio,54.67
2019-12-01,2019,12,Northern Territory,15-24,Unemployed total,2.45
2019-12-01,2019,12,Northern Territory,15-24,Unemployment rate,12.58
2019-12-01,2019,12,Northern Territory,15-24,Labour force total,19.44
2019-12-01,2019,12,Northern Territory,15-24,Participation rate,62.54
2019-12-01,2019,12,Australian Capital Territory,15-24,Employed total,40.05
2019-12-01,2019,12,Australian Capital Territory,15-24,Employment to population ratio,67.57
2019-12-01,2019,12,Australian Capital Territory,15-24,Unemployed total,2.82
2019-12-01,2019,12,Australian Capital Territory,15-24,Unemployment rate,6.58
2019-12-01,2019,12,Australian Capital Territory,15-24,Labour force total,42.87
2019-12-01,2019,12,Australian Capital Territory,15-24,Participation rate,72.33
2020-01-01,2020,1,Australia,15-24,Employed total,1918.11
2020-01-01,2020,1,Australia,15-24,Employment to population ratio,59.98
2020-01-01,2020,1,Australia,15-24,Unemployed total,300.8
2020-01-01,2020,1,Australia,15-24,Unemployment rate,13.56
2020-01-01,2020,1,Australia,15-24,Labour force total,2218.91
2020-01-01,2020,1,Australia,15-24,Participation rate,69.39
2020-01-01,2020,1,New South Wales,15-24,Employed total,605.21
2020-01-01,2020,1,New South Wales,15-24,Employment to population ratio,60.11
2020-01-01,2020,1,New South Wales,15-24,Unemployed total,83.1
2020-01-01,2020,1,New South Wales,15-24,Unemployment rate,12.07
2020-01-01,2020,1,New South Wales,15-24,Labour force total,688.31
2020-01-01,2020,1,New South Wales,15-24,Participation rate,68.37
2020-01-01,2020,1,Victoria,15-24,Employed total,502.96
2020-01-01,2020,1,Victoria,15-24,Employment to population ratio,59.74
2020-01-01,2020,1,Victoria,15-24,Unemployed total,77.4
2020-01-01,2020,1,Victoria,15-24,Unemployment rate,13.34
2020-01-01,2020,1,Victoria,15-24,Labour force total,580.37
2020-01-01,2020,1,Victoria,15-24,Participation rate,68.93
2020-01-01,2020,1,Queensland,15-24,Employed total,396.13
2020-01-01,2020,1,Queensland,15-24,Employment to population ratio,60.78
2020-01-01,2020,1,Queensland,15-24,Unemployed total,73.46
2020-01-01,2020,1,Queensland,15-24,Unemployment rate,15.64
2020-01-01,2020,1,Queensland,15-24,Labour force total,469.59
2020-01-01,2020,1,Queensland,15-24,Participation rate,72.05
2020-01-01,2020,1,South Australia,15-24,Employed total,126.54
2020-01-01,2020,1,South Australia,15-24,Employment to population ratio,58.29
2020-01-01,2020,1,South Australia,15-24,Unemployed total,19.96
2020-01-01,2020,1,South Australia,15-24,Unemployment rate,13.63
2020-01-01,2020,1,South Australia,15-24,Labour force total,146.5
2020-01-01,2020,1,South Australia,15-24,Participation rate,67.49
2020-01-01,2020,1,Western Australia,15-24,Employed total,195.69
2020-01-01,2020,1,Western Australia,15-24,Employment to population ratio,60.03
2020-01-01,2020,1,Western Australia,15-24,Unemployed total,34.65
2020-01-01,2020,1,Western Australia,15-24,Unemployment rate,15.04
2020-01-01,2020,1,Western Australia,15-24,Labour force total,230.34
2020-01-01,2020,1,Western Australia,15-24,Participation rate,70.66
2020-01-01,2020,1,Tasmania,15-24,Employed total,38.52
2020-01-01,2020,1,Tasmania,15-24,Employment to population ratio,60.47
2020-01-01,2020,1,Tasmania,15-24,Unemployed total,5.44
2020-01-01,2020,1,Tasmania,15-24,Unemployment rate,12.38
2020-01-01,2020,1,Tasmania,15-24,Labour force total,43.96
2020-01-01,2020,1,Tasmania,15-24,Participation rate,69.01
2020-01-01,2020,1,Northern Territory,15-24,Employed total,15.48
2020-01-01,2020,1,Northern Territory,15-24,Employment to population ratio,49.6
2020-01-01,2020,1,Northern Territory,15-24,Unemployed total,2.76
2020-01-01,2020,1,Northern Territory,15-24,Unemployment rate,15.11
2020-01-01,2020,1,Northern Territory,15-24,Labour force total,18.23
2020-01-01,2020,1,Northern Territory,15-24,Participation rate,58.43
2020-01-01,2020,1,Australian Capital Territory,15-24,Employed total,37.58
2020-01-01,2020,1,Australian Capital Territory,15-24,Employment to population ratio,63.46
2020-01-01,2020,1,Australian Capital Territory,15-24,Unemployed total,4.03
2020-01-01,2020,1,Australian Capital Territory,15-24,Unemployment rate,9.68
2020-01-01,2020,1,Australian Capital Territory,15-24,Labour force total,41.61
2020-01-01,2020,1,Australian Capital Territory,15-24,Participation rate,70.26
2020-02-01,2020,2,Australia,15-24,Employed total,1925.35
2020-02-01,2020,2,Australia,15-24,Employment to population ratio,60.17
2020-02-01,2020,2,Australia,15-24,Unemployed total,297.25
2020-02-01,2020,2,Australia,15-24,Unemployment rate,13.37
2020-02-01,2020,2,Australia,15-24,Labour force total,2222.6
2020-02-01,2020,2,Australia,15-24,Participation rate,69.46
2020-02-01,2020,2,New South Wales,15-24,Employed total,606.52
2020-02-01,2020,2,New South Wales,15-24,Employment to population ratio,60.25
2020-02-01,2020,2,New South Wales,15-24,Unemployed total,81.85
2020-02-01,2020,2,New South Wales,15-24,Unemployment rate,11.89
2020-02-01,2020,2,New South Wales,15-24,Labour force total,688.37
2020-02-01,2020,2,New South Wales,15-24,Participation rate,68.38
2020-02-01,2020,2,Victoria,15-24,Employed total,491.26
2020-02-01,2020,2,Victoria,15-24,Employment to population ratio,58.34
2020-02-01,2020,2,Victoria,15-24,Unemployed total,79.72
2020-02-01,2020,2,Victoria,15-24,Unemployment rate,13.96
2020-02-01,2020,2,Victoria,15-24,Labour force total,570.99
2020-02-01,2020,2,Victoria,15-24,Participation rate,67.81
2020-02-01,2020,2,Queensland,15-24,Employed total,394.2
2020-02-01,2020,2,Queensland,15-24,Employment to population ratio,60.38
2020-02-01,2020,2,Queensland,15-24,Unemployed total,74.96
2020-02-01,2020,2,Queensland,15-24,Unemployment rate,15.98
2020-02-01,2020,2,Queensland,15-24,Labour force total,469.17
2020-02-01,2020,2,Queensland,15-24,Participation rate,71.86
2020-02-01,2020,2,South Australia,15-24,Employed total,126.04
2020-02-01,2020,2,South Australia,15-24,Employment to population ratio,57.95
2020-02-01,2020,2,South Australia,15-24,Unemployed total,19.97
2020-02-01,2020,2,South Australia,15-24,Unemployment rate,13.68
2020-02-01,2020,2,South Australia,15-24,Labour force total,146.02
2020-02-01,2020,2,South Australia,15-24,Participation rate,67.14
2020-02-01,2020,2,Western Australia,15-24,Employed total,210.33
2020-02-01,2020,2,Western Australia,15-24,Employment to population ratio,64.4
2020-02-01,2020,2,Western Australia,15-24,Unemployed total,28.54
2020-02-01,2020,2,Western Australia,15-24,Unemployment rate,11.95
2020-02-01,2020,2,Western Australia,15-24,Labour force total,238.87
2020-02-01,2020,2,Western Australia,15-24,Participation rate,73.13
2020-02-01,2020,2,Tasmania,15-24,Employed total,39.91
2020-02-01,2020,2,Tasmania,15-24,Employment to population ratio,62.65
2020-02-01,2020,2,Tasmania,15-24,Unemployed total,5.82
2020-02-01,2020,2,Tasmania,15-24,Unemployment rate,12.73
2020-02-01,2020,2,Tasmania,15-24,Labour force total,45.73
2020-02-01,2020,2,Tasmania,15-24,Participation rate,71.79
2020-02-01,2020,2,Northern Territory,15-24,Employed total,16.4
2020-02-01,2020,2,Northern Territory,15-24,Employment to population ratio,52.37
2020-02-01,2020,2,Northern Territory,15-24,Unemployed total,3.34
2020-02-01,2020,2,Northern Territory,15-24,Unemployment rate,16.9
2020-02-01,2020,2,Northern Territory,15-24,Labour force total,19.74
2020-02-01,2020,2,Northern Territory,15-24,Participation rate,63.02
2020-02-01,2020,2,Australian Capital Territory,15-24,Employed total,40.67
2020-02-01,2020,2,Australian Capital Territory,15-24,Employment to population ratio,68.71
2020-02-01,2020,2,Australian Capital Territory,15-24,Unemployed total,3.05
2020-02-01,2020,2,Australian Capital Territory,15-24,Unemployment rate,6.97
2020-02-01,2020,2,Australian Capital Territory,15-24,Labour force total,43.71
2020-02-01,2020,2,Australian Capital Territory,15-24,Participation rate,73.86
2020-03-01,2020,3,Australia,15-24,Employed total,1912.88
2020-03-01,2020,3,Australia,15-24,Employment to population ratio,59.74
2020-03-01,2020,3,Australia,15-24,Unemployed total,281.03
2020-03-01,2020,3,Australia,15-24,Unemployment rate,12.81
2020-03-01,2020,3,Australia,15-24,Labour force total,2193.92
2020-03-01,2020,3,Australia,15-24,Participation rate,68.51
2020-03-01,2020,3,New South Wales,15-24,Employed total,609.13
2020-03-01,2020,3,New South Wales,15-24,Employment to population ratio,60.51
2020-03-01,2020,3,New South Wales,15-24,Unemployed total,83.46
2020-03-01,2020,3,New South Wales,15-24,Unemployment rate,12.05
2020-03-01,2020,3,New South Wales,15-24,Labour force total,692.59
2020-03-01,2020,3,New South Wales,15-24,Participation rate,68.8
2020-03-01,2020,3,Victoria,15-24,Employed total,483.59
2020-03-01,2020,3,Victoria,15-24,Employment to population ratio,57.43
2020-03-01,2020,3,Victoria,15-24,Unemployed total,68.7
2020-03-01,2020,3,Victoria,15-24,Unemployment rate,12.44
2020-03-01,2020,3,Victoria,15-24,Labour force total,552.29
2020-03-01,2020,3,Victoria,15-24,Participation rate,65.58
2020-03-01,2020,3,Queensland,15-24,Employed total,390.84
2020-03-01,2020,3,Queensland,15-24,Employment to population ratio,59.77
2020-03-01,2020,3,Queensland,15-24,Unemployed total,66.64
2020-03-01,2020,3,Queensland,15-24,Unemployment rate,14.57
2020-03-01,2020,3,Queensland,15-24,Labour force total,457.48
2020-03-01,2020,3,Queensland,15-24,Participation rate,69.96
2020-03-01,2020,3,South Australia,15-24,Employed total,127.14
2020-03-01,2020,3,South Australia,15-24,Employment to population ratio,58.35
2020-03-01,2020,3,South Australia,15-24,Unemployed total,20.98
2020-03-01,2020,3,South Australia,15-24,Unemployment rate,14.16
2020-03-01,2020,3,South Australia,15-24,Labour force total,148.12
2020-03-01,2020,3,South Australia,15-24,Participation rate,67.98
2020-03-01,2020,3,Western Australia,15-24,Employed total,208.32
2020-03-01,2020,3,Western Australia,15-24,Employment to population ratio,63.65
2020-03-01,2020,3,Western Australia,15-24,Unemployed total,28.43
2020-03-01,2020,3,Western Australia,15-24,Unemployment rate,12.01
2020-03-01,2020,3,Western Australia,15-24,Labour force total,236.75
2020-03-01,2020,3,Western Australia,15-24,Participation rate,72.34
2020-03-01,2020,3,Tasmania,15-24,Employed total,38.87
2020-03-01,2020,3,Tasmania,15-24,Employment to population ratio,61.0
2020-03-01,2020,3,Tasmania,15-24,Unemployed total,4.65
2020-03-01,2020,3,Tasmania,15-24,Unemployment rate,10.68
2020-03-01,2020,3,Tasmania,15-24,Labour force total,43.51
2020-03-01,2020,3,Tasmania,15-24,Participation rate,68.3
2020-03-01,2020,3,Northern Territory,15-24,Employed total,16.94
2020-03-01,2020,3,Northern Territory,15-24,Employment to population ratio,53.87
2020-03-01,2020,3,Northern Territory,15-24,Unemployed total,3.43
2020-03-01,2020,3,Northern Territory,15-24,Unemployment rate,16.85
2020-03-01,2020,3,Northern Territory,15-24,Labour force total,20.37
2020-03-01,2020,3,Northern Territory,15-24,Participation rate,64.78
2020-03-01,2020,3,Australian Capital Territory,15-24,Employed total,38.05
2020-03-01,2020,3,Australian Capital Territory,15-24,Employment to population ratio,64.33
2020-03-01,2020,3,Australian Capital Territory,15-24,Unemployed total,4.76
2020-03-01,2020,3,Australian Capital Territory,15-24,Unemployment rate,11.11
2020-03-01,2020,3,Australian Capital Territory,15-24,Labour force total,42.81
2020-03-01,2020,3,Australian Capital Territory,15-24,Participation rate,72.38
2020-04-01,2020,4,Australia,15-24,Employed total,1705.61
2020-04-01,2020,4,Australia,15-24,Employment to population ratio,53.4
2020-04-01,2020,4,Australia,15-24,Unemployed total,284.23
2020-04-01,2020,4,Australia,15-24,Unemployment rate,14.28
2020-04-01,2020,4,Australia,15-24,Labour force total,1989.84
2020-04-01,2020,4,Australia,15-24,Participation rate,62.3
2020-04-01,2020,4,New South Wales,15-24,Employed total,525.82
2020-04-01,2020,4,New South Wales,15-24,Employment to population ratio,52.39
2020-04-01,2020,4,New South Wales,15-24,Unemployed total,82.72
2020-04-01,2020,4,New South Wales,15-24,Unemployment rate,13.59
2020-04-01,2020,4,New South Wales,15-24,Labour force total,608.54
2020-04-01,2020,4,New South Wales,15-24,Participation rate,60.63
2020-04-01,2020,4,Victoria,15-24,Employed total,441.56
2020-04-01,2020,4,Victoria,15-24,Employment to population ratio,52.64
2020-04-01,2020,4,Victoria,15-24,Unemployed total,77.84
2020-04-01,2020,4,Victoria,15-24,Unemployment rate,14.99
2020-04-01,2020,4,Victoria,15-24,Labour force total,519.4
2020-04-01,2020,4,Victoria,15-24,Participation rate,61.92
2020-04-01,2020,4,Queensland,15-24,Employed total,354.59
2020-04-01,2020,4,Queensland,15-24,Employment to population ratio,54.3
2020-04-01,2020,4,Queensland,15-24,Unemployed total,64.52
2020-04-01,2020,4,Queensland,15-24,Unemployment rate,15.4
2020-04-01,2020,4,Queensland,15-24,Labour force total,419.11
2020-04-01,2020,4,Queensland,15-24,Participation rate,64.18
2020-04-01,2020,4,South Australia,15-24,Employed total,117.31
2020-04-01,2020,4,South Australia,15-24,Employment to population ratio,53.93
2020-04-01,2020,4,South Australia,15-24,Unemployed total,18.6
2020-04-01,2020,4,South Australia,15-24,Unemployment rate,13.69
2020-04-01,2020,4,South Australia,15-24,Labour force total,135.91
2020-04-01,2020,4,South Australia,15-24,Participation rate,62.49
2020-04-01,2020,4,Western Australia,15-24,Employed total,178.77
2020-04-01,2020,4,Western Australia,15-24,Employment to population ratio,54.7
2020-04-01,2020,4,Western Australia,15-24,Unemployed total,27.11
2020-04-01,2020,4,Western Australia,15-24,Unemployment rate,13.17
2020-04-01,2020,4,Western Australia,15-24,Labour force total,205.88
2020-04-01,2020,4,Western Australia,15-24,Participation rate,62.99
2020-04-01,2020,4,Tasmania,15-24,Employed total,35.28
2020-04-01,2020,4,Tasmania,15-24,Employment to population ratio,55.5
2020-04-01,2020,4,Tasmania,15-24,Unemployed total,5.93
2020-04-01,2020,4,Tasmania,15-24,Unemployment rate,14.4
2020-04-01,2020,4,Tasmania,15-24,Labour force total,41.21
2020-04-01,2020,4,Tasmania,15-24,Participation rate,64.83
2020-04-01,2020,4,Northern Territory,15-24,Employed total,16.31
2020-04-01,2020,4,Northern Territory,15-24,Employment to population ratio,51.89
2020-04-01,2020,4,Northern Territory,15-24,Unemployed total,2.92
2020-04-01,2020,4,Northern Territory,15-24,Unemployment rate,15.17
2020-04-01,2020,4,Northern Territory,15-24,Labour force total,19.23
2020-04-01,2020,4,Northern Territory,15-24,Participation rate,61.17
2020-04-01,2020,4,Australian Capital Territory,15-24,Employed total,35.98
2020-04-01,2020,4,Australian Capital Territory,15-24,Employment to population ratio,60.89
2020-04-01,2020,4,Australian Capital Territory,15-24,Unemployed total,4.59
2020-04-01,2020,4,Australian Capital Territory,15-24,Unemployment rate,11.31
2020-04-01,2020,4,Australian Capital Territory,15-24,Labour force total,40.56
2020-04-01,2020,4,Australian Capital Territory,15-24,Participation rate,68.65
2020-05-01,2020,5,Australia,15-24,Employed total,1600.3
2020-05-01,2020,5,Australia,15-24,Employment to population ratio,50.24
2020-05-01,2020,5,Australia,15-24,Unemployed total,285.71
2020-05-01,2020,5,Australia,15-24,Unemployment rate,15.15
2020-05-01,2020,5,Australia,15-24,Labour force total,1886.01
2020-05-01,2020,5,Australia,15-24,Participation rate,59.2
2020-05-01,2020,5,New South Wales,15-24,Employed total,491.68
2020-05-01,2020,5,New South Wales,15-24,Employment to population ratio,49.14
2020-05-01,2020,5,New South Wales,15-24,Unemployed total,80.28
2020-05-01,2020,5,New South Wales,15-24,Unemployment rate,14.04
2020-05-01,2020,5,New South Wales,15-24,Labour force total,571.96
2020-05-01,2020,5,New South Wales,15-24,Participation rate,57.16
2020-05-01,2020,5,Victoria,15-24,Employed total,414.68
2020-05-01,2020,5,Victoria,15-24,Employment to population ratio,49.64
2020-05-01,2020,5,Victoria,15-24,Unemployed total,68.41
2020-05-01,2020,5,Victoria,15-24,Unemployment rate,14.16
2020-05-01,2020,5,Victoria,15-24,Labour force total,483.09
2020-05-01,2020,5,Victoria,15-24,Participation rate,57.82
2020-05-01,2020,5,Queensland,15-24,Employed total,335.01
2020-05-01,2020,5,Queensland,15-24,Employment to population ratio,51.37
2020-05-01,2020,5,Queensland,15-24,Unemployed total,71.78
2020-05-01,2020,5,Queensland,15-24,Unemployment rate,17.65
2020-05-01,2020,5,Queensland,15-24,Labour force total,406.79
2020-05-01,2020,5,Queensland,15-24,Participation rate,62.37
2020-05-01,2020,5,South Australia,15-24,Employed total,109.51
2020-05-01,2020,5,South Australia,15-24,Employment to population ratio,50.44
2020-05-01,2020,5,South Australia,15-24,Unemployed total,20.49
2020-05-01,2020,5,South Australia,15-24,Unemployment rate,15.76
2020-05-01,2020,5,South Australia,15-24,Labour force total,130.0
2020-05-01,2020,5,South Australia,15-24,Participation rate,59.88
2020-05-01,2020,5,Western Australia,15-24,Employed total,167.97
2020-05-01,2020,5,Western Australia,15-24,Employment to population ratio,51.46
2020-05-01,2020,5,Western Australia,15-24,Unemployed total,32.78
2020-05-01,2020,5,Western Australia,15-24,Unemployment rate,16.33
2020-05-01,2020,5,Western Australia,15-24,Labour force total,200.75
2020-05-01,2020,5,Western Australia,15-24,Participation rate,61.5
2020-05-01,2020,5,Tasmania,15-24,Employed total,31.75
2020-05-01,2020,5,Tasmania,15-24,Employment to population ratio,50.06
2020-05-01,2020,5,Tasmania,15-24,Unemployed total,5.59
2020-05-01,2020,5,Tasmania,15-24,Unemployment rate,14.98
2020-05-01,2020,5,Tasmania,15-24,Labour force total,37.34
2020-05-01,2020,5,Tasmania,15-24,Participation rate,58.87
2020-05-01,2020,5,Northern Territory,15-24,Employed total,15.97
2020-05-01,2020,5,Northern Territory,15-24,Employment to population ratio,50.81
2020-05-01,2020,5,Northern Territory,15-24,Unemployed total,3.21
2020-05-01,2020,5,Northern Territory,15-24,Unemployment rate,16.73
2020-05-01,2020,5,Northern Territory,15-24,Labour force total,19.18
2020-05-01,2020,5,Northern Territory,15-24,Participation rate,61.02
2020-05-01,2020,5,Australian Capital Territory,15-24,Employed total,33.73
2020-05-01,2020,5,Australian Capital Territory,15-24,Employment to population ratio,57.16
2020-05-01,2020,5,Australian Capital Territory,15-24,Unemployed total,3.17
2020-05-01,2020,5,Australian Capital Territory,15-24,Unemployment rate,8.58
2020-05-01,2020,5,Australian Capital Territory,15-24,Labour force total,36.9
2020-05-01,2020,5,Australian Capital Territory,15-24,Participation rate,62.53
2020-06-01,2020,6,Australia,15-24,Employed total,1673.05
2020-06-01,2020,6,Australia,15-24,Employment to population ratio,52.65
2020-06-01,2020,6,Australia,15-24,Unemployed total,312.61
2020-06-01,2020,6,Australia,15-24,Unemployment rate,15.74
2020-06-01,2020,6,Australia,15-24,Labour force total,1985.66
2020-06-01,2020,6,Australia,15-24,Participation rate,62.49
2020-06-01,2020,6,New South Wales,15-24,Employed total,529.17
2020-06-01,2020,6,New South Wales,15-24,Employment to population ratio,53.04
2020-06-01,2020,6,New South Wales,15-24,Unemployed total,84.28
2020-06-01,2020,6,New South Wales,15-24,Unemployment rate,13.74
2020-06-01,2020,6,New South Wales,15-24,Labour force total,613.45
2020-06-01,2020,6,New South Wales,15-24,Participation rate,61.49
2020-06-01,2020,6,Victoria,15-24,Employed total,411.81
2020-06-01,2020,6,Victoria,15-24,Employment to population ratio,49.49
2020-06-01,2020,6,Victoria,15-24,Unemployed total,81.57
2020-06-01,2020,6,Victoria,15-24,Unemployment rate,16.53
2020-06-01,2020,6,Victoria,15-24,Labour force total,493.38
2020-06-01,2020,6,Victoria,15-24,Participation rate,59.29
2020-06-01,2020,6,Queensland,15-24,Employed total,346.1
2020-06-01,2020,6,Queensland,15-24,Employment to population ratio,53.14
2020-06-01,2020,6,Queensland,15-24,Unemployed total,76.3
2020-06-01,2020,6,Queensland,15-24,Unemployment rate,18.06
2020-06-01,2020,6,Queensland,15-24,Labour force total,422.4
2020-06-01,2020,6,Queensland,15-24,Participation rate,64.85
2020-06-01,2020,6,South Australia,15-24,Employed total,121.26
2020-06-01,2020,6,South Australia,15-24,Employment to population ratio,55.95
2020-06-01,2020,6,South Australia,15-24,Unemployed total,25.1
2020-06-01,2020,6,South Australia,15-24,Unemployment rate,17.15
2020-06-01,2020,6,South Australia,15-24,Labour force total,146.36
2020-06-01,2020,6,South Australia,15-24,Participation rate,67.54
2020-06-01,2020,6,Western Australia,15-24,Employed total,177.55
2020-06-01,2020,6,Western Australia,15-24,Employment to population ratio,54.47
2020-06-01,2020,6,Western Australia,15-24,Unemployed total,33.08
2020-06-01,2020,6,Western Australia,15-24,Unemployment rate,15.7
2020-06-01,2020,6,Western Australia,15-24,Labour force total,210.62
2020-06-01,2020,6,Western Australia,15-24,Participation rate,64.62
2020-06-01,2020,6,Tasmania,15-24,Employed total,32.48
2020-06-01,2020,6,Tasmania,15-24,Employment to population ratio,51.33
2020-06-01,2020,6,Tasmania,15-24,Unemployed total,5.7
2020-06-01,2020,6,Tasmania,15-24,Unemployment rate,14.94
2020-06-01,2020,6,Tasmania,15-24,Labour force total,38.19
2020-06-01,2020,6,Tasmania,15-24,Participation rate,60.35
2020-06-01,2020,6,Northern Territory,15-24,Employed total,17.36
2020-06-01,2020,6,Northern Territory,15-24,Employment to population ratio,55.24
2020-06-01,2020,6,Northern Territory,15-24,Unemployed total,3.21
2020-06-01,2020,6,Northern Territory,15-24,Unemployment rate,15.6
2020-06-01,2020,6,Northern Territory,15-24,Labour force total,20.57
2020-06-01,2020,6,Northern Territory,15-24,Participation rate,65.45
2020-06-01,2020,6,Australian Capital Territory,15-24,Employed total,37.32
2020-06-01,2020,6,Australian Capital Territory,15-24,Employment to population ratio,63.31
2020-06-01,2020,6,Australian Capital Territory,15-24,Unemployed total,3.38
2020-06-01,2020,6,Australian Capital Territory,15-24,Unemployment rate,8.3
2020-06-01,2020,6,Australian Capital Territory,15-24,Labour force total,40.7
2020-06-01,2020,6,Australian Capital Territory,15-24,Participation rate,69.04
2020-07-01,2020,7,Australia,15-24,Employed total,1728.17
2020-07-01,2020,7,Australia,15-24,Employment to population ratio,54.57
2020-07-01,2020,7,Australia,15-24,Unemployed total,327.04
2020-07-01,2020,7,Australia,15-24,Unemployment rate,15.91
2020-07-01,2020,7,Australia,15-24,Labour force total,2055.21
2020-07-01,2020,7,Australia,15-24,Participation rate,64.89
2020-07-01,2020,7,New South Wales,15-24,Employed total,554.49
2020-07-01,2020,7,New South Wales,15-24,Employment to population ratio,55.79
2020-07-01,2020,7,New South Wales,15-24,Unemployed total,87.84
2020-07-01,2020,7,New South Wales,15-24,Unemployment rate,13.68
2020-07-01,2020,7,New South Wales,15-24,Labour force total,642.33
2020-07-01,2020,7,New South Wales,15-24,Participation rate,64.62
2020-07-01,2020,7,Victoria,15-24,Employed total,419.47
2020-07-01,2020,7,Victoria,15-24,Employment to population ratio,50.73
2020-07-01,2020,7,Victoria,15-24,Unemployed total,78.73
2020-07-01,2020,7,Victoria,15-24,Unemployment rate,15.8
2020-07-01,2020,7,Victoria,15-24,Labour force total,498.2
2020-07-01,2020,7,Victoria,15-24,Participation rate,60.25
2020-07-01,2020,7,Queensland,15-24,Employed total,361.18
2020-07-01,2020,7,Queensland,15-24,Employment to population ratio,55.52
2020-07-01,2020,7,Queensland,15-24,Unemployed total,82.66
2020-07-01,2020,7,Queensland,15-24,Unemployment rate,18.62
2020-07-01,2020,7,Queensland,15-24,Labour force total,443.84
2020-07-01,2020,7,Queensland,15-24,Participation rate,68.22
2020-07-01,2020,7,South Australia,15-24,Employed total,125.23
2020-07-01,2020,7,South Australia,15-24,Employment to population ratio,57.89
2020-07-01,2020,7,South Australia,15-24,Unemployed total,25.48
2020-07-01,2020,7,South Australia,15-24,Unemployment rate,16.9
2020-07-01,2020,7,South Australia,15-24,Labour force total,150.71
2020-07-01,2020,7,South Australia,15-24,Participation rate,69.67
2020-07-01,2020,7,Western Australia,15-24,Employed total,178.72
2020-07-01,2020,7,Western Australia,15-24,Employment to population ratio,54.86
2020-07-01,2020,7,Western Australia,15-24,Unemployed total,37.63
2020-07-01,2020,7,Western Australia,15-24,Unemployment rate,17.39
2020-07-01,2020,7,Western Australia,15-24,Labour force total,216.35
2020-07-01,2020,7,Western Australia,15-24,Participation rate,66.41
2020-07-01,2020,7,Tasmania,15-24,Employed total,35.25
2020-07-01,2020,7,Tasmania,15-24,Employment to population ratio,55.73
2020-07-01,2020,7,Tasmania,15-24,Unemployed total,5.49
2020-07-01,2020,7,Tasmania,15-24,Unemployment rate,13.48
2020-07-01,2020,7,Tasmania,15-24,Labour force total,40.74
2020-07-01,2020,7,Tasmania,15-24,Participation rate,64.41
2020-07-01,2020,7,Northern Territory,15-24,Employed total,16.94
2020-07-01,2020,7,Northern Territory,15-24,Employment to population ratio,53.97
2020-07-01,2020,7,Northern Territory,15-24,Unemployed total,4.33
2020-07-01,2020,7,Northern Territory,15-24,Unemployment rate,20.36
2020-07-01,2020,7,Northern Territory,15-24,Labour force total,21.27
2020-07-01,2020,7,Northern Territory,15-24,Participation rate,67.77
2020-07-01,2020,7,Australian Capital Territory,15-24,Employed total,36.88
2020-07-01,2020,7,Australian Capital Territory,15-24,Employment to population ratio,62.66
2020-07-01,2020,7,Australian Capital Territory,15-24,Unemployed total,4.88
2020-07-01,2020,7,Australian Capital Territory,15-24,Unemployment rate,11.69
2020-07-01,2020,7,Australian Capital Territory,15-24,Labour force total,41.77
2020-07-01,2020,7,Australian Capital Territory,15-24,Participation rate,70.95
2020-08-01,2020,8,Australia,15-24,Employed total,1747.99
2020-08-01,2020,8,Australia,15-24,Employment to population ratio,55.38
2020-08-01,2020,8,Australia,15-24,Unemployed total,281.33
2020-08-01,2020,8,Australia,15-24,Unemployment rate,13.86
2020-08-01,2020,8,Australia,15-24,Labour force total,2029.32
2020-08-01,2020,8,Australia,15-24,Participation rate,64.29
2020-08-01,2020,8,New South Wales,15-24,Employed total,559.78
2020-08-01,2020,8,New South Wales,15-24,Employment to population ratio,56.53
2020-08-01,2020,8,New South Wales,15-24,Unemployed total,75.86
2020-08-01,2020,8,New South Wales,15-24,Unemployment rate,11.93
2020-08-01,2020,8,New South Wales,15-24,Labour force total,635.64
2020-08-01,2020,8,New South Wales,15-24,Participation rate,64.19
2020-08-01,2020,8,Victoria,15-24,Employed total,398.13
2020-08-01,2020,8,Victoria,15-24,Employment to population ratio,48.46
2020-08-01,2020,8,Victoria,15-24,Unemployed total,77.6
2020-08-01,2020,8,Victoria,15-24,Unemployment rate,16.31
2020-08-01,2020,8,Victoria,15-24,Labour force total,475.73
2020-08-01,2020,8,Victoria,15-24,Participation rate,57.9
2020-08-01,2020,8,Queensland,15-24,Employed total,384.49
2020-08-01,2020,8,Queensland,15-24,Employment to population ratio,59.17
2020-08-01,2020,8,Queensland,15-24,Unemployed total,64.4
2020-08-01,2020,8,Queensland,15-24,Unemployment rate,14.35
2020-08-01,2020,8,Queensland,15-24,Labour force total,448.89
2020-08-01,2020,8,Queensland,15-24,Participation rate,69.08
2020-08-01,2020,8,South Australia,15-24,Employed total,128.75
2020-08-01,2020,8,South Australia,15-24,Employment to population ratio,59.63
2020-08-01,2020,8,South Australia,15-24,Unemployed total,22.04
2020-08-01,2020,8,South Australia,15-24,Unemployment rate,14.61
2020-08-01,2020,8,South Australia,15-24,Labour force total,150.78
2020-08-01,2020,8,South Australia,15-24,Participation rate,69.83
2020-08-01,2020,8,Western Australia,15-24,Employed total,185.03
2020-08-01,2020,8,Western Australia,15-24,Employment to population ratio,56.83
2020-08-01,2020,8,Western Australia,15-24,Unemployed total,28.85
2020-08-01,2020,8,Western Australia,15-24,Unemployment rate,13.49
2020-08-01,2020,8,Western Australia,15-24,Labour force total,213.88
2020-08-01,2020,8,Western Australia,15-24,Participation rate,65.7
2020-08-01,2020,8,Tasmania,15-24,Employed total,36.05
2020-08-01,2020,8,Tasmania,15-24,Employment to population ratio,57.03
2020-08-01,2020,8,Tasmania,15-24,Unemployed total,6.24
2020-08-01,2020,8,Tasmania,15-24,Unemployment rate,14.75
2020-08-01,2020,8,Tasmania,15-24,Labour force total,42.29
2020-08-01,2020,8,Tasmania,15-24,Participation rate,66.9
2020-08-01,2020,8,Northern Territory,15-24,Employed total,17.6
2020-08-01,2020,8,Northern Territory,15-24,Employment to population ratio,56.14
2020-08-01,2020,8,Northern Territory,15-24,Unemployed total,2.63
2020-08-01,2020,8,Northern Territory,15-24,Unemployment rate,12.99
2020-08-01,2020,8,Northern Territory,15-24,Labour force total,20.23
2020-08-01,2020,8,Northern Territory,15-24,Participation rate,64.52
2020-08-01,2020,8,Australian Capital Territory,15-24,Employed total,38.16
2020-08-01,2020,8,Australian Capital Territory,15-24,Employment to population ratio,64.91
2020-08-01,2020,8,Australian Capital Territory,15-24,Unemployed total,3.72
2020-08-01,2020,8,Australian Capital Territory,15-24,Unemployment rate,8.88
2020-08-01,2020,8,Australian Capital Territory,15-24,Labour force total,41.87
2020-08-01,2020,8,Australian Capital Territory,15-24,Participation rate,71.23
2020-09-01,2020,9,Australia,15-24,Employed total,1745.31
2020-09-01,2020,9,Australia,15-24,Employment to population ratio,55.47
2020-09-01,2020,9,Australia,15-24,Unemployed total,287.95
2020-09-01,2020,9,Australia,15-24,Unemployment rate,14.16
2020-09-01,2020,9,Australia,15-24,Labour force total,2033.27
2020-09-01,2020,9,Australia,15-24,Participation rate,64.63
2020-09-01,2020,9,New South Wales,15-24,Employed total,562.64
2020-09-01,2020,9,New South Wales,15-24,Employment to population ratio,57.03
2020-09-01,2020,9,New South Wales,15-24,Unemployed total,89.13
2020-09-01,2020,9,New South Wales,15-24,Unemployment rate,13.68
2020-09-01,2020,9,New South Wales,15-24,Labour force total,651.77
2020-09-01,2020,9,New South Wales,15-24,Participation rate,66.06
2020-09-01,2020,9,Victoria,15-24,Employed total,376.43
2020-09-01,2020,9,Victoria,15-24,Employment to population ratio,46.11
2020-09-01,2020,9,Victoria,15-24,Unemployed total,65.3
2020-09-01,2020,9,Victoria,15-24,Unemployment rate,14.78
2020-09-01,2020,9,Victoria,15-24,Labour force total,441.72
2020-09-01,2020,9,Victoria,15-24,Participation rate,54.11
2020-09-01,2020,9,Queensland,15-24,Employed total,394.33
2020-09-01,2020,9,Queensland,15-24,Employment to population ratio,60.76
2020-09-01,2020,9,Queensland,15-24,Unemployed total,70.76
2020-09-01,2020,9,Queensland,15-24,Unemployment rate,15.21
2020-09-01,2020,9,Queensland,15-24,Labour force total,465.1
2020-09-01,2020,9,Queensland,15-24,Participation rate,71.66
2020-09-01,2020,9,South Australia,15-24,Employed total,131.07
2020-09-01,2020,9,South Australia,15-24,Employment to population ratio,60.82
2020-09-01,2020,9,South Australia,15-24,Unemployed total,18.21
2020-09-01,2020,9,South Australia,15-24,Unemployment rate,12.2
2020-09-01,2020,9,South Australia,15-24,Labour force total,149.28
2020-09-01,2020,9,South Australia,15-24,Participation rate,69.27
2020-09-01,2020,9,Western Australia,15-24,Employed total,189.72
2020-09-01,2020,9,Western Australia,15-24,Employment to population ratio,58.31
2020-09-01,2020,9,Western Australia,15-24,Unemployed total,32.23
2020-09-01,2020,9,Western Australia,15-24,Unemployment rate,14.52
2020-09-01,2020,9,Western Australia,15-24,Labour force total,221.96
2020-09-01,2020,9,Western Australia,15-24,Participation rate,68.22
2020-09-01,2020,9,Tasmania,15-24,Employed total,35.42
2020-09-01,2020,9,Tasmania,15-24,Employment to population ratio,56.06
2020-09-01,2020,9,Tasmania,15-24,Unemployed total,7.07
2020-09-01,2020,9,Tasmania,15-24,Unemployment rate,16.65
2020-09-01,2020,9,Tasmania,15-24,Labour force total,42.49
2020-09-01,2020,9,Tasmania,15-24,Participation rate,67.26
2020-09-01,2020,9,Northern Territory,15-24,Employed total,17.73
2020-09-01,2020,9,Northern Territory,15-24,Employment to population ratio,56.6
2020-09-01,2020,9,Northern Territory,15-24,Unemployed total,2.38
2020-09-01,2020,9,Northern Territory,15-24,Unemployment rate,11.83
2020-09-01,2020,9,Northern Territory,15-24,Labour force total,20.11
2020-09-01,2020,9,Northern Territory,15-24,Participation rate,64.19
2020-09-01,2020,9,Australian Capital Territory,15-24,Employed total,37.97
2020-09-01,2020,9,Australian Capital Territory,15-24,Employment to population ratio,64.69
2020-09-01,2020,9,Australian Capital Territory,15-24,Unemployed total,2.87
2020-09-01,2020,9,Australian Capital Territory,15-24,Unemployment rate,7.03
2020-09-01,2020,9,Australian Capital Territory,15-24,Labour force total,40.84
2020-09-01,2020,9,Australian Capital Territory,15-24,Participation rate,69.58
2020-10-01,2020,10,Australia,15-24,Employed total,1776.14
2020-10-01,2020,10,Australia,15-24,Employment to population ratio,56.63
2020-10-01,2020,10,Australia,15-24,Unemployed total,304.86
2020-10-01,2020,10,Australia,15-24,Unemployment rate,14.65
2020-10-01,2020,10,Australia,15-24,Labour force total,2081.0
2020-10-01,2020,10,Australia,15-24,Participation rate,66.35
2020-10-01,2020,10,New South Wales,15-24,Employed total,573.03
2020-10-01,2020,10,New South Wales,15-24,Employment to population ratio,58.27
2020-10-01,2020,10,New South Wales,15-24,Unemployed total,82.82
2020-10-01,2020,10,New South Wales,15-24,Unemployment rate,12.63
2020-10-01,2020,10,New South Wales,15-24,Labour force total,655.86
2020-10-01,2020,10,New South Wales,15-24,Participation rate,66.7
2020-10-01,2020,10,Victoria,15-24,Employed total,392.05
2020-10-01,2020,10,Victoria,15-24,Employment to population ratio,48.32
2020-10-01,2020,10,Victoria,15-24,Unemployed total,87.34
2020-10-01,2020,10,Victoria,15-24,Unemployment rate,18.22
2020-10-01,2020,10,Victoria,15-24,Labour force total,479.39
2020-10-01,2020,10,Victoria,15-24,Participation rate,59.08
2020-10-01,2020,10,Queensland,15-24,Employed total,396.51
2020-10-01,2020,10,Queensland,15-24,Employment to population ratio,61.16
2020-10-01,2020,10,Queensland,15-24,Unemployed total,67.43
2020-10-01,2020,10,Queensland,15-24,Unemployment rate,14.53
2020-10-01,2020,10,Queensland,15-24,Labour force total,463.95
2020-10-01,2020,10,Queensland,15-24,Participation rate,71.56
2020-10-01,2020,10,South Australia,15-24,Employed total,127.34
2020-10-01,2020,10,South Australia,15-24,Employment to population ratio,59.23
2020-10-01,2020,10,South Australia,15-24,Unemployed total,22.36
2020-10-01,2020,10,South Australia,15-24,Unemployment rate,14.94
2020-10-01,2020,10,South Australia,15-24,Labour force total,149.7
2020-10-01,2020,10,South Australia,15-24,Participation rate,69.63
2020-10-01,2020,10,Western Australia,15-24,Employed total,194.69
2020-10-01,2020,10,Western Australia,15-24,Employment to population ratio,59.88
2020-10-01,2020,10,Western Australia,15-24,Unemployed total,31.56
2020-10-01,2020,10,Western Australia,15-24,Unemployment rate,13.95
2020-10-01,2020,10,Western Australia,15-24,Labour force total,226.26
2020-10-01,2020,10,Western Australia,15-24,Participation rate,69.59
2020-10-01,2020,10,Tasmania,15-24,Employed total,35.52
2020-10-01,2020,10,Tasmania,15-24,Employment to population ratio,56.25
2020-10-01,2020,10,Tasmania,15-24,Unemployed total,6.64
2020-10-01,2020,10,Tasmania,15-24,Unemployment rate,15.75
2020-10-01,2020,10,Tasmania,15-24,Labour force total,42.16
2020-10-01,2020,10,Tasmania,15-24,Participation rate,66.77
2020-10-01,2020,10,Northern Territory,15-24,Employed total,17.44
2020-10-01,2020,10,Northern Territory,15-24,Employment to population ratio,55.88
2020-10-01,2020,10,Northern Territory,15-24,Unemployed total,3.2
2020-10-01,2020,10,Northern Territory,15-24,Unemployment rate,15.49
2020-10-01,2020,10,Northern Territory,15-24,Labour force total,20.64
2020-10-01,2020,10,Northern Territory,15-24,Participation rate,66.12
2020-10-01,2020,10,Australian Capital Territory,15-24,Employed total,39.55
2020-10-01,2020,10,Australian Capital Territory,15-24,Employment to population ratio,67.3
2020-10-01,2020,10,Australian Capital Territory,15-24,Unemployed total,3.5
2020-10-01,2020,10,Australian Capital Territory,15-24,Unemployment rate,8.14
2020-10-01,2020,10,Australian Capital Territory,15-24,Labour force total,43.05
2020-10-01,2020,10,Australian Capital Territory,15-24,Participation rate,73.26
2020-11-01,2020,11,Australia,15-24,Employed total,1804.17
2020-11-01,2020,11,Australia,15-24,Employment to population ratio,57.71
2020-11-01,2020,11,Australia,15-24,Unemployed total,306.26
2020-11-01,2020,11,Australia,15-24,Unemployment rate,14.51
2020-11-01,2020,11,Australia,15-24,Labour force total,2110.43
2020-11-01,2020,11,Australia,15-24,Participation rate,67.5
2020-11-01,2020,11,New South Wales,15-24,Employed total,568.29
2020-11-01,2020,11,New South Wales,15-24,Employment to population ratio,57.98
2020-11-01,2020,11,New South Wales,15-24,Unemployed total,87.47
2020-11-01,2020,11,New South Wales,15-24,Unemployment rate,13.34
2020-11-01,2020,11,New South Wales,15-24,Labour force total,655.77
2020-11-01,2020,11,New South Wales,15-24,Participation rate,66.91
2020-11-01,2020,11,Victoria,15-24,Employed total,420.15
2020-11-01,2020,11,Victoria,15-24,Employment to population ratio,52.11
2020-11-01,2020,11,Victoria,15-24,Unemployed total,89.31
2020-11-01,2020,11,Victoria,15-24,Unemployment rate,17.53
2020-11-01,2020,11,Victoria,15-24,Labour force total,509.46
2020-11-01,2020,11,Victoria,15-24,Participation rate,63.18
2020-11-01,2020,11,Queensland,15-24,Employed total,400.78
2020-11-01,2020,11,Queensland,15-24,Employment to population ratio,61.89
2020-11-01,2020,11,Queensland,15-24,Unemployed total,62.37
2020-11-01,2020,11,Queensland,15-24,Unemployment rate,13.47
2020-11-01,2020,11,Queensland,15-24,Labour force total,463.15
2020-11-01,2020,11,Queensland,15-24,Participation rate,71.52
2020-11-01,2020,11,South Australia,15-24,Employed total,129.89
2020-11-01,2020,11,South Australia,15-24,Employment to population ratio,60.56
2020-11-01,2020,11,South Australia,15-24,Unemployed total,19.87
2020-11-01,2020,11,South Australia,15-24,Unemployment rate,13.27
2020-11-01,2020,11,South Australia,15-24,Labour force total,149.76
2020-11-01,2020,11,South Australia,15-24,Participation rate,69.82
2020-11-01,2020,11,Western Australia,15-24,Employed total,191.53
2020-11-01,2020,11,Western Australia,15-24,Employment to population ratio,58.94
2020-11-01,2020,11,Western Australia,15-24,Unemployed total,32.19
2020-11-01,2020,11,Western Australia,15-24,Unemployment rate,14.39
2020-11-01,2020,11,Western Australia,15-24,Labour force total,223.72
2020-11-01,2020,11,Western Australia,15-24,Participation rate,68.85
2020-11-01,2020,11,Tasmania,15-24,Employed total,35.31
2020-11-01,2020,11,Tasmania,15-24,Employment to population ratio,55.94
2020-11-01,2020,11,Tasmania,15-24,Unemployed total,8.01
2020-11-01,2020,11,Tasmania,15-24,Unemployment rate,18.48
2020-11-01,2020,11,Tasmania,15-24,Labour force total,43.32
2020-11-01,2020,11,Tasmania,15-24,Participation rate,68.63
2020-11-01,2020,11,Northern Territory,15-24,Employed total,17.19
2020-11-01,2020,11,Northern Territory,15-24,Employment to population ratio,55.27
2020-11-01,2020,11,Northern Territory,15-24,Unemployed total,3.24
2020-11-01,2020,11,Northern Territory,15-24,Unemployment rate,15.87
2020-11-01,2020,11,Northern Territory,15-24,Labour force total,20.44
2020-11-01,2020,11,Northern Territory,15-24,Participation rate,65.69
2020-11-01,2020,11,Australian Capital Territory,15-24,Employed total,41.02
2020-11-01,2020,11,Australian Capital Territory,15-24,Employment to population ratio,69.72
2020-11-01,2020,11,Australian Capital Territory,15-24,Unemployed total,3.8
2020-11-01,2020,11,Australian Capital Territory,15-24,Unemployment rate,8.47
2020-11-01,2020,11,Australian Capital Territory,15-24,Labour force total,44.82
2020-11-01,2020,11,Australian Capital Territory,15-24,Participation rate,76.17
2020-12-01,2020,12,Australia,15-24,Employed total,1876.11
2020-12-01,2020,12,Australia,15-24,Employment to population ratio,60.2
2020-12-01,2020,12,Australia,15-24,Unemployed total,301.25
2020-12-01,2020,12,Australia,15-24,Unemployment rate,13.84
2020-12-01,2020,12,Australia,15-24,Labour force total,2177.36
2020-12-01,2020,12,Australia,15-24,Participation rate,69.86
2020-12-01,2020,12,New South Wales,15-24,Employed total,588.38
2020-12-01,2020,12,New South Wales,15-24,Employment to population ratio,60.23
2020-12-01,2020,12,New South Wales,15-24,Unemployed total,91.37
2020-12-01,2020,12,New South Wales,15-24,Unemployment rate,13.44
2020-12-01,2020,12,New South Wales,15-24,Labour force total,679.75
2020-12-01,2020,12,New South Wales,15-24,Participation rate,69.59
2020-12-01,2020,12,Victoria,15-24,Employed total,449.79
2020-12-01,2020,12,Victoria,15-24,Employment to population ratio,56.13
2020-12-01,2020,12,Victoria,15-24,Unemployed total,79.86
2020-12-01,2020,12,Victoria,15-24,Unemployment rate,15.08
2020-12-01,2020,12,Victoria,15-24,Labour force total,529.65
2020-12-01,2020,12,Victoria,15-24,Participation rate,66.09
2020-12-01,2020,12,Queensland,15-24,Employed total,415.91
2020-12-01,2020,12,Queensland,15-24,Employment to population ratio,64.3
2020-12-01,2020,12,Queensland,15-24,Unemployed total,63.82
2020-12-01,2020,12,Queensland,15-24,Unemployment rate,13.3
2020-12-01,2020,12,Queensland,15-24,Labour force total,479.72
2020-12-01,2020,12,Queensland,15-24,Participation rate,74.17
2020-12-01,2020,12,South Australia,15-24,Employed total,129.98
2020-12-01,2020,12,South Australia,15-24,Employment to population ratio,60.74
2020-12-01,2020,12,South Australia,15-24,Unemployed total,22.65
2020-12-01,2020,12,South Australia,15-24,Unemployment rate,14.84
2020-12-01,2020,12,South Australia,15-24,Labour force total,152.63
2020-12-01,2020,12,South Australia,15-24,Participation rate,71.33
2020-12-01,2020,12,Western Australia,15-24,Employed total,196.77
2020-12-01,2020,12,Western Australia,15-24,Employment to population ratio,60.6
2020-12-01,2020,12,Western Australia,15-24,Unemployed total,29.34
2020-12-01,2020,12,Western Australia,15-24,Unemployment rate,12.97
2020-12-01,2020,12,Western Australia,15-24,Labour force total,226.1
2020-12-01,2020,12,Western Australia,15-24,Participation rate,69.63
2020-12-01,2020,12,Tasmania,15-24,Employed total,37.61
2020-12-01,2020,12,Tasmania,15-24,Employment to population ratio,59.61
2020-12-01,2020,12,Tasmania,15-24,Unemployed total,7.48
2020-12-01,2020,12,Tasmania,15-24,Unemployment rate,16.58
2020-12-01,2020,12,Tasmania,15-24,Labour force total,45.09
2020-12-01,2020,12,Tasmania,15-24,Participation rate,71.46
2020-12-01,2020,12,Northern Territory,15-24,Employed total,18.01
2020-12-01,2020,12,Northern Territory,15-24,Employment to population ratio,58.08
2020-12-01,2020,12,Northern Territory,15-24,Unemployed total,2.82
2020-12-01,2020,12,Northern Territory,15-24,Unemployment rate,13.56
2020-12-01,2020,12,Northern Territory,15-24,Labour force total,20.83
2020-12-01,2020,12,Northern Territory,15-24,Participation rate,67.19
2020-12-01,2020,12,Australian Capital Territory,15-24,Employed total,39.67
2020-12-01,2020,12,Australian Capital Territory,15-24,Employment to population ratio,67.34
2020-12-01,2020,12,Australian Capital Territory,15-24,Unemployed total,3.92
2020-12-01,2020,12,Australian Capital Territory,15-24,Unemployment rate,9.0
2020-12-01,2020,12,Australian Capital Territory,15-24,Labour force total,43.59
2020-12-01,2020,12,Australian Capital Territory,15-24,Participation rate,74.0
2021-01-01,2021,1,Australia,15-24,Employed total,1827.72
2021-01-01,2021,1,Australia,15-24,Employment to population ratio,58.74
2021-01-01,2021,1,Australia,15-24,Unemployed total,332.64
2021-01-01,2021,1,Australia,15-24,Unemployment rate,15.4
2021-01-01,2021,1,Australia,15-24,Labour force total,2160.37
2021-01-01,2021,1,Australia,15-24,Participation rate,69.43
2021-01-01,2021,1,New South Wales,15-24,Employed total,562.89
2021-01-01,2021,1,New South Wales,15-24,Employment to population ratio,57.76
2021-01-01,2021,1,New South Wales,15-24,Unemployed total,97.44
2021-01-01,2021,1,New South Wales,15-24,Unemployment rate,14.76
2021-01-01,2021,1,New South Wales,15-24,Labour force total,660.33
2021-01-01,2021,1,New South Wales,15-24,Participation rate,67.75
2021-01-01,2021,1,Victoria,15-24,Employed total,452.35
2021-01-01,2021,1,Victoria,15-24,Employment to population ratio,56.65
2021-01-01,2021,1,Victoria,15-24,Unemployed total,85.6
2021-01-01,2021,1,Victoria,15-24,Unemployment rate,15.91
2021-01-01,2021,1,Victoria,15-24,Labour force total,537.95
2021-01-01,2021,1,Victoria,15-24,Participation rate,67.37
2021-01-01,2021,1,Queensland,15-24,Employed total,403.29
2021-01-01,2021,1,Queensland,15-24,Employment to population ratio,62.34
2021-01-01,2021,1,Queensland,15-24,Unemployed total,68.75
2021-01-01,2021,1,Queensland,15-24,Unemployment rate,14.56
2021-01-01,2021,1,Queensland,15-24,Labour force total,472.04
2021-01-01,2021,1,Queensland,15-24,Participation rate,72.97
2021-01-01,2021,1,South Australia,15-24,Employed total,123.39
2021-01-01,2021,1,South Australia,15-24,Employment to population ratio,57.72
2021-01-01,2021,1,South Australia,15-24,Unemployed total,29.31
2021-01-01,2021,1,South Australia,15-24,Unemployment rate,19.2
2021-01-01,2021,1,South Australia,15-24,Labour force total,152.7
2021-01-01,2021,1,South Australia,15-24,Participation rate,71.44
2021-01-01,2021,1,Western Australia,15-24,Employed total,191.07
2021-01-01,2021,1,Western Australia,15-24,Employment to population ratio,58.83
2021-01-01,2021,1,Western Australia,15-24,Unemployed total,37.61
2021-01-01,2021,1,Western Australia,15-24,Unemployment rate,16.45
2021-01-01,2021,1,Western Australia,15-24,Labour force total,228.68
2021-01-01,2021,1,Western Australia,15-24,Participation rate,70.41
2021-01-01,2021,1,Tasmania,15-24,Employed total,39.3
2021-01-01,2021,1,Tasmania,15-24,Employment to population ratio,62.29
2021-01-01,2021,1,Tasmania,15-24,Unemployed total,6.68
2021-01-01,2021,1,Tasmania,15-24,Unemployment rate,14.54
2021-01-01,2021,1,Tasmania,15-24,Labour force total,45.98
2021-01-01,2021,1,Tasmania,15-24,Participation rate,72.88
2021-01-01,2021,1,Northern Territory,15-24,Employed total,17.75
2021-01-01,2021,1,Northern Territory,15-24,Employment to population ratio,57.13
2021-01-01,2021,1,Northern Territory,15-24,Unemployed total,2.87
2021-01-01,2021,1,Northern Territory,15-24,Unemployment rate,13.93
2021-01-01,2021,1,Northern Territory,15-24,Labour force total,20.63
2021-01-01,2021,1,Northern Territory,15-24,Participation rate,66.38
2021-01-01,2021,1,Australian Capital Territory,15-24,Employed total,37.68
2021-01-01,2021,1,Australian Capital Territory,15-24,Employment to population ratio,63.99
2021-01-01,2021,1,Australian Capital Territory,15-24,Unemployed total,4.37
2021-01-01,2021,1,Australian Capital Territory,15-24,Unemployment rate,10.39
2021-01-01,2021,1,Australian Capital Territory,15-24,Labour force total,42.06
2021-01-01,2021,1,Australian Capital Territory,15-24,Participation rate,71.41
2021-02-01,2021,2,Australia,15-24,Employed total,1859.22
2021-02-01,2021,2,Australia,15-24,Employment to population ratio,59.85
2021-02-01,2021,2,Australia,15-24,Unemployed total,303.32
2021-02-01,2021,2,Australia,15-24,Unemployment rate,14.03
2021-02-01,2021,2,Australia,15-24,Labour force total,2162.54
2021-02-01,2021,2,Australia,15-24,Participation rate,69.61
2021-02-01,2021,2,New South Wales,15-24,Employed total,577.42
2021-02-01,2021,2,New South Wales,15-24,Employment to population ratio,59.38
2021-02-01,2021,2,New South Wales,15-24,Unemployed total,87.26
2021-02-01,2021,2,New South Wales,15-24,Unemployment rate,13.13
2021-02-01,2021,2,New South Wales,15-24,Labour force total,664.68
2021-02-01,2021,2,New South Wales,15-24,Participation rate,68.36
2021-02-01,2021,2,Victoria,15-24,Employed total,466.75
2021-02-01,2021,2,Victoria,15-24,Employment to population ratio,58.66
2021-02-01,2021,2,Victoria,15-24,Unemployed total,72.37
2021-02-01,2021,2,Victoria,15-24,Unemployment rate,13.42
2021-02-01,2021,2,Victoria,15-24,Labour force total,539.12
2021-02-01,2021,2,Victoria,15-24,Participation rate,67.76
2021-02-01,2021,2,Queensland,15-24,Employed total,403.68
2021-02-01,2021,2,Queensland,15-24,Employment to population ratio,62.39
2021-02-01,2021,2,Queensland,15-24,Unemployed total,70.54
2021-02-01,2021,2,Queensland,15-24,Unemployment rate,14.88
2021-02-01,2021,2,Queensland,15-24,Labour force total,474.23
2021-02-01,2021,2,Queensland,15-24,Participation rate,73.29
2021-02-01,2021,2,South Australia,15-24,Employed total,123.65
2021-02-01,2021,2,South Australia,15-24,Employment to population ratio,57.91
2021-02-01,2021,2,South Australia,15-24,Unemployed total,27.24
2021-02-01,2021,2,South Australia,15-24,Unemployment rate,18.05
2021-02-01,2021,2,South Australia,15-24,Labour force total,150.9
2021-02-01,2021,2,South Australia,15-24,Participation rate,70.67
2021-02-01,2021,2,Western Australia,15-24,Employed total,192.87
2021-02-01,2021,2,Western Australia,15-24,Employment to population ratio,59.38
2021-02-01,2021,2,Western Australia,15-24,Unemployed total,33.13
2021-02-01,2021,2,Western Australia,15-24,Unemployment rate,14.66
2021-02-01,2021,2,Western Australia,15-24,Labour force total,226.0
2021-02-01,2021,2,Western Australia,15-24,Participation rate,69.58
2021-02-01,2021,2,Tasmania,15-24,Employed total,40.31
2021-02-01,2021,2,Tasmania,15-24,Employment to population ratio,63.89
2021-02-01,2021,2,Tasmania,15-24,Unemployed total,5.71
2021-02-01,2021,2,Tasmania,15-24,Unemployment rate,12.41
2021-02-01,2021,2,Tasmania,15-24,Labour force total,46.02
2021-02-01,2021,2,Tasmania,15-24,Participation rate,72.94
2021-02-01,2021,2,Northern Territory,15-24,Employed total,17.6
2021-02-01,2021,2,Northern Territory,15-24,Employment to population ratio,56.5
2021-02-01,2021,2,Northern Territory,15-24,Unemployed total,2.64
2021-02-01,2021,2,Northern Territory,15-24,Unemployment rate,13.06
2021-02-01,2021,2,Northern Territory,15-24,Labour force total,20.24
2021-02-01,2021,2,Northern Territory,15-24,Participation rate,64.99
2021-02-01,2021,2,Australian Capital Territory,15-24,Employed total,36.94
2021-02-01,2021,2,Australian Capital Territory,15-24,Employment to population ratio,62.74
2021-02-01,2021,2,Australian Capital Territory,15-24,Unemployed total,4.42
2021-02-01,2021,2,Australian Capital Territory,15-24,Unemployment rate,10.69
2021-02-01,2021,2,Australian Capital Territory,15-24,Labour force total,41.36
2021-02-01,2021,2,Australian Capital Territory,15-24,Participation rate,70.25
2021-03-01,2021,3,Australia,15-24,Employed total,1874.27
2021-03-01,2021,3,Australia,15-24,Employment to population ratio,60.43
2021-03-01,2021,3,Australia,15-24,Unemployed total,279.5
2021-03-01,2021,3,Australia,15-24,Unemployment rate,12.98
2021-03-01,2021,3,Australia,15-24,Labour force total,2153.77
2021-03-01,2021,3,Australia,15-24,Participation rate,69.44
2021-03-01,2021,3,New South Wales,15-24,Employed total,586.04
2021-03-01,2021,3,New South Wales,15-24,Employment to population ratio,60.41
2021-03-01,2021,3,New South Wales,15-24,Unemployed total,84.52
2021-03-01,2021,3,New South Wales,15-24,Unemployment rate,12.6
2021-03-01,2021,3,New South Wales,15-24,Labour force total,670.56
2021-03-01,2021,3,New South Wales,15-24,Participation rate,69.12
2021-03-01,2021,3,Victoria,15-24,Employed total,466.75
2021-03-01,2021,3,Victoria,15-24,Employment to population ratio,58.87
2021-03-01,2021,3,Victoria,15-24,Unemployed total,75.97
2021-03-01,2021,3,Victoria,15-24,Unemployment rate,14.0
2021-03-01,2021,3,Victoria,15-24,Labour force total,542.72
2021-03-01,2021,3,Victoria,15-24,Participation rate,68.45
2021-03-01,2021,3,Queensland,15-24,Employed total,408.26
2021-03-01,2021,3,Queensland,15-24,Employment to population ratio,63.08
2021-03-01,2021,3,Queensland,15-24,Unemployed total,55.36
2021-03-01,2021,3,Queensland,15-24,Unemployment rate,11.94
2021-03-01,2021,3,Queensland,15-24,Labour force total,463.62
2021-03-01,2021,3,Queensland,15-24,Participation rate,71.64
2021-03-01,2021,3,South Australia,15-24,Employed total,120.97
2021-03-01,2021,3,South Australia,15-24,Employment to population ratio,56.72
2021-03-01,2021,3,South Australia,15-24,Unemployed total,23.84
2021-03-01,2021,3,South Australia,15-24,Unemployment rate,16.46
2021-03-01,2021,3,South Australia,15-24,Labour force total,144.81
2021-03-01,2021,3,South Australia,15-24,Participation rate,67.89
2021-03-01,2021,3,Western Australia,15-24,Employed total,200.21
2021-03-01,2021,3,Western Australia,15-24,Employment to population ratio,61.63
2021-03-01,2021,3,Western Australia,15-24,Unemployed total,25.61
2021-03-01,2021,3,Western Australia,15-24,Unemployment rate,11.34
2021-03-01,2021,3,Western Australia,15-24,Labour force total,225.82
2021-03-01,2021,3,Western Australia,15-24,Participation rate,69.52
2021-03-01,2021,3,Tasmania,15-24,Employed total,38.94
2021-03-01,2021,3,Tasmania,15-24,Employment to population ratio,61.71
2021-03-01,2021,3,Tasmania,15-24,Unemployed total,6.32
2021-03-01,2021,3,Tasmania,15-24,Unemployment rate,13.96
2021-03-01,2021,3,Tasmania,15-24,Labour force total,45.26
2021-03-01,2021,3,Tasmania,15-24,Participation rate,71.73
2021-03-01,2021,3,Northern Territory,15-24,Employed total,16.98
2021-03-01,2021,3,Northern Territory,15-24,Employment to population ratio,54.38
2021-03-01,2021,3,Northern Territory,15-24,Unemployed total,3.53
2021-03-01,2021,3,Northern Territory,15-24,Unemployment rate,17.2
2021-03-01,2021,3,Northern Territory,15-24,Labour force total,20.51
2021-03-01,2021,3,Northern Territory,15-24,Participation rate,65.68
2021-03-01,2021,3,Australian Capital Territory,15-24,Employed total,36.12
2021-03-01,2021,3,Australian Capital Territory,15-24,Employment to population ratio,61.37
2021-03-01,2021,3,Australian Capital Territory,15-24,Unemployed total,4.35
2021-03-01,2021,3,Australian Capital Territory,15-24,Unemployment rate,10.75
2021-03-01,2021,3,Australian Capital Territory,15-24,Labour force total,40.48
2021-03-01,2021,3,Australian Capital Territory,15-24,Participation rate,68.76
2021-04-01,2021,4,Australia,15-24,Employed total,1902.51
2021-04-01,2021,4,Australia,15-24,Employment to population ratio,61.43
2021-04-01,2021,4,Australia,15-24,Unemployed total,232.06
2021-04-01,2021,4,Australia,15-24,Unemployment rate,10.87
2021-04-01,2021,4,Australia,15-24,Labour force total,2134.58
2021-04-01,2021,4,Australia,15-24,Participation rate,68.92
2021-04-01,2021,4,New South Wales,15-24,Employed total,603.25
2021-04-01,2021,4,New South Wales,15-24,Employment to population ratio,62.29
2021-04-01,2021,4,New South Wales,15-24,Unemployed total,68.72
2021-04-01,2021,4,New South Wales,15-24,Unemployment rate,10.23
2021-04-01,2021,4,New South Wales,15-24,Labour force total,671.96
2021-04-01,2021,4,New South Wales,15-24,Participation rate,69.39
2021-04-01,2021,4,Victoria,15-24,Employed total,453.31
2021-04-01,2021,4,Victoria,15-24,Employment to population ratio,57.33
2021-04-01,2021,4,Victoria,15-24,Unemployed total,63.81
2021-04-01,2021,4,Victoria,15-24,Unemployment rate,12.34
2021-04-01,2021,4,Victoria,15-24,Labour force total,517.12
2021-04-01,2021,4,Victoria,15-24,Participation rate,65.4
2021-04-01,2021,4,Queensland,15-24,Employed total,424.87
2021-04-01,2021,4,Queensland,15-24,Employment to population ratio,65.67
2021-04-01,2021,4,Queensland,15-24,Unemployed total,46.3
2021-04-01,2021,4,Queensland,15-24,Unemployment rate,9.83
2021-04-01,2021,4,Queensland,15-24,Labour force total,471.17
2021-04-01,2021,4,Queensland,15-24,Participation rate,72.82
2021-04-01,2021,4,South Australia,15-24,Employed total,124.25
2021-04-01,2021,4,South Australia,15-24,Employment to population ratio,58.35
2021-04-01,2021,4,South Australia,15-24,Unemployed total,22.37
2021-04-01,2021,4,South Australia,15-24,Unemployment rate,15.26
2021-04-01,2021,4,South Australia,15-24,Labour force total,146.62
2021-04-01,2021,4,South Australia,15-24,Participation rate,68.85
2021-04-01,2021,4,Western Australia,15-24,Employed total,201.7
2021-04-01,2021,4,Western Australia,15-24,Employment to population ratio,62.11
2021-04-01,2021,4,Western Australia,15-24,Unemployed total,20.04
2021-04-01,2021,4,Western Australia,15-24,Unemployment rate,9.04
2021-04-01,2021,4,Western Australia,15-24,Labour force total,221.74
2021-04-01,2021,4,Western Australia,15-24,Participation rate,68.28
2021-04-01,2021,4,Tasmania,15-24,Employed total,39.26
2021-04-01,2021,4,Tasmania,15-24,Employment to population ratio,62.34
2021-04-01,2021,4,Tasmania,15-24,Unemployed total,5.63
2021-04-01,2021,4,Tasmania,15-24,Unemployment rate,12.55
2021-04-01,2021,4,Tasmania,15-24,Labour force total,44.9
2021-04-01,2021,4,Tasmania,15-24,Participation rate,71.28
2021-04-01,2021,4,Northern Territory,15-24,Employed total,17.77
2021-04-01,2021,4,Northern Territory,15-24,Employment to population ratio,57.04
2021-04-01,2021,4,Northern Territory,15-24,Unemployed total,2.45
2021-04-01,2021,4,Northern Territory,15-24,Unemployment rate,12.12
2021-04-01,2021,4,Northern Territory,15-24,Labour force total,20.23
2021-04-01,2021,4,Northern Territory,15-24,Participation rate,64.91
2021-04-01,2021,4,Australian Capital Territory,15-24,Employed total,38.1
2021-04-01,2021,4,Australian Capital Territory,15-24,Employment to population ratio,64.42
2021-04-01,2021,4,Australian Capital Territory,15-24,Unemployed total,2.74
2021-04-01,2021,4,Australian Capital Territory,15-24,Unemployment rate,6.72
2021-04-01,2021,4,Australian Capital Territory,15-24,Labour force total,40.84
2021-04-01,2021,4,Australian Capital Territory,15-24,Participation rate,69.06
2021-05-01,2021,5,Australia,15-24,Employed total,1916.63
2021-05-01,2021,5,Australia,15-24,Employment to population ratio,61.97
2021-05-01,2021,5,Australia,15-24,Unemployed total,221.32
2021-05-01,2021,5,Australia,15-24,Unemployment rate,10.35
2021-05-01,2021,5,Australia,15-24,Labour force total,2137.96
2021-05-01,2021,5,Australia,15-24,Participation rate,69.13
2021-05-01,2021,5,New South Wales,15-24,Employed total,600.32
2021-05-01,2021,5,New South Wales,15-24,Employment to population ratio,62.11
2021-05-01,2021,5,New South Wales,15-24,Unemployed total,75.91
2021-05-01,2021,5,New South Wales,15-24,Unemployment rate,11.23
2021-05-01,2021,5,New South Wales,15-24,Labour force total,676.23
2021-05-01,2021,5,New South Wales,15-24,Participation rate,69.96
2021-05-01,2021,5,Victoria,15-24,Employed total,474.51
2021-05-01,2021,5,Victoria,15-24,Employment to population ratio,60.18
2021-05-01,2021,5,Victoria,15-24,Unemployed total,45.23
2021-05-01,2021,5,Victoria,15-24,Unemployment rate,8.7
2021-05-01,2021,5,Victoria,15-24,Labour force total,519.74
2021-05-01,2021,5,Victoria,15-24,Participation rate,65.91
2021-05-01,2021,5,Queensland,15-24,Employed total,414.39
2021-05-01,2021,5,Queensland,15-24,Employment to population ratio,64.06
2021-05-01,2021,5,Queensland,15-24,Unemployed total,45.8
2021-05-01,2021,5,Queensland,15-24,Unemployment rate,9.95
2021-05-01,2021,5,Queensland,15-24,Labour force total,460.19
2021-05-01,2021,5,Queensland,15-24,Participation rate,71.14
2021-05-01,2021,5,South Australia,15-24,Employed total,128.91
2021-05-01,2021,5,South Australia,15-24,Employment to population ratio,60.63
2021-05-01,2021,5,South Australia,15-24,Unemployed total,17.62
2021-05-01,2021,5,South Australia,15-24,Unemployment rate,12.03
2021-05-01,2021,5,South Australia,15-24,Labour force total,146.53
2021-05-01,2021,5,South Australia,15-24,Participation rate,68.92
2021-05-01,2021,5,Western Australia,15-24,Employed total,201.25
2021-05-01,2021,5,Western Australia,15-24,Employment to population ratio,61.99
2021-05-01,2021,5,Western Australia,15-24,Unemployed total,26.51
2021-05-01,2021,5,Western Australia,15-24,Unemployment rate,11.64
2021-05-01,2021,5,Western Australia,15-24,Labour force total,227.77
2021-05-01,2021,5,Western Australia,15-24,Participation rate,70.15
2021-05-01,2021,5,Tasmania,15-24,Employed total,39.39
2021-05-01,2021,5,Tasmania,15-24,Employment to population ratio,62.63
2021-05-01,2021,5,Tasmania,15-24,Unemployed total,5.24
2021-05-01,2021,5,Tasmania,15-24,Unemployment rate,11.75
2021-05-01,2021,5,Tasmania,15-24,Labour force total,44.63
2021-05-01,2021,5,Tasmania,15-24,Participation rate,70.97
2021-05-01,2021,5,Northern Territory,15-24,Employed total,18.43
2021-05-01,2021,5,Northern Territory,15-24,Employment to population ratio,59.26
2021-05-01,2021,5,Northern Territory,15-24,Unemployed total,2.5
2021-05-01,2021,5,Northern Territory,15-24,Unemployment rate,11.93
2021-05-01,2021,5,Northern Territory,15-24,Labour force total,20.92
2021-05-01,2021,5,Northern Territory,15-24,Participation rate,67.28
2021-05-01,2021,5,Australian Capital Territory,15-24,Employed total,39.43
2021-05-01,2021,5,Australian Capital Territory,15-24,Employment to population ratio,66.38
2021-05-01,2021,5,Australian Capital Territory,15-24,Unemployed total,2.51
2021-05-01,2021,5,Australian Capital Territory,15-24,Unemployment rate,5.98
2021-05-01,2021,5,Australian Capital Territory,15-24,Labour force total,41.94
2021-05-01,2021,5,Australian Capital Territory,15-24,Participation rate,70.6
2021-06-01,2021,6,Australia,15-24,Employed total,1904.39
2021-06-01,2021,6,Australia,15-24,Employment to population ratio,61.66
2021-06-01,2021,6,Australia,15-24,Unemployed total,210.82
2021-06-01,2021,6,Australia,15-24,Unemployment rate,9.97
2021-06-01,2021,6,Australia,15-24,Labour force total,2115.2
2021-06-01,2021,6,Australia,15-24,Participation rate,68.49
2021-06-01,2021,6,New South Wales,15-24,Employed total,591.19
2021-06-01,2021,6,New South Wales,15-24,Employment to population ratio,61.28
2021-06-01,2021,6,New South Wales,15-24,Unemployed total,75.91
2021-06-01,2021,6,New South Wales,15-24,Unemployment rate,11.38
2021-06-01,2021,6,New South Wales,15-24,Labour force total,667.1
2021-06-01,2021,6,New South Wales,15-24,Participation rate,69.14
2021-06-01,2021,6,Victoria,15-24,Employed total,469.33
2021-06-01,2021,6,Victoria,15-24,Employment to population ratio,59.68
2021-06-01,2021,6,Victoria,15-24,Unemployed total,44.13
2021-06-01,2021,6,Victoria,15-24,Unemployment rate,8.59
2021-06-01,2021,6,Victoria,15-24,Labour force total,513.45
2021-06-01,2021,6,Victoria,15-24,Participation rate,65.29
2021-06-01,2021,6,Queensland,15-24,Employed total,413.17
2021-06-01,2021,6,Queensland,15-24,Employment to population ratio,63.89
2021-06-01,2021,6,Queensland,15-24,Unemployed total,39.81
2021-06-01,2021,6,Queensland,15-24,Unemployment rate,8.79
2021-06-01,2021,6,Queensland,15-24,Labour force total,452.98
2021-06-01,2021,6,Queensland,15-24,Participation rate,70.04
2021-06-01,2021,6,South Australia,15-24,Employed total,131.13
2021-06-01,2021,6,South Australia,15-24,Employment to population ratio,61.77
2021-06-01,2021,6,South Australia,15-24,Unemployed total,13.81
2021-06-01,2021,6,South Australia,15-24,Unemployment rate,9.53
2021-06-01,2021,6,South Australia,15-24,Labour force total,144.93
2021-06-01,2021,6,South Australia,15-24,Participation rate,68.27
2021-06-01,2021,6,Western Australia,15-24,Employed total,206.11
2021-06-01,2021,6,Western Australia,15-24,Employment to population ratio,63.5
2021-06-01,2021,6,Western Australia,15-24,Unemployed total,25.97
2021-06-01,2021,6,Western Australia,15-24,Unemployment rate,11.19
2021-06-01,2021,6,Western Australia,15-24,Labour force total,232.08
2021-06-01,2021,6,Western Australia,15-24,Participation rate,71.5
2021-06-01,2021,6,Tasmania,15-24,Employed total,38.91
2021-06-01,2021,6,Tasmania,15-24,Employment to population ratio,61.99
2021-06-01,2021,6,Tasmania,15-24,Unemployed total,4.8
2021-06-01,2021,6,Tasmania,15-24,Unemployment rate,10.99
2021-06-01,2021,6,Tasmania,15-24,Labour force total,43.72
2021-06-01,2021,6,Tasmania,15-24,Participation rate,69.64
2021-06-01,2021,6,Northern Territory,15-24,Employed total,16.76
2021-06-01,2021,6,Northern Territory,15-24,Employment to population ratio,54.01
2021-06-01,2021,6,Northern Territory,15-24,Unemployed total,3.16
2021-06-01,2021,6,Northern Territory,15-24,Unemployment rate,15.88
2021-06-01,2021,6,Northern Territory,15-24,Labour force total,19.92
2021-06-01,2021,6,Northern Territory,15-24,Participation rate,64.2
2021-06-01,2021,6,Australian Capital Territory,15-24,Employed total,37.79
2021-06-01,2021,6,Australian Capital Territory,15-24,Employment to population ratio,63.31
2021-06-01,2021,6,Australian Capital Territory,15-24,Unemployed total,3.23
2021-06-01,2021,6,Australian Capital Territory,15-24,Unemployment rate,7.87
2021-06-01,2021,6,Australian Capital Territory,15-24,Labour force total,41.02
2021-06-01,2021,6,Australian Capital Territory,15-24,Participation rate,68.73
2021-07-01,2021,7,Australia,15-24,Employed total,1898.9
2021-07-01,2021,7,Australia,15-24,Employment to population ratio,61.55
2021-07-01,2021,7,Australia,15-24,Unemployed total,213.13
2021-07-01,2021,7,Australia,15-24,Unemployment rate,10.09
2021-07-01,2021,7,Australia,15-24,Labour force total,2112.03
2021-07-01,2021,7,Australia,15-24,Participation rate,68.46
2021-07-01,2021,7,New South Wales,15-24,Employed total,590.68
2021-07-01,2021,7,New South Wales,15-24,Employment to population ratio,61.32
2021-07-01,2021,7,New South Wales,15-24,Unemployed total,64.79
2021-07-01,2021,7,New South Wales,15-24,Unemployment rate,9.88
2021-07-01,2021,7,New South Wales,15-24,Labour force total,655.47
2021-07-01,2021,7,New South Wales,15-24,Participation rate,68.04
2021-07-01,2021,7,Victoria,15-24,Employed total,459.4
2021-07-01,2021,7,Victoria,15-24,Employment to population ratio,58.55
2021-07-01,2021,7,Victoria,15-24,Unemployed total,55.82
2021-07-01,2021,7,Victoria,15-24,Unemployment rate,10.83
2021-07-01,2021,7,Victoria,15-24,Labour force total,515.22
2021-07-01,2021,7,Victoria,15-24,Participation rate,65.67
2021-07-01,2021,7,Queensland,15-24,Employed total,411.65
2021-07-01,2021,7,Queensland,15-24,Employment to population ratio,63.63
2021-07-01,2021,7,Queensland,15-24,Unemployed total,48.0
2021-07-01,2021,7,Queensland,15-24,Unemployment rate,10.44
2021-07-01,2021,7,Queensland,15-24,Labour force total,459.65
2021-07-01,2021,7,Queensland,15-24,Participation rate,71.05
2021-07-01,2021,7,South Australia,15-24,Employed total,130.28
2021-07-01,2021,7,South Australia,15-24,Employment to population ratio,61.44
2021-07-01,2021,7,South Australia,15-24,Unemployed total,13.93
2021-07-01,2021,7,South Australia,15-24,Unemployment rate,9.66
2021-07-01,2021,7,South Australia,15-24,Labour force total,144.2
2021-07-01,2021,7,South Australia,15-24,Participation rate,68.01
2021-07-01,2021,7,Western Australia,15-24,Employed total,212.26
2021-07-01,2021,7,Western Australia,15-24,Employment to population ratio,65.37
2021-07-01,2021,7,Western Australia,15-24,Unemployed total,20.81
2021-07-01,2021,7,Western Australia,15-24,Unemployment rate,8.93
2021-07-01,2021,7,Western Australia,15-24,Labour force total,233.07
2021-07-01,2021,7,Western Australia,15-24,Participation rate,71.78
2021-07-01,2021,7,Tasmania,15-24,Employed total,38.62
2021-07-01,2021,7,Tasmania,15-24,Employment to population ratio,61.56
2021-07-01,2021,7,Tasmania,15-24,Unemployed total,4.12
2021-07-01,2021,7,Tasmania,15-24,Unemployment rate,9.64
2021-07-01,2021,7,Tasmania,15-24,Labour force total,42.74
2021-07-01,2021,7,Tasmania,15-24,Participation rate,68.12
2021-07-01,2021,7,Northern Territory,15-24,Employed total,16.94
2021-07-01,2021,7,Northern Territory,15-24,Employment to population ratio,54.5
2021-07-01,2021,7,Northern Territory,15-24,Unemployed total,2.29
2021-07-01,2021,7,Northern Territory,15-24,Unemployment rate,11.92
2021-07-01,2021,7,Northern Territory,15-24,Labour force total,19.24
2021-07-01,2021,7,Northern Territory,15-24,Participation rate,61.88
2021-07-01,2021,7,Australian Capital Territory,15-24,Employed total,39.07
2021-07-01,2021,7,Australian Capital Territory,15-24,Employment to population ratio,65.44
2021-07-01,2021,7,Australian Capital Territory,15-24,Unemployed total,3.38
2021-07-01,2021,7,Australian Capital Territory,15-24,Unemployment rate,7.96
2021-07-01,2021,7,Australian Capital Territory,15-24,Labour force total,42.44
2021-07-01,2021,7,Australian Capital Territory,15-24,Participation rate,71.1
2021-08-01,2021,8,Australia,15-24,Employed total,1799.35
2021-08-01,2021,8,Australia,15-24,Employment to population ratio,58.39
2021-08-01,2021,8,Australia,15-24,Unemployed total,208.07
2021-08-01,2021,8,Australia,15-24,Unemployment rate,10.37
2021-08-01,2021,8,Australia,15-24,Labour force total,2007.42
2021-08-01,2021,8,Australia,15-24,Participation rate,65.14
2021-08-01,2021,8,New South Wales,15-24,Employed total,511.63
2021-08-01,2021,8,New South Wales,15-24,Employment to population ratio,53.2
2021-08-01,2021,8,New South Wales,15-24,Unemployed total,61.71
2021-08-01,2021,8,New South Wales,15-24,Unemployment rate,10.76
2021-08-01,2021,8,New South Wales,15-24,Labour force total,573.34
2021-08-01,2021,8,New South Wales,15-24,Participation rate,59.61
2021-08-01,2021,8,Victoria,15-24,Employed total,459.42
2021-08-01,2021,8,Victoria,15-24,Employment to population ratio,58.69
2021-08-01,2021,8,Victoria,15-24,Unemployed total,51.1
2021-08-01,2021,8,Victoria,15-24,Unemployment rate,10.01
2021-08-01,2021,8,Victoria,15-24,Labour force total,510.52
2021-08-01,2021,8,Victoria,15-24,Participation rate,65.22
2021-08-01,2021,8,Queensland,15-24,Employed total,400.71
2021-08-01,2021,8,Queensland,15-24,Employment to population ratio,61.92
2021-08-01,2021,8,Queensland,15-24,Unemployed total,47.49
2021-08-01,2021,8,Queensland,15-24,Unemployment rate,10.6
2021-08-01,2021,8,Queensland,15-24,Labour force total,448.2
2021-08-01,2021,8,Queensland,15-24,Participation rate,69.26
2021-08-01,2021,8,South Australia,15-24,Employed total,128.91
2021-08-01,2021,8,South Australia,15-24,Employment to population ratio,60.87
2021-08-01,2021,8,South Australia,15-24,Unemployed total,12.83
2021-08-01,2021,8,South Australia,15-24,Unemployment rate,9.05
2021-08-01,2021,8,South Australia,15-24,Labour force total,141.75
2021-08-01,2021,8,South Australia,15-24,Participation rate,66.93
2021-08-01,2021,8,Western Australia,15-24,Employed total,205.99
2021-08-01,2021,8,Western Australia,15-24,Employment to population ratio,63.41
2021-08-01,2021,8,Western Australia,15-24,Unemployed total,25.26
2021-08-01,2021,8,Western Australia,15-24,Unemployment rate,10.92
2021-08-01,2021,8,Western Australia,15-24,Labour force total,231.25
2021-08-01,2021,8,Western Australia,15-24,Participation rate,71.18
2021-08-01,2021,8,Tasmania,15-24,Employed total,37.81
2021-08-01,2021,8,Tasmania,15-24,Employment to population ratio,60.31
2021-08-01,2021,8,Tasmania,15-24,Unemployed total,4.38
2021-08-01,2021,8,Tasmania,15-24,Unemployment rate,10.38
2021-08-01,2021,8,Tasmania,15-24,Labour force total,42.19
2021-08-01,2021,8,Tasmania,15-24,Participation rate,67.3
2021-08-01,2021,8,Northern Territory,15-24,Employed total,16.63
2021-08-01,2021,8,Northern Territory,15-24,Employment to population ratio,53.4
2021-08-01,2021,8,Northern Territory,15-24,Unemployed total,2.22
2021-08-01,2021,8,Northern Territory,15-24,Unemployment rate,11.79
2021-08-01,2021,8,Northern Territory,15-24,Labour force total,18.85
2021-08-01,2021,8,Northern Territory,15-24,Participation rate,60.53
2021-08-01,2021,8,Australian Capital Territory,15-24,Employed total,38.24
2021-08-01,2021,8,Australian Capital Territory,15-24,Employment to population ratio,64.03
2021-08-01,2021,8,Australian Capital Territory,15-24,Unemployed total,3.08
2021-08-01,2021,8,Australian Capital Territory,15-24,Unemployment rate,7.45
2021-08-01,2021,8,Australian Capital Territory,15-24,Labour force total,41.31
2021-08-01,2021,8,Australian Capital Territory,15-24,Participation rate,69.19
2021-09-01,2021,9,Australia,15-24,Employed total,1737.77
2021-09-01,2021,9,Australia,15-24,Employment to population ratio,56.45
2021-09-01,2021,9,Australia,15-24,Unemployed total,206.4
2021-09-01,2021,9,Australia,15-24,Unemployment rate,10.62
2021-09-01,2021,9,Australia,15-24,Labour force total,1944.17
2021-09-01,2021,9,Australia,15-24,Participation rate,63.15
2021-09-01,2021,9,New South Wales,15-24,Employed total,497.03
2021-09-01,2021,9,New South Wales,15-24,Employment to population ratio,51.76
2021-09-01,2021,9,New South Wales,15-24,Unemployed total,56.3
2021-09-01,2021,9,New South Wales,15-24,Unemployment rate,10.17
2021-09-01,2021,9,New South Wales,15-24,Labour force total,553.32
2021-09-01,2021,9,New South Wales,15-24,Participation rate,57.62
2021-09-01,2021,9,Victoria,15-24,Employed total,404.36
2021-09-01,2021,9,Victoria,15-24,Employment to population ratio,51.78
2021-09-01,2021,9,Victoria,15-24,Unemployed total,55.03
2021-09-01,2021,9,Victoria,15-24,Unemployment rate,11.98
2021-09-01,2021,9,Victoria,15-24,Labour force total,459.39
2021-09-01,2021,9,Victoria,15-24,Participation rate,58.82
2021-09-01,2021,9,Queensland,15-24,Employed total,408.85
2021-09-01,2021,9,Queensland,15-24,Employment to population ratio,63.16
2021-09-01,2021,9,Queensland,15-24,Unemployed total,48.83
2021-09-01,2021,9,Queensland,15-24,Unemployment rate,10.67
2021-09-01,2021,9,Queensland,15-24,Labour force total,457.68
2021-09-01,2021,9,Queensland,15-24,Participation rate,70.7
2021-09-01,2021,9,South Australia,15-24,Employed total,132.55
2021-09-01,2021,9,South Australia,15-24,Employment to population ratio,62.67
2021-09-01,2021,9,South Australia,15-24,Unemployed total,16.48
2021-09-01,2021,9,South Australia,15-24,Unemployment rate,11.06
2021-09-01,2021,9,South Australia,15-24,Labour force total,149.04
2021-09-01,2021,9,South Australia,15-24,Participation rate,70.46
2021-09-01,2021,9,Western Australia,15-24,Employed total,205.4
2021-09-01,2021,9,Western Australia,15-24,Employment to population ratio,63.2
2021-09-01,2021,9,Western Australia,15-24,Unemployed total,19.65
2021-09-01,2021,9,Western Australia,15-24,Unemployment rate,8.73
2021-09-01,2021,9,Western Australia,15-24,Labour force total,225.05
2021-09-01,2021,9,Western Australia,15-24,Participation rate,69.25
2021-09-01,2021,9,Tasmania,15-24,Employed total,36.63
2021-09-01,2021,9,Tasmania,15-24,Employment to population ratio,58.46
2021-09-01,2021,9,Tasmania,15-24,Unemployed total,4.6
2021-09-01,2021,9,Tasmania,15-24,Unemployment rate,11.16
2021-09-01,2021,9,Tasmania,15-24,Labour force total,41.23
2021-09-01,2021,9,Tasmania,15-24,Participation rate,65.8
2021-09-01,2021,9,Northern Territory,15-24,Employed total,17.56
2021-09-01,2021,9,Northern Territory,15-24,Employment to population ratio,56.29
2021-09-01,2021,9,Northern Territory,15-24,Unemployed total,2.11
2021-09-01,2021,9,Northern Territory,15-24,Unemployment rate,10.73
2021-09-01,2021,9,Northern Territory,15-24,Labour force total,19.67
2021-09-01,2021,9,Northern Territory,15-24,Participation rate,63.05
2021-09-01,2021,9,Australian Capital Territory,15-24,Employed total,35.39
2021-09-01,2021,9,Australian Capital Territory,15-24,Employment to population ratio,59.25
2021-09-01,2021,9,Australian Capital Territory,15-24,Unemployed total,3.4
2021-09-01,2021,9,Australian Capital Territory,15-24,Unemployment rate,8.76
2021-09-01,2021,9,Australian Capital Territory,15-24,Labour force total,38.78
2021-09-01,2021,9,Australian Capital Territory,15-24,Participation rate,64.94
2021-10-01,2021,10,Australia,15-24,Employed total,1753.7
2021-10-01,2021,10,Australia,15-24,Employment to population ratio,56.9
2021-10-01,2021,10,Australia,15-24,Unemployed total,246.01
2021-10-01,2021,10,Australia,15-24,Unemployment rate,12.3
2021-10-01,2021,10,Australia,15-24,Labour force total,1999.71
2021-10-01,2021,10,Australia,15-24,Participation rate,64.89
2021-10-01,2021,10,New South Wales,15-24,Employed total,519.53
2021-10-01,2021,10,New South Wales,15-24,Employment to population ratio,54.03
2021-10-01,2021,10,New South Wales,15-24,Unemployed total,74.24
2021-10-01,2021,10,New South Wales,15-24,Unemployment rate,12.5
2021-10-01,2021,10,New South Wales,15-24,Labour force total,593.77
2021-10-01,2021,10,New South Wales,15-24,Participation rate,61.76
2021-10-01,2021,10,Victoria,15-24,Employed total,387.73
2021-10-01,2021,10,Victoria,15-24,Employment to population ratio,49.61
2021-10-01,2021,10,Victoria,15-24,Unemployed total,71.23
2021-10-01,2021,10,Victoria,15-24,Unemployment rate,15.52
2021-10-01,2021,10,Victoria,15-24,Labour force total,458.96
2021-10-01,2021,10,Victoria,15-24,Participation rate,58.73
2021-10-01,2021,10,Queensland,15-24,Employed total,415.32
2021-10-01,2021,10,Queensland,15-24,Employment to population ratio,64.07
2021-10-01,2021,10,Queensland,15-24,Unemployed total,46.66
2021-10-01,2021,10,Queensland,15-24,Unemployment rate,10.1
2021-10-01,2021,10,Queensland,15-24,Labour force total,461.97
2021-10-01,2021,10,Queensland,15-24,Participation rate,71.27
2021-10-01,2021,10,South Australia,15-24,Employed total,133.77
2021-10-01,2021,10,South Australia,15-24,Employment to population ratio,63.24
2021-10-01,2021,10,South Australia,15-24,Unemployed total,15.52
2021-10-01,2021,10,South Australia,15-24,Unemployment rate,10.4
2021-10-01,2021,10,South Australia,15-24,Labour force total,149.29
2021-10-01,2021,10,South Australia,15-24,Participation rate,70.57
2021-10-01,2021,10,Western Australia,15-24,Employed total,212.18
2021-10-01,2021,10,Western Australia,15-24,Employment to population ratio,65.24
2021-10-01,2021,10,Western Australia,15-24,Unemployed total,24.64
2021-10-01,2021,10,Western Australia,15-24,Unemployment rate,10.4
2021-10-01,2021,10,Western Australia,15-24,Labour force total,236.81
2021-10-01,2021,10,Western Australia,15-24,Participation rate,72.81
2021-10-01,2021,10,Tasmania,15-24,Employed total,37.56
2021-10-01,2021,10,Tasmania,15-24,Employment to population ratio,59.94
2021-10-01,2021,10,Tasmania,15-24,Unemployed total,4.82
2021-10-01,2021,10,Tasmania,15-24,Unemployment rate,11.38
2021-10-01,2021,10,Tasmania,15-24,Labour force total,42.38
2021-10-01,2021,10,Tasmania,15-24,Participation rate,67.64
2021-10-01,2021,10,Northern Territory,15-24,Employed total,17.89
2021-10-01,2021,10,Northern Territory,15-24,Employment to population ratio,57.3
2021-10-01,2021,10,Northern Territory,15-24,Unemployed total,2.06
2021-10-01,2021,10,Northern Territory,15-24,Unemployment rate,10.32
2021-10-01,2021,10,Northern Territory,15-24,Labour force total,19.95
2021-10-01,2021,10,Northern Territory,15-24,Participation rate,63.89
2021-10-01,2021,10,Australian Capital Territory,15-24,Employed total,29.72
2021-10-01,2021,10,Australian Capital Territory,15-24,Employment to population ratio,49.5
2021-10-01,2021,10,Australian Capital Territory,15-24,Unemployed total,6.85
2021-10-01,2021,10,Australian Capital Territory,15-24,Unemployment rate,18.74
2021-10-01,2021,10,Australian Capital Territory,15-24,Labour force total,36.58
2021-10-01,2021,10,Australian Capital Territory,15-24,Participation rate,60.91
2021-11-01,2021,11,Australia,15-24,Employed total,1898.07
2021-11-01,2021,11,Australia,15-24,Employment to population ratio,61.52
2021-11-01,2021,11,Australia,15-24,Unemployed total,213.26
2021-11-01,2021,11,Australia,15-24,Unemployment rate,10.1
2021-11-01,2021,11,Australia,15-24,Labour force total,2111.33
2021-11-01,2021,11,Australia,15-24,Participation rate,68.44
2021-11-01,2021,11,New South Wales,15-24,Employed total,574.45
2021-11-01,2021,11,New South Wales,15-24,Employment to population ratio,59.67
2021-11-01,2021,11,New South Wales,15-24,Unemployed total,62.7
2021-11-01,2021,11,New South Wales,15-24,Unemployment rate,9.84
2021-11-01,2021,11,New South Wales,15-24,Labour force total,637.15
2021-11-01,2021,11,New South Wales,15-24,Participation rate,66.18
2021-11-01,2021,11,Victoria,15-24,Employed total,454.9
2021-11-01,2021,11,Victoria,15-24,Employment to population ratio,58.17
2021-11-01,2021,11,Victoria,15-24,Unemployed total,59.94
2021-11-01,2021,11,Victoria,15-24,Unemployment rate,11.64
2021-11-01,2021,11,Victoria,15-24,Labour force total,514.84
2021-11-01,2021,11,Victoria,15-24,Participation rate,65.84
2021-11-01,2021,11,Queensland,15-24,Employed total,425.83
2021-11-01,2021,11,Queensland,15-24,Employment to population ratio,65.61
2021-11-01,2021,11,Queensland,15-24,Unemployed total,43.73
2021-11-01,2021,11,Queensland,15-24,Unemployment rate,9.31
2021-11-01,2021,11,Queensland,15-24,Labour force total,469.56
2021-11-01,2021,11,Queensland,15-24,Participation rate,72.35
2021-11-01,2021,11,South Australia,15-24,Employed total,139.34
2021-11-01,2021,11,South Australia,15-24,Employment to population ratio,65.86
2021-11-01,2021,11,South Australia,15-24,Unemployed total,12.63
2021-11-01,2021,11,South Australia,15-24,Unemployment rate,8.31
2021-11-01,2021,11,South Australia,15-24,Labour force total,151.96
2021-11-01,2021,11,South Australia,15-24,Participation rate,71.83
2021-11-01,2021,11,Western Australia,15-24,Employed total,210.94
2021-11-01,2021,11,Western Australia,15-24,Employment to population ratio,64.81
2021-11-01,2021,11,Western Australia,15-24,Unemployed total,23.12
2021-11-01,2021,11,Western Australia,15-24,Unemployment rate,9.88
2021-11-01,2021,11,Western Australia,15-24,Labour force total,234.06
2021-11-01,2021,11,Western Australia,15-24,Participation rate,71.91
2021-11-01,2021,11,Tasmania,15-24,Employed total,38.06
2021-11-01,2021,11,Tasmania,15-24,Employment to population ratio,60.75
2021-11-01,2021,11,Tasmania,15-24,Unemployed total,4.67
2021-11-01,2021,11,Tasmania,15-24,Unemployment rate,10.93
2021-11-01,2021,11,Tasmania,15-24,Labour force total,42.73
2021-11-01,2021,11,Tasmania,15-24,Participation rate,68.2
2021-11-01,2021,11,Northern Territory,15-24,Employed total,18.04
2021-11-01,2021,11,Northern Territory,15-24,Employment to population ratio,57.76
2021-11-01,2021,11,Northern Territory,15-24,Unemployed total,1.89
2021-11-01,2021,11,Northern Territory,15-24,Unemployment rate,9.5
2021-11-01,2021,11,Northern Territory,15-24,Labour force total,19.93
2021-11-01,2021,11,Northern Territory,15-24,Participation rate,63.82
2021-11-01,2021,11,Australian Capital Territory,15-24,Employed total,36.52
2021-11-01,2021,11,Australian Capital Territory,15-24,Employment to population ratio,60.5
2021-11-01,2021,11,Australian Capital Territory,15-24,Unemployed total,4.58
2021-11-01,2021,11,Australian Capital Territory,15-24,Unemployment rate,11.14
2021-11-01,2021,11,Australian Capital Territory,15-24,Labour force total,41.1
2021-11-01,2021,11,Australian Capital Territory,15-24,Participation rate,68.08
2021-12-01,2021,12,Australia,15-24,Employed total,2018.76
2021-12-01,2021,12,Australia,15-24,Employment to population ratio,65.37
2021-12-01,2021,12,Australia,15-24,Unemployed total,209.29
2021-12-01,2021,12,Australia,15-24,Unemployment rate,9.39
2021-12-01,2021,12,Australia,15-24,Labour force total,2228.05
2021-12-01,2021,12,Australia,15-24,Participation rate,72.14
2021-12-01,2021,12,New South Wales,15-24,Employed total,619.67
2021-12-01,2021,12,New South Wales,15-24,Employment to population ratio,64.28
2021-12-01,2021,12,New South Wales,15-24,Unemployed total,55.63
2021-12-01,2021,12,New South Wales,15-24,Unemployment rate,8.24
2021-12-01,2021,12,New South Wales,15-24,Labour force total,675.31
2021-12-01,2021,12,New South Wales,15-24,Participation rate,70.05
2021-12-01,2021,12,Victoria,15-24,Employed total,507.45
2021-12-01,2021,12,Victoria,15-24,Employment to population ratio,64.85
2021-12-01,2021,12,Victoria,15-24,Unemployed total,54.11
2021-12-01,2021,12,Victoria,15-24,Unemployment rate,9.64
2021-12-01,2021,12,Victoria,15-24,Labour force total,561.57
2021-12-01,2021,12,Victoria,15-24,Participation rate,71.76
2021-12-01,2021,12,Queensland,15-24,Employed total,432.86
2021-12-01,2021,12,Queensland,15-24,Employment to population ratio,66.6
2021-12-01,2021,12,Queensland,15-24,Unemployed total,51.77
2021-12-01,2021,12,Queensland,15-24,Unemployment rate,10.68
2021-12-01,2021,12,Queensland,15-24,Labour force total,484.63
2021-12-01,2021,12,Queensland,15-24,Participation rate,74.57
2021-12-01,2021,12,South Australia,15-24,Employed total,144.83
2021-12-01,2021,12,South Australia,15-24,Employment to population ratio,68.44
2021-12-01,2021,12,South Australia,15-24,Unemployed total,11.9
2021-12-01,2021,12,South Australia,15-24,Unemployment rate,7.59
2021-12-01,2021,12,South Australia,15-24,Labour force total,156.73
2021-12-01,2021,12,South Australia,15-24,Participation rate,74.07
2021-12-01,2021,12,Western Australia,15-24,Employed total,220.74
2021-12-01,2021,12,Western Australia,15-24,Employment to population ratio,67.78
2021-12-01,2021,12,Western Australia,15-24,Unemployed total,23.39
2021-12-01,2021,12,Western Australia,15-24,Unemployment rate,9.58
2021-12-01,2021,12,Western Australia,15-24,Labour force total,244.13
2021-12-01,2021,12,Western Australia,15-24,Participation rate,74.96
2021-12-01,2021,12,Tasmania,15-24,Employed total,38.31
2021-12-01,2021,12,Tasmania,15-24,Employment to population ratio,61.17
2021-12-01,2021,12,Tasmania,15-24,Unemployed total,4.62
2021-12-01,2021,12,Tasmania,15-24,Unemployment rate,10.76
2021-12-01,2021,12,Tasmania,15-24,Labour force total,42.93
2021-12-01,2021,12,Tasmania,15-24,Participation rate,68.54
2021-12-01,2021,12,Northern Territory,15-24,Employed total,18.05
2021-12-01,2021,12,Northern Territory,15-24,Employment to population ratio,57.76
2021-12-01,2021,12,Northern Territory,15-24,Unemployed total,2.41
2021-12-01,2021,12,Northern Territory,15-24,Unemployment rate,11.77
2021-12-01,2021,12,Northern Territory,15-24,Labour force total,20.46
2021-12-01,2021,12,Northern Territory,15-24,Participation rate,65.47
2021-12-01,2021,12,Australian Capital Territory,15-24,Employed total,36.84
2021-12-01,2021,12,Australian Capital Territory,15-24,Employment to population ratio,60.7
2021-12-01,2021,12,Australian Capital Territory,15-24,Unemployed total,5.45
2021-12-01,2021,12,Australian Capital Territory,15-24,Unemployment rate,12.9
2021-12-01,2021,12,Australian Capital Territory,15-24,Labour force total,42.29
2021-12-01,2021,12,Australian Capital Territory,15-24,Participation rate,69.69
2022-01-01,2022,1,Australia,15-24,Employed total,1972.01
2022-01-01,2022,1,Australia,15-24,Employment to population ratio,63.51
2022-01-01,2022,1,Australia,15-24,Unemployed total,218.6
2022-01-01,2022,1,Australia,15-24,Unemployment rate,9.98
2022-01-01,2022,1,Australia,15-24,Labour force total,2190.61
2022-01-01,2022,1,Australia,15-24,Participation rate,70.55
2022-01-01,2022,1,New South Wales,15-24,Employed total,603.69
2022-01-01,2022,1,New South Wales,15-24,Employment to population ratio,62.27
2022-01-01,2022,1,New South Wales,15-24,Unemployed total,63.0
2022-01-01,2022,1,New South Wales,15-24,Unemployment rate,9.45
2022-01-01,2022,1,New South Wales,15-24,Labour force total,666.69
2022-01-01,2022,1,New South Wales,15-24,Participation rate,68.77
2022-01-01,2022,1,Victoria,15-24,Employed total,489.29
2022-01-01,2022,1,Victoria,15-24,Employment to population ratio,62.12
2022-01-01,2022,1,Victoria,15-24,Unemployed total,54.36
2022-01-01,2022,1,Victoria,15-24,Unemployment rate,10.0
2022-01-01,2022,1,Victoria,15-24,Labour force total,543.65
2022-01-01,2022,1,Victoria,15-24,Participation rate,69.02
2022-01-01,2022,1,Queensland,15-24,Employed total,429.95
2022-01-01,2022,1,Queensland,15-24,Employment to population ratio,65.84
2022-01-01,2022,1,Queensland,15-24,Unemployed total,47.52
2022-01-01,2022,1,Queensland,15-24,Unemployment rate,9.95
2022-01-01,2022,1,Queensland,15-24,Labour force total,477.48
2022-01-01,2022,1,Queensland,15-24,Participation rate,73.12
2022-01-01,2022,1,South Australia,15-24,Employed total,135.39
2022-01-01,2022,1,South Australia,15-24,Employment to population ratio,63.66
2022-01-01,2022,1,South Australia,15-24,Unemployed total,17.03
2022-01-01,2022,1,South Australia,15-24,Unemployment rate,11.18
2022-01-01,2022,1,South Australia,15-24,Labour force total,152.42
2022-01-01,2022,1,South Australia,15-24,Participation rate,71.67
2022-01-01,2022,1,Western Australia,15-24,Employed total,217.53
2022-01-01,2022,1,Western Australia,15-24,Employment to population ratio,66.55
2022-01-01,2022,1,Western Australia,15-24,Unemployed total,27.37
2022-01-01,2022,1,Western Australia,15-24,Unemployment rate,11.18
2022-01-01,2022,1,Western Australia,15-24,Labour force total,244.9
2022-01-01,2022,1,Western Australia,15-24,Participation rate,74.92
2022-01-01,2022,1,Tasmania,15-24,Employed total,37.15
2022-01-01,2022,1,Tasmania,15-24,Employment to population ratio,59.25
2022-01-01,2022,1,Tasmania,15-24,Unemployed total,4.3
2022-01-01,2022,1,Tasmania,15-24,Unemployment rate,10.38
2022-01-01,2022,1,Tasmania,15-24,Labour force total,41.46
2022-01-01,2022,1,Tasmania,15-24,Participation rate,66.12
2022-01-01,2022,1,Northern Territory,15-24,Employed total,18.02
2022-01-01,2022,1,Northern Territory,15-24,Employment to population ratio,57.38
2022-01-01,2022,1,Northern Territory,15-24,Unemployed total,1.54
2022-01-01,2022,1,Northern Territory,15-24,Unemployment rate,7.87
2022-01-01,2022,1,Northern Territory,15-24,Labour force total,19.56
2022-01-01,2022,1,Northern Territory,15-24,Participation rate,62.28
2022-01-01,2022,1,Australian Capital Territory,15-24,Employed total,40.98
2022-01-01,2022,1,Australian Capital Territory,15-24,Employment to population ratio,67.05
2022-01-01,2022,1,Australian Capital Territory,15-24,Unemployed total,3.48
2022-01-01,2022,1,Australian Capital Territory,15-24,Unemployment rate,7.82
2022-01-01,2022,1,Australian Capital Territory,15-24,Labour force total,44.46
2022-01-01,2022,1,Australian Capital Territory,15-24,Participation rate,72.74
2022-02-01,2022,2,Australia,15-24,Employed total,2009.23
2022-02-01,2022,2,Australia,15-24,Employment to population ratio,64.37
2022-02-01,2022,2,Australia,15-24,Unemployed total,220.43
2022-02-01,2022,2,Australia,15-24,Unemployment rate,9.89
2022-02-01,2022,2,Australia,15-24,Labour force total,2229.66
2022-02-01,2022,2,Australia,15-24,Participation rate,71.43
2022-02-01,2022,2,New South Wales,15-24,Employed total,619.4
2022-02-01,2022,2,New South Wales,15-24,Employment to population ratio,63.53
2022-02-01,2022,2,New South Wales,15-24,Unemployed total,61.94
2022-02-01,2022,2,New South Wales,15-24,Unemployment rate,9.09
2022-02-01,2022,2,New South Wales,15-24,Labour force total,681.34
2022-02-01,2022,2,New South Wales,15-24,Participation rate,69.89
2022-02-01,2022,2,Victoria,15-24,Employed total,498.64
2022-02-01,2022,2,Victoria,15-24,Employment to population ratio,62.89
2022-02-01,2022,2,Victoria,15-24,Unemployed total,55.66
2022-02-01,2022,2,Victoria,15-24,Unemployment rate,10.04
2022-02-01,2022,2,Victoria,15-24,Labour force total,554.3
2022-02-01,2022,2,Victoria,15-24,Participation rate,69.91
2022-02-01,2022,2,Queensland,15-24,Employed total,437.05
2022-02-01,2022,2,Queensland,15-24,Employment to population ratio,66.61
2022-02-01,2022,2,Queensland,15-24,Unemployed total,48.67
2022-02-01,2022,2,Queensland,15-24,Unemployment rate,10.02
2022-02-01,2022,2,Queensland,15-24,Labour force total,485.72
2022-02-01,2022,2,Queensland,15-24,Participation rate,74.02
2022-02-01,2022,2,South Australia,15-24,Employed total,138.17
2022-02-01,2022,2,South Australia,15-24,Employment to population ratio,64.65
2022-02-01,2022,2,South Australia,15-24,Unemployed total,20.14
2022-02-01,2022,2,South Australia,15-24,Unemployment rate,12.72
2022-02-01,2022,2,South Australia,15-24,Labour force total,158.31
2022-02-01,2022,2,South Australia,15-24,Participation rate,74.07
2022-02-01,2022,2,Western Australia,15-24,Employed total,215.18
2022-02-01,2022,2,Western Australia,15-24,Employment to population ratio,65.59
2022-02-01,2022,2,Western Australia,15-24,Unemployed total,24.78
2022-02-01,2022,2,Western Australia,15-24,Unemployment rate,10.33
2022-02-01,2022,2,Western Australia,15-24,Labour force total,239.96
2022-02-01,2022,2,Western Australia,15-24,Participation rate,73.14
2022-02-01,2022,2,Tasmania,15-24,Employed total,39.22
2022-02-01,2022,2,Tasmania,15-24,Employment to population ratio,62.48
2022-02-01,2022,2,Tasmania,15-24,Unemployed total,4.2
2022-02-01,2022,2,Tasmania,15-24,Unemployment rate,9.68
2022-02-01,2022,2,Tasmania,15-24,Labour force total,43.42
2022-02-01,2022,2,Tasmania,15-24,Participation rate,69.17
2022-02-01,2022,2,Northern Territory,15-24,Employed total,17.25
2022-02-01,2022,2,Northern Territory,15-24,Employment to population ratio,54.69
2022-02-01,2022,2,Northern Territory,15-24,Unemployed total,2.06
2022-02-01,2022,2,Northern Territory,15-24,Unemployment rate,10.68
2022-02-01,2022,2,Northern Territory,15-24,Labour force total,19.32
2022-02-01,2022,2,Northern Territory,15-24,Participation rate,61.23
2022-02-01,2022,2,Australian Capital Territory,15-24,Employed total,44.32
2022-02-01,2022,2,Australian Capital Territory,15-24,Employment to population ratio,71.99
2022-02-01,2022,2,Australian Capital Territory,15-24,Unemployed total,2.98
2022-02-01,2022,2,Australian Capital Territory,15-24,Unemployment rate,6.3
2022-02-01,2022,2,Australian Capital Territory,15-24,Labour force total,47.3
2022-02-01,2022,2,Australian Capital Territory,15-24,Participation rate,76.83
2022-03-01,2022,3,Australia,15-24,Employed total,2031.89
2022-03-01,2022,3,Australia,15-24,Employment to population ratio,64.75
2022-03-01,2022,3,Australia,15-24,Unemployed total,203.1
2022-03-01,2022,3,Australia,15-24,Unemployment rate,9.09
2022-03-01,2022,3,Australia,15-24,Labour force total,2234.99
2022-03-01,2022,3,Australia,15-24,Participation rate,71.22
2022-03-01,2022,3,New South Wales,15-24,Employed total,636.13
2022-03-01,2022,3,New South Wales,15-24,Employment to population ratio,64.89
2022-03-01,2022,3,New South Wales,15-24,Unemployed total,59.63
2022-03-01,2022,3,New South Wales,15-24,Unemployment rate,8.57
2022-03-01,2022,3,New South Wales,15-24,Labour force total,695.76
2022-03-01,2022,3,New South Wales,15-24,Participation rate,70.97
2022-03-01,2022,3,Victoria,15-24,Employed total,493.99
2022-03-01,2022,3,Victoria,15-24,Employment to population ratio,61.91
2022-03-01,2022,3,Victoria,15-24,Unemployed total,52.59
2022-03-01,2022,3,Victoria,15-24,Unemployment rate,9.62
2022-03-01,2022,3,Victoria,15-24,Labour force total,546.58
2022-03-01,2022,3,Victoria,15-24,Participation rate,68.5
2022-03-01,2022,3,Queensland,15-24,Employed total,439.53
2022-03-01,2022,3,Queensland,15-24,Employment to population ratio,66.67
2022-03-01,2022,3,Queensland,15-24,Unemployed total,44.71
2022-03-01,2022,3,Queensland,15-24,Unemployment rate,9.23
2022-03-01,2022,3,Queensland,15-24,Labour force total,484.24
2022-03-01,2022,3,Queensland,15-24,Participation rate,73.45
2022-03-01,2022,3,South Australia,15-24,Employed total,145.13
2022-03-01,2022,3,South Australia,15-24,Employment to population ratio,67.57
2022-03-01,2022,3,South Australia,15-24,Unemployed total,13.54
2022-03-01,2022,3,South Australia,15-24,Unemployment rate,8.53
2022-03-01,2022,3,South Australia,15-24,Labour force total,158.67
2022-03-01,2022,3,South Australia,15-24,Participation rate,73.88
2022-03-01,2022,3,Western Australia,15-24,Employed total,217.0
2022-03-01,2022,3,Western Australia,15-24,Employment to population ratio,65.9
2022-03-01,2022,3,Western Australia,15-24,Unemployed total,22.12
2022-03-01,2022,3,Western Australia,15-24,Unemployment rate,9.25
2022-03-01,2022,3,Western Australia,15-24,Labour force total,239.11
2022-03-01,2022,3,Western Australia,15-24,Participation rate,72.62
2022-03-01,2022,3,Tasmania,15-24,Employed total,38.4
2022-03-01,2022,3,Tasmania,15-24,Employment to population ratio,61.12
2022-03-01,2022,3,Tasmania,15-24,Unemployed total,5.12
2022-03-01,2022,3,Tasmania,15-24,Unemployment rate,11.76
2022-03-01,2022,3,Tasmania,15-24,Labour force total,43.52
2022-03-01,2022,3,Tasmania,15-24,Participation rate,69.27
2022-03-01,2022,3,Northern Territory,15-24,Employed total,17.85
2022-03-01,2022,3,Northern Territory,15-24,Employment to population ratio,56.33
2022-03-01,2022,3,Northern Territory,15-24,Unemployed total,2.52
2022-03-01,2022,3,Northern Territory,15-24,Unemployment rate,12.37
2022-03-01,2022,3,Northern Territory,15-24,Labour force total,20.37
2022-03-01,2022,3,Northern Territory,15-24,Participation rate,64.28
2022-03-01,2022,3,Australian Capital Territory,15-24,Employed total,43.85
2022-03-01,2022,3,Australian Capital Territory,15-24,Employment to population ratio,70.73
2022-03-01,2022,3,Australian Capital Territory,15-24,Unemployed total,2.87
2022-03-01,2022,3,Australian Capital Territory,15-24,Unemployment rate,6.15
2022-03-01,2022,3,Australian Capital Territory,15-24,Labour force total,46.73
2022-03-01,2022,3,Australian Capital Territory,15-24,Participation rate,75.36
2022-04-01,2022,4,Australia,15-24,Employed total,2047.21
2022-04-01,2022,4,Australia,15-24,Employment to population ratio,65.09
2022-04-01,2022,4,Australia,15-24,Unemployed total,194.47
2022-04-01,2022,4,Australia,15-24,Unemployment rate,8.67
2022-04-01,2022,4,Australia,15-24,Labour force total,2241.68
2022-04-01,2022,4,Australia,15-24,Participation rate,71.27
2022-04-01,2022,4,New South Wales,15-24,Employed total,632.3
2022-04-01,2022,4,New South Wales,15-24,Employment to population ratio,64.28
2022-04-01,2022,4,New South Wales,15-24,Unemployed total,52.22
2022-04-01,2022,4,New South Wales,15-24,Unemployment rate,7.63
2022-04-01,2022,4,New South Wales,15-24,Labour force total,684.53
2022-04-01,2022,4,New South Wales,15-24,Participation rate,69.59
2022-04-01,2022,4,Victoria,15-24,Employed total,498.72
2022-04-01,2022,4,Victoria,15-24,Employment to population ratio,62.42
2022-04-01,2022,4,Victoria,15-24,Unemployed total,61.23
2022-04-01,2022,4,Victoria,15-24,Unemployment rate,10.94
2022-04-01,2022,4,Victoria,15-24,Labour force total,559.95
2022-04-01,2022,4,Victoria,15-24,Participation rate,70.08
2022-04-01,2022,4,Queensland,15-24,Employed total,449.05
2022-04-01,2022,4,Queensland,15-24,Employment to population ratio,67.96
2022-04-01,2022,4,Queensland,15-24,Unemployed total,42.57
2022-04-01,2022,4,Queensland,15-24,Unemployment rate,8.66
2022-04-01,2022,4,Queensland,15-24,Labour force total,491.62
2022-04-01,2022,4,Queensland,15-24,Participation rate,74.4
2022-04-01,2022,4,South Australia,15-24,Employed total,144.17
2022-04-01,2022,4,South Australia,15-24,Employment to population ratio,67.05
2022-04-01,2022,4,South Australia,15-24,Unemployed total,14.02
2022-04-01,2022,4,South Australia,15-24,Unemployment rate,8.86
2022-04-01,2022,4,South Australia,15-24,Labour force total,158.19
2022-04-01,2022,4,South Australia,15-24,Participation rate,73.57
2022-04-01,2022,4,Western Australia,15-24,Employed total,222.57
2022-04-01,2022,4,Western Australia,15-24,Employment to population ratio,67.41
2022-04-01,2022,4,Western Australia,15-24,Unemployed total,16.03
2022-04-01,2022,4,Western Australia,15-24,Unemployment rate,6.72
2022-04-01,2022,4,Western Australia,15-24,Labour force total,238.6
2022-04-01,2022,4,Western Australia,15-24,Participation rate,72.27
2022-04-01,2022,4,Tasmania,15-24,Employed total,39.5
2022-04-01,2022,4,Tasmania,15-24,Employment to population ratio,62.87
2022-04-01,2022,4,Tasmania,15-24,Unemployed total,3.85
2022-04-01,2022,4,Tasmania,15-24,Unemployment rate,8.87
2022-04-01,2022,4,Tasmania,15-24,Labour force total,43.35
2022-04-01,2022,4,Tasmania,15-24,Participation rate,69.0
2022-04-01,2022,4,Northern Territory,15-24,Employed total,18.7
2022-04-01,2022,4,Northern Territory,15-24,Employment to population ratio,58.95
2022-04-01,2022,4,Northern Territory,15-24,Unemployed total,1.75
2022-04-01,2022,4,Northern Territory,15-24,Unemployment rate,8.55
2022-04-01,2022,4,Northern Territory,15-24,Labour force total,20.45
2022-04-01,2022,4,Northern Territory,15-24,Participation rate,64.47
2022-04-01,2022,4,Australian Capital Territory,15-24,Employed total,42.2
2022-04-01,2022,4,Australian Capital Territory,15-24,Employment to population ratio,67.92
2022-04-01,2022,4,Australian Capital Territory,15-24,Unemployed total,2.8
2022-04-01,2022,4,Australian Capital Territory,15-24,Unemployment rate,6.22
2022-04-01,2022,4,Australian Capital Territory,15-24,Labour force total,44.99
2022-04-01,2022,4,Australian Capital Territory,15-24,Participation rate,72.42
2022-05-01,2022,5,Australia,15-24,Employed total,2076.13
2022-05-01,2022,5,Australia,15-24,Employment to population ratio,65.86
2022-05-01,2022,5,Australia,15-24,Unemployed total,193.23
2022-05-01,2022,5,Australia,15-24,Unemployment rate,8.51
2022-05-01,2022,5,Australia,15-24,Labour force total,2269.36
2022-05-01,2022,5,Australia,15-24,Participation rate,71.99
2022-05-01,2022,5,New South Wales,15-24,Employed total,654.22
2022-05-01,2022,5,New South Wales,15-24,Employment to population ratio,66.29
2022-05-01,2022,5,New South Wales,15-24,Unemployed total,55.46
2022-05-01,2022,5,New South Wales,15-24,Unemployment rate,7.81
2022-05-01,2022,5,New South Wales,15-24,Labour force total,709.68
2022-05-01,2022,5,New South Wales,15-24,Participation rate,71.91
2022-05-01,2022,5,Victoria,15-24,Employed total,507.76
2022-05-01,2022,5,Victoria,15-24,Employment to population ratio,63.47
2022-05-01,2022,5,Victoria,15-24,Unemployed total,53.95
2022-05-01,2022,5,Victoria,15-24,Unemployment rate,9.6
2022-05-01,2022,5,Victoria,15-24,Labour force total,561.71
2022-05-01,2022,5,Victoria,15-24,Participation rate,70.21
2022-05-01,2022,5,Queensland,15-24,Employed total,454.58
2022-05-01,2022,5,Queensland,15-24,Employment to population ratio,68.64
2022-05-01,2022,5,Queensland,15-24,Unemployed total,43.88
2022-05-01,2022,5,Queensland,15-24,Unemployment rate,8.8
2022-05-01,2022,5,Queensland,15-24,Labour force total,498.47
2022-05-01,2022,5,Queensland,15-24,Participation rate,75.26
2022-05-01,2022,5,South Australia,15-24,Employed total,139.64
2022-05-01,2022,5,South Australia,15-24,Employment to population ratio,64.85
2022-05-01,2022,5,South Australia,15-24,Unemployed total,14.85
2022-05-01,2022,5,South Australia,15-24,Unemployment rate,9.61
2022-05-01,2022,5,South Australia,15-24,Labour force total,154.5
2022-05-01,2022,5,South Australia,15-24,Participation rate,71.75
2022-05-01,2022,5,Western Australia,15-24,Employed total,218.16
2022-05-01,2022,5,Western Australia,15-24,Employment to population ratio,65.9
2022-05-01,2022,5,Western Australia,15-24,Unemployed total,16.7
2022-05-01,2022,5,Western Australia,15-24,Unemployment rate,7.11
2022-05-01,2022,5,Western Australia,15-24,Labour force total,234.85
2022-05-01,2022,5,Western Australia,15-24,Participation rate,70.95
2022-05-01,2022,5,Tasmania,15-24,Employed total,40.11
2022-05-01,2022,5,Tasmania,15-24,Employment to population ratio,63.86
2022-05-01,2022,5,Tasmania,15-24,Unemployed total,3.68
2022-05-01,2022,5,Tasmania,15-24,Unemployment rate,8.41
2022-05-01,2022,5,Tasmania,15-24,Labour force total,43.79
2022-05-01,2022,5,Tasmania,15-24,Participation rate,69.73
2022-05-01,2022,5,Northern Territory,15-24,Employed total,18.64
2022-05-01,2022,5,Northern Territory,15-24,Employment to population ratio,58.74
2022-05-01,2022,5,Northern Territory,15-24,Unemployed total,1.65
2022-05-01,2022,5,Northern Territory,15-24,Unemployment rate,8.13
2022-05-01,2022,5,Northern Territory,15-24,Labour force total,20.29
2022-05-01,2022,5,Northern Territory,15-24,Participation rate,63.94
2022-05-01,2022,5,Australian Capital Territory,15-24,Employed total,43.01
2022-05-01,2022,5,Australian Capital Territory,15-24,Employment to population ratio,69.1
2022-05-01,2022,5,Australian Capital Territory,15-24,Unemployed total,3.06
2022-05-01,2022,5,Australian Capital Territory,15-24,Unemployment rate,6.63
2022-05-01,2022,5,Australian Capital Territory,15-24,Labour force total,46.07
2022-05-01,2022,5,Australian Capital Territory,15-24,Participation rate,74.01
2022-06-01,2022,6,Australia,15-24,Employed total,2084.53
2022-06-01,2022,6,Australia,15-24,Employment to population ratio,65.98
2022-06-01,2022,6,Australia,15-24,Unemployed total,169.76
2022-06-01,2022,6,Australia,15-24,Unemployment rate,7.53
2022-06-01,2022,6,Australia,15-24,Labour force total,2254.3
2022-06-01,2022,6,Australia,15-24,Participation rate,71.35
2022-06-01,2022,6,New South Wales,15-24,Employed total,654.33
2022-06-01,2022,6,New South Wales,15-24,Employment to population ratio,66.08
2022-06-01,2022,6,New South Wales,15-24,Unemployed total,45.4
2022-06-01,2022,6,New South Wales,15-24,Unemployment rate,6.49
2022-06-01,2022,6,New South Wales,15-24,Labour force total,699.73
2022-06-01,2022,6,New South Wales,15-24,Participation rate,70.67
2022-06-01,2022,6,Victoria,15-24,Employed total,511.32
2022-06-01,2022,6,Victoria,15-24,Employment to population ratio,63.83
2022-06-01,2022,6,Victoria,15-24,Unemployed total,35.73
2022-06-01,2022,6,Victoria,15-24,Unemployment rate,6.53
2022-06-01,2022,6,Victoria,15-24,Labour force total,547.05
2022-06-01,2022,6,Victoria,15-24,Participation rate,68.29
2022-06-01,2022,6,Queensland,15-24,Employed total,460.33
2022-06-01,2022,6,Queensland,15-24,Employment to population ratio,69.35
2022-06-01,2022,6,Queensland,15-24,Unemployed total,45.28
2022-06-01,2022,6,Queensland,15-24,Unemployment rate,8.95
2022-06-01,2022,6,Queensland,15-24,Labour force total,505.61
2022-06-01,2022,6,Queensland,15-24,Participation rate,76.17
2022-06-01,2022,6,South Australia,15-24,Employed total,141.14
2022-06-01,2022,6,South Australia,15-24,Employment to population ratio,65.47
2022-06-01,2022,6,South Australia,15-24,Unemployed total,14.5
2022-06-01,2022,6,South Australia,15-24,Unemployment rate,9.31
2022-06-01,2022,6,South Australia,15-24,Labour force total,155.64
2022-06-01,2022,6,South Australia,15-24,Participation rate,72.2
2022-06-01,2022,6,Western Australia,15-24,Employed total,216.64
2022-06-01,2022,6,Western Australia,15-24,Employment to population ratio,65.28
2022-06-01,2022,6,Western Australia,15-24,Unemployed total,19.91
2022-06-01,2022,6,Western Australia,15-24,Unemployment rate,8.42
2022-06-01,2022,6,Western Australia,15-24,Labour force total,236.55
2022-06-01,2022,6,Western Australia,15-24,Participation rate,71.27
2022-06-01,2022,6,Tasmania,15-24,Employed total,38.72
2022-06-01,2022,6,Tasmania,15-24,Employment to population ratio,61.66
2022-06-01,2022,6,Tasmania,15-24,Unemployed total,4.46
2022-06-01,2022,6,Tasmania,15-24,Unemployment rate,10.33
2022-06-01,2022,6,Tasmania,15-24,Labour force total,43.18
2022-06-01,2022,6,Tasmania,15-24,Participation rate,68.76
2022-06-01,2022,6,Northern Territory,15-24,Employed total,18.36
2022-06-01,2022,6,Northern Territory,15-24,Employment to population ratio,57.82
2022-06-01,2022,6,Northern Territory,15-24,Unemployed total,1.99
2022-06-01,2022,6,Northern Territory,15-24,Unemployment rate,9.79
2022-06-01,2022,6,Northern Territory,15-24,Labour force total,20.36
2022-06-01,2022,6,Northern Territory,15-24,Participation rate,64.1
2022-06-01,2022,6,Australian Capital Territory,15-24,Employed total,43.69
2022-06-01,2022,6,Australian Capital Territory,15-24,Employment to population ratio,70.05
2022-06-01,2022,6,Australian Capital Territory,15-24,Unemployed total,2.5
2022-06-01,2022,6,Australian Capital Territory,15-24,Unemployment rate,5.41
2022-06-01,2022,6,Australian Capital Territory,15-24,Labour force total,46.19
2022-06-01,2022,6,Australian Capital Territory,15-24,Participation rate,74.06
2022-07-01,2022,7,Australia,15-24,Employed total,2107.91
2022-07-01,2022,7,Australia,15-24,Employment to population ratio,66.38
2022-07-01,2022,7,Australia,15-24,Unemployed total,154.63
2022-07-01,2022,7,Australia,15-24,Unemployment rate,6.83
2022-07-01,2022,7,Australia,15-24,Labour force total,2262.54
2022-07-01,2022,7,Australia,15-24,Participation rate,71.25
2022-07-01,2022,7,New South Wales,15-24,Employed total,657.36
2022-07-01,2022,7,New South Wales,15-24,Employment to population ratio,66.01
2022-07-01,2022,7,New South Wales,15-24,Unemployed total,46.87
2022-07-01,2022,7,New South Wales,15-24,Unemployment rate,6.66
2022-07-01,2022,7,New South Wales,15-24,Labour force total,704.23
2022-07-01,2022,7,New South Wales,15-24,Participation rate,70.72
2022-07-01,2022,7,Victoria,15-24,Employed total,518.53
2022-07-01,2022,7,Victoria,15-24,Employment to population ratio,64.35
2022-07-01,2022,7,Victoria,15-24,Unemployed total,36.4
2022-07-01,2022,7,Victoria,15-24,Unemployment rate,6.56
2022-07-01,2022,7,Victoria,15-24,Labour force total,554.93
2022-07-01,2022,7,Victoria,15-24,Participation rate,68.87
2022-07-01,2022,7,Queensland,15-24,Employed total,469.28
2022-07-01,2022,7,Queensland,15-24,Employment to population ratio,70.41
2022-07-01,2022,7,Queensland,15-24,Unemployed total,28.83
2022-07-01,2022,7,Queensland,15-24,Unemployment rate,5.79
2022-07-01,2022,7,Queensland,15-24,Labour force total,498.11
2022-07-01,2022,7,Queensland,15-24,Participation rate,74.74
2022-07-01,2022,7,South Australia,15-24,Employed total,140.69
2022-07-01,2022,7,South Australia,15-24,Employment to population ratio,65.04
2022-07-01,2022,7,South Australia,15-24,Unemployed total,13.2
2022-07-01,2022,7,South Australia,15-24,Unemployment rate,8.58
2022-07-01,2022,7,South Australia,15-24,Labour force total,153.89
2022-07-01,2022,7,South Australia,15-24,Participation rate,71.14
2022-07-01,2022,7,Western Australia,15-24,Employed total,222.65
2022-07-01,2022,7,Western Australia,15-24,Employment to population ratio,66.74
2022-07-01,2022,7,Western Australia,15-24,Unemployed total,20.72
2022-07-01,2022,7,Western Australia,15-24,Unemployment rate,8.52
2022-07-01,2022,7,Western Australia,15-24,Labour force total,243.38
2022-07-01,2022,7,Western Australia,15-24,Participation rate,72.95
2022-07-01,2022,7,Tasmania,15-24,Employed total,37.87
2022-07-01,2022,7,Tasmania,15-24,Employment to population ratio,60.29
2022-07-01,2022,7,Tasmania,15-24,Unemployed total,3.65
2022-07-01,2022,7,Tasmania,15-24,Unemployment rate,8.78
2022-07-01,2022,7,Tasmania,15-24,Labour force total,41.52
2022-07-01,2022,7,Tasmania,15-24,Participation rate,66.1
2022-07-01,2022,7,Northern Territory,15-24,Employed total,18.9
2022-07-01,2022,7,Northern Territory,15-24,Employment to population ratio,59.4
2022-07-01,2022,7,Northern Territory,15-24,Unemployed total,1.93
2022-07-01,2022,7,Northern Territory,15-24,Unemployment rate,9.28
2022-07-01,2022,7,Northern Territory,15-24,Labour force total,20.83
2022-07-01,2022,7,Northern Territory,15-24,Participation rate,65.47
2022-07-01,2022,7,Australian Capital Territory,15-24,Employed total,42.63
2022-07-01,2022,7,Australian Capital Territory,15-24,Employment to population ratio,67.97
2022-07-01,2022,7,Australian Capital Territory,15-24,Unemployed total,3.02
2022-07-01,2022,7,Australian Capital Territory,15-24,Unemployment rate,6.62
2022-07-01,2022,7,Australian Capital Territory,15-24,Labour force total,45.65
2022-07-01,2022,7,Australian Capital Territory,15-24,Participation rate,72.79
2022-08-01,2022,8,Australia,15-24,Employed total,2046.61
2022-08-01,2022,8,Australia,15-24,Employment to population ratio,64.13
2022-08-01,2022,8,Australia,15-24,Unemployed total,187.32
2022-08-01,2022,8,Australia,15-24,Unemployment rate,8.39
2022-08-01,2022,8,Australia,15-24,Labour force total,2233.93
2022-08-01,2022,8,Australia,15-24,Participation rate,70.0
2022-08-01,2022,8,New South Wales,15-24,Employed total,632.17
2022-08-01,2022,8,New South Wales,15-24,Employment to population ratio,63.12
2022-08-01,2022,8,New South Wales,15-24,Unemployed total,52.96
2022-08-01,2022,8,New South Wales,15-24,Unemployment rate,7.73
2022-08-01,2022,8,New South Wales,15-24,Labour force total,685.13
2022-08-01,2022,8,New South Wales,15-24,Participation rate,68.41
2022-08-01,2022,8,Victoria,15-24,Employed total,503.54
2022-08-01,2022,8,Victoria,15-24,Employment to population ratio,62.13
2022-08-01,2022,8,Victoria,15-24,Unemployed total,52.68
2022-08-01,2022,8,Victoria,15-24,Unemployment rate,9.47
2022-08-01,2022,8,Victoria,15-24,Labour force total,556.21
2022-08-01,2022,8,Victoria,15-24,Participation rate,68.63
2022-08-01,2022,8,Queensland,15-24,Employed total,452.71
2022-08-01,2022,8,Queensland,15-24,Employment to population ratio,67.65
2022-08-01,2022,8,Queensland,15-24,Unemployed total,39.28
2022-08-01,2022,8,Queensland,15-24,Unemployment rate,7.98
2022-08-01,2022,8,Queensland,15-24,Labour force total,491.99
2022-08-01,2022,8,Queensland,15-24,Participation rate,73.52
2022-08-01,2022,8,South Australia,15-24,Employed total,138.42
2022-08-01,2022,8,South Australia,15-24,Employment to population ratio,63.77
2022-08-01,2022,8,South Australia,15-24,Unemployed total,13.58
2022-08-01,2022,8,South Australia,15-24,Unemployment rate,8.94
2022-08-01,2022,8,South Australia,15-24,Labour force total,152.0
2022-08-01,2022,8,South Australia,15-24,Participation rate,70.03
2022-08-01,2022,8,Western Australia,15-24,Employed total,226.1
2022-08-01,2022,8,Western Australia,15-24,Employment to population ratio,67.41
2022-08-01,2022,8,Western Australia,15-24,Unemployed total,20.33
2022-08-01,2022,8,Western Australia,15-24,Unemployment rate,8.25
2022-08-01,2022,8,Western Australia,15-24,Labour force total,246.43
2022-08-01,2022,8,Western Australia,15-24,Participation rate,73.47
2022-08-01,2022,8,Tasmania,15-24,Employed total,34.91
2022-08-01,2022,8,Tasmania,15-24,Employment to population ratio,55.57
2022-08-01,2022,8,Tasmania,15-24,Unemployed total,4.76
2022-08-01,2022,8,Tasmania,15-24,Unemployment rate,12.0
2022-08-01,2022,8,Tasmania,15-24,Labour force total,39.67
2022-08-01,2022,8,Tasmania,15-24,Participation rate,63.15
2022-08-01,2022,8,Northern Territory,15-24,Employed total,18.34
2022-08-01,2022,8,Northern Territory,15-24,Employment to population ratio,57.54
2022-08-01,2022,8,Northern Territory,15-24,Unemployed total,1.54
2022-08-01,2022,8,Northern Territory,15-24,Unemployment rate,7.74
2022-08-01,2022,8,Northern Territory,15-24,Labour force total,19.88
2022-08-01,2022,8,Northern Territory,15-24,Participation rate,62.36
2022-08-01,2022,8,Australian Capital Territory,15-24,Employed total,40.42
2022-08-01,2022,8,Australian Capital Territory,15-24,Employment to population ratio,64.08
2022-08-01,2022,8,Australian Capital Territory,15-24,Unemployed total,2.19
2022-08-01,2022,8,Australian Capital Territory,15-24,Unemployment rate,5.15
2022-08-01,2022,8,Australian Capital Territory,15-24,Labour force total,42.61
2022-08-01,2022,8,Australian Capital Territory,15-24,Participation rate,67.56
2022-09-01,2022,9,Australia,15-24,Employed total,2101.01
2022-09-01,2022,9,Australia,15-24,Employment to population ratio,65.51
2022-09-01,2022,9,Australia,15-24,Unemployed total,172.51
2022-09-01,2022,9,Australia,15-24,Unemployment rate,7.59
2022-09-01,2022,9,Australia,15-24,Labour force total,2273.52
2022-09-01,2022,9,Australia,15-24,Participation rate,70.89
2022-09-01,2022,9,New South Wales,15-24,Employed total,651.74
2022-09-01,2022,9,New South Wales,15-24,Employment to population ratio,64.71
2022-09-01,2022,9,New South Wales,15-24,Unemployed total,47.74
2022-09-01,2022,9,New South Wales,15-24,Unemployment rate,6.83
2022-09-01,2022,9,New South Wales,15-24,Labour force total,699.48
2022-09-01,2022,9,New South Wales,15-24,Participation rate,69.45
2022-09-01,2022,9,Victoria,15-24,Employed total,519.92
2022-09-01,2022,9,Victoria,15-24,Employment to population ratio,63.79
2022-09-01,2022,9,Victoria,15-24,Unemployed total,42.24
2022-09-01,2022,9,Victoria,15-24,Unemployment rate,7.51
2022-09-01,2022,9,Victoria,15-24,Labour force total,562.16
2022-09-01,2022,9,Victoria,15-24,Participation rate,68.97
2022-09-01,2022,9,Queensland,15-24,Employed total,464.31
2022-09-01,2022,9,Queensland,15-24,Employment to population ratio,69.11
2022-09-01,2022,9,Queensland,15-24,Unemployed total,38.49
2022-09-01,2022,9,Queensland,15-24,Unemployment rate,7.65
2022-09-01,2022,9,Queensland,15-24,Labour force total,502.8
2022-09-01,2022,9,Queensland,15-24,Participation rate,74.83
2022-09-01,2022,9,South Australia,15-24,Employed total,139.21
2022-09-01,2022,9,South Australia,15-24,Employment to population ratio,63.92
2022-09-01,2022,9,South Australia,15-24,Unemployed total,15.79
2022-09-01,2022,9,South Australia,15-24,Unemployment rate,10.18
2022-09-01,2022,9,South Australia,15-24,Labour force total,154.99
2022-09-01,2022,9,South Australia,15-24,Participation rate,71.17
2022-09-01,2022,9,Western Australia,15-24,Employed total,228.45
2022-09-01,2022,9,Western Australia,15-24,Employment to population ratio,67.76
2022-09-01,2022,9,Western Australia,15-24,Unemployed total,18.28
2022-09-01,2022,9,Western Australia,15-24,Unemployment rate,7.41
2022-09-01,2022,9,Western Australia,15-24,Labour force total,246.73
2022-09-01,2022,9,Western Australia,15-24,Participation rate,73.18
2022-09-01,2022,9,Tasmania,15-24,Employed total,38.21
2022-09-01,2022,9,Tasmania,15-24,Employment to population ratio,60.8
2022-09-01,2022,9,Tasmania,15-24,Unemployed total,4.41
2022-09-01,2022,9,Tasmania,15-24,Unemployment rate,10.35
2022-09-01,2022,9,Tasmania,15-24,Labour force total,42.62
2022-09-01,2022,9,Tasmania,15-24,Participation rate,67.82
2022-09-01,2022,9,Northern Territory,15-24,Employed total,18.6
2022-09-01,2022,9,Northern Territory,15-24,Employment to population ratio,58.25
2022-09-01,2022,9,Northern Territory,15-24,Unemployed total,1.87
2022-09-01,2022,9,Northern Territory,15-24,Unemployment rate,9.12
2022-09-01,2022,9,Northern Territory,15-24,Labour force total,20.47
2022-09-01,2022,9,Northern Territory,15-24,Participation rate,64.09
2022-09-01,2022,9,Australian Capital Territory,15-24,Employed total,40.58
2022-09-01,2022,9,Australian Capital Territory,15-24,Employment to population ratio,63.98
2022-09-01,2022,9,Australian Capital Territory,15-24,Unemployed total,3.69
2022-09-01,2022,9,Australian Capital Territory,15-24,Unemployment rate,8.34
2022-09-01,2022,9,Australian Capital Territory,15-24,Labour force total,44.27
2022-09-01,2022,9,Australian Capital Territory,15-24,Participation rate,69.81
2022-10-01,2022,10,Australia,15-24,Employed total,2100.18
2022-10-01,2022,10,Australia,15-24,Employment to population ratio,65.26
2022-10-01,2022,10,Australia,15-24,Unemployed total,156.93
2022-10-01,2022,10,Australia,15-24,Unemployment rate,6.95
2022-10-01,2022,10,Australia,15-24,Labour force total,2257.11
2022-10-01,2022,10,Australia,15-24,Participation rate,70.14
2022-10-01,2022,10,New South Wales,15-24,Employed total,660.49
2022-10-01,2022,10,New South Wales,15-24,Employment to population ratio,65.37
2022-10-01,2022,10,New South Wales,15-24,Unemployed total,37.26
2022-10-01,2022,10,New South Wales,15-24,Unemployment rate,5.34
2022-10-01,2022,10,New South Wales,15-24,Labour force total,697.75
2022-10-01,2022,10,New South Wales,15-24,Participation rate,69.06
2022-10-01,2022,10,Victoria,15-24,Employed total,504.15
2022-10-01,2022,10,Victoria,15-24,Employment to population ratio,61.64
2022-10-01,2022,10,Victoria,15-24,Unemployed total,45.94
2022-10-01,2022,10,Victoria,15-24,Unemployment rate,8.35
2022-10-01,2022,10,Victoria,15-24,Labour force total,550.09
2022-10-01,2022,10,Victoria,15-24,Participation rate,67.26
2022-10-01,2022,10,Queensland,15-24,Employed total,463.6
2022-10-01,2022,10,Queensland,15-24,Employment to population ratio,68.74
2022-10-01,2022,10,Queensland,15-24,Unemployed total,32.09
2022-10-01,2022,10,Queensland,15-24,Unemployment rate,6.47
2022-10-01,2022,10,Queensland,15-24,Labour force total,495.69
2022-10-01,2022,10,Queensland,15-24,Participation rate,73.5
2022-10-01,2022,10,South Australia,15-24,Employed total,140.63
2022-10-01,2022,10,South Australia,15-24,Employment to population ratio,64.46
2022-10-01,2022,10,South Australia,15-24,Unemployed total,15.07
2022-10-01,2022,10,South Australia,15-24,Unemployment rate,9.68
2022-10-01,2022,10,South Australia,15-24,Labour force total,155.7
2022-10-01,2022,10,South Australia,15-24,Participation rate,71.37
2022-10-01,2022,10,Western Australia,15-24,Employed total,230.67
2022-10-01,2022,10,Western Australia,15-24,Employment to population ratio,68.1
2022-10-01,2022,10,Western Australia,15-24,Unemployed total,16.99
2022-10-01,2022,10,Western Australia,15-24,Unemployment rate,6.86
2022-10-01,2022,10,Western Australia,15-24,Labour force total,247.66
2022-10-01,2022,10,Western Australia,15-24,Participation rate,73.12
2022-10-01,2022,10,Tasmania,15-24,Employed total,38.19
2022-10-01,2022,10,Tasmania,15-24,Employment to population ratio,60.8
2022-10-01,2022,10,Tasmania,15-24,Unemployed total,4.07
2022-10-01,2022,10,Tasmania,15-24,Unemployment rate,9.63
2022-10-01,2022,10,Tasmania,15-24,Labour force total,42.26
2022-10-01,2022,10,Tasmania,15-24,Participation rate,67.28
2022-10-01,2022,10,Northern Territory,15-24,Employed total,18.8
2022-10-01,2022,10,Northern Territory,15-24,Employment to population ratio,58.6
2022-10-01,2022,10,Northern Territory,15-24,Unemployed total,1.86
2022-10-01,2022,10,Northern Territory,15-24,Unemployment rate,8.99
2022-10-01,2022,10,Northern Territory,15-24,Labour force total,20.66
2022-10-01,2022,10,Northern Territory,15-24,Participation rate,64.39
2022-10-01,2022,10,Australian Capital Territory,15-24,Employed total,43.66
2022-10-01,2022,10,Australian Capital Territory,15-24,Employment to population ratio,68.55
2022-10-01,2022,10,Australian Capital Territory,15-24,Unemployed total,3.65
2022-10-01,2022,10,Australian Capital Territory,15-24,Unemployment rate,7.71
2022-10-01,2022,10,Australian Capital Territory,15-24,Labour force total,47.3
2022-10-01,2022,10,Australian Capital Territory,15-24,Participation rate,74.28
2022-11-01,2022,11,Australia,15-24,Employed total,2146.37
2022-11-01,2022,11,Australia,15-24,Employment to population ratio,66.48
2022-11-01,2022,11,Australia,15-24,Unemployed total,165.66
2022-11-01,2022,11,Australia,15-24,Unemployment rate,7.16
2022-11-01,2022,11,Australia,15-24,Labour force total,2312.03
2022-11-01,2022,11,Australia,15-24,Participation rate,71.61
2022-11-01,2022,11,New South Wales,15-24,Employed total,675.03
2022-11-01,2022,11,New South Wales,15-24,Employment to population ratio,66.59
2022-11-01,2022,11,New South Wales,15-24,Unemployed total,46.93
2022-11-01,2022,11,New South Wales,15-24,Unemployment rate,6.5
2022-11-01,2022,11,New South Wales,15-24,Labour force total,721.97
2022-11-01,2022,11,New South Wales,15-24,Participation rate,71.22
2022-11-01,2022,11,Victoria,15-24,Employed total,523.0
2022-11-01,2022,11,Victoria,15-24,Employment to population ratio,63.74
2022-11-01,2022,11,Victoria,15-24,Unemployed total,40.57
2022-11-01,2022,11,Victoria,15-24,Unemployment rate,7.2
2022-11-01,2022,11,Victoria,15-24,Labour force total,563.57
2022-11-01,2022,11,Victoria,15-24,Participation rate,68.68
2022-11-01,2022,11,Queensland,15-24,Employed total,469.39
2022-11-01,2022,11,Queensland,15-24,Employment to population ratio,69.35
2022-11-01,2022,11,Queensland,15-24,Unemployed total,32.71
2022-11-01,2022,11,Queensland,15-24,Unemployment rate,6.51
2022-11-01,2022,11,Queensland,15-24,Labour force total,502.1
2022-11-01,2022,11,Queensland,15-24,Participation rate,74.18
2022-11-01,2022,11,South Australia,15-24,Employed total,143.6
2022-11-01,2022,11,South Australia,15-24,Employment to population ratio,65.72
2022-11-01,2022,11,South Australia,15-24,Unemployed total,14.67
2022-11-01,2022,11,South Australia,15-24,Unemployment rate,9.27
2022-11-01,2022,11,South Australia,15-24,Labour force total,158.27
2022-11-01,2022,11,South Australia,15-24,Participation rate,72.43
2022-11-01,2022,11,Western Australia,15-24,Employed total,233.21
2022-11-01,2022,11,Western Australia,15-24,Employment to population ratio,68.53
2022-11-01,2022,11,Western Australia,15-24,Unemployed total,22.52
2022-11-01,2022,11,Western Australia,15-24,Unemployment rate,8.81
2022-11-01,2022,11,Western Australia,15-24,Labour force total,255.73
2022-11-01,2022,11,Western Australia,15-24,Participation rate,75.15
2022-11-01,2022,11,Tasmania,15-24,Employed total,38.9
2022-11-01,2022,11,Tasmania,15-24,Employment to population ratio,61.98
2022-11-01,2022,11,Tasmania,15-24,Unemployed total,4.6
2022-11-01,2022,11,Tasmania,15-24,Unemployment rate,10.58
2022-11-01,2022,11,Tasmania,15-24,Labour force total,43.51
2022-11-01,2022,11,Tasmania,15-24,Participation rate,69.31
2022-11-01,2022,11,Northern Territory,15-24,Employed total,19.35
2022-11-01,2022,11,Northern Territory,15-24,Employment to population ratio,60.05
2022-11-01,2022,11,Northern Territory,15-24,Unemployed total,1.37
2022-11-01,2022,11,Northern Territory,15-24,Unemployment rate,6.59
2022-11-01,2022,11,Northern Territory,15-24,Labour force total,20.71
2022-11-01,2022,11,Northern Territory,15-24,Participation rate,64.28
2022-11-01,2022,11,Australian Capital Territory,15-24,Employed total,43.9
2022-11-01,2022,11,Australian Capital Territory,15-24,Employment to population ratio,68.65
2022-11-01,2022,11,Australian Capital Territory,15-24,Unemployed total,2.27
2022-11-01,2022,11,Australian Capital Territory,15-24,Unemployment rate,4.91
2022-11-01,2022,11,Australian Capital Territory,15-24,Labour force total,46.17
2022-11-01,2022,11,Australian Capital Territory,15-24,Participation rate,72.2
2022-12-01,2022,12,Australia,15-24,Employed total,2210.48
2022-12-01,2022,12,Australia,15-24,Employment to population ratio,68.23
2022-12-01,2022,12,Australia,15-24,Unemployed total,180.33
2022-12-01,2022,12,Australia,15-24,Unemployment rate,7.54
2022-12-01,2022,12,Australia,15-24,Labour force total,2390.8
2022-12-01,2022,12,Australia,15-24,Participation rate,73.8
2022-12-01,2022,12,New South Wales,15-24,Employed total,691.85
2022-12-01,2022,12,New South Wales,15-24,Employment to population ratio,68.03
2022-12-01,2022,12,New South Wales,15-24,Unemployed total,53.36
2022-12-01,2022,12,New South Wales,15-24,Unemployment rate,7.16
2022-12-01,2022,12,New South Wales,15-24,Labour force total,745.21
2022-12-01,2022,12,New South Wales,15-24,Participation rate,73.28
2022-12-01,2022,12,Victoria,15-24,Employed total,549.85
2022-12-01,2022,12,Victoria,15-24,Employment to population ratio,66.79
2022-12-01,2022,12,Victoria,15-24,Unemployed total,41.98
2022-12-01,2022,12,Victoria,15-24,Unemployment rate,7.09
2022-12-01,2022,12,Victoria,15-24,Labour force total,591.83
2022-12-01,2022,12,Victoria,15-24,Participation rate,71.88
2022-12-01,2022,12,Queensland,15-24,Employed total,472.83
2022-12-01,2022,12,Queensland,15-24,Employment to population ratio,69.6
2022-12-01,2022,12,Queensland,15-24,Unemployed total,38.98
2022-12-01,2022,12,Queensland,15-24,Unemployment rate,7.62
2022-12-01,2022,12,Queensland,15-24,Labour force total,511.81
2022-12-01,2022,12,Queensland,15-24,Participation rate,75.34
2022-12-01,2022,12,South Australia,15-24,Employed total,154.06
2022-12-01,2022,12,South Australia,15-24,Employment to population ratio,70.39
2022-12-01,2022,12,South Australia,15-24,Unemployed total,15.2
2022-12-01,2022,12,South Australia,15-24,Unemployment rate,8.98
2022-12-01,2022,12,South Australia,15-24,Labour force total,169.26
2022-12-01,2022,12,South Australia,15-24,Participation rate,77.33
2022-12-01,2022,12,Western Australia,15-24,Employed total,238.4
2022-12-01,2022,12,Western Australia,15-24,Employment to population ratio,69.74
2022-12-01,2022,12,Western Australia,15-24,Unemployed total,19.83
2022-12-01,2022,12,Western Australia,15-24,Unemployment rate,7.68
2022-12-01,2022,12,Western Australia,15-24,Labour force total,258.23
2022-12-01,2022,12,Western Australia,15-24,Participation rate,75.54
2022-12-01,2022,12,Tasmania,15-24,Employed total,39.56
2022-12-01,2022,12,Tasmania,15-24,Employment to population ratio,63.05
2022-12-01,2022,12,Tasmania,15-24,Unemployed total,4.68
2022-12-01,2022,12,Tasmania,15-24,Unemployment rate,10.58
2022-12-01,2022,12,Tasmania,15-24,Labour force total,44.23
2022-12-01,2022,12,Tasmania,15-24,Participation rate,70.5
2022-12-01,2022,12,Northern Territory,15-24,Employed total,18.9
2022-12-01,2022,12,Northern Territory,15-24,Employment to population ratio,58.4
2022-12-01,2022,12,Northern Territory,15-24,Unemployed total,2.42
2022-12-01,2022,12,Northern Territory,15-24,Unemployment rate,11.36
2022-12-01,2022,12,Northern Territory,15-24,Labour force total,21.33
2022-12-01,2022,12,Northern Territory,15-24,Participation rate,65.89
2022-12-01,2022,12,Australian Capital Territory,15-24,Employed total,45.03
2022-12-01,2022,12,Australian Capital Territory,15-24,Employment to population ratio,70.12
2022-12-01,2022,12,Australian Capital Territory,15-24,Unemployed total,3.87
2022-12-01,2022,12,Australian Capital Territory,15-24,Unemployment rate,7.92
2022-12-01,2022,12,Australian Capital Territory,15-24,Labour force total,48.9
2022-12-01,2022,12,Australian Capital Territory,15-24,Participation rate,76.15
2023-01-01,2023,1,Australia,15-24,Employed total,2165.11
2023-01-01,2023,1,Australia,15-24,Employment to population ratio,66.42
2023-01-01,2023,1,Australia,15-24,Unemployed total,209.34
2023-01-01,2023,1,Australia,15-24,Unemployment rate,8.82
2023-01-01,2023,1,Australia,15-24,Labour force total,2374.45
2023-01-01,2023,1,Australia,15-24,Participation rate,72.84
2023-01-01,2023,1,New South Wales,15-24,Employed total,690.86
2023-01-01,2023,1,New South Wales,15-24,Employment to population ratio,67.49
2023-01-01,2023,1,New South Wales,15-24,Unemployed total,47.97
2023-01-01,2023,1,New South Wales,15-24,Unemployment rate,6.49
2023-01-01,2023,1,New South Wales,15-24,Labour force total,738.83
2023-01-01,2023,1,New South Wales,15-24,Participation rate,72.18
2023-01-01,2023,1,Victoria,15-24,Employed total,529.05
2023-01-01,2023,1,Victoria,15-24,Employment to population ratio,63.77
2023-01-01,2023,1,Victoria,15-24,Unemployed total,63.27
2023-01-01,2023,1,Victoria,15-24,Unemployment rate,10.68
2023-01-01,2023,1,Victoria,15-24,Labour force total,592.32
2023-01-01,2023,1,Victoria,15-24,Participation rate,71.4
2023-01-01,2023,1,Queensland,15-24,Employed total,472.2
2023-01-01,2023,1,Queensland,15-24,Employment to population ratio,69.16
2023-01-01,2023,1,Queensland,15-24,Unemployed total,45.22
2023-01-01,2023,1,Queensland,15-24,Unemployment rate,8.74
2023-01-01,2023,1,Queensland,15-24,Labour force total,517.42
2023-01-01,2023,1,Queensland,15-24,Participation rate,75.79
2023-01-01,2023,1,South Australia,15-24,Employed total,145.89
2023-01-01,2023,1,South Australia,15-24,Employment to population ratio,66.33
2023-01-01,2023,1,South Australia,15-24,Unemployed total,18.69
2023-01-01,2023,1,South Australia,15-24,Unemployment rate,11.35
2023-01-01,2023,1,South Australia,15-24,Labour force total,164.58
2023-01-01,2023,1,South Australia,15-24,Participation rate,74.82
2023-01-01,2023,1,Western Australia,15-24,Employed total,225.66
2023-01-01,2023,1,Western Australia,15-24,Employment to population ratio,65.57
2023-01-01,2023,1,Western Australia,15-24,Unemployed total,22.93
2023-01-01,2023,1,Western Australia,15-24,Unemployment rate,9.22
2023-01-01,2023,1,Western Australia,15-24,Labour force total,248.59
2023-01-01,2023,1,Western Australia,15-24,Participation rate,72.23
2023-01-01,2023,1,Tasmania,15-24,Employed total,39.6
2023-01-01,2023,1,Tasmania,15-24,Employment to population ratio,63.08
2023-01-01,2023,1,Tasmania,15-24,Unemployed total,5.28
2023-01-01,2023,1,Tasmania,15-24,Unemployment rate,11.77
2023-01-01,2023,1,Tasmania,15-24,Labour force total,44.88
2023-01-01,2023,1,Tasmania,15-24,Participation rate,71.49
2023-01-01,2023,1,Northern Territory,15-24,Employed total,18.98
2023-01-01,2023,1,Northern Territory,15-24,Employment to population ratio,58.45
2023-01-01,2023,1,Northern Territory,15-24,Unemployed total,1.93
2023-01-01,2023,1,Northern Territory,15-24,Unemployment rate,9.24
2023-01-01,2023,1,Northern Territory,15-24,Labour force total,20.92
2023-01-01,2023,1,Northern Territory,15-24,Participation rate,64.4
2023-01-01,2023,1,Australian Capital Territory,15-24,Employed total,42.87
2023-01-01,2023,1,Australian Capital Territory,15-24,Employment to population ratio,66.4
2023-01-01,2023,1,Australian Capital Territory,15-24,Unemployed total,4.05
2023-01-01,2023,1,Australian Capital Territory,15-24,Unemployment rate,8.64
2023-01-01,2023,1,Australian Capital Territory,15-24,Labour force total,46.92
2023-01-01,2023,1,Australian Capital Territory,15-24,Participation rate,72.68
2023-02-01,2023,2,Australia,15-24,Employed total,2175.89
2023-02-01,2023,2,Australia,15-24,Employment to population ratio,66.33
2023-02-01,2023,2,Australia,15-24,Unemployed total,210.4
2023-02-01,2023,2,Australia,15-24,Unemployment rate,8.82
2023-02-01,2023,2,Australia,15-24,Labour force total,2386.29
2023-02-01,2023,2,Australia,15-24,Participation rate,72.75
2023-02-01,2023,2,New South Wales,15-24,Employed total,681.6
2023-02-01,2023,2,New South Wales,15-24,Employment to population ratio,66.15
2023-02-01,2023,2,New South Wales,15-24,Unemployed total,52.53
2023-02-01,2023,2,New South Wales,15-24,Unemployment rate,7.16
2023-02-01,2023,2,New South Wales,15-24,Labour force total,734.13
2023-02-01,2023,2,New South Wales,15-24,Participation rate,71.25
2023-02-01,2023,2,Victoria,15-24,Employed total,549.97
2023-02-01,2023,2,Victoria,15-24,Employment to population ratio,65.79
2023-02-01,2023,2,Victoria,15-24,Unemployed total,58.19
2023-02-01,2023,2,Victoria,15-24,Unemployment rate,9.57
2023-02-01,2023,2,Victoria,15-24,Labour force total,608.16
2023-02-01,2023,2,Victoria,15-24,Participation rate,72.75
2023-02-01,2023,2,Queensland,15-24,Employed total,457.3
2023-02-01,2023,2,Queensland,15-24,Employment to population ratio,66.65
2023-02-01,2023,2,Queensland,15-24,Unemployed total,48.42
2023-02-01,2023,2,Queensland,15-24,Unemployment rate,9.58
2023-02-01,2023,2,Queensland,15-24,Labour force total,505.72
2023-02-01,2023,2,Queensland,15-24,Participation rate,73.71
2023-02-01,2023,2,South Australia,15-24,Employed total,152.71
2023-02-01,2023,2,South Australia,15-24,Employment to population ratio,69.08
2023-02-01,2023,2,South Australia,15-24,Unemployed total,15.82
2023-02-01,2023,2,South Australia,15-24,Unemployment rate,9.39
2023-02-01,2023,2,South Australia,15-24,Labour force total,168.53
2023-02-01,2023,2,South Australia,15-24,Participation rate,76.24
2023-02-01,2023,2,Western Australia,15-24,Employed total,228.61
2023-02-01,2023,2,Western Australia,15-24,Employment to population ratio,65.99
2023-02-01,2023,2,Western Australia,15-24,Unemployed total,25.19
2023-02-01,2023,2,Western Australia,15-24,Unemployment rate,9.92
2023-02-01,2023,2,Western Australia,15-24,Labour force total,253.8
2023-02-01,2023,2,Western Australia,15-24,Participation rate,73.26
2023-02-01,2023,2,Tasmania,15-24,Employed total,40.64
2023-02-01,2023,2,Tasmania,15-24,Employment to population ratio,64.67
2023-02-01,2023,2,Tasmania,15-24,Unemployed total,4.25
2023-02-01,2023,2,Tasmania,15-24,Unemployment rate,9.46
2023-02-01,2023,2,Tasmania,15-24,Labour force total,44.88
2023-02-01,2023,2,Tasmania,15-24,Participation rate,71.43
2023-02-01,2023,2,Northern Territory,15-24,Employed total,18.26
2023-02-01,2023,2,Northern Territory,15-24,Employment to population ratio,56.04
2023-02-01,2023,2,Northern Territory,15-24,Unemployed total,2.78
2023-02-01,2023,2,Northern Territory,15-24,Unemployment rate,13.21
2023-02-01,2023,2,Northern Territory,15-24,Labour force total,21.04
2023-02-01,2023,2,Northern Territory,15-24,Participation rate,64.57
2023-02-01,2023,2,Australian Capital Territory,15-24,Employed total,46.79
2023-02-01,2023,2,Australian Capital Territory,15-24,Employment to population ratio,72.1
2023-02-01,2023,2,Australian Capital Territory,15-24,Unemployed total,3.23
2023-02-01,2023,2,Australian Capital Territory,15-24,Unemployment rate,6.45
2023-02-01,2023,2,Australian Capital Territory,15-24,Labour force total,50.02
2023-02-01,2023,2,Australian Capital Territory,15-24,Participation rate,77.07
2023-03-01,2023,3,Australia,15-24,Employed total,2180.24
2023-03-01,2023,3,Australia,15-24,Employment to population ratio,66.06
2023-03-01,2023,3,Australia,15-24,Unemployed total,204.12
2023-03-01,2023,3,Australia,15-24,Unemployment rate,8.56
2023-03-01,2023,3,Australia,15-24,Labour force total,2384.36
2023-03-01,2023,3,Australia,15-24,Participation rate,72.24
2023-03-01,2023,3,New South Wales,15-24,Employed total,672.45
2023-03-01,2023,3,New South Wales,15-24,Employment to population ratio,64.84
2023-03-01,2023,3,New South Wales,15-24,Unemployed total,56.13
2023-03-01,2023,3,New South Wales,15-24,Unemployment rate,7.7
2023-03-01,2023,3,New South Wales,15-24,Labour force total,728.57
2023-03-01,2023,3,New South Wales,15-24,Participation rate,70.25
2023-03-01,2023,3,Victoria,15-24,Employed total,554.36
2023-03-01,2023,3,Victoria,15-24,Employment to population ratio,65.82
2023-03-01,2023,3,Victoria,15-24,Unemployed total,53.29
2023-03-01,2023,3,Victoria,15-24,Unemployment rate,8.77
2023-03-01,2023,3,Victoria,15-24,Labour force total,607.66
2023-03-01,2023,3,Victoria,15-24,Participation rate,72.15
2023-03-01,2023,3,Queensland,15-24,Employed total,460.91
2023-03-01,2023,3,Queensland,15-24,Employment to population ratio,66.84
2023-03-01,2023,3,Queensland,15-24,Unemployed total,49.34
2023-03-01,2023,3,Queensland,15-24,Unemployment rate,9.67
2023-03-01,2023,3,Queensland,15-24,Labour force total,510.25
2023-03-01,2023,3,Queensland,15-24,Participation rate,74.0
2023-03-01,2023,3,South Australia,15-24,Employed total,155.35
2023-03-01,2023,3,South Australia,15-24,Employment to population ratio,69.93
2023-03-01,2023,3,South Australia,15-24,Unemployed total,15.21
2023-03-01,2023,3,South Australia,15-24,Unemployment rate,8.92
2023-03-01,2023,3,South Australia,15-24,Labour force total,170.56
2023-03-01,2023,3,South Australia,15-24,Participation rate,76.78
2023-03-01,2023,3,Western Australia,15-24,Employed total,233.62
2023-03-01,2023,3,Western Australia,15-24,Employment to population ratio,67.0
2023-03-01,2023,3,Western Australia,15-24,Unemployed total,20.11
2023-03-01,2023,3,Western Australia,15-24,Unemployment rate,7.92
2023-03-01,2023,3,Western Australia,15-24,Labour force total,253.73
2023-03-01,2023,3,Western Australia,15-24,Participation rate,72.76
2023-03-01,2023,3,Tasmania,15-24,Employed total,41.58
2023-03-01,2023,3,Tasmania,15-24,Employment to population ratio,66.14
2023-03-01,2023,3,Tasmania,15-24,Unemployed total,4.11
2023-03-01,2023,3,Tasmania,15-24,Unemployment rate,8.99
2023-03-01,2023,3,Tasmania,15-24,Labour force total,45.69
2023-03-01,2023,3,Tasmania,15-24,Participation rate,72.67
2023-03-01,2023,3,Northern Territory,15-24,Employed total,18.92
2023-03-01,2023,3,Northern Territory,15-24,Employment to population ratio,57.87
2023-03-01,2023,3,Northern Territory,15-24,Unemployed total,2.83
2023-03-01,2023,3,Northern Territory,15-24,Unemployment rate,13.03
2023-03-01,2023,3,Northern Territory,15-24,Labour force total,21.76
2023-03-01,2023,3,Northern Territory,15-24,Participation rate,66.54
2023-03-01,2023,3,Australian Capital Territory,15-24,Employed total,43.05
2023-03-01,2023,3,Australian Capital Territory,15-24,Employment to population ratio,65.97
2023-03-01,2023,3,Australian Capital Territory,15-24,Unemployed total,3.1
2023-03-01,2023,3,Australian Capital Territory,15-24,Unemployment rate,6.71
2023-03-01,2023,3,Australian Capital Territory,15-24,Labour force total,46.14
2023-03-01,2023,3,Australian Capital Territory,15-24,Participation rate,70.71
2023-04-01,2023,4,Australia,15-24,Employed total,2155.75
2023-04-01,2023,4,Australia,15-24,Employment to population ratio,65.14
2023-04-01,2023,4,Australia,15-24,Unemployed total,205.91
2023-04-01,2023,4,Australia,15-24,Unemployment rate,8.72
2023-04-01,2023,4,Australia,15-24,Labour force total,2361.66
2023-04-01,2023,4,Australia,15-24,Participation rate,71.37
2023-04-01,2023,4,New South Wales,15-24,Employed total,676.04
2023-04-01,2023,4,New South Wales,15-24,Employment to population ratio,65.01
2023-04-01,2023,4,New South Wales,15-24,Unemployed total,50.37
2023-04-01,2023,4,New South Wales,15-24,Unemployment rate,6.93
2023-04-01,2023,4,New South Wales,15-24,Labour force total,726.41
2023-04-01,2023,4,New South Wales,15-24,Participation rate,69.85
2023-04-01,2023,4,Victoria,15-24,Employed total,537.12
2023-04-01,2023,4,Victoria,15-24,Employment to population ratio,63.61
2023-04-01,2023,4,Victoria,15-24,Unemployed total,57.01
2023-04-01,2023,4,Victoria,15-24,Unemployment rate,9.6
2023-04-01,2023,4,Victoria,15-24,Labour force total,594.14
2023-04-01,2023,4,Victoria,15-24,Participation rate,70.36
2023-04-01,2023,4,Queensland,15-24,Employed total,456.79
2023-04-01,2023,4,Queensland,15-24,Employment to population ratio,66.06
2023-04-01,2023,4,Queensland,15-24,Unemployed total,51.43
2023-04-01,2023,4,Queensland,15-24,Unemployment rate,10.12
2023-04-01,2023,4,Queensland,15-24,Labour force total,508.22
2023-04-01,2023,4,Queensland,15-24,Participation rate,73.5
2023-04-01,2023,4,South Australia,15-24,Employed total,148.55
2023-04-01,2023,4,South Australia,15-24,Employment to population ratio,66.8
2023-04-01,2023,4,South Australia,15-24,Unemployed total,16.68
2023-04-01,2023,4,South Australia,15-24,Unemployment rate,10.09
2023-04-01,2023,4,South Australia,15-24,Labour force total,165.23
2023-04-01,2023,4,South Australia,15-24,Participation rate,74.3
2023-04-01,2023,4,Western Australia,15-24,Employed total,236.35
2023-04-01,2023,4,Western Australia,15-24,Employment to population ratio,67.54
2023-04-01,2023,4,Western Australia,15-24,Unemployed total,19.7
2023-04-01,2023,4,Western Australia,15-24,Unemployment rate,7.7
2023-04-01,2023,4,Western Australia,15-24,Labour force total,256.05
2023-04-01,2023,4,Western Australia,15-24,Participation rate,73.17
2023-04-01,2023,4,Tasmania,15-24,Employed total,39.22
2023-04-01,2023,4,Tasmania,15-24,Employment to population ratio,62.36
2023-04-01,2023,4,Tasmania,15-24,Unemployed total,4.42
2023-04-01,2023,4,Tasmania,15-24,Unemployment rate,10.14
2023-04-01,2023,4,Tasmania,15-24,Labour force total,43.64
2023-04-01,2023,4,Tasmania,15-24,Participation rate,69.4
2023-04-01,2023,4,Northern Territory,15-24,Employed total,19.38
2023-04-01,2023,4,Northern Territory,15-24,Employment to population ratio,59.25
2023-04-01,2023,4,Northern Territory,15-24,Unemployed total,2.85
2023-04-01,2023,4,Northern Territory,15-24,Unemployment rate,12.83
2023-04-01,2023,4,Northern Territory,15-24,Labour force total,22.23
2023-04-01,2023,4,Northern Territory,15-24,Participation rate,67.96
2023-04-01,2023,4,Australian Capital Territory,15-24,Employed total,42.31
2023-04-01,2023,4,Australian Capital Territory,15-24,Employment to population ratio,64.73
2023-04-01,2023,4,Australian Capital Territory,15-24,Unemployed total,3.44
2023-04-01,2023,4,Australian Capital Territory,15-24,Unemployment rate,7.51
2023-04-01,2023,4,Australian Capital Territory,15-24,Labour force total,45.74
2023-04-01,2023,4,Australian Capital Territory,15-24,Participation rate,69.98
2023-05-01,2023,5,Australia,15-24,Employed total,2187.23
2023-05-01,2023,5,Australia,15-24,Employment to population ratio,65.92
2023-05-01,2023,5,Australia,15-24,Unemployed total,178.12
2023-05-01,2023,5,Australia,15-24,Unemployment rate,7.53
2023-05-01,2023,5,Australia,15-24,Labour force total,2365.36
2023-05-01,2023,5,Australia,15-24,Participation rate,71.29
2023-05-01,2023,5,New South Wales,15-24,Employed total,692.51
2023-05-01,2023,5,New South Wales,15-24,Employment to population ratio,66.41
2023-05-01,2023,5,New South Wales,15-24,Unemployed total,43.23
2023-05-01,2023,5,New South Wales,15-24,Unemployment rate,5.88
2023-05-01,2023,5,New South Wales,15-24,Labour force total,735.74
2023-05-01,2023,5,New South Wales,15-24,Participation rate,70.55
2023-05-01,2023,5,Victoria,15-24,Employed total,534.43
2023-05-01,2023,5,Victoria,15-24,Employment to population ratio,63.12
2023-05-01,2023,5,Victoria,15-24,Unemployed total,49.92
2023-05-01,2023,5,Victoria,15-24,Unemployment rate,8.54
2023-05-01,2023,5,Victoria,15-24,Labour force total,584.35
2023-05-01,2023,5,Victoria,15-24,Participation rate,69.01
2023-05-01,2023,5,Queensland,15-24,Employed total,475.13
2023-05-01,2023,5,Queensland,15-24,Employment to population ratio,68.52
2023-05-01,2023,5,Queensland,15-24,Unemployed total,42.89
2023-05-01,2023,5,Queensland,15-24,Unemployment rate,8.28
2023-05-01,2023,5,Queensland,15-24,Labour force total,518.02
2023-05-01,2023,5,Queensland,15-24,Participation rate,74.7
2023-05-01,2023,5,South Australia,15-24,Employed total,147.5
2023-05-01,2023,5,South Australia,15-24,Employment to population ratio,66.26
2023-05-01,2023,5,South Australia,15-24,Unemployed total,13.2
2023-05-01,2023,5,South Australia,15-24,Unemployment rate,8.22
2023-05-01,2023,5,South Australia,15-24,Labour force total,160.7
2023-05-01,2023,5,South Australia,15-24,Participation rate,72.19
2023-05-01,2023,5,Western Australia,15-24,Employed total,234.08
2023-05-01,2023,5,Western Australia,15-24,Employment to population ratio,66.66
2023-05-01,2023,5,Western Australia,15-24,Unemployed total,18.43
2023-05-01,2023,5,Western Australia,15-24,Unemployment rate,7.3
2023-05-01,2023,5,Western Australia,15-24,Labour force total,252.51
2023-05-01,2023,5,Western Australia,15-24,Participation rate,71.9
2023-05-01,2023,5,Tasmania,15-24,Employed total,38.23
2023-05-01,2023,5,Tasmania,15-24,Employment to population ratio,60.79
2023-05-01,2023,5,Tasmania,15-24,Unemployed total,5.37
2023-05-01,2023,5,Tasmania,15-24,Unemployment rate,12.31
2023-05-01,2023,5,Tasmania,15-24,Labour force total,43.6
2023-05-01,2023,5,Tasmania,15-24,Participation rate,69.33
2023-05-01,2023,5,Northern Territory,15-24,Employed total,19.29
2023-05-01,2023,5,Northern Territory,15-24,Employment to population ratio,58.97
2023-05-01,2023,5,Northern Territory,15-24,Unemployed total,2.04
2023-05-01,2023,5,Northern Territory,15-24,Unemployment rate,9.57
2023-05-01,2023,5,Northern Territory,15-24,Labour force total,21.34
2023-05-01,2023,5,Northern Territory,15-24,Participation rate,65.21
2023-05-01,2023,5,Australian Capital Territory,15-24,Employed total,46.05
2023-05-01,2023,5,Australian Capital Territory,15-24,Employment to population ratio,70.33
2023-05-01,2023,5,Australian Capital Territory,15-24,Unemployed total,3.04
2023-05-01,2023,5,Australian Capital Territory,15-24,Unemployment rate,6.2
2023-05-01,2023,5,Australian Capital Territory,15-24,Labour force total,49.1
2023-05-01,2023,5,Australian Capital Territory,15-24,Participation rate,74.98
2023-06-01,2023,6,Australia,15-24,Employed total,2184.71
2023-06-01,2023,6,Australia,15-24,Employment to population ratio,65.68
2023-06-01,2023,6,Australia,15-24,Unemployed total,177.02
2023-06-01,2023,6,Australia,15-24,Unemployment rate,7.5
2023-06-01,2023,6,Australia,15-24,Labour force total,2361.73
2023-06-01,2023,6,Australia,15-24,Participation rate,71.0
2023-06-01,2023,6,New South Wales,15-24,Employed total,688.29
2023-06-01,2023,6,New South Wales,15-24,Employment to population ratio,65.82
2023-06-01,2023,6,New South Wales,15-24,Unemployed total,40.95
2023-06-01,2023,6,New South Wales,15-24,Unemployment rate,5.62
2023-06-01,2023,6,New South Wales,15-24,Labour force total,729.24
2023-06-01,2023,6,New South Wales,15-24,Participation rate,69.74
2023-06-01,2023,6,Victoria,15-24,Employed total,536.32
2023-06-01,2023,6,Victoria,15-24,Employment to population ratio,63.17
2023-06-01,2023,6,Victoria,15-24,Unemployed total,47.57
2023-06-01,2023,6,Victoria,15-24,Unemployment rate,8.15
2023-06-01,2023,6,Victoria,15-24,Labour force total,583.9
2023-06-01,2023,6,Victoria,15-24,Participation rate,68.78
2023-06-01,2023,6,Queensland,15-24,Employed total,479.81
2023-06-01,2023,6,Queensland,15-24,Employment to population ratio,69.0
2023-06-01,2023,6,Queensland,15-24,Unemployed total,42.86
2023-06-01,2023,6,Queensland,15-24,Unemployment rate,8.2
2023-06-01,2023,6,Queensland,15-24,Labour force total,522.67
2023-06-01,2023,6,Queensland,15-24,Participation rate,75.16
2023-06-01,2023,6,South Australia,15-24,Employed total,145.42
2023-06-01,2023,6,South Australia,15-24,Employment to population ratio,65.26
2023-06-01,2023,6,South Australia,15-24,Unemployed total,14.88
2023-06-01,2023,6,South Australia,15-24,Unemployment rate,9.28
2023-06-01,2023,6,South Australia,15-24,Labour force total,160.31
2023-06-01,2023,6,South Australia,15-24,Participation rate,71.94
2023-06-01,2023,6,Western Australia,15-24,Employed total,232.75
2023-06-01,2023,6,Western Australia,15-24,Employment to population ratio,66.04
2023-06-01,2023,6,Western Australia,15-24,Unemployed total,21.46
2023-06-01,2023,6,Western Australia,15-24,Unemployment rate,8.44
2023-06-01,2023,6,Western Australia,15-24,Labour force total,254.21
2023-06-01,2023,6,Western Australia,15-24,Participation rate,72.13
2023-06-01,2023,6,Tasmania,15-24,Employed total,37.77
2023-06-01,2023,6,Tasmania,15-24,Employment to population ratio,60.05
2023-06-01,2023,6,Tasmania,15-24,Unemployed total,4.09
2023-06-01,2023,6,Tasmania,15-24,Unemployment rate,9.76
2023-06-01,2023,6,Tasmania,15-24,Labour force total,41.86
2023-06-01,2023,6,Tasmania,15-24,Participation rate,66.54
2023-06-01,2023,6,Northern Territory,15-24,Employed total,18.55
2023-06-01,2023,6,Northern Territory,15-24,Employment to population ratio,56.69
2023-06-01,2023,6,Northern Territory,15-24,Unemployed total,2.08
2023-06-01,2023,6,Northern Territory,15-24,Unemployment rate,10.06
2023-06-01,2023,6,Northern Territory,15-24,Labour force total,20.63
2023-06-01,2023,6,Northern Territory,15-24,Participation rate,63.03
2023-06-01,2023,6,Australian Capital Territory,15-24,Employed total,45.78
2023-06-01,2023,6,Australian Capital Territory,15-24,Employment to population ratio,69.8
2023-06-01,2023,6,Australian Capital Territory,15-24,Unemployed total,3.12
2023-06-01,2023,6,Australian Capital Territory,15-24,Unemployment rate,6.39
2023-06-01,2023,6,Australian Capital Territory,15-24,Labour force total,48.91
2023-06-01,2023,6,Australian Capital Territory,15-24,Participation rate,74.56
2023-07-01,2023,7,Australia,15-24,Employed total,2174.16
2023-07-01,2023,7,Australia,15-24,Employment to population ratio,65.05
2023-07-01,2023,7,Australia,15-24,Unemployed total,195.18
2023-07-01,2023,7,Australia,15-24,Unemployment rate,8.24
2023-07-01,2023,7,Australia,15-24,Labour force total,2369.34
2023-07-01,2023,7,Australia,15-24,Participation rate,70.89
2023-07-01,2023,7,New South Wales,15-24,Employed total,697.16
2023-07-01,2023,7,New South Wales,15-24,Employment to population ratio,66.33
2023-07-01,2023,7,New South Wales,15-24,Unemployed total,47.16
2023-07-01,2023,7,New South Wales,15-24,Unemployment rate,6.34
2023-07-01,2023,7,New South Wales,15-24,Labour force total,744.32
2023-07-01,2023,7,New South Wales,15-24,Participation rate,70.81
2023-07-01,2023,7,Victoria,15-24,Employed total,528.56
2023-07-01,2023,7,Victoria,15-24,Employment to population ratio,61.93
2023-07-01,2023,7,Victoria,15-24,Unemployed total,50.64
2023-07-01,2023,7,Victoria,15-24,Unemployment rate,8.74
2023-07-01,2023,7,Victoria,15-24,Labour force total,579.2
2023-07-01,2023,7,Victoria,15-24,Participation rate,67.86
2023-07-01,2023,7,Queensland,15-24,Employed total,478.21
2023-07-01,2023,7,Queensland,15-24,Employment to population ratio,68.49
2023-07-01,2023,7,Queensland,15-24,Unemployed total,47.6
2023-07-01,2023,7,Queensland,15-24,Unemployment rate,9.05
2023-07-01,2023,7,Queensland,15-24,Labour force total,525.81
2023-07-01,2023,7,Queensland,15-24,Participation rate,75.31
2023-07-01,2023,7,South Australia,15-24,Employed total,145.92
2023-07-01,2023,7,South Australia,15-24,Employment to population ratio,65.28
2023-07-01,2023,7,South Australia,15-24,Unemployed total,14.64
2023-07-01,2023,7,South Australia,15-24,Unemployment rate,9.12
2023-07-01,2023,7,South Australia,15-24,Labour force total,160.56
2023-07-01,2023,7,South Australia,15-24,Participation rate,71.83
2023-07-01,2023,7,Western Australia,15-24,Employed total,223.21
2023-07-01,2023,7,Western Australia,15-24,Employment to population ratio,63.0
2023-07-01,2023,7,Western Australia,15-24,Unemployed total,22.31
2023-07-01,2023,7,Western Australia,15-24,Unemployment rate,9.09
2023-07-01,2023,7,Western Australia,15-24,Labour force total,245.52
2023-07-01,2023,7,Western Australia,15-24,Participation rate,69.29
2023-07-01,2023,7,Tasmania,15-24,Employed total,39.79
2023-07-01,2023,7,Tasmania,15-24,Employment to population ratio,63.22
2023-07-01,2023,7,Tasmania,15-24,Unemployed total,5.85
2023-07-01,2023,7,Tasmania,15-24,Unemployment rate,12.82
2023-07-01,2023,7,Tasmania,15-24,Labour force total,45.64
2023-07-01,2023,7,Tasmania,15-24,Participation rate,72.51
2023-07-01,2023,7,Northern Territory,15-24,Employed total,18.37
2023-07-01,2023,7,Northern Territory,15-24,Employment to population ratio,55.97
2023-07-01,2023,7,Northern Territory,15-24,Unemployed total,2.43
2023-07-01,2023,7,Northern Territory,15-24,Unemployment rate,11.69
2023-07-01,2023,7,Northern Territory,15-24,Labour force total,20.8
2023-07-01,2023,7,Northern Territory,15-24,Participation rate,63.38
2023-07-01,2023,7,Australian Capital Territory,15-24,Employed total,42.94
2023-07-01,2023,7,Australian Capital Territory,15-24,Employment to population ratio,65.2
2023-07-01,2023,7,Australian Capital Territory,15-24,Unemployed total,4.54
2023-07-01,2023,7,Australian Capital Territory,15-24,Unemployment rate,9.56
2023-07-01,2023,7,Australian Capital Territory,15-24,Labour force total,47.48
2023-07-01,2023,7,Australian Capital Territory,15-24,Participation rate,72.09
2023-08-01,2023,8,Australia,15-24,Employed total,2134.58
2023-08-01,2023,8,Australia,15-24,Employment to population ratio,63.56
2023-08-01,2023,8,Australia,15-24,Unemployed total,190.06
2023-08-01,2023,8,Australia,15-24,Unemployment rate,8.18
2023-08-01,2023,8,Australia,15-24,Labour force total,2324.64
2023-08-01,2023,8,Australia,15-24,Participation rate,69.22
2023-08-01,2023,8,New South Wales,15-24,Employed total,677.46
2023-08-01,2023,8,New South Wales,15-24,Employment to population ratio,64.12
2023-08-01,2023,8,New South Wales,15-24,Unemployed total,56.75
2023-08-01,2023,8,New South Wales,15-24,Unemployment rate,7.73
2023-08-01,2023,8,New South Wales,15-24,Labour force total,734.2
2023-08-01,2023,8,New South Wales,15-24,Participation rate,69.49
2023-08-01,2023,8,Victoria,15-24,Employed total,522.15
2023-08-01,2023,8,Victoria,15-24,Employment to population ratio,60.85
2023-08-01,2023,8,Victoria,15-24,Unemployed total,43.03
2023-08-01,2023,8,Victoria,15-24,Unemployment rate,7.61
2023-08-01,2023,8,Victoria,15-24,Labour force total,565.18
2023-08-01,2023,8,Victoria,15-24,Participation rate,65.86
2023-08-01,2023,8,Queensland,15-24,Employed total,460.51
2023-08-01,2023,8,Queensland,15-24,Employment to population ratio,65.69
2023-08-01,2023,8,Queensland,15-24,Unemployed total,42.58
2023-08-01,2023,8,Queensland,15-24,Unemployment rate,8.46
2023-08-01,2023,8,Queensland,15-24,Labour force total,503.09
2023-08-01,2023,8,Queensland,15-24,Participation rate,71.76
2023-08-01,2023,8,South Australia,15-24,Employed total,144.46
2023-08-01,2023,8,South Australia,15-24,Employment to population ratio,64.43
2023-08-01,2023,8,South Australia,15-24,Unemployed total,12.52
2023-08-01,2023,8,South Australia,15-24,Unemployment rate,7.98
2023-08-01,2023,8,South Australia,15-24,Labour force total,156.99
2023-08-01,2023,8,South Australia,15-24,Participation rate,70.01
2023-08-01,2023,8,Western Australia,15-24,Employed total,226.75
2023-08-01,2023,8,Western Australia,15-24,Employment to population ratio,63.65
2023-08-01,2023,8,Western Australia,15-24,Unemployed total,23.14
2023-08-01,2023,8,Western Australia,15-24,Unemployment rate,9.26
2023-08-01,2023,8,Western Australia,15-24,Labour force total,249.89
2023-08-01,2023,8,Western Australia,15-24,Participation rate,70.14
2023-08-01,2023,8,Tasmania,15-24,Employed total,38.87
2023-08-01,2023,8,Tasmania,15-24,Employment to population ratio,61.72
2023-08-01,2023,8,Tasmania,15-24,Unemployed total,5.27
2023-08-01,2023,8,Tasmania,15-24,Unemployment rate,11.93
2023-08-01,2023,8,Tasmania,15-24,Labour force total,44.14
2023-08-01,2023,8,Tasmania,15-24,Participation rate,70.09
2023-08-01,2023,8,Northern Territory,15-24,Employed total,18.67
2023-08-01,2023,8,Northern Territory,15-24,Employment to population ratio,56.7
2023-08-01,2023,8,Northern Territory,15-24,Unemployed total,2.66
2023-08-01,2023,8,Northern Territory,15-24,Unemployment rate,12.46
2023-08-01,2023,8,Northern Territory,15-24,Labour force total,21.32
2023-08-01,2023,8,Northern Territory,15-24,Participation rate,64.77
2023-08-01,2023,8,Australian Capital Territory,15-24,Employed total,45.71
2023-08-01,2023,8,Australian Capital Territory,15-24,Employment to population ratio,69.11
2023-08-01,2023,8,Australian Capital Territory,15-24,Unemployed total,4.12
2023-08-01,2023,8,Australian Capital Territory,15-24,Unemployment rate,8.27
2023-08-01,2023,8,Australian Capital Territory,15-24,Labour force total,49.83
2023-08-01,2023,8,Australian Capital Territory,15-24,Participation rate,75.35
2023-09-01,2023,9,Australia,15-24,Employed total,2143.54
2023-09-01,2023,9,Australia,15-24,Employment to population ratio,63.53
2023-09-01,2023,9,Australia,15-24,Unemployed total,179.02
2023-09-01,2023,9,Australia,15-24,Unemployment rate,7.71
2023-09-01,2023,9,Australia,15-24,Labour force total,2322.56
2023-09-01,2023,9,Australia,15-24,Participation rate,68.84
2023-09-01,2023,9,New South Wales,15-24,Employed total,655.8
2023-09-01,2023,9,New South Wales,15-24,Employment to population ratio,61.75
2023-09-01,2023,9,New South Wales,15-24,Unemployed total,58.25
2023-09-01,2023,9,New South Wales,15-24,Unemployment rate,8.16
2023-09-01,2023,9,New South Wales,15-24,Labour force total,714.05
2023-09-01,2023,9,New South Wales,15-24,Participation rate,67.24
2023-09-01,2023,9,Victoria,15-24,Employed total,520.94
2023-09-01,2023,9,Victoria,15-24,Employment to population ratio,60.38
2023-09-01,2023,9,Victoria,15-24,Unemployed total,46.43
2023-09-01,2023,9,Victoria,15-24,Unemployment rate,8.18
2023-09-01,2023,9,Victoria,15-24,Labour force total,567.37
2023-09-01,2023,9,Victoria,15-24,Participation rate,65.77
2023-09-01,2023,9,Queensland,15-24,Employed total,488.99
2023-09-01,2023,9,Queensland,15-24,Employment to population ratio,69.47
2023-09-01,2023,9,Queensland,15-24,Unemployed total,34.83
2023-09-01,2023,9,Queensland,15-24,Unemployment rate,6.65
2023-09-01,2023,9,Queensland,15-24,Labour force total,523.81
2023-09-01,2023,9,Queensland,15-24,Participation rate,74.42
2023-09-01,2023,9,South Australia,15-24,Employed total,142.81
2023-09-01,2023,9,South Australia,15-24,Employment to population ratio,63.49
2023-09-01,2023,9,South Australia,15-24,Unemployed total,11.72
2023-09-01,2023,9,South Australia,15-24,Unemployment rate,7.58
2023-09-01,2023,9,South Australia,15-24,Labour force total,154.53
2023-09-01,2023,9,South Australia,15-24,Participation rate,68.7
2023-09-01,2023,9,Western Australia,15-24,Employed total,230.84
2023-09-01,2023,9,Western Australia,15-24,Employment to population ratio,64.45
2023-09-01,2023,9,Western Australia,15-24,Unemployed total,18.49
2023-09-01,2023,9,Western Australia,15-24,Unemployment rate,7.42
2023-09-01,2023,9,Western Australia,15-24,Labour force total,249.33
2023-09-01,2023,9,Western Australia,15-24,Participation rate,69.61
2023-09-01,2023,9,Tasmania,15-24,Employed total,39.09
2023-09-01,2023,9,Tasmania,15-24,Employment to population ratio,62.02
2023-09-01,2023,9,Tasmania,15-24,Unemployed total,3.52
2023-09-01,2023,9,Tasmania,15-24,Unemployment rate,8.27
2023-09-01,2023,9,Tasmania,15-24,Labour force total,42.61
2023-09-01,2023,9,Tasmania,15-24,Participation rate,67.61
2023-09-01,2023,9,Northern Territory,15-24,Employed total,18.23
2023-09-01,2023,9,Northern Territory,15-24,Employment to population ratio,55.22
2023-09-01,2023,9,Northern Territory,15-24,Unemployed total,2.33
2023-09-01,2023,9,Northern Territory,15-24,Unemployment rate,11.35
2023-09-01,2023,9,Northern Territory,15-24,Labour force total,20.56
2023-09-01,2023,9,Northern Territory,15-24,Participation rate,62.28
2023-09-01,2023,9,Australian Capital Territory,15-24,Employed total,46.85
2023-09-01,2023,9,Australian Capital Territory,15-24,Employment to population ratio,70.56
2023-09-01,2023,9,Australian Capital Territory,15-24,Unemployed total,3.45
2023-09-01,2023,9,Australian Capital Territory,15-24,Unemployment rate,6.85
2023-09-01,2023,9,Australian Capital Territory,15-24,Labour force total,50.3
2023-09-01,2023,9,Australian Capital Territory,15-24,Participation rate,75.75
2023-10-01,2023,10,Australia,15-24,Employed total,2158.94
2023-10-01,2023,10,Australia,15-24,Employment to population ratio,63.89
2023-10-01,2023,10,Australia,15-24,Unemployed total,207.86
2023-10-01,2023,10,Australia,15-24,Unemployment rate,8.78
2023-10-01,2023,10,Australia,15-24,Labour force total,2366.8
2023-10-01,2023,10,Australia,15-24,Participation rate,70.04
2023-10-01,2023,10,New South Wales,15-24,Employed total,674.14
2023-10-01,2023,10,New South Wales,15-24,Employment to population ratio,63.42
2023-10-01,2023,10,New South Wales,15-24,Unemployed total,57.61
2023-10-01,2023,10,New South Wales,15-24,Unemployment rate,7.87
2023-10-01,2023,10,New South Wales,15-24,Labour force total,731.75
2023-10-01,2023,10,New South Wales,15-24,Participation rate,68.84
2023-10-01,2023,10,Victoria,15-24,Employed total,527.78
2023-10-01,2023,10,Victoria,15-24,Employment to population ratio,61.08
2023-10-01,2023,10,Victoria,15-24,Unemployed total,56.86
2023-10-01,2023,10,Victoria,15-24,Unemployment rate,9.73
2023-10-01,2023,10,Victoria,15-24,Labour force total,584.64
2023-10-01,2023,10,Victoria,15-24,Participation rate,67.66
2023-10-01,2023,10,Queensland,15-24,Employed total,473.46
2023-10-01,2023,10,Queensland,15-24,Employment to population ratio,67.11
2023-10-01,2023,10,Queensland,15-24,Unemployed total,47.5
2023-10-01,2023,10,Queensland,15-24,Unemployment rate,9.12
2023-10-01,2023,10,Queensland,15-24,Labour force total,520.95
2023-10-01,2023,10,Queensland,15-24,Participation rate,73.85
2023-10-01,2023,10,South Australia,15-24,Employed total,144.64
2023-10-01,2023,10,South Australia,15-24,Employment to population ratio,64.27
2023-10-01,2023,10,South Australia,15-24,Unemployed total,13.21
2023-10-01,2023,10,South Australia,15-24,Unemployment rate,8.37
2023-10-01,2023,10,South Australia,15-24,Labour force total,157.85
2023-10-01,2023,10,South Australia,15-24,Participation rate,70.14
2023-10-01,2023,10,Western Australia,15-24,Employed total,234.77
2023-10-01,2023,10,Western Australia,15-24,Employment to population ratio,65.37
2023-10-01,2023,10,Western Australia,15-24,Unemployed total,22.72
2023-10-01,2023,10,Western Australia,15-24,Unemployment rate,8.82
2023-10-01,2023,10,Western Australia,15-24,Labour force total,257.49
2023-10-01,2023,10,Western Australia,15-24,Participation rate,71.7
2023-10-01,2023,10,Tasmania,15-24,Employed total,36.84
2023-10-01,2023,10,Tasmania,15-24,Employment to population ratio,58.47
2023-10-01,2023,10,Tasmania,15-24,Unemployed total,3.84
2023-10-01,2023,10,Tasmania,15-24,Unemployment rate,9.43
2023-10-01,2023,10,Tasmania,15-24,Labour force total,40.68
2023-10-01,2023,10,Tasmania,15-24,Participation rate,64.56
2023-10-01,2023,10,Northern Territory,15-24,Employed total,19.53
2023-10-01,2023,10,Northern Territory,15-24,Employment to population ratio,59.18
2023-10-01,2023,10,Northern Territory,15-24,Unemployed total,2.43
2023-10-01,2023,10,Northern Territory,15-24,Unemployment rate,11.07
2023-10-01,2023,10,Northern Territory,15-24,Labour force total,21.96
2023-10-01,2023,10,Northern Territory,15-24,Participation rate,66.55
2023-10-01,2023,10,Australian Capital Territory,15-24,Employed total,47.79
2023-10-01,2023,10,Australian Capital Territory,15-24,Employment to population ratio,71.99
2023-10-01,2023,10,Australian Capital Territory,15-24,Unemployed total,3.69
2023-10-01,2023,10,Australian Capital Territory,15-24,Unemployment rate,7.16
2023-10-01,2023,10,Australian Capital Territory,15-24,Labour force total,51.48
2023-10-01,2023,10,Australian Capital Territory,15-24,Participation rate,77.55
2023-11-01,2023,11,Australia,15-24,Employed total,2173.86
2023-11-01,2023,11,Australia,15-24,Employment to population ratio,64.24
2023-11-01,2023,11,Australia,15-24,Unemployed total,213.91
2023-11-01,2023,11,Australia,15-24,Unemployment rate,8.96
2023-11-01,2023,11,Australia,15-24,Labour force total,2387.77
2023-11-01,2023,11,Australia,15-24,Participation rate,70.56
2023-11-01,2023,11,New South Wales,15-24,Employed total,692.0
2023-11-01,2023,11,New South Wales,15-24,Employment to population ratio,65.05
2023-11-01,2023,11,New South Wales,15-24,Unemployed total,56.38
2023-11-01,2023,11,New South Wales,15-24,Unemployment rate,7.53
2023-11-01,2023,11,New South Wales,15-24,Labour force total,748.38
2023-11-01,2023,11,New South Wales,15-24,Participation rate,70.35
2023-11-01,2023,11,Victoria,15-24,Employed total,523.74
2023-11-01,2023,11,Victoria,15-24,Employment to population ratio,60.52
2023-11-01,2023,11,Victoria,15-24,Unemployed total,59.54
2023-11-01,2023,11,Victoria,15-24,Unemployment rate,10.21
2023-11-01,2023,11,Victoria,15-24,Labour force total,583.29
2023-11-01,2023,11,Victoria,15-24,Participation rate,67.4
2023-11-01,2023,11,Queensland,15-24,Employed total,474.09
2023-11-01,2023,11,Queensland,15-24,Employment to population ratio,67.06
2023-11-01,2023,11,Queensland,15-24,Unemployed total,50.32
2023-11-01,2023,11,Queensland,15-24,Unemployment rate,9.59
2023-11-01,2023,11,Queensland,15-24,Labour force total,524.41
2023-11-01,2023,11,Queensland,15-24,Participation rate,74.17
2023-11-01,2023,11,South Australia,15-24,Employed total,144.56
2023-11-01,2023,11,South Australia,15-24,Employment to population ratio,64.2
2023-11-01,2023,11,South Australia,15-24,Unemployed total,14.31
2023-11-01,2023,11,South Australia,15-24,Unemployment rate,9.01
2023-11-01,2023,11,South Australia,15-24,Labour force total,158.87
2023-11-01,2023,11,South Australia,15-24,Participation rate,70.55
2023-11-01,2023,11,Western Australia,15-24,Employed total,234.77
2023-11-01,2023,11,Western Australia,15-24,Employment to population ratio,65.19
2023-11-01,2023,11,Western Australia,15-24,Unemployed total,23.08
2023-11-01,2023,11,Western Australia,15-24,Unemployment rate,8.95
2023-11-01,2023,11,Western Australia,15-24,Labour force total,257.86
2023-11-01,2023,11,Western Australia,15-24,Participation rate,71.6
2023-11-01,2023,11,Tasmania,15-24,Employed total,37.8
2023-11-01,2023,11,Tasmania,15-24,Employment to population ratio,59.99
2023-11-01,2023,11,Tasmania,15-24,Unemployed total,4.2
2023-11-01,2023,11,Tasmania,15-24,Unemployment rate,10.01
2023-11-01,2023,11,Tasmania,15-24,Labour force total,42.0
2023-11-01,2023,11,Tasmania,15-24,Participation rate,66.65
2023-11-01,2023,11,Northern Territory,15-24,Employed total,19.36
2023-11-01,2023,11,Northern Territory,15-24,Employment to population ratio,58.66
2023-11-01,2023,11,Northern Territory,15-24,Unemployed total,2.12
2023-11-01,2023,11,Northern Territory,15-24,Unemployment rate,9.86
2023-11-01,2023,11,Northern Territory,15-24,Labour force total,21.48
2023-11-01,2023,11,Northern Territory,15-24,Participation rate,65.08
2023-11-01,2023,11,Australian Capital Territory,15-24,Employed total,47.54
2023-11-01,2023,11,Australian Capital Territory,15-24,Employment to population ratio,71.63
2023-11-01,2023,11,Australian Capital Territory,15-24,Unemployed total,3.95
2023-11-01,2023,11,Australian Capital Territory,15-24,Unemployment rate,7.68
2023-11-01,2023,11,Australian Capital Territory,15-24,Labour force total,51.49
2023-11-01,2023,11,Australian Capital Territory,15-24,Participation rate,77.59
2023-12-01,2023,12,Australia,15-24,Employed total,2221.37
2023-12-01,2023,12,Australia,15-24,Employment to population ratio,65.55
2023-12-01,2023,12,Australia,15-24,Unemployed total,233.14
2023-12-01,2023,12,Australia,15-24,Unemployment rate,9.5
2023-12-01,2023,12,Australia,15-24,Labour force total,2454.51
2023-12-01,2023,12,Australia,15-24,Participation rate,72.43
2023-12-01,2023,12,New South Wales,15-24,Employed total,706.98
2023-12-01,2023,12,New South Wales,15-24,Employment to population ratio,66.4
2023-12-01,2023,12,New South Wales,15-24,Unemployed total,61.68
2023-12-01,2023,12,New South Wales,15-24,Unemployment rate,8.02
2023-12-01,2023,12,New South Wales,15-24,Labour force total,768.67
2023-12-01,2023,12,New South Wales,15-24,Participation rate,72.19
2023-12-01,2023,12,Victoria,15-24,Employed total,544.34
2023-12-01,2023,12,Victoria,15-24,Employment to population ratio,62.8
2023-12-01,2023,12,Victoria,15-24,Unemployed total,58.72
2023-12-01,2023,12,Victoria,15-24,Unemployment rate,9.74
2023-12-01,2023,12,Victoria,15-24,Labour force total,603.06
2023-12-01,2023,12,Victoria,15-24,Participation rate,69.58
2023-12-01,2023,12,Queensland,15-24,Employed total,491.24
2023-12-01,2023,12,Queensland,15-24,Employment to population ratio,69.33
2023-12-01,2023,12,Queensland,15-24,Unemployed total,53.06
2023-12-01,2023,12,Queensland,15-24,Unemployment rate,9.75
2023-12-01,2023,12,Queensland,15-24,Labour force total,544.3
2023-12-01,2023,12,Queensland,15-24,Participation rate,76.82
2023-12-01,2023,12,South Australia,15-24,Employed total,143.92
2023-12-01,2023,12,South Australia,15-24,Employment to population ratio,63.88
2023-12-01,2023,12,South Australia,15-24,Unemployed total,18.53
2023-12-01,2023,12,South Australia,15-24,Unemployment rate,11.41
2023-12-01,2023,12,South Australia,15-24,Labour force total,162.45
2023-12-01,2023,12,South Australia,15-24,Participation rate,72.11
2023-12-01,2023,12,Western Australia,15-24,Employed total,227.49
2023-12-01,2023,12,Western Australia,15-24,Employment to population ratio,63.0
2023-12-01,2023,12,Western Australia,15-24,Unemployed total,30.12
2023-12-01,2023,12,Western Australia,15-24,Unemployment rate,11.69
2023-12-01,2023,12,Western Australia,15-24,Labour force total,257.62
2023-12-01,2023,12,Western Australia,15-24,Participation rate,71.34
2023-12-01,2023,12,Tasmania,15-24,Employed total,40.18
2023-12-01,2023,12,Tasmania,15-24,Employment to population ratio,63.78
2023-12-01,2023,12,Tasmania,15-24,Unemployed total,4.16
2023-12-01,2023,12,Tasmania,15-24,Unemployment rate,9.38
2023-12-01,2023,12,Tasmania,15-24,Labour force total,44.34
2023-12-01,2023,12,Tasmania,15-24,Participation rate,70.37
2023-12-01,2023,12,Northern Territory,15-24,Employed total,19.61
2023-12-01,2023,12,Northern Territory,15-24,Employment to population ratio,59.44
2023-12-01,2023,12,Northern Territory,15-24,Unemployed total,2.11
2023-12-01,2023,12,Northern Territory,15-24,Unemployment rate,9.73
2023-12-01,2023,12,Northern Territory,15-24,Labour force total,21.73
2023-12-01,2023,12,Northern Territory,15-24,Participation rate,65.85
2023-12-01,2023,12,Australian Capital Territory,15-24,Employed total,47.6
2023-12-01,2023,12,Australian Capital Territory,15-24,Employment to population ratio,71.74
2023-12-01,2023,12,Australian Capital Territory,15-24,Unemployed total,4.75
2023-12-01,2023,12,Australian Capital Territory,15-24,Unemployment rate,9.07
2023-12-01,2023,12,Australian Capital Territory,15-24,Labour force total,52.35
2023-12-01,2023,12,Australian Capital Territory,15-24,Participation rate,78.9
2024-01-01,2024,1,Australia,15-24,Employed total,2168.98
2024-01-01,2024,1,Australia,15-24,Employment to population ratio,63.73
2024-01-01,2024,1,Australia,15-24,Unemployed total,253.07
2024-01-01,2024,1,Australia,15-24,Unemployment rate,10.45
2024-01-01,2024,1,Australia,15-24,Labour force total,2422.05
2024-01-01,2024,1,Australia,15-24,Participation rate,71.16
2024-01-01,2024,1,New South Wales,15-24,Employed total,677.24
2024-01-01,2024,1,New South Wales,15-24,Employment to population ratio,63.35
2024-01-01,2024,1,New South Wales,15-24,Unemployed total,70.77
2024-01-01,2024,1,New South Wales,15-24,Unemployment rate,9.46
2024-01-01,2024,1,New South Wales,15-24,Labour force total,748.01
2024-01-01,2024,1,New South Wales,15-24,Participation rate,69.97
2024-01-01,2024,1,Victoria,15-24,Employed total,544.63
2024-01-01,2024,1,Victoria,15-24,Employment to population ratio,62.5
2024-01-01,2024,1,Victoria,15-24,Unemployed total,62.68
2024-01-01,2024,1,Victoria,15-24,Unemployment rate,10.32
2024-01-01,2024,1,Victoria,15-24,Labour force total,607.31
2024-01-01,2024,1,Victoria,15-24,Participation rate,69.69
2024-01-01,2024,1,Queensland,15-24,Employed total,474.44
2024-01-01,2024,1,Queensland,15-24,Employment to population ratio,66.69
2024-01-01,2024,1,Queensland,15-24,Unemployed total,57.29
2024-01-01,2024,1,Queensland,15-24,Unemployment rate,10.77
2024-01-01,2024,1,Queensland,15-24,Labour force total,531.73
2024-01-01,2024,1,Queensland,15-24,Participation rate,74.74
2024-01-01,2024,1,South Australia,15-24,Employed total,138.88
2024-01-01,2024,1,South Australia,15-24,Employment to population ratio,61.43
2024-01-01,2024,1,South Australia,15-24,Unemployed total,17.11
2024-01-01,2024,1,South Australia,15-24,Unemployment rate,10.97
2024-01-01,2024,1,South Australia,15-24,Labour force total,156.0
2024-01-01,2024,1,South Australia,15-24,Participation rate,69.0
2024-01-01,2024,1,Western Australia,15-24,Employed total,230.25
2024-01-01,2024,1,Western Australia,15-24,Employment to population ratio,63.45
2024-01-01,2024,1,Western Australia,15-24,Unemployed total,31.16
2024-01-01,2024,1,Western Australia,15-24,Unemployment rate,11.92
2024-01-01,2024,1,Western Australia,15-24,Labour force total,261.4
2024-01-01,2024,1,Western Australia,15-24,Participation rate,72.03
2024-01-01,2024,1,Tasmania,15-24,Employed total,37.05
2024-01-01,2024,1,Tasmania,15-24,Employment to population ratio,58.7
2024-01-01,2024,1,Tasmania,15-24,Unemployed total,7.0
2024-01-01,2024,1,Tasmania,15-24,Unemployment rate,15.9
2024-01-01,2024,1,Tasmania,15-24,Labour force total,44.06
2024-01-01,2024,1,Tasmania,15-24,Participation rate,69.8
2024-01-01,2024,1,Northern Territory,15-24,Employed total,19.79
2024-01-01,2024,1,Northern Territory,15-24,Employment to population ratio,59.8
2024-01-01,2024,1,Northern Territory,15-24,Unemployed total,1.62
2024-01-01,2024,1,Northern Territory,15-24,Unemployment rate,7.58
2024-01-01,2024,1,Northern Territory,15-24,Labour force total,21.42
2024-01-01,2024,1,Northern Territory,15-24,Participation rate,64.7
2024-01-01,2024,1,Australian Capital Territory,15-24,Employed total,46.69
2024-01-01,2024,1,Australian Capital Territory,15-24,Employment to population ratio,70.16
2024-01-01,2024,1,Australian Capital Territory,15-24,Unemployed total,5.43
2024-01-01,2024,1,Australian Capital Territory,15-24,Unemployment rate,10.43
2024-01-01,2024,1,Australian Capital Territory,15-24,Labour force total,52.13
2024-01-01,2024,1,Australian Capital Territory,15-24,Participation rate,78.33
2024-02-01,2024,2,Australia,15-24,Employed total,2189.77
2024-02-01,2024,2,Australia,15-24,Employment to population ratio,64.06
2024-02-01,2024,2,Australia,15-24,Unemployed total,243.22
2024-02-01,2024,2,Australia,15-24,Unemployment rate,10.0
2024-02-01,2024,2,Australia,15-24,Labour force total,2432.99
2024-02-01,2024,2,Australia,15-24,Participation rate,71.18
2024-02-01,2024,2,New South Wales,15-24,Employed total,684.19
2024-02-01,2024,2,New South Wales,15-24,Employment to population ratio,63.75
2024-02-01,2024,2,New South Wales,15-24,Unemployed total,66.36
2024-02-01,2024,2,New South Wales,15-24,Unemployment rate,8.84
2024-02-01,2024,2,New South Wales,15-24,Labour force total,750.55
2024-02-01,2024,2,New South Wales,15-24,Participation rate,69.93
2024-02-01,2024,2,Victoria,15-24,Employed total,540.56
2024-02-01,2024,2,Victoria,15-24,Employment to population ratio,61.7
2024-02-01,2024,2,Victoria,15-24,Unemployed total,64.43
2024-02-01,2024,2,Victoria,15-24,Unemployment rate,10.65
2024-02-01,2024,2,Victoria,15-24,Labour force total,604.99
2024-02-01,2024,2,Victoria,15-24,Participation rate,69.06
2024-02-01,2024,2,Queensland,15-24,Employed total,482.61
2024-02-01,2024,2,Queensland,15-24,Employment to population ratio,67.57
2024-02-01,2024,2,Queensland,15-24,Unemployed total,59.24
2024-02-01,2024,2,Queensland,15-24,Unemployment rate,10.93
2024-02-01,2024,2,Queensland,15-24,Labour force total,541.85
2024-02-01,2024,2,Queensland,15-24,Participation rate,75.86
2024-02-01,2024,2,South Australia,15-24,Employed total,147.43
2024-02-01,2024,2,South Australia,15-24,Employment to population ratio,64.99
2024-02-01,2024,2,South Australia,15-24,Unemployed total,13.45
2024-02-01,2024,2,South Australia,15-24,Unemployment rate,8.36
2024-02-01,2024,2,South Australia,15-24,Labour force total,160.88
2024-02-01,2024,2,South Australia,15-24,Participation rate,70.91
2024-02-01,2024,2,Western Australia,15-24,Employed total,230.96
2024-02-01,2024,2,Western Australia,15-24,Employment to population ratio,63.34
2024-02-01,2024,2,Western Australia,15-24,Unemployed total,25.61
2024-02-01,2024,2,Western Australia,15-24,Unemployment rate,9.98
2024-02-01,2024,2,Western Australia,15-24,Labour force total,256.57
2024-02-01,2024,2,Western Australia,15-24,Participation rate,70.36
2024-02-01,2024,2,Tasmania,15-24,Employed total,37.49
2024-02-01,2024,2,Tasmania,15-24,Employment to population ratio,59.29
2024-02-01,2024,2,Tasmania,15-24,Unemployed total,5.23
2024-02-01,2024,2,Tasmania,15-24,Unemployment rate,12.23
2024-02-01,2024,2,Tasmania,15-24,Labour force total,42.72
2024-02-01,2024,2,Tasmania,15-24,Participation rate,67.56
2024-02-01,2024,2,Northern Territory,15-24,Employed total,20.26
2024-02-01,2024,2,Northern Territory,15-24,Employment to population ratio,61.03
2024-02-01,2024,2,Northern Territory,15-24,Unemployed total,2.11
2024-02-01,2024,2,Northern Territory,15-24,Unemployment rate,9.42
2024-02-01,2024,2,Northern Territory,15-24,Labour force total,22.36
2024-02-01,2024,2,Northern Territory,15-24,Participation rate,67.37
2024-02-01,2024,2,Australian Capital Territory,15-24,Employed total,46.28
2024-02-01,2024,2,Australian Capital Territory,15-24,Employment to population ratio,69.31
2024-02-01,2024,2,Australian Capital Territory,15-24,Unemployed total,6.8
2024-02-01,2024,2,Australian Capital Territory,15-24,Unemployment rate,12.82
2024-02-01,2024,2,Australian Capital Territory,15-24,Labour force total,53.08
2024-02-01,2024,2,Australian Capital Territory,15-24,Participation rate,79.5
2024-03-01,2024,3,Australia,15-24,Employed total,2185.99
2024-03-01,2024,3,Australia,15-24,Employment to population ratio,63.67
2024-03-01,2024,3,Australia,15-24,Unemployed total,258.3
2024-03-01,2024,3,Australia,15-24,Unemployment rate,10.57
2024-03-01,2024,3,Australia,15-24,Labour force total,2444.29
2024-03-01,2024,3,Australia,15-24,Participation rate,71.2
2024-03-01,2024,3,New South Wales,15-24,Employed total,678.53
2024-03-01,2024,3,New South Wales,15-24,Employment to population ratio,62.97
2024-03-01,2024,3,New South Wales,15-24,Unemployed total,75.38
2024-03-01,2024,3,New South Wales,15-24,Unemployment rate,10.0
2024-03-01,2024,3,New South Wales,15-24,Labour force total,753.92
2024-03-01,2024,3,New South Wales,15-24,Participation rate,69.97
2024-03-01,2024,3,Victoria,15-24,Employed total,539.49
2024-03-01,2024,3,Victoria,15-24,Employment to population ratio,61.26
2024-03-01,2024,3,Victoria,15-24,Unemployed total,73.57
2024-03-01,2024,3,Victoria,15-24,Unemployment rate,12.0
2024-03-01,2024,3,Victoria,15-24,Labour force total,613.06
2024-03-01,2024,3,Victoria,15-24,Participation rate,69.61
2024-03-01,2024,3,Queensland,15-24,Employed total,477.43
2024-03-01,2024,3,Queensland,15-24,Employment to population ratio,66.57
2024-03-01,2024,3,Queensland,15-24,Unemployed total,58.66
2024-03-01,2024,3,Queensland,15-24,Unemployment rate,10.94
2024-03-01,2024,3,Queensland,15-24,Labour force total,536.09
2024-03-01,2024,3,Queensland,15-24,Participation rate,74.75
2024-03-01,2024,3,South Australia,15-24,Employed total,148.66
2024-03-01,2024,3,South Australia,15-24,Employment to population ratio,65.3
2024-03-01,2024,3,South Australia,15-24,Unemployed total,15.32
2024-03-01,2024,3,South Australia,15-24,Unemployment rate,9.34
2024-03-01,2024,3,South Australia,15-24,Labour force total,163.98
2024-03-01,2024,3,South Australia,15-24,Participation rate,72.03
2024-03-01,2024,3,Western Australia,15-24,Employed total,235.91
2024-03-01,2024,3,Western Australia,15-24,Employment to population ratio,64.38
2024-03-01,2024,3,Western Australia,15-24,Unemployed total,25.6
2024-03-01,2024,3,Western Australia,15-24,Unemployment rate,9.79
2024-03-01,2024,3,Western Australia,15-24,Labour force total,261.51
2024-03-01,2024,3,Western Australia,15-24,Participation rate,71.37
2024-03-01,2024,3,Tasmania,15-24,Employed total,39.55
2024-03-01,2024,3,Tasmania,15-24,Employment to population ratio,62.44
2024-03-01,2024,3,Tasmania,15-24,Unemployed total,3.86
2024-03-01,2024,3,Tasmania,15-24,Unemployment rate,8.9
2024-03-01,2024,3,Tasmania,15-24,Labour force total,43.41
2024-03-01,2024,3,Tasmania,15-24,Participation rate,68.54
2024-03-01,2024,3,Northern Territory,15-24,Employed total,20.36
2024-03-01,2024,3,Northern Territory,15-24,Employment to population ratio,61.17
2024-03-01,2024,3,Northern Territory,15-24,Unemployed total,2.07
2024-03-01,2024,3,Northern Territory,15-24,Unemployment rate,9.24
2024-03-01,2024,3,Northern Territory,15-24,Labour force total,22.44
2024-03-01,2024,3,Northern Territory,15-24,Participation rate,67.4
2024-03-01,2024,3,Australian Capital Territory,15-24,Employed total,46.06
2024-03-01,2024,3,Australian Capital Territory,15-24,Employment to population ratio,68.77
2024-03-01,2024,3,Australian Capital Territory,15-24,Unemployed total,3.83
2024-03-01,2024,3,Australian Capital Territory,15-24,Unemployment rate,7.68
2024-03-01,2024,3,Australian Capital Territory,15-24,Labour force total,49.89
2024-03-01,2024,3,Australian Capital Territory,15-24,Participation rate,74.49
2024-04-01,2024,4,Australia,15-24,Employed total,2187.93
2024-04-01,2024,4,Australia,15-24,Employment to population ratio,63.71
2024-04-01,2024,4,Australia,15-24,Unemployed total,241.03
2024-04-01,2024,4,Australia,15-24,Unemployment rate,9.92
2024-04-01,2024,4,Australia,15-24,Labour force total,2428.95
2024-04-01,2024,4,Australia,15-24,Participation rate,70.73
2024-04-01,2024,4,New South Wales,15-24,Employed total,663.72
2024-04-01,2024,4,New South Wales,15-24,Employment to population ratio,61.62
2024-04-01,2024,4,New South Wales,15-24,Unemployed total,71.01
2024-04-01,2024,4,New South Wales,15-24,Unemployment rate,9.66
2024-04-01,2024,4,New South Wales,15-24,Labour force total,734.73
2024-04-01,2024,4,New South Wales,15-24,Participation rate,68.22
2024-04-01,2024,4,Victoria,15-24,Employed total,534.67
2024-04-01,2024,4,Victoria,15-24,Employment to population ratio,60.7
2024-04-01,2024,4,Victoria,15-24,Unemployed total,63.01
2024-04-01,2024,4,Victoria,15-24,Unemployment rate,10.54
2024-04-01,2024,4,Victoria,15-24,Labour force total,597.68
2024-04-01,2024,4,Victoria,15-24,Participation rate,67.86
2024-04-01,2024,4,Queensland,15-24,Employed total,495.03
2024-04-01,2024,4,Queensland,15-24,Employment to population ratio,68.93
2024-04-01,2024,4,Queensland,15-24,Unemployed total,52.73
2024-04-01,2024,4,Queensland,15-24,Unemployment rate,9.63
2024-04-01,2024,4,Queensland,15-24,Labour force total,547.77
2024-04-01,2024,4,Queensland,15-24,Participation rate,76.27
2024-04-01,2024,4,South Australia,15-24,Employed total,150.78
2024-04-01,2024,4,South Australia,15-24,Employment to population ratio,66.25
2024-04-01,2024,4,South Australia,15-24,Unemployed total,16.48
2024-04-01,2024,4,South Australia,15-24,Unemployment rate,9.85
2024-04-01,2024,4,South Australia,15-24,Labour force total,167.26
2024-04-01,2024,4,South Australia,15-24,Participation rate,73.49
2024-04-01,2024,4,Western Australia,15-24,Employed total,238.55
2024-04-01,2024,4,Western Australia,15-24,Employment to population ratio,65.01
2024-04-01,2024,4,Western Australia,15-24,Unemployed total,26.91
2024-04-01,2024,4,Western Australia,15-24,Unemployment rate,10.14
2024-04-01,2024,4,Western Australia,15-24,Labour force total,265.46
2024-04-01,2024,4,Western Australia,15-24,Participation rate,72.34
2024-04-01,2024,4,Tasmania,15-24,Employed total,39.13
2024-04-01,2024,4,Tasmania,15-24,Employment to population ratio,61.81
2024-04-01,2024,4,Tasmania,15-24,Unemployed total,4.15
2024-04-01,2024,4,Tasmania,15-24,Unemployment rate,9.59
2024-04-01,2024,4,Tasmania,15-24,Labour force total,43.29
2024-04-01,2024,4,Tasmania,15-24,Participation rate,68.37
2024-04-01,2024,4,Northern Territory,15-24,Employed total,19.34
2024-04-01,2024,4,Northern Territory,15-24,Employment to population ratio,58.11
2024-04-01,2024,4,Northern Territory,15-24,Unemployed total,2.06
2024-04-01,2024,4,Northern Territory,15-24,Unemployment rate,9.63
2024-04-01,2024,4,Northern Territory,15-24,Labour force total,21.39
2024-04-01,2024,4,Northern Territory,15-24,Participation rate,64.3
2024-04-01,2024,4,Australian Capital Territory,15-24,Employed total,46.7
2024-04-01,2024,4,Australian Capital Territory,15-24,Employment to population ratio,69.76
2024-04-01,2024,4,Australian Capital Territory,15-24,Unemployed total,4.68
2024-04-01,2024,4,Australian Capital Territory,15-24,Unemployment rate,9.1
2024-04-01,2024,4,Australian Capital Territory,15-24,Labour force total,51.38
2024-04-01,2024,4,Australian Capital Territory,15-24,Participation rate,76.75
2024-05-01,2024,5,Australia,15-24,Employed total,2191.34
2024-05-01,2024,5,Australia,15-24,Employment to population ratio,63.79
2024-05-01,2024,5,Australia,15-24,Unemployed total,229.47
2024-05-01,2024,5,Australia,15-24,Unemployment rate,9.48
2024-05-01,2024,5,Australia,15-24,Labour force total,2420.81
2024-05-01,2024,5,Australia,15-24,Participation rate,70.47
2024-05-01,2024,5,New South Wales,15-24,Employed total,674.79
2024-05-01,2024,5,New South Wales,15-24,Employment to population ratio,62.68
2024-05-01,2024,5,New South Wales,15-24,Unemployed total,62.59
2024-05-01,2024,5,New South Wales,15-24,Unemployment rate,8.49
2024-05-01,2024,5,New South Wales,15-24,Labour force total,737.38
2024-05-01,2024,5,New South Wales,15-24,Participation rate,68.49
2024-05-01,2024,5,Victoria,15-24,Employed total,540.72
2024-05-01,2024,5,Victoria,15-24,Employment to population ratio,61.38
2024-05-01,2024,5,Victoria,15-24,Unemployed total,66.76
2024-05-01,2024,5,Victoria,15-24,Unemployment rate,10.99
2024-05-01,2024,5,Victoria,15-24,Labour force total,607.48
2024-05-01,2024,5,Victoria,15-24,Participation rate,68.96
2024-05-01,2024,5,Queensland,15-24,Employed total,485.08
2024-05-01,2024,5,Queensland,15-24,Employment to population ratio,67.44
2024-05-01,2024,5,Queensland,15-24,Unemployed total,48.82
2024-05-01,2024,5,Queensland,15-24,Unemployment rate,9.14
2024-05-01,2024,5,Queensland,15-24,Labour force total,533.9
2024-05-01,2024,5,Queensland,15-24,Participation rate,74.23
2024-05-01,2024,5,South Australia,15-24,Employed total,143.71
2024-05-01,2024,5,South Australia,15-24,Employment to population ratio,63.16
2024-05-01,2024,5,South Australia,15-24,Unemployed total,16.45
2024-05-01,2024,5,South Australia,15-24,Unemployment rate,10.27
2024-05-01,2024,5,South Australia,15-24,Labour force total,160.16
2024-05-01,2024,5,South Australia,15-24,Participation rate,70.4
2024-05-01,2024,5,Western Australia,15-24,Employed total,238.74
2024-05-01,2024,5,Western Australia,15-24,Employment to population ratio,64.97
2024-05-01,2024,5,Western Australia,15-24,Unemployed total,23.12
2024-05-01,2024,5,Western Australia,15-24,Unemployment rate,8.83
2024-05-01,2024,5,Western Australia,15-24,Labour force total,261.86
2024-05-01,2024,5,Western Australia,15-24,Participation rate,71.27
2024-05-01,2024,5,Tasmania,15-24,Employed total,41.0
2024-05-01,2024,5,Tasmania,15-24,Employment to population ratio,64.77
2024-05-01,2024,5,Tasmania,15-24,Unemployed total,4.94
2024-05-01,2024,5,Tasmania,15-24,Unemployment rate,10.76
2024-05-01,2024,5,Tasmania,15-24,Labour force total,45.94
2024-05-01,2024,5,Tasmania,15-24,Participation rate,72.58
2024-05-01,2024,5,Northern Territory,15-24,Employed total,19.96
2024-05-01,2024,5,Northern Territory,15-24,Employment to population ratio,60.04
2024-05-01,2024,5,Northern Territory,15-24,Unemployed total,1.78
2024-05-01,2024,5,Northern Territory,15-24,Unemployment rate,8.2
2024-05-01,2024,5,Northern Territory,15-24,Labour force total,21.75
2024-05-01,2024,5,Northern Territory,15-24,Participation rate,65.4
2024-05-01,2024,5,Australian Capital Territory,15-24,Employed total,47.34
2024-05-01,2024,5,Australian Capital Territory,15-24,Employment to population ratio,70.74
2024-05-01,2024,5,Australian Capital Territory,15-24,Unemployed total,4.99
2024-05-01,2024,5,Australian Capital Territory,15-24,Unemployment rate,9.54
2024-05-01,2024,5,Australian Capital Territory,15-24,Labour force total,52.33
2024-05-01,2024,5,Australian Capital Territory,15-24,Participation rate,78.2
2024-06-01,2024,6,Australia,15-24,Employed total,2197.91
2024-06-01,2024,6,Australia,15-24,Employment to population ratio,63.96
2024-06-01,2024,6,Australia,15-24,Unemployed total,214.66
2024-06-01,2024,6,Australia,15-24,Unemployment rate,8.9
2024-06-01,2024,6,Australia,15-24,Labour force total,2412.56
2024-06-01,2024,6,Australia,15-24,Participation rate,70.21
2024-06-01,2024,6,New South Wales,15-24,Employed total,679.01
2024-06-01,2024,6,New South Wales,15-24,Employment to population ratio,63.1
2024-06-01,2024,6,New South Wales,15-24,Unemployed total,60.97
2024-06-01,2024,6,New South Wales,15-24,Unemployment rate,8.24
2024-06-01,2024,6,New South Wales,15-24,Labour force total,739.98
2024-06-01,2024,6,New South Wales,15-24,Participation rate,68.77
2024-06-01,2024,6,Victoria,15-24,Employed total,537.93
2024-06-01,2024,6,Victoria,15-24,Employment to population ratio,61.06
2024-06-01,2024,6,Victoria,15-24,Unemployed total,60.0
2024-06-01,2024,6,Victoria,15-24,Unemployment rate,10.04
2024-06-01,2024,6,Victoria,15-24,Labour force total,597.93
2024-06-01,2024,6,Victoria,15-24,Participation rate,67.87
2024-06-01,2024,6,Queensland,15-24,Employed total,491.25
2024-06-01,2024,6,Queensland,15-24,Employment to population ratio,68.2
2024-06-01,2024,6,Queensland,15-24,Unemployed total,43.64
2024-06-01,2024,6,Queensland,15-24,Unemployment rate,8.16
2024-06-01,2024,6,Queensland,15-24,Labour force total,534.9
2024-06-01,2024,6,Queensland,15-24,Participation rate,74.26
2024-06-01,2024,6,South Australia,15-24,Employed total,148.55
2024-06-01,2024,6,South Australia,15-24,Employment to population ratio,65.3
2024-06-01,2024,6,South Australia,15-24,Unemployed total,14.14
2024-06-01,2024,6,South Australia,15-24,Unemployment rate,8.69
2024-06-01,2024,6,South Australia,15-24,Labour force total,162.69
2024-06-01,2024,6,South Australia,15-24,Participation rate,71.52
2024-06-01,2024,6,Western Australia,15-24,Employed total,232.53
2024-06-01,2024,6,Western Australia,15-24,Employment to population ratio,63.2
2024-06-01,2024,6,Western Australia,15-24,Unemployed total,26.27
2024-06-01,2024,6,Western Australia,15-24,Unemployment rate,10.15
2024-06-01,2024,6,Western Australia,15-24,Labour force total,258.8
2024-06-01,2024,6,Western Australia,15-24,Participation rate,70.34
2024-06-01,2024,6,Tasmania,15-24,Employed total,40.55
2024-06-01,2024,6,Tasmania,15-24,Employment to population ratio,64.09
2024-06-01,2024,6,Tasmania,15-24,Unemployed total,4.01
2024-06-01,2024,6,Tasmania,15-24,Unemployment rate,9.0
2024-06-01,2024,6,Tasmania,15-24,Labour force total,44.56
2024-06-01,2024,6,Tasmania,15-24,Participation rate,70.43
2024-06-01,2024,6,Northern Territory,15-24,Employed total,19.75
2024-06-01,2024,6,Northern Territory,15-24,Employment to population ratio,59.41
2024-06-01,2024,6,Northern Territory,15-24,Unemployed total,2.44
2024-06-01,2024,6,Northern Territory,15-24,Unemployment rate,11.01
2024-06-01,2024,6,Northern Territory,15-24,Labour force total,22.19
2024-06-01,2024,6,Northern Territory,15-24,Participation rate,66.76
2024-06-01,2024,6,Australian Capital Territory,15-24,Employed total,48.34
2024-06-01,2024,6,Australian Capital Territory,15-24,Employment to population ratio,72.26
2024-06-01,2024,6,Australian Capital Territory,15-24,Unemployed total,3.17
2024-06-01,2024,6,Australian Capital Territory,15-24,Unemployment rate,6.16
2024-06-01,2024,6,Australian Capital Territory,15-24,Labour force total,51.51
2024-06-01,2024,6,Australian Capital Territory,15-24,Participation rate,77.0
2024-07-01,2024,7,Australia,15-24,Employed total,2182.36
2024-07-01,2024,7,Australia,15-24,Employment to population ratio,63.36
2024-07-01,2024,7,Australia,15-24,Unemployed total,226.99
2024-07-01,2024,7,Australia,15-24,Unemployment rate,9.42
2024-07-01,2024,7,Australia,15-24,Labour force total,2409.35
2024-07-01,2024,7,Australia,15-24,Participation rate,69.95
2024-07-01,2024,7,New South Wales,15-24,Employed total,685.93
2024-07-01,2024,7,New South Wales,15-24,Employment to population ratio,63.59
2024-07-01,2024,7,New South Wales,15-24,Unemployed total,63.37
2024-07-01,2024,7,New South Wales,15-24,Unemployment rate,8.46
2024-07-01,2024,7,New South Wales,15-24,Labour force total,749.3
2024-07-01,2024,7,New South Wales,15-24,Participation rate,69.46
2024-07-01,2024,7,Victoria,15-24,Employed total,540.27
2024-07-01,2024,7,Victoria,15-24,Employment to population ratio,61.17
2024-07-01,2024,7,Victoria,15-24,Unemployed total,56.29
2024-07-01,2024,7,Victoria,15-24,Unemployment rate,9.44
2024-07-01,2024,7,Victoria,15-24,Labour force total,596.56
2024-07-01,2024,7,Victoria,15-24,Participation rate,67.54
2024-07-01,2024,7,Queensland,15-24,Employed total,473.02
2024-07-01,2024,7,Queensland,15-24,Employment to population ratio,65.51
2024-07-01,2024,7,Queensland,15-24,Unemployed total,53.82
2024-07-01,2024,7,Queensland,15-24,Unemployment rate,10.22
2024-07-01,2024,7,Queensland,15-24,Labour force total,526.83
2024-07-01,2024,7,Queensland,15-24,Participation rate,72.97
2024-07-01,2024,7,South Australia,15-24,Employed total,142.5
2024-07-01,2024,7,South Australia,15-24,Employment to population ratio,62.55
2024-07-01,2024,7,South Australia,15-24,Unemployed total,17.54
2024-07-01,2024,7,South Australia,15-24,Unemployment rate,10.96
2024-07-01,2024,7,South Australia,15-24,Labour force total,160.05
2024-07-01,2024,7,South Australia,15-24,Participation rate,70.25
2024-07-01,2024,7,Western Australia,15-24,Employed total,238.26
2024-07-01,2024,7,Western Australia,15-24,Employment to population ratio,64.55
2024-07-01,2024,7,Western Australia,15-24,Unemployed total,24.21
2024-07-01,2024,7,Western Australia,15-24,Unemployment rate,9.22
2024-07-01,2024,7,Western Australia,15-24,Labour force total,262.48
2024-07-01,2024,7,Western Australia,15-24,Participation rate,71.11
2024-07-01,2024,7,Tasmania,15-24,Employed total,36.6
2024-07-01,2024,7,Tasmania,15-24,Employment to population ratio,57.82
2024-07-01,2024,7,Tasmania,15-24,Unemployed total,4.95
2024-07-01,2024,7,Tasmania,15-24,Unemployment rate,11.92
2024-07-01,2024,7,Tasmania,15-24,Labour force total,41.55
2024-07-01,2024,7,Tasmania,15-24,Participation rate,65.64
2024-07-01,2024,7,Northern Territory,15-24,Employed total,20.63
2024-07-01,2024,7,Northern Territory,15-24,Employment to population ratio,62.0
2024-07-01,2024,7,Northern Territory,15-24,Unemployed total,2.0
2024-07-01,2024,7,Northern Territory,15-24,Unemployment rate,8.85
2024-07-01,2024,7,Northern Territory,15-24,Labour force total,22.64
2024-07-01,2024,7,Northern Territory,15-24,Participation rate,68.02
2024-07-01,2024,7,Australian Capital Territory,15-24,Employed total,45.14
2024-07-01,2024,7,Australian Capital Territory,15-24,Employment to population ratio,67.38
2024-07-01,2024,7,Australian Capital Territory,15-24,Unemployed total,4.8
2024-07-01,2024,7,Australian Capital Territory,15-24,Unemployment rate,9.61
2024-07-01,2024,7,Australian Capital Territory,15-24,Labour force total,49.94
2024-07-01,2024,7,Australian Capital Territory,15-24,Participation rate,74.54
2024-08-01,2024,8,Australia,15-24,Employed total,2157.74
2024-08-01,2024,8,Australia,15-24,Employment to population ratio,62.49
2024-08-01,2024,8,Australia,15-24,Unemployed total,233.8
2024-08-01,2024,8,Australia,15-24,Unemployment rate,9.78
2024-08-01,2024,8,Australia,15-24,Labour force total,2391.55
2024-08-01,2024,8,Australia,15-24,Participation rate,69.27
2024-08-01,2024,8,New South Wales,15-24,Employed total,660.55
2024-08-01,2024,8,New South Wales,15-24,Employment to population ratio,61.09
2024-08-01,2024,8,New South Wales,15-24,Unemployed total,67.82
2024-08-01,2024,8,New South Wales,15-24,Unemployment rate,9.31
2024-08-01,2024,8,New South Wales,15-24,Labour force total,728.37
2024-08-01,2024,8,New South Wales,15-24,Participation rate,67.36
2024-08-01,2024,8,Victoria,15-24,Employed total,533.24
2024-08-01,2024,8,Victoria,15-24,Employment to population ratio,60.22
2024-08-01,2024,8,Victoria,15-24,Unemployed total,65.09
2024-08-01,2024,8,Victoria,15-24,Unemployment rate,10.88
2024-08-01,2024,8,Victoria,15-24,Labour force total,598.32
2024-08-01,2024,8,Victoria,15-24,Participation rate,67.58
2024-08-01,2024,8,Queensland,15-24,Employed total,475.79
2024-08-01,2024,8,Queensland,15-24,Employment to population ratio,65.74
2024-08-01,2024,8,Queensland,15-24,Unemployed total,48.52
2024-08-01,2024,8,Queensland,15-24,Unemployment rate,9.25
2024-08-01,2024,8,Queensland,15-24,Labour force total,524.31
2024-08-01,2024,8,Queensland,15-24,Participation rate,72.45
2024-08-01,2024,8,South Australia,15-24,Employed total,148.14
2024-08-01,2024,8,South Australia,15-24,Employment to population ratio,64.91
2024-08-01,2024,8,South Australia,15-24,Unemployed total,12.81
2024-08-01,2024,8,South Australia,15-24,Unemployment rate,7.96
2024-08-01,2024,8,South Australia,15-24,Labour force total,160.94
2024-08-01,2024,8,South Australia,15-24,Participation rate,70.52
2024-08-01,2024,8,Western Australia,15-24,Employed total,235.91
2024-08-01,2024,8,Western Australia,15-24,Employment to population ratio,63.71
2024-08-01,2024,8,Western Australia,15-24,Unemployed total,28.04
2024-08-01,2024,8,Western Australia,15-24,Unemployment rate,10.62
2024-08-01,2024,8,Western Australia,15-24,Labour force total,263.95
2024-08-01,2024,8,Western Australia,15-24,Participation rate,71.29
2024-08-01,2024,8,Tasmania,15-24,Employed total,38.25
2024-08-01,2024,8,Tasmania,15-24,Employment to population ratio,60.39
2024-08-01,2024,8,Tasmania,15-24,Unemployed total,5.38
2024-08-01,2024,8,Tasmania,15-24,Unemployment rate,12.34
2024-08-01,2024,8,Tasmania,15-24,Labour force total,43.63
2024-08-01,2024,8,Tasmania,15-24,Participation rate,68.88
2024-08-01,2024,8,Northern Territory,15-24,Employed total,20.14
2024-08-01,2024,8,Northern Territory,15-24,Employment to population ratio,60.47
2024-08-01,2024,8,Northern Territory,15-24,Unemployed total,2.18
2024-08-01,2024,8,Northern Territory,15-24,Unemployment rate,9.78
2024-08-01,2024,8,Northern Territory,15-24,Labour force total,22.33
2024-08-01,2024,8,Northern Territory,15-24,Participation rate,67.02
2024-08-01,2024,8,Australian Capital Territory,15-24,Employed total,45.72
2024-08-01,2024,8,Australian Capital Territory,15-24,Employment to population ratio,68.14
2024-08-01,2024,8,Australian Capital Territory,15-24,Unemployed total,3.97
2024-08-01,2024,8,Australian Capital Territory,15-24,Unemployment rate,7.99
2024-08-01,2024,8,Australian Capital Territory,15-24,Labour force total,49.69
2024-08-01,2024,8,Australian Capital Territory,15-24,Participation rate,74.06
2024-09-01,2024,9,Australia,15-24,Employed total,2201.06
2024-09-01,2024,9,Australia,15-24,Employment to population ratio,63.6
2024-09-01,2024,9,Australia,15-24,Unemployed total,210.11
2024-09-01,2024,9,Australia,15-24,Unemployment rate,8.71
2024-09-01,2024,9,Australia,15-24,Labour force total,2411.17
2024-09-01,2024,9,Australia,15-24,Participation rate,69.67
2024-09-01,2024,9,New South Wales,15-24,Employed total,680.6
2024-09-01,2024,9,New South Wales,15-24,Employment to population ratio,62.79
2024-09-01,2024,9,New South Wales,15-24,Unemployed total,53.45
2024-09-01,2024,9,New South Wales,15-24,Unemployment rate,7.28
2024-09-01,2024,9,New South Wales,15-24,Labour force total,734.05
2024-09-01,2024,9,New South Wales,15-24,Participation rate,67.72
2024-09-01,2024,9,Victoria,15-24,Employed total,543.05
2024-09-01,2024,9,Victoria,15-24,Employment to population ratio,61.18
2024-09-01,2024,9,Victoria,15-24,Unemployed total,67.89
2024-09-01,2024,9,Victoria,15-24,Unemployment rate,11.11
2024-09-01,2024,9,Victoria,15-24,Labour force total,610.94
2024-09-01,2024,9,Victoria,15-24,Participation rate,68.83
2024-09-01,2024,9,Queensland,15-24,Employed total,481.5
2024-09-01,2024,9,Queensland,15-24,Employment to population ratio,66.38
2024-09-01,2024,9,Queensland,15-24,Unemployed total,42.33
2024-09-01,2024,9,Queensland,15-24,Unemployment rate,8.08
2024-09-01,2024,9,Queensland,15-24,Labour force total,523.83
2024-09-01,2024,9,Queensland,15-24,Participation rate,72.21
2024-09-01,2024,9,South Australia,15-24,Employed total,144.57
2024-09-01,2024,9,South Australia,15-24,Employment to population ratio,63.25
2024-09-01,2024,9,South Australia,15-24,Unemployed total,15.57
2024-09-01,2024,9,South Australia,15-24,Unemployment rate,9.72
2024-09-01,2024,9,South Australia,15-24,Labour force total,160.14
2024-09-01,2024,9,South Australia,15-24,Participation rate,70.06
2024-09-01,2024,9,Western Australia,15-24,Employed total,243.72
2024-09-01,2024,9,Western Australia,15-24,Employment to population ratio,65.62
2024-09-01,2024,9,Western Australia,15-24,Unemployed total,20.98
2024-09-01,2024,9,Western Australia,15-24,Unemployment rate,7.93
2024-09-01,2024,9,Western Australia,15-24,Labour force total,264.7
2024-09-01,2024,9,Western Australia,15-24,Participation rate,71.27
2024-09-01,2024,9,Tasmania,15-24,Employed total,39.87
2024-09-01,2024,9,Tasmania,15-24,Employment to population ratio,62.9
2024-09-01,2024,9,Tasmania,15-24,Unemployed total,3.6
2024-09-01,2024,9,Tasmania,15-24,Unemployment rate,8.28
2024-09-01,2024,9,Tasmania,15-24,Labour force total,43.46
2024-09-01,2024,9,Tasmania,15-24,Participation rate,68.58
2024-09-01,2024,9,Northern Territory,15-24,Employed total,20.15
2024-09-01,2024,9,Northern Territory,15-24,Employment to population ratio,60.41
2024-09-01,2024,9,Northern Territory,15-24,Unemployed total,2.12
2024-09-01,2024,9,Northern Territory,15-24,Unemployment rate,9.51
2024-09-01,2024,9,Northern Territory,15-24,Labour force total,22.27
2024-09-01,2024,9,Northern Territory,15-24,Participation rate,66.76
2024-09-01,2024,9,Australian Capital Territory,15-24,Employed total,47.59
2024-09-01,2024,9,Australian Capital Territory,15-24,Employment to population ratio,70.82
2024-09-01,2024,9,Australian Capital Territory,15-24,Unemployed total,4.19
2024-09-01,2024,9,Australian Capital Territory,15-24,Unemployment rate,8.08
2024-09-01,2024,9,Australian Capital Territory,15-24,Labour force total,51.78
2024-09-01,2024,9,Australian Capital Territory,15-24,Participation rate,77.05
2024-10-01,2024,10,Australia,15-24,Employed total,2210.48
2024-10-01,2024,10,Australia,15-24,Employment to population ratio,63.85
2024-10-01,2024,10,Australia,15-24,Unemployed total,208.67
2024-10-01,2024,10,Australia,15-24,Unemployment rate,8.63
2024-10-01,2024,10,Australia,15-24,Labour force total,2419.15
2024-10-01,2024,10,Australia,15-24,Participation rate,69.88
2024-10-01,2024,10,New South Wales,15-24,Employed total,666.02
2024-10-01,2024,10,New South Wales,15-24,Employment to population ratio,61.48
2024-10-01,2024,10,New South Wales,15-24,Unemployed total,57.84
2024-10-01,2024,10,New South Wales,15-24,Unemployment rate,7.99
2024-10-01,2024,10,New South Wales,15-24,Labour force total,723.86
2024-10-01,2024,10,New South Wales,15-24,Participation rate,66.82
2024-10-01,2024,10,Victoria,15-24,Employed total,542.5
2024-10-01,2024,10,Victoria,15-24,Employment to population ratio,61.13
2024-10-01,2024,10,Victoria,15-24,Unemployed total,63.55
2024-10-01,2024,10,Victoria,15-24,Unemployment rate,10.49
2024-10-01,2024,10,Victoria,15-24,Labour force total,606.05
2024-10-01,2024,10,Victoria,15-24,Participation rate,68.29
2024-10-01,2024,10,Queensland,15-24,Employed total,501.07
2024-10-01,2024,10,Queensland,15-24,Employment to population ratio,68.97
2024-10-01,2024,10,Queensland,15-24,Unemployed total,41.4
2024-10-01,2024,10,Queensland,15-24,Unemployment rate,7.63
2024-10-01,2024,10,Queensland,15-24,Labour force total,542.47
2024-10-01,2024,10,Queensland,15-24,Participation rate,74.67
2024-10-01,2024,10,South Australia,15-24,Employed total,146.4
2024-10-01,2024,10,South Australia,15-24,Employment to population ratio,64.06
2024-10-01,2024,10,South Australia,15-24,Unemployed total,15.7
2024-10-01,2024,10,South Australia,15-24,Unemployment rate,9.69
2024-10-01,2024,10,South Australia,15-24,Labour force total,162.1
2024-10-01,2024,10,South Australia,15-24,Participation rate,70.93
2024-10-01,2024,10,Western Australia,15-24,Employed total,245.21
2024-10-01,2024,10,Western Australia,15-24,Employment to population ratio,65.91
2024-10-01,2024,10,Western Australia,15-24,Unemployed total,20.95
2024-10-01,2024,10,Western Australia,15-24,Unemployment rate,7.87
2024-10-01,2024,10,Western Australia,15-24,Labour force total,266.16
2024-10-01,2024,10,Western Australia,15-24,Participation rate,71.54
2024-10-01,2024,10,Tasmania,15-24,Employed total,40.2
2024-10-01,2024,10,Tasmania,15-24,Employment to population ratio,63.44
2024-10-01,2024,10,Tasmania,15-24,Unemployed total,3.58
2024-10-01,2024,10,Tasmania,15-24,Unemployment rate,8.18
2024-10-01,2024,10,Tasmania,15-24,Labour force total,43.79
2024-10-01,2024,10,Tasmania,15-24,Participation rate,69.09
2024-10-01,2024,10,Northern Territory,15-24,Employed total,21.59
2024-10-01,2024,10,Northern Territory,15-24,Employment to population ratio,64.6
2024-10-01,2024,10,Northern Territory,15-24,Unemployed total,1.71
2024-10-01,2024,10,Northern Territory,15-24,Unemployment rate,7.33
2024-10-01,2024,10,Northern Territory,15-24,Labour force total,23.29
2024-10-01,2024,10,Northern Territory,15-24,Participation rate,69.71
2024-10-01,2024,10,Australian Capital Territory,15-24,Employed total,47.5
2024-10-01,2024,10,Australian Capital Territory,15-24,Employment to population ratio,70.62
2024-10-01,2024,10,Australian Capital Territory,15-24,Unemployed total,3.94
2024-10-01,2024,10,Australian Capital Territory,15-24,Unemployment rate,7.66
2024-10-01,2024,10,Australian Capital Territory,15-24,Labour force total,51.43
2024-10-01,2024,10,Australian Capital Territory,15-24,Participation rate,76.48
2024-11-01,2024,11,Australia,15-24,Employed total,2229.78
2024-11-01,2024,11,Australia,15-24,Employment to population ratio,64.39
2024-11-01,2024,11,Australia,15-24,Unemployed total,193.06
2024-11-01,2024,11,Australia,15-24,Unemployment rate,7.97
2024-11-01,2024,11,Australia,15-24,Labour force total,2422.84
2024-11-01,2024,11,Australia,15-24,Participation rate,69.96
2024-11-01,2024,11,New South Wales,15-24,Employed total,682.38
2024-11-01,2024,11,New South Wales,15-24,Employment to population ratio,63.02
2024-11-01,2024,11,New South Wales,15-24,Unemployed total,60.81
2024-11-01,2024,11,New South Wales,15-24,Unemployment rate,8.18
2024-11-01,2024,11,New South Wales,15-24,Labour force total,743.19
2024-11-01,2024,11,New South Wales,15-24,Participation rate,68.64
2024-11-01,2024,11,Victoria,15-24,Employed total,537.17
2024-11-01,2024,11,Victoria,15-24,Employment to population ratio,60.53
2024-11-01,2024,11,Victoria,15-24,Unemployed total,58.0
2024-11-01,2024,11,Victoria,15-24,Unemployment rate,9.75
2024-11-01,2024,11,Victoria,15-24,Labour force total,595.17
2024-11-01,2024,11,Victoria,15-24,Participation rate,67.07
2024-11-01,2024,11,Queensland,15-24,Employed total,502.58
2024-11-01,2024,11,Queensland,15-24,Employment to population ratio,69.08
2024-11-01,2024,11,Queensland,15-24,Unemployed total,41.53
2024-11-01,2024,11,Queensland,15-24,Unemployment rate,7.63
2024-11-01,2024,11,Queensland,15-24,Labour force total,544.11
2024-11-01,2024,11,Queensland,15-24,Participation rate,74.79
2024-11-01,2024,11,South Australia,15-24,Employed total,144.03
2024-11-01,2024,11,South Australia,15-24,Employment to population ratio,63.03
2024-11-01,2024,11,South Australia,15-24,Unemployed total,13.15
2024-11-01,2024,11,South Australia,15-24,Unemployment rate,8.36
2024-11-01,2024,11,South Australia,15-24,Labour force total,157.18
2024-11-01,2024,11,South Australia,15-24,Participation rate,68.78
2024-11-01,2024,11,Western Australia,15-24,Employed total,254.35
2024-11-01,2024,11,Western Australia,15-24,Employment to population ratio,68.26
2024-11-01,2024,11,Western Australia,15-24,Unemployed total,11.54
2024-11-01,2024,11,Western Australia,15-24,Unemployment rate,4.34
2024-11-01,2024,11,Western Australia,15-24,Labour force total,265.89
2024-11-01,2024,11,Western Australia,15-24,Participation rate,71.35
2024-11-01,2024,11,Tasmania,15-24,Employed total,40.01
2024-11-01,2024,11,Tasmania,15-24,Employment to population ratio,63.14
2024-11-01,2024,11,Tasmania,15-24,Unemployed total,3.26
2024-11-01,2024,11,Tasmania,15-24,Unemployment rate,7.53
2024-11-01,2024,11,Tasmania,15-24,Labour force total,43.27
2024-11-01,2024,11,Tasmania,15-24,Participation rate,68.28
2024-11-01,2024,11,Northern Territory,15-24,Employed total,21.34
2024-11-01,2024,11,Northern Territory,15-24,Employment to population ratio,63.76
2024-11-01,2024,11,Northern Territory,15-24,Unemployed total,1.61
2024-11-01,2024,11,Northern Territory,15-24,Unemployment rate,7.02
2024-11-01,2024,11,Northern Territory,15-24,Labour force total,22.95
2024-11-01,2024,11,Northern Territory,15-24,Participation rate,68.57
2024-11-01,2024,11,Australian Capital Territory,15-24,Employed total,47.92
2024-11-01,2024,11,Australian Capital Territory,15-24,Employment to population ratio,71.2
2024-11-01,2024,11,Australian Capital Territory,15-24,Unemployed total,3.17
2024-11-01,2024,11,Australian Capital Territory,15-24,Unemployment rate,6.21
2024-11-01,2024,11,Australian Capital Territory,15-24,Labour force total,51.09
2024-11-01,2024,11,Australian Capital Territory,15-24,Participation rate,75.91
2024-12-01,2024,12,Australia,15-24,Employed total,2276.82
2024-12-01,2024,12,Australia,15-24,Employment to population ratio,65.73
2024-12-01,2024,12,Australia,15-24,Unemployed total,226.68
2024-12-01,2024,12,Australia,15-24,Unemployment rate,9.05
2024-12-01,2024,12,Australia,15-24,Labour force total,2503.5
2024-12-01,2024,12,Australia,15-24,Participation rate,72.27
2024-12-01,2024,12,New South Wales,15-24,Employed total,703.25
2024-12-01,2024,12,New South Wales,15-24,Employment to population ratio,64.99
2024-12-01,2024,12,New South Wales,15-24,Unemployed total,70.12
2024-12-01,2024,12,New South Wales,15-24,Unemployment rate,9.07
2024-12-01,2024,12,New South Wales,15-24,Labour force total,773.37
2024-12-01,2024,12,New South Wales,15-24,Participation rate,71.47
2024-12-01,2024,12,Victoria,15-24,Employed total,553.76
2024-12-01,2024,12,Victoria,15-24,Employment to population ratio,62.41
2024-12-01,2024,12,Victoria,15-24,Unemployed total,69.51
2024-12-01,2024,12,Victoria,15-24,Unemployment rate,11.15
2024-12-01,2024,12,Victoria,15-24,Labour force total,623.27
2024-12-01,2024,12,Victoria,15-24,Participation rate,70.24
2024-12-01,2024,12,Queensland,15-24,Employed total,505.35
2024-12-01,2024,12,Queensland,15-24,Employment to population ratio,69.36
2024-12-01,2024,12,Queensland,15-24,Unemployed total,42.45
2024-12-01,2024,12,Queensland,15-24,Unemployment rate,7.75
2024-12-01,2024,12,Queensland,15-24,Labour force total,547.79
2024-12-01,2024,12,Queensland,15-24,Participation rate,75.19
2024-12-01,2024,12,South Australia,15-24,Employed total,150.16
2024-12-01,2024,12,South Australia,15-24,Employment to population ratio,65.72
2024-12-01,2024,12,South Australia,15-24,Unemployed total,17.58
2024-12-01,2024,12,South Australia,15-24,Unemployment rate,10.48
2024-12-01,2024,12,South Australia,15-24,Labour force total,167.74
2024-12-01,2024,12,South Australia,15-24,Participation rate,73.41
2024-12-01,2024,12,Western Australia,15-24,Employed total,258.01
2024-12-01,2024,12,Western Australia,15-24,Employment to population ratio,69.13
2024-12-01,2024,12,Western Australia,15-24,Unemployed total,15.21
2024-12-01,2024,12,Western Australia,15-24,Unemployment rate,5.57
2024-12-01,2024,12,Western Australia,15-24,Labour force total,273.22
2024-12-01,2024,12,Western Australia,15-24,Participation rate,73.2
2024-12-01,2024,12,Tasmania,15-24,Employed total,39.74
2024-12-01,2024,12,Tasmania,15-24,Employment to population ratio,62.72
2024-12-01,2024,12,Tasmania,15-24,Unemployed total,5.18
2024-12-01,2024,12,Tasmania,15-24,Unemployment rate,11.53
2024-12-01,2024,12,Tasmania,15-24,Labour force total,44.91
2024-12-01,2024,12,Tasmania,15-24,Participation rate,70.89
2024-12-01,2024,12,Northern Territory,15-24,Employed total,19.74
2024-12-01,2024,12,Northern Territory,15-24,Employment to population ratio,58.89
2024-12-01,2024,12,Northern Territory,15-24,Unemployed total,2.5
2024-12-01,2024,12,Northern Territory,15-24,Unemployment rate,11.25
2024-12-01,2024,12,Northern Territory,15-24,Labour force total,22.25
2024-12-01,2024,12,Northern Territory,15-24,Participation rate,66.35
2024-12-01,2024,12,Australian Capital Territory,15-24,Employed total,46.81
2024-12-01,2024,12,Australian Capital Territory,15-24,Employment to population ratio,69.49
2024-12-01,2024,12,Australian Capital Territory,15-24,Unemployed total,4.14
2024-12-01,2024,12,Australian Capital Territory,15-24,Unemployment rate,8.12
2024-12-01,2024,12,Australian Capital Territory,15-24,Labour force total,50.94
2024-12-01,2024,12,Australian Capital Territory,15-24,Participation rate,75.63
2025-01-01,2025,1,Australia,15-24,Employed total,2235.15
2025-01-01,2025,1,Australia,15-24,Employment to population ratio,64.28
2025-01-01,2025,1,Australia,15-24,Unemployed total,249.39
2025-01-01,2025,1,Australia,15-24,Unemployment rate,10.04
2025-01-01,2025,1,Australia,15-24,Labour force total,2484.54
2025-01-01,2025,1,Australia,15-24,Participation rate,71.45
2025-01-01,2025,1,New South Wales,15-24,Employed total,690.3
2025-01-01,2025,1,New South Wales,15-24,Employment to population ratio,63.57
2025-01-01,2025,1,New South Wales,15-24,Unemployed total,73.28
2025-01-01,2025,1,New South Wales,15-24,Unemployment rate,9.6
2025-01-01,2025,1,New South Wales,15-24,Labour force total,763.58
2025-01-01,2025,1,New South Wales,15-24,Participation rate,70.32
2025-01-01,2025,1,Victoria,15-24,Employed total,552.27
2025-01-01,2025,1,Victoria,15-24,Employment to population ratio,61.94
2025-01-01,2025,1,Victoria,15-24,Unemployed total,73.52
2025-01-01,2025,1,Victoria,15-24,Unemployment rate,11.75
2025-01-01,2025,1,Victoria,15-24,Labour force total,625.79
2025-01-01,2025,1,Victoria,15-24,Participation rate,70.19
2025-01-01,2025,1,Queensland,15-24,Employed total,484.33
2025-01-01,2025,1,Queensland,15-24,Employment to population ratio,66.23
2025-01-01,2025,1,Queensland,15-24,Unemployed total,49.26
2025-01-01,2025,1,Queensland,15-24,Unemployment rate,9.23
2025-01-01,2025,1,Queensland,15-24,Labour force total,533.59
2025-01-01,2025,1,Queensland,15-24,Participation rate,72.96
2025-01-01,2025,1,South Australia,15-24,Employed total,150.37
2025-01-01,2025,1,South Australia,15-24,Employment to population ratio,65.6
2025-01-01,2025,1,South Australia,15-24,Unemployed total,18.77
2025-01-01,2025,1,South Australia,15-24,Unemployment rate,11.1
2025-01-01,2025,1,South Australia,15-24,Labour force total,169.15
2025-01-01,2025,1,South Australia,15-24,Participation rate,73.79
2025-01-01,2025,1,Western Australia,15-24,Employed total,251.46
2025-01-01,2025,1,Western Australia,15-24,Employment to population ratio,67.1
2025-01-01,2025,1,Western Australia,15-24,Unemployed total,23.2
2025-01-01,2025,1,Western Australia,15-24,Unemployment rate,8.45
2025-01-01,2025,1,Western Australia,15-24,Labour force total,274.66
2025-01-01,2025,1,Western Australia,15-24,Participation rate,73.29
2025-01-01,2025,1,Tasmania,15-24,Employed total,40.82
2025-01-01,2025,1,Tasmania,15-24,Employment to population ratio,64.37
2025-01-01,2025,1,Tasmania,15-24,Unemployed total,4.09
2025-01-01,2025,1,Tasmania,15-24,Unemployment rate,9.1
2025-01-01,2025,1,Tasmania,15-24,Labour force total,44.9
2025-01-01,2025,1,Tasmania,15-24,Participation rate,70.82
2025-01-01,2025,1,Northern Territory,15-24,Employed total,20.05
2025-01-01,2025,1,Northern Territory,15-24,Employment to population ratio,59.45
2025-01-01,2025,1,Northern Territory,15-24,Unemployed total,2.29
2025-01-01,2025,1,Northern Territory,15-24,Unemployment rate,10.26
2025-01-01,2025,1,Northern Territory,15-24,Labour force total,22.34
2025-01-01,2025,1,Northern Territory,15-24,Participation rate,66.25
2025-01-01,2025,1,Australian Capital Territory,15-24,Employed total,45.55
2025-01-01,2025,1,Australian Capital Territory,15-24,Employment to population ratio,67.48
2025-01-01,2025,1,Australian Capital Territory,15-24,Unemployed total,4.98
2025-01-01,2025,1,Australian Capital Territory,15-24,Unemployment rate,9.86
2025-01-01,2025,1,Australian Capital Territory,15-24,Labour force total,50.53
2025-01-01,2025,1,Australian Capital Territory,15-24,Participation rate,74.86
2025-02-01,2025,2,Australia,15-24,Employed total,2240.07
2025-02-01,2025,2,Australia,15-24,Employment to population ratio,64.17
2025-02-01,2025,2,Australia,15-24,Unemployed total,245.51
2025-02-01,2025,2,Australia,15-24,Unemployment rate,9.88
2025-02-01,2025,2,Australia,15-24,Labour force total,2485.58
2025-02-01,2025,2,Australia,15-24,Participation rate,71.2
2025-02-01,2025,2,New South Wales,15-24,Employed total,687.49
2025-02-01,2025,2,New South Wales,15-24,Employment to population ratio,63.1
2025-02-01,2025,2,New South Wales,15-24,Unemployed total,73.86
2025-02-01,2025,2,New South Wales,15-24,Unemployment rate,9.7
2025-02-01,2025,2,New South Wales,15-24,Labour force total,761.35
2025-02-01,2025,2,New South Wales,15-24,Participation rate,69.88
2025-02-01,2025,2,Victoria,15-24,Employed total,552.66
2025-02-01,2025,2,Victoria,15-24,Employment to population ratio,61.69
2025-02-01,2025,2,Victoria,15-24,Unemployed total,71.11
2025-02-01,2025,2,Victoria,15-24,Unemployment rate,11.4
2025-02-01,2025,2,Victoria,15-24,Labour force total,623.78
2025-02-01,2025,2,Victoria,15-24,Participation rate,69.63
2025-02-01,2025,2,Queensland,15-24,Employed total,487.86
2025-02-01,2025,2,Queensland,15-24,Employment to population ratio,66.45
2025-02-01,2025,2,Queensland,15-24,Unemployed total,52.22
2025-02-01,2025,2,Queensland,15-24,Unemployment rate,9.67
2025-02-01,2025,2,Queensland,15-24,Labour force total,540.08
2025-02-01,2025,2,Queensland,15-24,Participation rate,73.57
2025-02-01,2025,2,South Australia,15-24,Employed total,152.66
2025-02-01,2025,2,South Australia,15-24,Employment to population ratio,66.39
2025-02-01,2025,2,South Australia,15-24,Unemployed total,15.48
2025-02-01,2025,2,South Australia,15-24,Unemployment rate,9.21
2025-02-01,2025,2,South Australia,15-24,Labour force total,168.14
2025-02-01,2025,2,South Australia,15-24,Participation rate,73.12
2025-02-01,2025,2,Western Australia,15-24,Employed total,256.56
2025-02-01,2025,2,Western Australia,15-24,Employment to population ratio,68.18
2025-02-01,2025,2,Western Australia,15-24,Unemployed total,21.34
2025-02-01,2025,2,Western Australia,15-24,Unemployment rate,7.68
2025-02-01,2025,2,Western Australia,15-24,Labour force total,277.9
2025-02-01,2025,2,Western Australia,15-24,Participation rate,73.86
2025-02-01,2025,2,Tasmania,15-24,Employed total,38.77
2025-02-01,2025,2,Tasmania,15-24,Employment to population ratio,61.09
2025-02-01,2025,2,Tasmania,15-24,Unemployed total,4.28
2025-02-01,2025,2,Tasmania,15-24,Unemployment rate,9.93
2025-02-01,2025,2,Tasmania,15-24,Labour force total,43.04
2025-02-01,2025,2,Tasmania,15-24,Participation rate,67.83
2025-02-01,2025,2,Northern Territory,15-24,Employed total,19.87
2025-02-01,2025,2,Northern Territory,15-24,Employment to population ratio,58.58
2025-02-01,2025,2,Northern Territory,15-24,Unemployed total,2.85
2025-02-01,2025,2,Northern Territory,15-24,Unemployment rate,12.54
2025-02-01,2025,2,Northern Territory,15-24,Labour force total,22.72
2025-02-01,2025,2,Northern Territory,15-24,Participation rate,66.98
2025-02-01,2025,2,Australian Capital Territory,15-24,Employed total,44.19
2025-02-01,2025,2,Australian Capital Territory,15-24,Employment to population ratio,65.32
2025-02-01,2025,2,Australian Capital Territory,15-24,Unemployed total,4.37
2025-02-01,2025,2,Australian Capital Territory,15-24,Unemployment rate,8.99
2025-02-01,2025,2,Australian Capital Territory,15-24,Labour force total,48.56
2025-02-01,2025,2,Australian Capital Territory,15-24,Participation rate,71.77
2025-03-01,2025,3,Australia,15-24,Employed total,2246.53
2025-03-01,2025,3,Australia,15-24,Employment to population ratio,64.11
2025-03-01,2025,3,Australia,15-24,Unemployed total,241.04
2025-03-01,2025,3,Australia,15-24,Unemployment rate,9.69
2025-03-01,2025,3,Australia,15-24,Labour force total,2487.57
2025-03-01,2025,3,Australia,15-24,Participation rate,70.99
2025-03-01,2025,3,New South Wales,15-24,Employed total,692.37
2025-03-01,2025,3,New South Wales,15-24,Employment to population ratio,63.33
2025-03-01,2025,3,New South Wales,15-24,Unemployed total,70.56
2025-03-01,2025,3,New South Wales,15-24,Unemployment rate,9.25
2025-03-01,2025,3,New South Wales,15-24,Labour force total,762.93
2025-03-01,2025,3,New South Wales,15-24,Participation rate,69.78
2025-03-01,2025,3,Victoria,15-24,Employed total,556.95
2025-03-01,2025,3,Victoria,15-24,Employment to population ratio,61.87
2025-03-01,2025,3,Victoria,15-24,Unemployed total,66.77
2025-03-01,2025,3,Victoria,15-24,Unemployment rate,10.71
2025-03-01,2025,3,Victoria,15-24,Labour force total,623.71
2025-03-01,2025,3,Victoria,15-24,Participation rate,69.29
2025-03-01,2025,3,Queensland,15-24,Employed total,481.37
2025-03-01,2025,3,Queensland,15-24,Employment to population ratio,65.32
2025-03-01,2025,3,Queensland,15-24,Unemployed total,55.72
2025-03-01,2025,3,Queensland,15-24,Unemployment rate,10.37
2025-03-01,2025,3,Queensland,15-24,Labour force total,537.09
2025-03-01,2025,3,Queensland,15-24,Participation rate,72.88
2025-03-01,2025,3,South Australia,15-24,Employed total,153.34
2025-03-01,2025,3,South Australia,15-24,Employment to population ratio,66.47
2025-03-01,2025,3,South Australia,15-24,Unemployed total,15.28
2025-03-01,2025,3,South Australia,15-24,Unemployment rate,9.06
2025-03-01,2025,3,South Australia,15-24,Labour force total,168.62
2025-03-01,2025,3,South Australia,15-24,Participation rate,73.1
2025-03-01,2025,3,Western Australia,15-24,Employed total,252.14
2025-03-01,2025,3,Western Australia,15-24,Employment to population ratio,66.74
2025-03-01,2025,3,Western Australia,15-24,Unemployed total,22.89
2025-03-01,2025,3,Western Australia,15-24,Unemployment rate,8.32
2025-03-01,2025,3,Western Australia,15-24,Labour force total,275.03
2025-03-01,2025,3,Western Australia,15-24,Participation rate,72.8
2025-03-01,2025,3,Tasmania,15-24,Employed total,42.07
2025-03-01,2025,3,Tasmania,15-24,Employment to population ratio,66.24
2025-03-01,2025,3,Tasmania,15-24,Unemployed total,4.23
2025-03-01,2025,3,Tasmania,15-24,Unemployment rate,9.13
2025-03-01,2025,3,Tasmania,15-24,Labour force total,46.29
2025-03-01,2025,3,Tasmania,15-24,Participation rate,72.9
2025-03-01,2025,3,Northern Territory,15-24,Employed total,21.21
2025-03-01,2025,3,Northern Territory,15-24,Employment to population ratio,62.16
2025-03-01,2025,3,Northern Territory,15-24,Unemployed total,2.0
2025-03-01,2025,3,Northern Territory,15-24,Unemployment rate,8.62
2025-03-01,2025,3,Northern Territory,15-24,Labour force total,23.21
2025-03-01,2025,3,Northern Territory,15-24,Participation rate,68.03
2025-03-01,2025,3,Australian Capital Territory,15-24,Employed total,47.09
2025-03-01,2025,3,Australian Capital Territory,15-24,Employment to population ratio,69.45
2025-03-01,2025,3,Australian Capital Territory,15-24,Unemployed total,3.6
2025-03-01,2025,3,Australian Capital Territory,15-24,Unemployment rate,7.1
2025-03-01,2025,3,Australian Capital Territory,15-24,Labour force total,50.69
2025-03-01,2025,3,Australian Capital Territory,15-24,Participation rate,74.76
2025-04-01,2025,4,Australia,15-24,Employed total,2249.3
2025-04-01,2025,4,Australia,15-24,Employment to population ratio,64.19
2025-04-01,2025,4,Australia,15-24,Unemployed total,222.33
2025-04-01,2025,4,Australia,15-24,Unemployment rate,9.0
2025-04-01,2025,4,Australia,15-24,Labour force total,2471.63
2025-04-01,2025,4,Australia,15-24,Participation rate,70.53
2025-04-01,2025,4,New South Wales,15-24,Employed total,705.46
2025-04-01,2025,4,New South Wales,15-24,Employment to population ratio,64.57
2025-04-01,2025,4,New South Wales,15-24,Unemployed total,55.36
2025-04-01,2025,4,New South Wales,15-24,Unemployment rate,7.28
2025-04-01,2025,4,New South Wales,15-24,Labour force total,760.82
2025-04-01,2025,4,New South Wales,15-24,Participation rate,69.63
2025-04-01,2025,4,Victoria,15-24,Employed total,555.34
2025-04-01,2025,4,Victoria,15-24,Employment to population ratio,61.72
2025-04-01,2025,4,Victoria,15-24,Unemployed total,59.18
2025-04-01,2025,4,Victoria,15-24,Unemployment rate,9.63
2025-04-01,2025,4,Victoria,15-24,Labour force total,614.52
2025-04-01,2025,4,Victoria,15-24,Participation rate,68.3
2025-04-01,2025,4,Queensland,15-24,Employed total,488.22
2025-04-01,2025,4,Queensland,15-24,Employment to population ratio,66.19
2025-04-01,2025,4,Queensland,15-24,Unemployed total,54.04
2025-04-01,2025,4,Queensland,15-24,Unemployment rate,9.97
2025-04-01,2025,4,Queensland,15-24,Labour force total,542.26
2025-04-01,2025,4,Queensland,15-24,Participation rate,73.51
2025-04-01,2025,4,South Australia,15-24,Employed total,150.78
2025-04-01,2025,4,South Australia,15-24,Employment to population ratio,65.37
2025-04-01,2025,4,South Australia,15-24,Unemployed total,12.6
2025-04-01,2025,4,South Australia,15-24,Unemployment rate,7.71
2025-04-01,2025,4,South Australia,15-24,Labour force total,163.38
2025-04-01,2025,4,South Australia,15-24,Participation rate,70.84
2025-04-01,2025,4,Western Australia,15-24,Employed total,241.32
2025-04-01,2025,4,Western Australia,15-24,Employment to population ratio,63.84
2025-04-01,2025,4,Western Australia,15-24,Unemployed total,29.29
2025-04-01,2025,4,Western Australia,15-24,Unemployment rate,10.82
2025-04-01,2025,4,Western Australia,15-24,Labour force total,270.61
2025-04-01,2025,4,Western Australia,15-24,Participation rate,71.59
2025-04-01,2025,4,Tasmania,15-24,Employed total,41.51
2025-04-01,2025,4,Tasmania,15-24,Employment to population ratio,65.38
2025-04-01,2025,4,Tasmania,15-24,Unemployed total,4.6
2025-04-01,2025,4,Tasmania,15-24,Unemployment rate,9.97
2025-04-01,2025,4,Tasmania,15-24,Labour force total,46.1
2025-04-01,2025,4,Tasmania,15-24,Participation rate,72.62
2025-04-01,2025,4,Northern Territory,15-24,Employed total,20.6
2025-04-01,2025,4,Northern Territory,15-24,Employment to population ratio,60.37
2025-04-01,2025,4,Northern Territory,15-24,Unemployed total,2.28
2025-04-01,2025,4,Northern Territory,15-24,Unemployment rate,9.95
2025-04-01,2025,4,Northern Territory,15-24,Labour force total,22.88
2025-04-01,2025,4,Northern Territory,15-24,Participation rate,67.04
2025-04-01,2025,4,Australian Capital Territory,15-24,Employed total,46.06
2025-04-01,2025,4,Australian Capital Territory,15-24,Employment to population ratio,67.93
2025-04-01,2025,4,Australian Capital Territory,15-24,Unemployed total,4.98
2025-04-01,2025,4,Australian Capital Territory,15-24,Unemployment rate,9.76
2025-04-01,2025,4,Australian Capital Territory,15-24,Labour force total,51.05
2025-04-01,2025,4,Australian Capital Territory,15-24,Participation rate,75.28
2025-05-01,2025,5,Australia,15-24,Employed total,2249.81
2025-05-01,2025,5,Australia,15-24,Employment to population ratio,64.21
2025-05-01,2025,5,Australia,15-24,Unemployed total,229.84
2025-05-01,2025,5,Australia,15-24,Unemployment rate,9.27
2025-05-01,2025,5,Australia,15-24,Labour force total,2479.65
2025-05-01,2025,5,Australia,15-24,Participation rate,70.77
2025-05-01,2025,5,New South Wales,15-24,Employed total,691.97
2025-05-01,2025,5,New South Wales,15-24,Employment to population ratio,63.37
2025-05-01,2025,5,New South Wales,15-24,Unemployed total,69.07
2025-05-01,2025,5,New South Wales,15-24,Unemployment rate,9.08
2025-05-01,2025,5,New South Wales,15-24,Labour force total,761.04
2025-05-01,2025,5,New South Wales,15-24,Participation rate,69.7
2025-05-01,2025,5,Victoria,15-24,Employed total,554.92
2025-05-01,2025,5,Victoria,15-24,Employment to population ratio,61.7
2025-05-01,2025,5,Victoria,15-24,Unemployed total,61.75
2025-05-01,2025,5,Victoria,15-24,Unemployment rate,10.01
2025-05-01,2025,5,Victoria,15-24,Labour force total,616.67
2025-05-01,2025,5,Victoria,15-24,Participation rate,68.56
2025-05-01,2025,5,Queensland,15-24,Employed total,487.48
2025-05-01,2025,5,Queensland,15-24,Employment to population ratio,66.02
2025-05-01,2025,5,Queensland,15-24,Unemployed total,46.63
2025-05-01,2025,5,Queensland,15-24,Unemployment rate,8.73
2025-05-01,2025,5,Queensland,15-24,Labour force total,534.12
2025-05-01,2025,5,Queensland,15-24,Participation rate,72.33
2025-05-01,2025,5,South Australia,15-24,Employed total,153.53
2025-05-01,2025,5,South Australia,15-24,Employment to population ratio,66.58
2025-05-01,2025,5,South Australia,15-24,Unemployed total,15.17
2025-05-01,2025,5,South Australia,15-24,Unemployment rate,8.99
2025-05-01,2025,5,South Australia,15-24,Labour force total,168.7
2025-05-01,2025,5,South Australia,15-24,Participation rate,73.16
2025-05-01,2025,5,Western Australia,15-24,Employed total,255.15
2025-05-01,2025,5,Western Australia,15-24,Employment to population ratio,67.45
2025-05-01,2025,5,Western Australia,15-24,Unemployed total,25.51
2025-05-01,2025,5,Western Australia,15-24,Unemployment rate,9.09
2025-05-01,2025,5,Western Australia,15-24,Labour force total,280.66
2025-05-01,2025,5,Western Australia,15-24,Participation rate,74.19
2025-05-01,2025,5,Tasmania,15-24,Employed total,40.92
2025-05-01,2025,5,Tasmania,15-24,Employment to population ratio,64.47
2025-05-01,2025,5,Tasmania,15-24,Unemployed total,4.98
2025-05-01,2025,5,Tasmania,15-24,Unemployment rate,10.85
2025-05-01,2025,5,Tasmania,15-24,Labour force total,45.9
2025-05-01,2025,5,Tasmania,15-24,Participation rate,72.31
2025-05-01,2025,5,Northern Territory,15-24,Employed total,20.54
2025-05-01,2025,5,Northern Territory,15-24,Employment to population ratio,60.2
2025-05-01,2025,5,Northern Territory,15-24,Unemployed total,1.91
2025-05-01,2025,5,Northern Territory,15-24,Unemployment rate,8.52
2025-05-01,2025,5,Northern Territory,15-24,Labour force total,22.46
2025-05-01,2025,5,Northern Territory,15-24,Participation rate,65.81
2025-05-01,2025,5,Australian Capital Territory,15-24,Employed total,45.29
2025-05-01,2025,5,Australian Capital Territory,15-24,Employment to population ratio,66.79
2025-05-01,2025,5,Australian Capital Territory,15-24,Unemployed total,4.81
2025-05-01,2025,5,Australian Capital Territory,15-24,Unemployment rate,9.59
2025-05-01,2025,5,Australian Capital Territory,15-24,Labour force total,50.09
2025-05-01,2025,5,Australian Capital Territory,15-24,Participation rate,73.87
2025-06-01,2025,6,Australia,15-24,Employed total,2231.56
2025-06-01,2025,6,Australia,15-24,Employment to population ratio,63.69
2025-06-01,2025,6,Australia,15-24,Unemployed total,240.34
2025-06-01,2025,6,Australia,15-24,Unemployment rate,9.72
2025-06-01,2025,6,Australia,15-24,Labour force total,2471.91
2025-06-01,2025,6,Australia,15-24,Participation rate,70.55
2025-06-01,2025,6,New South Wales,15-24,Employed total,666.25
2025-06-01,2025,6,New South Wales,15-24,Employment to population ratio,61.06
2025-06-01,2025,6,New South Wales,15-24,Unemployed total,80.28
2025-06-01,2025,6,New South Wales,15-24,Unemployment rate,10.75
2025-06-01,2025,6,New South Wales,15-24,Labour force total,746.53
2025-06-01,2025,6,New South Wales,15-24,Participation rate,68.41
2025-06-01,2025,6,Victoria,15-24,Employed total,558.71
2025-06-01,2025,6,Victoria,15-24,Employment to population ratio,62.14
2025-06-01,2025,6,Victoria,15-24,Unemployed total,60.94
2025-06-01,2025,6,Victoria,15-24,Unemployment rate,9.83
2025-06-01,2025,6,Victoria,15-24,Labour force total,619.65
2025-06-01,2025,6,Victoria,15-24,Participation rate,68.92
2025-06-01,2025,6,Queensland,15-24,Employed total,499.66
2025-06-01,2025,6,Queensland,15-24,Employment to population ratio,67.6
2025-06-01,2025,6,Queensland,15-24,Unemployed total,46.56
2025-06-01,2025,6,Queensland,15-24,Unemployment rate,8.52
2025-06-01,2025,6,Queensland,15-24,Labour force total,546.22
2025-06-01,2025,6,Queensland,15-24,Participation rate,73.9
2025-06-01,2025,6,South Australia,15-24,Employed total,150.71
2025-06-01,2025,6,South Australia,15-24,Employment to population ratio,65.37
2025-06-01,2025,6,South Australia,15-24,Unemployed total,19.46
2025-06-01,2025,6,South Australia,15-24,Unemployment rate,11.44
2025-06-01,2025,6,South Australia,15-24,Labour force total,170.17
2025-06-01,2025,6,South Australia,15-24,Participation rate,73.81
2025-06-01,2025,6,Western Australia,15-24,Employed total,246.97
2025-06-01,2025,6,Western Australia,15-24,Employment to population ratio,65.25
2025-06-01,2025,6,Western Australia,15-24,Unemployed total,23.88
2025-06-01,2025,6,Western Australia,15-24,Unemployment rate,8.82
2025-06-01,2025,6,Western Australia,15-24,Labour force total,270.85
2025-06-01,2025,6,Western Australia,15-24,Participation rate,71.55
2025-06-01,2025,6,Tasmania,15-24,Employed total,41.95
2025-06-01,2025,6,Tasmania,15-24,Employment to population ratio,66.1
2025-06-01,2025,6,Tasmania,15-24,Unemployed total,3.41
2025-06-01,2025,6,Tasmania,15-24,Unemployment rate,7.52
2025-06-01,2025,6,Tasmania,15-24,Labour force total,45.36
2025-06-01,2025,6,Tasmania,15-24,Participation rate,71.48
2025-06-01,2025,6,Northern Territory,15-24,Employed total,19.86
2025-06-01,2025,6,Northern Territory,15-24,Employment to population ratio,58.2
2025-06-01,2025,6,Northern Territory,15-24,Unemployed total,1.93
2025-06-01,2025,6,Northern Territory,15-24,Unemployment rate,8.84
2025-06-01,2025,6,Northern Territory,15-24,Labour force total,21.79
2025-06-01,2025,6,Northern Territory,15-24,Participation rate,63.84
2025-06-01,2025,6,Australian Capital Territory,15-24,Employed total,47.45
2025-06-01,2025,6,Australian Capital Territory,15-24,Employment to population ratio,69.96
2025-06-01,2025,6,Australian Capital Territory,15-24,Unemployed total,3.89
2025-06-01,2025,6,Australian Capital Territory,15-24,Unemployment rate,7.58
2025-06-01,2025,6,Australian Capital Territory,15-24,Labour force total,51.34
2025-06-01,2025,6,Australian Capital Territory,15-24,Participation rate,75.7
2025-07-01,2025,7,Australia,15-24,Employed total,2254.07
2025-07-01,2025,7,Australia,15-24,Employment to population ratio,64.17
2025-07-01,2025,7,Australia,15-24,Unemployed total,235.62
2025-07-01,2025,7,Australia,15-24,Unemployment rate,9.46
2025-07-01,2025,7,Australia,15-24,Labour force total,2489.69
2025-07-01,2025,7,Australia,15-24,Participation rate,70.87
2025-07-01,2025,7,New South Wales,15-24,Employed total,690.18
2025-07-01,2025,7,New South Wales,15-24,Employment to population ratio,63.06
2025-07-01,2025,7,New South Wales,15-24,Unemployed total,69.77
2025-07-01,2025,7,New South Wales,15-24,Unemployment rate,9.18
2025-07-01,2025,7,New South Wales,15-24,Labour force total,759.95
2025-07-01,2025,7,New South Wales,15-24,Participation rate,69.43
2025-07-01,2025,7,Victoria,15-24,Employed total,554.58
2025-07-01,2025,7,Victoria,15-24,Employment to population ratio,61.54
2025-07-01,2025,7,Victoria,15-24,Unemployed total,59.64
2025-07-01,2025,7,Victoria,15-24,Unemployment rate,9.71
2025-07-01,2025,7,Victoria,15-24,Labour force total,614.23
2025-07-01,2025,7,Victoria,15-24,Participation rate,68.15
2025-07-01,2025,7,Queensland,15-24,Employed total,500.83
2025-07-01,2025,7,Queensland,15-24,Employment to population ratio,67.61
2025-07-01,2025,7,Queensland,15-24,Unemployed total,49.63
2025-07-01,2025,7,Queensland,15-24,Unemployment rate,9.02
2025-07-01,2025,7,Queensland,15-24,Labour force total,550.46
2025-07-01,2025,7,Queensland,15-24,Participation rate,74.31
2025-07-01,2025,7,South Australia,15-24,Employed total,152.1
2025-07-01,2025,7,South Australia,15-24,Employment to population ratio,65.83
2025-07-01,2025,7,South Australia,15-24,Unemployed total,16.89
2025-07-01,2025,7,South Australia,15-24,Unemployment rate,9.99
2025-07-01,2025,7,South Australia,15-24,Labour force total,168.99
2025-07-01,2025,7,South Australia,15-24,Participation rate,73.14
2025-07-01,2025,7,Western Australia,15-24,Employed total,248.46
2025-07-01,2025,7,Western Australia,15-24,Employment to population ratio,65.45
2025-07-01,2025,7,Western Australia,15-24,Unemployed total,27.58
2025-07-01,2025,7,Western Australia,15-24,Unemployment rate,9.99
2025-07-01,2025,7,Western Australia,15-24,Labour force total,276.04
2025-07-01,2025,7,Western Australia,15-24,Participation rate,72.71
2025-07-01,2025,7,Tasmania,15-24,Employed total,39.73
2025-07-01,2025,7,Tasmania,15-24,Employment to population ratio,62.53
2025-07-01,2025,7,Tasmania,15-24,Unemployed total,4.62
2025-07-01,2025,7,Tasmania,15-24,Unemployment rate,10.42
2025-07-01,2025,7,Tasmania,15-24,Labour force total,44.36
2025-07-01,2025,7,Tasmania,15-24,Participation rate,69.81
2025-07-01,2025,7,Northern Territory,15-24,Employed total,20.14
2025-07-01,2025,7,Northern Territory,15-24,Employment to population ratio,58.88
2025-07-01,2025,7,Northern Territory,15-24,Unemployed total,2.61
2025-07-01,2025,7,Northern Territory,15-24,Unemployment rate,11.48
2025-07-01,2025,7,Northern Territory,15-24,Labour force total,22.75
2025-07-01,2025,7,Northern Territory,15-24,Participation rate,66.52
2025-07-01,2025,7,Australian Capital Territory,15-24,Employed total,48.04
2025-07-01,2025,7,Australian Capital Territory,15-24,Employment to population ratio,70.72
2025-07-01,2025,7,Australian Capital Territory,15-24,Unemployed total,4.87
2025-07-01,2025,7,Australian Capital Territory,15-24,Unemployment rate,9.21
2025-07-01,2025,7,Australian Capital Territory,15-24,Labour force total,52.91
2025-07-01,2025,7,Australian Capital Territory,15-24,Participation rate,77.89
2025-08-01,2025,8,Australia,15-24,Employed total,2193.01
2025-08-01,2025,8,Australia,15-24,Employment to population ratio,62.27
2025-08-01,2025,8,Australia,15-24,Unemployed total,232.82
2025-08-01,2025,8,Australia,15-24,Unemployment rate,9.6
2025-08-01,2025,8,Australia,15-24,Labour force total,2425.83
2025-08-01,2025,8,Australia,15-24,Participation rate,68.88
2025-08-01,2025,8,New South Wales,15-24,Employed total,669.02
2025-08-01,2025,8,New South Wales,15-24,Employment to population ratio,60.95
2025-08-01,2025,8,New South Wales,15-24,Unemployed total,65.11
2025-08-01,2025,8,New South Wales,15-24,Unemployment rate,8.87
2025-08-01,2025,8,New South Wales,15-24,Labour force total,734.13
2025-08-01,2025,8,New South Wales,15-24,Participation rate,66.88
2025-08-01,2025,8,Victoria,15-24,Employed total,548.47
2025-08-01,2025,8,Victoria,15-24,Employment to population ratio,60.71
2025-08-01,2025,8,Victoria,15-24,Unemployed total,56.11
2025-08-01,2025,8,Victoria,15-24,Unemployment rate,9.28
2025-08-01,2025,8,Victoria,15-24,Labour force total,604.58
2025-08-01,2025,8,Victoria,15-24,Participation rate,66.92
2025-08-01,2025,8,Queensland,15-24,Employed total,472.49
2025-08-01,2025,8,Queensland,15-24,Employment to population ratio,63.65
2025-08-01,2025,8,Queensland,15-24,Unemployed total,57.7
2025-08-01,2025,8,Queensland,15-24,Unemployment rate,10.88
2025-08-01,2025,8,Queensland,15-24,Labour force total,530.2
2025-08-01,2025,8,Queensland,15-24,Participation rate,71.42
2025-08-01,2025,8,South Australia,15-24,Employed total,153.48
2025-08-01,2025,8,South Australia,15-24,Employment to population ratio,66.28
2025-08-01,2025,8,South Australia,15-24,Unemployed total,15.16
2025-08-01,2025,8,South Australia,15-24,Unemployment rate,8.99
2025-08-01,2025,8,South Australia,15-24,Labour force total,168.64
2025-08-01,2025,8,South Australia,15-24,Participation rate,72.83
2025-08-01,2025,8,Western Australia,15-24,Employed total,243.61
2025-08-01,2025,8,Western Australia,15-24,Employment to population ratio,63.98
2025-08-01,2025,8,Western Australia,15-24,Unemployed total,27.69
2025-08-01,2025,8,Western Australia,15-24,Unemployment rate,10.21
2025-08-01,2025,8,Western Australia,15-24,Labour force total,271.3
2025-08-01,2025,8,Western Australia,15-24,Participation rate,71.25
2025-08-01,2025,8,Tasmania,15-24,Employed total,40.62
2025-08-01,2025,8,Tasmania,15-24,Employment to population ratio,63.84
2025-08-01,2025,8,Tasmania,15-24,Unemployed total,3.84
2025-08-01,2025,8,Tasmania,15-24,Unemployment rate,8.64
2025-08-01,2025,8,Tasmania,15-24,Labour force total,44.46
2025-08-01,2025,8,Tasmania,15-24,Participation rate,69.87
2025-08-01,2025,8,Northern Territory,15-24,Employed total,20.6
2025-08-01,2025,8,Northern Territory,15-24,Employment to population ratio,60.12
2025-08-01,2025,8,Northern Territory,15-24,Unemployed total,2.68
2025-08-01,2025,8,Northern Territory,15-24,Unemployment rate,11.49
2025-08-01,2025,8,Northern Territory,15-24,Labour force total,23.28
2025-08-01,2025,8,Northern Territory,15-24,Participation rate,67.93
2025-08-01,2025,8,Australian Capital Territory,15-24,Employed total,44.71
2025-08-01,2025,8,Australian Capital Territory,15-24,Employment to population ratio,65.71
2025-08-01,2025,8,Australian Capital Territory,15-24,Unemployed total,4.52
2025-08-01,2025,8,Australian Capital Territory,15-24,Unemployment rate,9.19
2025-08-01,2025,8,Australian Capital Territory,15-24,Labour force total,49.24
2025-08-01,2025,8,Australian Capital Territory,15-24,Participation rate,72.36
2025-09-01,2025,9,Australia,15-24,Employed total,2229.46
2025-09-01,2025,9,Australia,15-24,Employment to population ratio,63.15
2025-09-01,2025,9,Australia,15-24,Unemployed total,254.39
2025-09-01,2025,9,Australia,15-24,Unemployment rate,10.24
2025-09-01,2025,9,Australia,15-24,Labour force total,2483.85
2025-09-01,2025,9,Australia,15-24,Participation rate,70.35
2025-09-01,2025,9,New South Wales,15-24,Employed total,671.99
2025-09-01,2025,9,New South Wales,15-24,Employment to population ratio,61.03
2025-09-01,2025,9,New South Wales,15-24,Unemployed total,74.28
2025-09-01,2025,9,New South Wales,15-24,Unemployment rate,9.95
2025-09-01,2025,9,New South Wales,15-24,Labour force total,746.27
2025-09-01,2025,9,New South Wales,15-24,Participation rate,67.78
2025-09-01,2025,9,Victoria,15-24,Employed total,547.4
2025-09-01,2025,9,Victoria,15-24,Employment to population ratio,60.45
2025-09-01,2025,9,Victoria,15-24,Unemployed total,70.29
2025-09-01,2025,9,Victoria,15-24,Unemployment rate,11.38
2025-09-01,2025,9,Victoria,15-24,Labour force total,617.7
2025-09-01,2025,9,Victoria,15-24,Participation rate,68.21
2025-09-01,2025,9,Queensland,15-24,Employed total,498.44
2025-09-01,2025,9,Queensland,15-24,Employment to population ratio,67.0
2025-09-01,2025,9,Queensland,15-24,Unemployed total,53.72
2025-09-01,2025,9,Queensland,15-24,Unemployment rate,9.73
2025-09-01,2025,9,Queensland,15-24,Labour force total,552.15
2025-09-01,2025,9,Queensland,15-24,Participation rate,74.22
2025-09-01,2025,9,South Australia,15-24,Employed total,158.43
2025-09-01,2025,9,South Australia,15-24,Employment to population ratio,68.27
2025-09-01,2025,9,South Australia,15-24,Unemployed total,16.37
2025-09-01,2025,9,South Australia,15-24,Unemployment rate,9.36
2025-09-01,2025,9,South Australia,15-24,Labour force total,174.8
2025-09-01,2025,9,South Australia,15-24,Participation rate,75.33
2025-09-01,2025,9,Western Australia,15-24,Employed total,244.79
2025-09-01,2025,9,Western Australia,15-24,Employment to population ratio,64.1
2025-09-01,2025,9,Western Australia,15-24,Unemployed total,27.44
2025-09-01,2025,9,Western Australia,15-24,Unemployment rate,10.08
2025-09-01,2025,9,Western Australia,15-24,Labour force total,272.23
2025-09-01,2025,9,Western Australia,15-24,Participation rate,71.28
2025-09-01,2025,9,Tasmania,15-24,Employed total,42.01
2025-09-01,2025,9,Tasmania,15-24,Employment to population ratio,65.94
2025-09-01,2025,9,Tasmania,15-24,Unemployed total,5.04
2025-09-01,2025,9,Tasmania,15-24,Unemployment rate,10.72
2025-09-01,2025,9,Tasmania,15-24,Labour force total,47.05
2025-09-01,2025,9,Tasmania,15-24,Participation rate,73.85
2025-09-01,2025,9,Northern Territory,15-24,Employed total,20.81
2025-09-01,2025,9,Northern Territory,15-24,Employment to population ratio,60.61
2025-09-01,2025,9,Northern Territory,15-24,Unemployed total,2.06
2025-09-01,2025,9,Northern Territory,15-24,Unemployment rate,8.99
2025-09-01,2025,9,Northern Territory,15-24,Labour force total,22.87
2025-09-01,2025,9,Northern Territory,15-24,Participation rate,66.6
2025-09-01,2025,9,Australian Capital Territory,15-24,Employed total,45.58
2025-09-01,2025,9,Australian Capital Territory,15-24,Employment to population ratio,66.88
2025-09-01,2025,9,Australian Capital Territory,15-24,Unemployed total,5.19
2025-09-01,2025,9,Australian Capital Territory,15-24,Unemployment rate,10.23
2025-09-01,2025,9,Australian Capital Territory,15-24,Labour force total,50.77
2025-09-01,2025,9,Australian Capital Territory,15-24,Participation rate,74.49
2025-10-01,2025,10,Australia,15-24,Employed total,2254.93
2025-10-01,2025,10,Australia,15-24,Employment to population ratio,63.85
2025-10-01,2025,10,Australia,15-24,Unemployed total,224.73
2025-10-01,2025,10,Australia,15-24,Unemployment rate,9.06
2025-10-01,2025,10,Australia,15-24,Labour force total,2479.66
2025-10-01,2025,10,Australia,15-24,Participation rate,70.22
2025-10-01,2025,10,New South Wales,15-24,Employed total,684.98
2025-10-01,2025,10,New South Wales,15-24,Employment to population ratio,62.22
2025-10-01,2025,10,New South Wales,15-24,Unemployed total,64.53
2025-10-01,2025,10,New South Wales,15-24,Unemployment rate,8.61
2025-10-01,2025,10,New South Wales,15-24,Labour force total,749.51
2025-10-01,2025,10,New South Wales,15-24,Participation rate,68.08
2025-10-01,2025,10,Victoria,15-24,Employed total,550.93
2025-10-01,2025,10,Victoria,15-24,Employment to population ratio,60.87
2025-10-01,2025,10,Victoria,15-24,Unemployed total,60.11
2025-10-01,2025,10,Victoria,15-24,Unemployment rate,9.84
2025-10-01,2025,10,Victoria,15-24,Labour force total,611.04
2025-10-01,2025,10,Victoria,15-24,Participation rate,67.51
2025-10-01,2025,10,Queensland,15-24,Employed total,500.21
2025-10-01,2025,10,Queensland,15-24,Employment to population ratio,67.18
2025-10-01,2025,10,Queensland,15-24,Unemployed total,49.48
2025-10-01,2025,10,Queensland,15-24,Unemployment rate,9.0
2025-10-01,2025,10,Queensland,15-24,Labour force total,549.69
2025-10-01,2025,10,Queensland,15-24,Participation rate,73.83
2025-10-01,2025,10,South Australia,15-24,Employed total,161.41
2025-10-01,2025,10,South Australia,15-24,Employment to population ratio,69.58
2025-10-01,2025,10,South Australia,15-24,Unemployed total,12.5
2025-10-01,2025,10,South Australia,15-24,Unemployment rate,7.19
2025-10-01,2025,10,South Australia,15-24,Labour force total,173.9
2025-10-01,2025,10,South Australia,15-24,Participation rate,74.97
2025-10-01,2025,10,Western Australia,15-24,Employed total,244.01
2025-10-01,2025,10,Western Australia,15-24,Employment to population ratio,63.81
2025-10-01,2025,10,Western Australia,15-24,Unemployed total,26.18
2025-10-01,2025,10,Western Australia,15-24,Unemployment rate,9.69
2025-10-01,2025,10,Western Australia,15-24,Labour force total,270.19
2025-10-01,2025,10,Western Australia,15-24,Participation rate,70.66
2025-10-01,2025,10,Tasmania,15-24,Employed total,41.75
2025-10-01,2025,10,Tasmania,15-24,Employment to population ratio,65.53
2025-10-01,2025,10,Tasmania,15-24,Unemployed total,4.15
2025-10-01,2025,10,Tasmania,15-24,Unemployment rate,9.03
2025-10-01,2025,10,Tasmania,15-24,Labour force total,45.9
2025-10-01,2025,10,Tasmania,15-24,Participation rate,72.04
2025-10-01,2025,10,Northern Territory,15-24,Employed total,22.01
2025-10-01,2025,10,Northern Territory,15-24,Employment to population ratio,64.1
2025-10-01,2025,10,Northern Territory,15-24,Unemployed total,2.62
2025-10-01,2025,10,Northern Territory,15-24,Unemployment rate,10.64
2025-10-01,2025,10,Northern Territory,15-24,Labour force total,24.63
2025-10-01,2025,10,Northern Territory,15-24,Participation rate,71.73
2025-10-01,2025,10,Australian Capital Territory,15-24,Employed total,49.64
2025-10-01,2025,10,Australian Capital Territory,15-24,Employment to population ratio,72.73
2025-10-01,2025,10,Australian Capital Territory,15-24,Unemployed total,5.17
2025-10-01,2025,10,Australian Capital Territory,15-24,Unemployment rate,9.43
2025-10-01,2025,10,Australian Capital Territory,15-24,Labour force total,54.81
2025-10-01,2025,10,Australian Capital Territory,15-24,Participation rate,80.3
2025-11-01,2025,11,Australia,15-24,Employed total,2251.29
2025-11-01,2025,11,Australia,15-24,Employment to population ratio,63.74
2025-11-01,2025,11,Australia,15-24,Unemployed total,233.68
2025-11-01,2025,11,Australia,15-24,Unemployment rate,9.4
2025-11-01,2025,11,Australia,15-24,Labour force total,2484.97
2025-11-01,2025,11,Australia,15-24,Participation rate,70.36
2025-11-01,2025,11,New South Wales,15-24,Employed total,679.36
2025-11-01,2025,11,New South Wales,15-24,Employment to population ratio,61.71
2025-11-01,2025,11,New South Wales,15-24,Unemployed total,64.46
2025-11-01,2025,11,New South Wales,15-24,Unemployment rate,8.67
2025-11-01,2025,11,New South Wales,15-24,Labour force total,743.82
2025-11-01,2025,11,New South Wales,15-24,Participation rate,67.56
2025-11-01,2025,11,Victoria,15-24,Employed total,549.13
2025-11-01,2025,11,Victoria,15-24,Employment to population ratio,60.69
2025-11-01,2025,11,Victoria,15-24,Unemployed total,70.44
2025-11-01,2025,11,Victoria,15-24,Unemployment rate,11.37
2025-11-01,2025,11,Victoria,15-24,Labour force total,619.57
2025-11-01,2025,11,Victoria,15-24,Participation rate,68.48
2025-11-01,2025,11,Queensland,15-24,Employed total,504.97
2025-11-01,2025,11,Queensland,15-24,Employment to population ratio,67.77
2025-11-01,2025,11,Queensland,15-24,Unemployed total,43.52
2025-11-01,2025,11,Queensland,15-24,Unemployment rate,7.93
2025-11-01,2025,11,Queensland,15-24,Labour force total,548.49
2025-11-01,2025,11,Queensland,15-24,Participation rate,73.6
2025-11-01,2025,11,South Australia,15-24,Employed total,157.09
2025-11-01,2025,11,South Australia,15-24,Employment to population ratio,67.74
2025-11-01,2025,11,South Australia,15-24,Unemployed total,13.0
2025-11-01,2025,11,South Australia,15-24,Unemployment rate,7.64
2025-11-01,2025,11,South Australia,15-24,Labour force total,170.08
2025-11-01,2025,11,South Australia,15-24,Participation rate,73.35
2025-11-01,2025,11,Western Australia,15-24,Employed total,248.14
2025-11-01,2025,11,Western Australia,15-24,Employment to population ratio,64.81
2025-11-01,2025,11,Western Australia,15-24,Unemployed total,32.58
2025-11-01,2025,11,Western Australia,15-24,Unemployment rate,11.61
2025-11-01,2025,11,Western Australia,15-24,Labour force total,280.73
2025-11-01,2025,11,Western Australia,15-24,Participation rate,73.32
2025-11-01,2025,11,Tasmania,15-24,Employed total,42.95
2025-11-01,2025,11,Tasmania,15-24,Employment to population ratio,67.42
2025-11-01,2025,11,Tasmania,15-24,Unemployed total,3.55
2025-11-01,2025,11,Tasmania,15-24,Unemployment rate,7.64
2025-11-01,2025,11,Tasmania,15-24,Labour force total,46.5
2025-11-01,2025,11,Tasmania,15-24,Participation rate,72.99
2025-11-01,2025,11,Northern Territory,15-24,Employed total,22.73
2025-11-01,2025,11,Northern Territory,15-24,Employment to population ratio,66.21
2025-11-01,2025,11,Northern Territory,15-24,Unemployed total,1.92
2025-11-01,2025,11,Northern Territory,15-24,Unemployment rate,7.78
2025-11-01,2025,11,Northern Territory,15-24,Labour force total,24.64
2025-11-01,2025,11,Northern Territory,15-24,Participation rate,71.79
2025-11-01,2025,11,Australian Capital Territory,15-24,Employed total,46.93
2025-11-01,2025,11,Australian Capital Territory,15-24,Employment to population ratio,68.65
2025-11-01,2025,11,Australian Capital Territory,15-24,Unemployed total,4.22
2025-11-01,2025,11,Australian Capital Territory,15-24,Unemployment rate,8.25
2025-11-01,2025,11,Australian Capital Territory,15-24,Labour force total,51.15
2025-11-01,2025,11,Australian Capital Territory,15-24,Participation rate,74.83
2025-12-01,2025,12,Australia,15-24,Employed total,2333.04
2025-12-01,2025,12,Australia,15-24,Employment to population ratio,66.04
2025-12-01,2025,12,Australia,15-24,Unemployed total,230.25
2025-12-01,2025,12,Australia,15-24,Unemployment rate,8.98
2025-12-01,2025,12,Australia,15-24,Labour force total,2563.29
2025-12-01,2025,12,Australia,15-24,Participation rate,72.56
2025-12-01,2025,12,New South Wales,15-24,Employed total,707.21
2025-12-01,2025,12,New South Wales,15-24,Employment to population ratio,64.24
2025-12-01,2025,12,New South Wales,15-24,Unemployed total,74.23
2025-12-01,2025,12,New South Wales,15-24,Unemployment rate,9.5
2025-12-01,2025,12,New South Wales,15-24,Labour force total,781.44
2025-12-01,2025,12,New South Wales,15-24,Participation rate,70.98
2025-12-01,2025,12,Victoria,15-24,Employed total,572.68
2025-12-01,2025,12,Victoria,15-24,Employment to population ratio,63.32
2025-12-01,2025,12,Victoria,15-24,Unemployed total,66.13
2025-12-01,2025,12,Victoria,15-24,Unemployment rate,10.35
2025-12-01,2025,12,Victoria,15-24,Labour force total,638.81
2025-12-01,2025,12,Victoria,15-24,Participation rate,70.63
2025-12-01,2025,12,Queensland,15-24,Employed total,510.81
2025-12-01,2025,12,Queensland,15-24,Employment to population ratio,68.49
2025-12-01,2025,12,Queensland,15-24,Unemployed total,44.96
2025-12-01,2025,12,Queensland,15-24,Unemployment rate,8.09
2025-12-01,2025,12,Queensland,15-24,Labour force total,555.77
2025-12-01,2025,12,Queensland,15-24,Participation rate,74.52
2025-12-01,2025,12,South Australia,15-24,Employed total,162.35
2025-12-01,2025,12,South Australia,15-24,Employment to population ratio,70.03
2025-12-01,2025,12,South Australia,15-24,Unemployed total,12.53
2025-12-01,2025,12,South Australia,15-24,Unemployment rate,7.17
2025-12-01,2025,12,South Australia,15-24,Labour force total,174.88
2025-12-01,2025,12,South Australia,15-24,Participation rate,75.44
2025-12-01,2025,12,Western Australia,15-24,Employed total,264.07
2025-12-01,2025,12,Western Australia,15-24,Employment to population ratio,68.88
2025-12-01,2025,12,Western Australia,15-24,Unemployed total,24.53
2025-12-01,2025,12,Western Australia,15-24,Unemployment rate,8.5
2025-12-01,2025,12,Western Australia,15-24,Labour force total,288.61
2025-12-01,2025,12,Western Australia,15-24,Participation rate,75.28
2025-12-01,2025,12,Tasmania,15-24,Employed total,43.25
2025-12-01,2025,12,Tasmania,15-24,Employment to population ratio,67.89
2025-12-01,2025,12,Tasmania,15-24,Unemployed total,3.76
2025-12-01,2025,12,Tasmania,15-24,Unemployment rate,8.0
2025-12-01,2025,12,Tasmania,15-24,Labour force total,47.01
2025-12-01,2025,12,Tasmania,15-24,Participation rate,73.79
2025-12-01,2025,12,Northern Territory,15-24,Employed total,23.19
2025-12-01,2025,12,Northern Territory,15-24,Employment to population ratio,67.56
2025-12-01,2025,12,Northern Territory,15-24,Unemployed total,1.44
2025-12-01,2025,12,Northern Territory,15-24,Unemployment rate,5.85
2025-12-01,2025,12,Northern Territory,15-24,Labour force total,24.63
2025-12-01,2025,12,Northern Territory,15-24,Participation rate,71.76
2025-12-01,2025,12,Australian Capital Territory,15-24,Employed total,49.49
2025-12-01,2025,12,Australian Capital Territory,15-24,Employment to population ratio,72.31
2025-12-01,2025,12,Australian Capital Territory,15-24,Unemployed total,2.66
2025-12-01,2025,12,Australian Capital Territory,15-24,Unemployment rate,5.1
2025-12-01,2025,12,Australian Capital Territory,15-24,Labour force total,52.15
2025-12-01,2025,12,Australian Capital Territory,15-24,Participation rate,76.19
2026-01-01,2026,1,Australia,15-24,Employed total,2281.28
2026-01-01,2026,1,Australia,15-24,Employment to population ratio,64.36
2026-01-01,2026,1,Australia,15-24,Unemployed total,267.64
2026-01-01,2026,1,Australia,15-24,Unemployment rate,10.5
2026-01-01,2026,1,Australia,15-24,Labour force total,2548.92
2026-01-01,2026,1,Australia,15-24,Participation rate,71.91
2026-01-01,2026,1,New South Wales,15-24,Employed total,677.66
2026-01-01,2026,1,New South Wales,15-24,Employment to population ratio,61.38
2026-01-01,2026,1,New South Wales,15-24,Unemployed total,85.69
2026-01-01,2026,1,New South Wales,15-24,Unemployment rate,11.22
2026-01-01,2026,1,New South Wales,15-24,Labour force total,763.35
2026-01-01,2026,1,New South Wales,15-24,Participation rate,69.14
2026-01-01,2026,1,Victoria,15-24,Employed total,566.49
2026-01-01,2026,1,Victoria,15-24,Employment to population ratio,62.37
2026-01-01,2026,1,Victoria,15-24,Unemployed total,66.39
2026-01-01,2026,1,Victoria,15-24,Unemployment rate,10.49
2026-01-01,2026,1,Victoria,15-24,Labour force total,632.89
2026-01-01,2026,1,Victoria,15-24,Participation rate,69.69
2026-01-01,2026,1,Queensland,15-24,Employed total,508.41
2026-01-01,2026,1,Queensland,15-24,Employment to population ratio,67.94
2026-01-01,2026,1,Queensland,15-24,Unemployed total,60.98
2026-01-01,2026,1,Queensland,15-24,Unemployment rate,10.71
2026-01-01,2026,1,Queensland,15-24,Labour force total,569.39
2026-01-01,2026,1,Queensland,15-24,Participation rate,76.09
2026-01-01,2026,1,South Australia,15-24,Employed total,158.69
2026-01-01,2026,1,South Australia,15-24,Employment to population ratio,68.26
2026-01-01,2026,1,South Australia,15-24,Unemployed total,16.41
2026-01-01,2026,1,South Australia,15-24,Unemployment rate,9.37
2026-01-01,2026,1,South Australia,15-24,Labour force total,175.1
2026-01-01,2026,1,South Australia,15-24,Participation rate,75.32
2026-01-01,2026,1,Western Australia,15-24,Employed total,260.64
2026-01-01,2026,1,Western Australia,15-24,Employment to population ratio,67.74
2026-01-01,2026,1,Western Australia,15-24,Unemployed total,24.23
2026-01-01,2026,1,Western Australia,15-24,Unemployment rate,8.5
2026-01-01,2026,1,Western Australia,15-24,Labour force total,284.86
2026-01-01,2026,1,Western Australia,15-24,Participation rate,74.04
2026-01-01,2026,1,Tasmania,15-24,Employed total,41.43
2026-01-01,2026,1,Tasmania,15-24,Employment to population ratio,64.96
2026-01-01,2026,1,Tasmania,15-24,Unemployed total,5.93
2026-01-01,2026,1,Tasmania,15-24,Unemployment rate,12.52
2026-01-01,2026,1,Tasmania,15-24,Labour force total,47.36
2026-01-01,2026,1,Tasmania,15-24,Participation rate,74.25
2026-01-01,2026,1,Northern Territory,15-24,Employed total,21.67
2026-01-01,2026,1,Northern Territory,15-24,Employment to population ratio,62.84
2026-01-01,2026,1,Northern Territory,15-24,Unemployed total,2.25
2026-01-01,2026,1,Northern Territory,15-24,Unemployment rate,9.42
2026-01-01,2026,1,Northern Territory,15-24,Labour force total,23.92
2026-01-01,2026,1,Northern Territory,15-24,Participation rate,69.37
2026-01-01,2026,1,Australian Capital Territory,15-24,Employed total,46.28
2026-01-01,2026,1,Australian Capital Territory,15-24,Employment to population ratio,67.49
2026-01-01,2026,1,Australian Capital Territory,15-24,Unemployed total,5.77
2026-01-01,2026,1,Australian Capital Territory,15-24,Unemployment rate,11.08
2026-01-01,2026,1,Australian Capital Territory,15-24,Labour force total,52.05
2026-01-01,2026,1,Australian Capital Territory,15-24,Participation rate,75.9
2026-02-01,2026,2,Australia,15-24,Employed total,2305.2
2026-02-01,2026,2,Australia,15-24,Employment to population ratio,64.81
2026-02-01,2026,2,Australia,15-24,Unemployed total,290.79
2026-02-01,2026,2,Australia,15-24,Unemployment rate,11.2
2026-02-01,2026,2,Australia,15-24,Labour force total,2595.98
2026-02-01,2026,2,Australia,15-24,Participation rate,72.99
2026-02-01,2026,2,New South Wales,15-24,Employed total,704.14
2026-02-01,2026,2,New South Wales,15-24,Employment to population ratio,63.59
2026-02-01,2026,2,New South Wales,15-24,Unemployed total,80.94
2026-02-01,2026,2,New South Wales,15-24,Unemployment rate,10.31
2026-02-01,2026,2,New South Wales,15-24,Labour force total,785.08
2026-02-01,2026,2,New South Wales,15-24,Participation rate,70.9
2026-02-01,2026,2,Victoria,15-24,Employed total,570.14
2026-02-01,2026,2,Victoria,15-24,Employment to population ratio,62.51
2026-02-01,2026,2,Victoria,15-24,Unemployed total,84.35
2026-02-01,2026,2,Victoria,15-24,Unemployment rate,12.89
2026-02-01,2026,2,Victoria,15-24,Labour force total,654.5
2026-02-01,2026,2,Victoria,15-24,Participation rate,71.76
2026-02-01,2026,2,Queensland,15-24,Employed total,509.1
2026-02-01,2026,2,Queensland,15-24,Employment to population ratio,67.81
2026-02-01,2026,2,Queensland,15-24,Unemployed total,65.04
2026-02-01,2026,2,Queensland,15-24,Unemployment rate,11.33
2026-02-01,2026,2,Queensland,15-24,Labour force total,574.14
2026-02-01,2026,2,Queensland,15-24,Participation rate,76.47
2026-02-01,2026,2,South Australia,15-24,Employed total,153.68
2026-02-01,2026,2,South Australia,15-24,Employment to population ratio,65.92
2026-02-01,2026,2,South Australia,15-24,Unemployed total,20.07
2026-02-01,2026,2,South Australia,15-24,Unemployment rate,11.55
2026-02-01,2026,2,South Australia,15-24,Labour force total,173.75
2026-02-01,2026,2,South Australia,15-24,Participation rate,74.53
2026-02-01,2026,2,Western Australia,15-24,Employed total,255.33
2026-02-01,2026,2,Western Australia,15-24,Employment to population ratio,66.13
2026-02-01,2026,2,Western Australia,15-24,Unemployed total,26.88
2026-02-01,2026,2,Western Australia,15-24,Unemployment rate,9.53
2026-02-01,2026,2,Western Australia,15-24,Labour force total,282.21
2026-02-01,2026,2,Western Australia,15-24,Participation rate,73.09
2026-02-01,2026,2,Tasmania,15-24,Employed total,43.12
2026-02-01,2026,2,Tasmania,15-24,Employment to population ratio,67.53
2026-02-01,2026,2,Tasmania,15-24,Unemployed total,4.06
2026-02-01,2026,2,Tasmania,15-24,Unemployment rate,8.61
2026-02-01,2026,2,Tasmania,15-24,Labour force total,47.18
2026-02-01,2026,2,Tasmania,15-24,Participation rate,73.89
2026-02-01,2026,2,Northern Territory,15-24,Employed total,21.44
2026-02-01,2026,2,Northern Territory,15-24,Employment to population ratio,61.89
2026-02-01,2026,2,Northern Territory,15-24,Unemployed total,3.63
2026-02-01,2026,2,Northern Territory,15-24,Unemployment rate,14.48
2026-02-01,2026,2,Northern Territory,15-24,Labour force total,25.08
2026-02-01,2026,2,Northern Territory,15-24,Participation rate,72.37
2026-02-01,2026,2,Australian Capital Territory,15-24,Employed total,48.23
2026-02-01,2026,2,Australian Capital Territory,15-24,Employment to population ratio,70.21
2026-02-01,2026,2,Australian Capital Territory,15-24,Unemployed total,5.81
2026-02-01,2026,2,Australian Capital Territory,15-24,Unemployment rate,10.75
2026-02-01,2026,2,Australian Capital Territory,15-24,Labour force total,54.04
2026-02-01,2026,2,Australian Capital Territory,15-24,Participation rate,78.66
2026-03-01,2026,3,Australia,15-24,Employed total,2295.96
2026-03-01,2026,3,Australia,15-24,Employment to population ratio,64.34
2026-03-01,2026,3,Australia,15-24,Unemployed total,283.87
2026-03-01,2026,3,Australia,15-24,Unemployment rate,11.0
2026-03-01,2026,3,Australia,15-24,Labour force total,2579.83
2026-03-01,2026,3,Australia,15-24,Participation rate,72.29
2026-03-01,2026,3,New South Wales,15-24,Employed total,717.39
2026-03-01,2026,3,New South Wales,15-24,Employment to population ratio,64.59
2026-03-01,2026,3,New South Wales,15-24,Unemployed total,90.52
2026-03-01,2026,3,New South Wales,15-24,Unemployment rate,11.2
2026-03-01,2026,3,New South Wales,15-24,Labour force total,807.91
2026-03-01,2026,3,New South Wales,15-24,Participation rate,72.74
2026-03-01,2026,3,Victoria,15-24,Employed total,541.0
2026-03-01,2026,3,Victoria,15-24,Employment to population ratio,59.07
2026-03-01,2026,3,Victoria,15-24,Unemployed total,82.8
2026-03-01,2026,3,Victoria,15-24,Unemployment rate,13.27
2026-03-01,2026,3,Victoria,15-24,Labour force total,623.8
2026-03-01,2026,3,Victoria,15-24,Participation rate,68.11
2026-03-01,2026,3,Queensland,15-24,Employed total,514.29
2026-03-01,2026,3,Queensland,15-24,Employment to population ratio,68.27
2026-03-01,2026,3,Queensland,15-24,Unemployed total,53.61
2026-03-01,2026,3,Queensland,15-24,Unemployment rate,9.44
2026-03-01,2026,3,Queensland,15-24,Labour force total,567.9
2026-03-01,2026,3,Queensland,15-24,Participation rate,75.39
2026-03-01,2026,3,South Australia,15-24,Employed total,157.41
2026-03-01,2026,3,South Australia,15-24,Employment to population ratio,67.32
2026-03-01,2026,3,South Australia,15-24,Unemployed total,17.16
2026-03-01,2026,3,South Australia,15-24,Unemployment rate,9.83
2026-03-01,2026,3,South Australia,15-24,Labour force total,174.57
2026-03-01,2026,3,South Australia,15-24,Participation rate,74.66
2026-03-01,2026,3,Western Australia,15-24,Employed total,251.91
2026-03-01,2026,3,Western Australia,15-24,Employment to population ratio,65.01
2026-03-01,2026,3,Western Australia,15-24,Unemployed total,26.63
2026-03-01,2026,3,Western Australia,15-24,Unemployment rate,9.56
2026-03-01,2026,3,Western Australia,15-24,Labour force total,278.53
2026-03-01,2026,3,Western Australia,15-24,Participation rate,71.89
2026-03-01,2026,3,Tasmania,15-24,Employed total,43.53
2026-03-01,2026,3,Tasmania,15-24,Employment to population ratio,68.1
2026-03-01,2026,3,Tasmania,15-24,Unemployed total,4.87
2026-03-01,2026,3,Tasmania,15-24,Unemployment rate,10.07
2026-03-01,2026,3,Tasmania,15-24,Labour force total,48.4
2026-03-01,2026,3,Tasmania,15-24,Participation rate,75.72
2026-03-01,2026,3,Northern Territory,15-24,Employed total,21.63
2026-03-01,2026,3,Northern Territory,15-24,Employment to population ratio,62.12
2026-03-01,2026,3,Northern Territory,15-24,Unemployed total,2.46
2026-03-01,2026,3,Northern Territory,15-24,Unemployment rate,10.2
2026-03-01,2026,3,Northern Territory,15-24,Labour force total,24.08
2026-03-01,2026,3,Northern Territory,15-24,Participation rate,69.18
2026-03-01,2026,3,Australian Capital Territory,15-24,Employed total,48.81
2026-03-01,2026,3,Australian Capital Territory,15-24,Employment to population ratio,70.92
2026-03-01,2026,3,Australian Capital Territory,15-24,Unemployed total,5.82
2026-03-01,2026,3,Australian Capital Territory,15-24,Unemployment rate,10.66
2026-03-01,2026,3,Australian Capital Territory,15-24,Labour force total,54.64
2026-03-01,2026,3,Australian Capital Territory,15-24,Participation rate,79.38
2026-04-01,2026,4,Australia,15-24,Employed total,2229.21
2026-04-01,2026,4,Australia,15-24,Employment to population ratio,62.46
2026-04-01,2026,4,Australia,15-24,Unemployed total,290.18
2026-04-01,2026,4,Australia,15-24,Unemployment rate,11.52
2026-04-01,2026,4,Australia,15-24,Labour force total,2519.39
2026-04-01,2026,4,Australia,15-24,Participation rate,70.59
2026-04-01,2026,4,New South Wales,15-24,Employed total,686.28
2026-04-01,2026,4,New South Wales,15-24,Employment to population ratio,61.81
2026-04-01,2026,4,New South Wales,15-24,Unemployed total,88.01
2026-04-01,2026,4,New South Wales,15-24,Unemployment rate,11.37
2026-04-01,2026,4,New South Wales,15-24,Labour force total,774.28
2026-04-01,2026,4,New South Wales,15-24,Participation rate,69.74
2026-04-01,2026,4,Victoria,15-24,Employed total,524.05
2026-04-01,2026,4,Victoria,15-24,Employment to population ratio,57.23
2026-04-01,2026,4,Victoria,15-24,Unemployed total,82.22
2026-04-01,2026,4,Victoria,15-24,Unemployment rate,13.56
2026-04-01,2026,4,Victoria,15-24,Labour force total,606.28
2026-04-01,2026,4,Victoria,15-24,Participation rate,66.21
2026-04-01,2026,4,Queensland,15-24,Employed total,504.75
2026-04-01,2026,4,Queensland,15-24,Employment to population ratio,66.93
2026-04-01,2026,4,Queensland,15-24,Unemployed total,59.5
2026-04-01,2026,4,Queensland,15-24,Unemployment rate,10.55
2026-04-01,2026,4,Queensland,15-24,Labour force total,564.25
2026-04-01,2026,4,Queensland,15-24,Participation rate,74.82
2026-04-01,2026,4,South Australia,15-24,Employed total,156.72
2026-04-01,2026,4,South Australia,15-24,Employment to population ratio,67.03
2026-04-01,2026,4,South Australia,15-24,Unemployed total,17.83
2026-04-01,2026,4,South Australia,15-24,Unemployment rate,10.22
2026-04-01,2026,4,South Australia,15-24,Labour force total,174.55
2026-04-01,2026,4,South Australia,15-24,Participation rate,74.65
2026-04-01,2026,4,Western Australia,15-24,Employed total,247.54
2026-04-01,2026,4,Western Australia,15-24,Employment to population ratio,63.83
2026-04-01,2026,4,Western Australia,15-24,Unemployed total,27.03
2026-04-01,2026,4,Western Australia,15-24,Unemployment rate,9.84
2026-04-01,2026,4,Western Australia,15-24,Labour force total,274.57
2026-04-01,2026,4,Western Australia,15-24,Participation rate,70.8
2026-04-01,2026,4,Tasmania,15-24,Employed total,43.24
2026-04-01,2026,4,Tasmania,15-24,Employment to population ratio,67.63
2026-04-01,2026,4,Tasmania,15-24,Unemployed total,3.93
2026-04-01,2026,4,Tasmania,15-24,Unemployment rate,8.34
2026-04-01,2026,4,Tasmania,15-24,Labour force total,47.17
2026-04-01,2026,4,Tasmania,15-24,Participation rate,73.78
2026-04-01,2026,4,Northern Territory,15-24,Employed total,21.12
2026-04-01,2026,4,Northern Territory,15-24,Employment to population ratio,60.57
2026-04-01,2026,4,Northern Territory,15-24,Unemployed total,4.12
2026-04-01,2026,4,Northern Territory,15-24,Unemployment rate,16.33
2026-04-01,2026,4,Northern Territory,15-24,Labour force total,25.24
2026-04-01,2026,4,Northern Territory,15-24,Participation rate,72.4
2026-04-01,2026,4,Australian Capital Territory,15-24,Employed total,45.52
2026-04-01,2026,4,Australian Capital Territory,15-24,Employment to population ratio,66.12
2026-04-01,2026,4,Australian Capital Territory,15-24,Unemployed total,7.54
2026-04-01,2026,4,Australian Capital Territory,15-24,Unemployment rate,14.21
2026-04-01,2026,4,Australian Capital Territory,15-24,Labour force total,53.06
2026-04-01,2026,4,Australian Capital Territory,15-24,Participation rate,77.07
2026-05-01,2026,5,Australia,15-24,Employed total,2266.21
2026-05-01,2026,5,Australia,15-24,Employment to population ratio,63.48
2026-05-01,2026,5,Australia,15-24,Unemployed total,253.87
2026-05-01,2026,5,Australia,15-24,Unemployment rate,10.07
2026-05-01,2026,5,Australia,15-24,Labour force total,2520.09
2026-05-01,2026,5,Australia,15-24,Participation rate,70.59
2026-05-01,2026,5,New South Wales,15-24,Employed total,694.09
2026-05-01,2026,5,New South Wales,15-24,Employment to population ratio,62.53
2026-05-01,2026,5,New South Wales,15-24,Unemployed total,72.99
2026-05-01,2026,5,New South Wales,15-24,Unemployment rate,9.52
2026-05-01,2026,5,New South Wales,15-24,Labour force total,767.08
2026-05-01,2026,5,New South Wales,15-24,Participation rate,69.11
2026-05-01,2026,5,Victoria,15-24,Employed total,541.41
2026-05-01,2026,5,Victoria,15-24,Employment to population ratio,59.14
2026-05-01,2026,5,Victoria,15-24,Unemployed total,81.19
2026-05-01,2026,5,Victoria,15-24,Unemployment rate,13.04
2026-05-01,2026,5,Victoria,15-24,Labour force total,622.6
2026-05-01,2026,5,Victoria,15-24,Participation rate,68.01
2026-05-01,2026,5,Queensland,15-24,Employed total,520.65
2026-05-01,2026,5,Queensland,15-24,Employment to population ratio,68.96
2026-05-01,2026,5,Queensland,15-24,Unemployed total,47.67
2026-05-01,2026,5,Queensland,15-24,Unemployment rate,8.39
2026-05-01,2026,5,Queensland,15-24,Labour force total,568.32
2026-05-01,2026,5,Queensland,15-24,Participation rate,75.28
2026-05-01,2026,5,South Australia,15-24,Employed total,152.13
2026-05-01,2026,5,South Australia,15-24,Employment to population ratio,65.07
2026-05-01,2026,5,South Australia,15-24,Unemployed total,17.58
2026-05-01,2026,5,South Australia,15-24,Unemployment rate,10.36
2026-05-01,2026,5,South Australia,15-24,Labour force total,169.71
2026-05-01,2026,5,South Australia,15-24,Participation rate,72.58
2026-05-01,2026,5,Western Australia,15-24,Employed total,249.26
2026-05-01,2026,5,Western Australia,15-24,Employment to population ratio,64.22
2026-05-01,2026,5,Western Australia,15-24,Unemployed total,21.88
2026-05-01,2026,5,Western Australia,15-24,Unemployment rate,8.07
2026-05-01,2026,5,Western Australia,15-24,Labour force total,271.14
2026-05-01,2026,5,Western Australia,15-24,Participation rate,69.86
2026-05-01,2026,5,Tasmania,15-24,Employed total,41.73
2026-05-01,2026,5,Tasmania,15-24,Employment to population ratio,65.26
2026-05-01,2026,5,Tasmania,15-24,Unemployed total,5.21
2026-05-01,2026,5,Tasmania,15-24,Unemployment rate,11.09
2026-05-01,2026,5,Tasmania,15-24,Labour force total,46.94
2026-05-01,2026,5,Tasmania,15-24,Participation rate,73.4
2026-05-01,2026,5,Northern Territory,15-24,Employed total,21.13
2026-05-01,2026,5,Northern Territory,15-24,Employment to population ratio,60.53
2026-05-01,2026,5,Northern Territory,15-24,Unemployed total,2.23
2026-05-01,2026,5,Northern Territory,15-24,Unemployment rate,9.54
2026-05-01,2026,5,Northern Territory,15-24,Labour force total,23.36
2026-05-01,2026,5,Northern Territory,15-24,Participation rate,66.92
2026-05-01,2026,5,Australian Capital Territory,15-24,Employed total,45.81
2026-05-01,2026,5,Australian Capital Territory,15-24,Employment to population ratio,66.54
2026-05-01,2026,5,Australian Capital Territory,15-24,Unemployed total,5.12
2026-05-01,2026,5,Australian Capital Territory,15-24,Unemployment rate,10.06
2026-05-01,2026,5,Australian Capital Territory,15-24,Labour force total,50.94
2026-05-01,2026,5,Australian Capital Territory,15-24,Participation rate,73.98
2026-06-01,2026,6,Australia,15-24,Employed total,2283.54
2026-06-01,2026,6,Australia,15-24,Employment to population ratio,63.95
2026-06-01,2026,6,Australia,15-24,Unemployed total,256.12
2026-06-01,2026,6,Australia,15-24,Unemployment rate,10.08
2026-06-01,2026,6,Australia,15-24,Labour force total,2539.66
2026-06-01,2026,6,Australia,15-24,Participation rate,71.13
2026-06-01,2026,6,New South Wales,15-24,Employed total,701.26
2026-06-01,2026,6,New South Wales,15-24,Employment to population ratio,63.2
2026-06-01,2026,6,New South Wales,15-24,Unemployed total,64.52
2026-06-01,2026,6,New South Wales,15-24,Unemployment rate,8.43
2026-06-01,2026,6,New South Wales,15-24,Labour force total,765.78
2026-06-01,2026,6,New South Wales,15-24,Participation rate,69.02
2026-06-01,2026,6,Victoria,15-24,Employed total,554.45
2026-06-01,2026,6,Victoria,15-24,Employment to population ratio,60.58
2026-06-01,2026,6,Victoria,15-24,Unemployed total,80.87
2026-06-01,2026,6,Victoria,15-24,Unemployment rate,12.73
2026-06-01,2026,6,Victoria,15-24,Labour force total,635.33
2026-06-01,2026,6,Victoria,15-24,Participation rate,69.41
2026-06-01,2026,6,Queensland,15-24,Employed total,525.08
2026-06-01,2026,6,Queensland,15-24,Employment to population ratio,69.47
2026-06-01,2026,6,Queensland,15-24,Unemployed total,56.03
2026-06-01,2026,6,Queensland,15-24,Unemployment rate,9.64
2026-06-01,2026,6,Queensland,15-24,Labour force total,581.11
2026-06-01,2026,6,Queensland,15-24,Participation rate,76.89
2026-06-01,2026,6,South Australia,15-24,Employed total,151.6
2026-06-01,2026,6,South Australia,15-24,Employment to population ratio,64.84
2026-06-01,2026,6,South Australia,15-24,Unemployed total,17.53
2026-06-01,2026,6,South Australia,15-24,Unemployment rate,10.36
2026-06-01,2026,6,South Australia,15-24,Labour force total,169.12
2026-06-01,2026,6,South Australia,15-24,Participation rate,72.33
2026-06-01,2026,6,Western Australia,15-24,Employed total,244.58
2026-06-01,2026,6,Western Australia,15-24,Employment to population ratio,62.96
2026-06-01,2026,6,Western Australia,15-24,Unemployed total,25.81
2026-06-01,2026,6,Western Australia,15-24,Unemployment rate,9.55
2026-06-01,2026,6,Western Australia,15-24,Labour force total,270.39
2026-06-01,2026,6,Western Australia,15-24,Participation rate,69.61
2026-06-01,2026,6,Tasmania,15-24,Employed total,41.29
2026-06-01,2026,6,Tasmania,15-24,Employment to population ratio,64.56
2026-06-01,2026,6,Tasmania,15-24,Unemployed total,3.46
2026-06-01,2026,6,Tasmania,15-24,Unemployment rate,7.73
2026-06-01,2026,6,Tasmania,15-24,Labour force total,44.75
2026-06-01,2026,6,Tasmania,15-24,Participation rate,69.97
2026-06-01,2026,6,Northern Territory,15-24,Employed total,19.96
2026-06-01,2026,6,Northern Territory,15-24,Employment to population ratio,57.1
2026-06-01,2026,6,Northern Territory,15-24,Unemployed total,3.41
2026-06-01,2026,6,Northern Territory,15-24,Unemployment rate,14.58
2026-06-01,2026,6,Northern Territory,15-24,Labour force total,23.37
2026-06-01,2026,6,Northern Territory,15-24,Participation rate,66.85
2026-06-01,2026,6,Australian Capital Territory,15-24,Employed total,45.33
2026-06-01,2026,6,Australian Capital Territory,15-24,Employment to population ratio,65.82
2026-06-01,2026,6,Australian Capital Territory,15-24,Unemployed total,4.49
2026-06-01,2026,6,Australian Capital Territory,15-24,Unemployment rate,9.01
2026-06-01,2026,6,Australian Capital Territory,15-24,Labour force total,49.81
2026-06-01,2026,6,Australian Capital Territory,15-24,Participation rate,72.34
2026-07-01,2026,7,Australia,15-24,Employed total,2271.73
2026-07-01,2026,7,Australia,15-24,Employment to population ratio,63.45
2026-07-01,2026,7,Australia,15-24,Unemployed total,254.39
2026-07-01,2026,7,Australia,15-24,Unemployment rate,10.07
2026-07-01,2026,7,Australia,15-24,Labour force total,2526.13
2026-07-01,2026,7,Australia,15-24,Participation rate,70.55
2026-07-01,2026,7,New South Wales,15-24,Employed total,697.72
2026-07-01,2026,7,New South Wales,15-24,Employment to population ratio,62.69
2026-07-01,2026,7,New South Wales,15-24,Unemployed total,64.86
2026-07-01,2026,7,New South Wales,15-24,Unemployment rate,8.51
2026-07-01,2026,7,New South Wales,15-24,Labour force total,762.58
2026-07-01,2026,7,New South Wales,15-24,Participation rate,68.51
2026-07-01,2026,7,Victoria,15-24,Employed total,539.79
2026-07-01,2026,7,Victoria,15-24,Employment to population ratio,58.82
2026-07-01,2026,7,Victoria,15-24,Unemployed total,82.02
2026-07-01,2026,7,Victoria,15-24,Unemployment rate,13.19
2026-07-01,2026,7,Victoria,15-24,Labour force total,621.81
2026-07-01,2026,7,Victoria,15-24,Participation rate,67.76
2026-07-01,2026,7,Queensland,15-24,Employed total,530.52
2026-07-01,2026,7,Queensland,15-24,Employment to population ratio,70.02
2026-07-01,2026,7,Queensland,15-24,Unemployed total,50.43
2026-07-01,2026,7,Queensland,15-24,Unemployment rate,8.68
2026-07-01,2026,7,Queensland,15-24,Labour force total,580.95
2026-07-01,2026,7,Queensland,15-24,Participation rate,76.67
2026-07-01,2026,7,South Australia,15-24,Employed total,154.67
2026-07-01,2026,7,South Australia,15-24,Employment to population ratio,65.99
2026-07-01,2026,7,South Australia,15-24,Unemployed total,16.75
2026-07-01,2026,7,South Australia,15-24,Unemployment rate,9.77
2026-07-01,2026,7,South Australia,15-24,Labour force total,171.43
2026-07-01,2026,7,South Australia,15-24,Participation rate,73.14
2026-07-01,2026,7,Western Australia,15-24,Employed total,243.23
2026-07-01,2026,7,Western Australia,15-24,Employment to population ratio,62.43
2026-07-01,2026,7,Western Australia,15-24,Unemployed total,26.8
2026-07-01,2026,7,Western Australia,15-24,Unemployment rate,9.92
2026-07-01,2026,7,Western Australia,15-24,Labour force total,270.03
2026-07-01,2026,7,Western Australia,15-24,Participation rate,69.31
2026-07-01,2026,7,Tasmania,15-24,Employed total,39.79
2026-07-01,2026,7,Tasmania,15-24,Employment to population ratio,62.11
2026-07-01,2026,7,Tasmania,15-24,Unemployed total,6.42
2026-07-01,2026,7,Tasmania,15-24,Unemployment rate,13.9
2026-07-01,2026,7,Tasmania,15-24,Labour force total,46.22
2026-07-01,2026,7,Tasmania,15-24,Participation rate,72.14
2026-07-01,2026,7,Northern Territory,15-24,Employed total,20.37
2026-07-01,2026,7,Northern Territory,15-24,Employment to population ratio,58.08
2026-07-01,2026,7,Northern Territory,15-24,Unemployed total,2.34
2026-07-01,2026,7,Northern Territory,15-24,Unemployment rate,10.3
2026-07-01,2026,7,Northern Territory,15-24,Labour force total,22.71
2026-07-01,2026,7,Northern Territory,15-24,Participation rate,64.75
2026-07-01,2026,7,Australian Capital Territory,15-24,Employed total,45.63
2026-07-01,2026,7,Australian Capital Territory,15-24,Employment to population ratio,66.18
2026-07-01,2026,7,Australian Capital Territory,15-24,Unemployed total,4.77
2026-07-01,2026,7,Australian Capital Territory,15-24,Unemployment rate,9.46
2026-07-01,2026,7,Australian Capital Territory,15-24,Labour force total,50.4
2026-07-01,2026,7,Australian Capital Territory,15-24,Participation rate,73.09
